matrix_row_number,No,timestamp,actual_pm25,m2_absolute_error,m3_absolute_error,m3_minus_m2_absolute_error
0,35065,2014-01-01 00:00:00,24.0,8.174311926605506,6.554776553991758,-1.6195353726137487
1,35066,2014-01-01 01:00:00,53.0,37.174311926605505,29.700406590951573,-7.473905335653932
2,35067,2014-01-01 02:00:00,65.0,49.174311926605505,46.24767980693255,-2.926632119672952
3,35068,2014-01-01 03:00:00,70.0,54.174311926605505,52.67921716145639,-1.495094765149112
4,35069,2014-01-01 04:00:00,79.0,42.09375,17.800459978122937,-24.293290021877063
5,35070,2014-01-01 05:00:00,92.0,55.09375,40.79258581680565,-14.301164183194352
6,35071,2014-01-01 06:00:00,106.0,69.09375,60.24701111246748,-8.846738887532517
7,35072,2014-01-01 07:00:00,75.0,24.07142857142857,24.104044488037538,0.03261591660896812
8,35073,2014-01-01 08:00:00,58.0,7.071428571428569,7.837404242975751,0.7659756715471815
9,35074,2014-01-01 09:00:00,33.0,17.92857142857143,14.458062321396646,-3.4705091071747844
10,35075,2014-01-01 10:00:00,51.0,0.0714285714285694,11.061058931556289,10.98963036012772
11,35076,2014-01-01 11:00:00,32.0,1.9268292682926926,2.3083782795947876,0.38154901130209495
12,35077,2014-01-01 12:00:00,23.0,10.926829268292693,5.526846920671915,-5.399982347620778
13,35078,2014-01-01 13:00:00,28.0,5.926829268292693,6.036405052046234,0.1095757837535416
14,35079,2014-01-01 14:00:00,23.0,37.0,5.383798328979601,-31.6162016710204
15,35080,2014-01-01 15:00:00,24.0,4.662790697674414,1.4721825066505545,-3.190608191023859
16,35081,2014-01-01 16:00:00,26.0,6.662790697674414,2.247960686596489,-4.414830011077925
17,35082,2014-01-01 17:00:00,26.0,6.662790697674414,3.066932336583818,-3.5958583610905954
18,35083,2014-01-01 18:00:00,27.0,7.662790697674414,4.130387793710533,-3.532402903963881
19,35084,2014-01-01 19:00:00,43.0,43.0,34.67388975172423,-8.326110248275768
20,35085,2014-01-01 20:00:00,62.0,64.46153846153848,35.96721205308462,-28.49432640845386
21,35086,2014-01-01 21:00:00,70.0,55.34065934065936,23.153469184168074,-32.18719015649128
22,35087,2014-01-01 22:00:00,81.0,136.84615384615384,72.43066205938689,-64.41549178676695
23,35088,2014-01-01 23:00:00,111.0,12.940298507462686,21.390501961319984,8.450203453857299
24,35089,2014-01-02 00:00:00,144.0,18.659340659340643,36.23472726343441,17.575386604093765
25,35090,2014-01-02 01:00:00,170.0,11.060240963855449,29.63358233762162,18.57334137376617
26,35091,2014-01-02 02:00:00,174.0,7.060240963855449,30.47907090119938,23.41882993734393
27,35092,2014-01-02 03:00:00,174.0,7.060240963855449,26.3790817763784,19.31884081252295
28,35093,2014-01-02 04:00:00,172.0,9.060240963855449,20.73802496016893,11.67778399631348
29,35094,2014-01-02 05:00:00,149.0,25.059701492537314,2.7027943521297004,-22.356907140407614
30,35095,2014-01-02 06:00:00,166.0,200.78431372549016,182.61171965036453,-18.17259407512563
31,35096,2014-01-02 07:00:00,187.0,4.407407407407447,21.123925079764035,16.716517672356588
32,35097,2014-01-02 08:00:00,107.0,84.40740740740745,102.66952113140823,18.262113724000784
33,35098,2014-01-02 09:00:00,114.0,252.78431372549016,233.2854826441274,-19.498831081362766
34,35099,2014-01-02 10:00:00,108.0,258.78431372549016,232.41020747192232,-26.374106253567845
35,35100,2014-01-02 11:00:00,102.0,33.31578947368422,54.61129851861574,21.29550904493152
36,35101,2014-01-02 12:00:00,95.0,17.333333333333314,26.9928771715348,9.659543838201486
37,35102,2014-01-02 13:00:00,127.0,22.487804878048777,36.90168149890437,14.41387662085559
38,35103,2014-01-02 14:00:00,125.0,20.487804878048777,35.76051712096904,15.272712242920264
39,35104,2014-01-02 15:00:00,128.0,23.487804878048777,47.836857978799586,24.349053100750808
40,35105,2014-01-02 16:00:00,146.0,41.48780487804878,62.75155370865059,21.263748830601813
41,35106,2014-01-02 17:00:00,165.0,29.68421052631578,35.37208266535592,5.687872139040138
42,35107,2014-01-02 18:00:00,173.0,37.68421052631578,12.92580998397571,-24.75840054234007
43,35108,2014-01-02 19:00:00,195.0,21.575757575757564,36.784395059027986,15.208637483270422
44,35109,2014-01-02 20:00:00,239.0,65.57575757575756,44.6546100856045,-20.92114749015306
45,35110,2014-01-02 21:00:00,232.0,45.287671232876704,32.9252961422747,-12.362375090602
46,35111,2014-01-02 22:00:00,242.0,55.287671232876704,50.38653011813798,-4.901141114738721
47,35112,2014-01-02 23:00:00,269.0,97.78431372549016,77.7135721927038,-20.07074153278637
48,35113,2014-01-03 00:00:00,264.0,116.5,115.23766389176913,-1.262336108230869
49,35114,2014-01-03 01:00:00,220.0,46.575757575757564,55.07550471900083,8.499747143243269
50,35115,2014-01-03 02:00:00,146.0,40.712328767123296,9.807087627136099,-30.905241139987197
51,35116,2014-01-03 03:00:00,34.0,139.42424242424244,131.20541044303278,-8.21883198120966
52,35117,2014-01-03 04:00:00,34.0,152.7123287671233,128.95908394787858,-23.753244819244713
53,35118,2014-01-03 05:00:00,35.0,112.5,117.53426959936584,5.034269599365842
54,35119,2014-01-03 06:00:00,45.0,80.34065934065936,61.305789720706954,-19.034869619952403
55,35120,2014-01-03 07:00:00,43.0,1.4565217391304373,43.35210545835044,41.89558371922
56,35121,2014-01-03 08:00:00,43.0,80.94029850746269,71.55761581802544,-9.382682689437246
57,35122,2014-01-03 09:00:00,36.0,8.456521739130437,22.207836903323177,13.75131516419274
58,35123,2014-01-03 10:00:00,36.0,24.071428571428573,7.834801983106125,-16.236626588322448
59,35124,2014-01-03 11:00:00,23.0,11.071428571428573,1.0816972135803873,-9.989731357848186
60,35125,2014-01-03 12:00:00,25.0,13.071428571428573,0.13368331135283995,-12.937745260075733
61,35126,2014-01-03 13:00:00,29.0,8.172413793103448,3.432142449986518,-4.74027134311693
62,35127,2014-01-03 14:00:00,26.0,6.70967741935484,10.772367062581182,4.062689643226342
63,35128,2014-01-03 15:00:00,21.0,15.90625,15.499872963520325,-0.40637703647967527
64,35129,2014-01-03 16:00:00,25.0,16.0,27.810389506794863,11.810389506794863
65,35130,2014-01-03 17:00:00,31.0,10.0,14.968547915487633,4.968547915487633
66,35131,2014-01-03 18:00:00,43.0,6.09375,10.830168868555539,4.736418868555539
67,35132,2014-01-03 19:00:00,46.0,9.09375,3.7568590064660228,-5.336890993533977
68,35133,2014-01-03 20:00:00,50.0,75.34065934065936,24.035435931187635,-51.30522340947172
69,35134,2014-01-03 21:00:00,68.0,23.543478260869563,43.28060203453691,19.73712377366735
70,35135,2014-01-03 22:00:00,60.0,63.940298507462686,90.07223360347976,26.131935096017074
71,35136,2014-01-03 23:00:00,103.0,83.7123287671233,99.55650445727474,15.844175690151445
72,35137,2014-01-04 00:00:00,85.0,281.78431372549016,252.508881047471,-29.275432678019172
73,35138,2014-01-04 01:00:00,86.0,280.78431372549016,256.4515357300533,-24.332777995436857
74,35139,2014-01-04 02:00:00,89.0,277.78431372549016,255.50728684099715,-22.27702688449301
75,35140,2014-01-04 03:00:00,77.0,289.78431372549016,264.61026512565775,-25.174048599832417
76,35141,2014-01-04 04:00:00,77.0,114.40740740740745,130.3508582948886,15.943450887481163
77,35142,2014-01-04 05:00:00,75.0,116.40740740740745,126.07212604542758,9.664718638020133
78,35143,2014-01-04 06:00:00,80.0,111.40740740740745,131.13927698558942,19.73186957818197
79,35144,2014-01-04 07:00:00,86.0,280.78431372549016,287.65591596755365,6.871602242063489
80,35145,2014-01-04 08:00:00,95.0,271.78431372549016,272.5767937438366,0.7924800183464527
81,35146,2014-01-04 09:00:00,101.0,265.78431372549016,240.56139161560316,-25.22292210988701
82,35147,2014-01-04 10:00:00,132.0,234.78431372549016,209.0923536033078,-25.691960122182365
83,35148,2014-01-04 11:00:00,153.0,213.78431372549016,186.7938689817126,-26.990444743777573
84,35149,2014-01-04 12:00:00,173.0,193.78431372549016,168.59966814844006,-25.184645577050105
85,35150,2014-01-04 13:00:00,178.0,188.78431372549016,169.81662543808068,-18.967688287409487
86,35151,2014-01-04 14:00:00,176.0,190.78431372549016,161.47346533259451,-29.31084839289565
87,35152,2014-01-04 15:00:00,209.0,157.78431372549016,129.47364613884298,-28.310667586647185
88,35153,2014-01-04 16:00:00,219.0,147.78431372549016,119.94232628380348,-27.841987441686683
89,35154,2014-01-04 17:00:00,224.0,142.78431372549016,122.81644463183227,-19.967869093657896
90,35155,2014-01-04 18:00:00,212.0,25.287671232876704,16.589911546855404,-8.6977596860213
91,35156,2014-01-04 19:00:00,221.0,73.5,23.230618474491877,-50.26938152550812
92,35157,2014-01-04 20:00:00,221.0,29.592592592592553,10.121930328413043,-19.47066226417951
93,35158,2014-01-04 21:00:00,217.0,21.64705882352942,30.047413661100933,8.400354837571513
94,35159,2014-01-04 22:00:00,203.0,58.64285714285717,39.613298832352996,-19.02955831050417
95,35160,2014-01-04 23:00:00,221.0,29.592592592592553,4.048498918914106,-25.544093673678447
96,35161,2014-01-05 00:00:00,192.0,0.5925925925925526,41.7080452179147,41.11545262532215
97,35162,2014-01-05 01:00:00,183.0,8.407407407407447,25.69362616548679,17.286218758079343
98,35163,2014-01-05 02:00:00,175.0,16.407407407407447,58.49636320933732,42.08895580192987
99,35164,2014-01-05 03:00:00,177.0,14.407407407407447,12.610002546133302,-1.7974048612741456
100,35165,2014-01-05 04:00:00,183.0,261.31578947368416,28.014136716960536,-233.30165275672363
101,35166,2014-01-05 05:00:00,155.0,289.31578947368416,33.011406962804784,-256.30438251087935
102,35167,2014-01-05 06:00:00,151.0,45.75,7.983339926740683,-37.76666007325932
103,35168,2014-01-05 07:00:00,137.0,87.5,25.657292199457345,-61.842707800542655
104,35169,2014-01-05 08:00:00,109.0,12.588235294117638,4.69506213069252,-7.893173163425118
105,35170,2014-01-05 09:00:00,140.0,94.6923076923077,51.26827856742584,-43.424029124881855
106,35171,2014-01-05 10:00:00,117.0,71.6923076923077,60.70563084858492,-10.986676843722776
107,35172,2014-01-05 11:00:00,128.0,107.82608695652173,103.08381778457893,-4.742269171942809
108,35173,2014-01-05 12:00:00,54.0,9.543478260869563,0.45733334184660634,-9.086144919022956
109,35174,2014-01-05 13:00:00,34.0,10.456521739130437,11.68551375797015,1.2289920188397119
110,35175,2014-01-05 14:00:00,32.0,4.823529411764714,4.09902727476247,-0.7245021370022435
111,35176,2014-01-05 15:00:00,28.0,0.8235294117647136,0.2888821708631717,-0.5346472409015419
112,35177,2014-01-05 16:00:00,29.0,1.8235294117647136,10.741931792640578,8.918402380875865
113,35178,2014-01-05 17:00:00,37.0,18.285714285714292,53.620014147573514,35.33429986185922
114,35179,2014-01-05 18:00:00,46.0,9.285714285714292,38.193932263893856,28.908217978179565
115,35180,2014-01-05 19:00:00,54.0,11.692307692307708,87.89153119508282,76.19922350277511
116,35181,2014-01-05 20:00:00,53.0,56.69230769230771,70.2029606221602,13.510652929852498
117,35182,2014-01-05 21:00:00,47.0,76.94029850746269,71.39470588924515,-5.54559261821754
118,35183,2014-01-05 22:00:00,112.0,5.400000000000006,14.025763982782081,8.625763982782075
119,35184,2014-01-05 23:00:00,125.0,7.599999999999994,10.781605837678654,3.18160583767866
120,35185,2014-01-06 00:00:00,128.0,145.96899224806197,137.49265354691363,-8.476338701148336
121,35186,2014-01-06 01:00:00,126.0,90.74683544303798,97.78360452727082,7.036769084232844
122,35187,2014-01-06 02:00:00,153.0,63.74683544303798,68.18731699731663,4.440481554278648
123,35188,2014-01-06 03:00:00,157.0,59.74683544303798,66.31649414428037,6.569658701242389
124,35189,2014-01-06 04:00:00,144.0,72.74683544303798,94.61550486226261,21.86866941922463
125,35190,2014-01-06 05:00:00,138.0,78.74683544303798,96.17551960391759,17.428684160879612
126,35191,2014-01-06 06:00:00,128.0,88.74683544303798,114.71071349165402,25.96387804861604
127,35192,2014-01-06 07:00:00,126.0,90.74683544303798,116.71071349165402,25.96387804861604
128,35193,2014-01-06 08:00:00,126.0,90.74683544303798,115.22300706963563,24.476171626597647
129,35194,2014-01-06 09:00:00,159.0,57.74683544303798,65.14547281307489,7.398637370036909
130,35195,2014-01-06 10:00:00,149.0,67.74683544303798,67.48647194914344,-0.2603634938945447
131,35196,2014-01-06 11:00:00,123.0,93.74683544303798,109.24959322325881,15.502757780220833
132,35197,2014-01-06 12:00:00,150.0,216.78431372549016,114.94543130824263,-101.83888241724753
133,35198,2014-01-06 13:00:00,146.0,220.78431372549016,105.22553443980385,-115.55877928568631
134,35199,2014-01-06 14:00:00,145.0,39.0,56.508410913408255,17.508410913408255
135,35200,2014-01-06 15:00:00,160.0,24.0,1.3322499611017804,-22.66775003889822
136,35201,2014-01-06 16:00:00,148.0,57.333333333333314,34.82461585127331,-22.508717482060007
137,35202,2014-01-06 17:00:00,156.0,65.33333333333331,41.451910729287206,-23.881422604046108
138,35203,2014-01-06 18:00:00,158.0,67.33333333333331,58.6402606505567,-8.693072682776616
139,35204,2014-01-06 19:00:00,167.0,199.78431372549016,176.83103605875914,-22.953277666731026
140,35205,2014-01-06 20:00:00,171.0,195.78431372549016,168.17751320292314,-27.606800522567028
141,35206,2014-01-06 21:00:00,177.0,189.78431372549016,164.0923536033078,-25.691960122182365
142,35207,2014-01-06 22:00:00,185.0,181.78431372549016,156.0923536033078,-25.691960122182365
143,35208,2014-01-06 23:00:00,201.0,165.78431372549016,141.59984895468847,-24.184464770801696
144,35209,2014-01-07 00:00:00,217.0,149.78431372549016,125.59984895468847,-24.184464770801696
145,35210,2014-01-07 01:00:00,208.0,158.78431372549016,135.83103605875914,-22.953277666731026
146,35211,2014-01-07 02:00:00,204.0,162.78431372549016,171.28058552060992,8.496271795119753
147,35212,2014-01-07 03:00:00,213.0,153.78431372549016,160.65591596755365,6.871602242063489
148,35213,2014-01-07 04:00:00,256.0,110.78431372549016,111.85397643377058,1.0696627082804184
149,35214,2014-01-07 05:00:00,211.0,155.78431372549016,154.80965165224137,-0.9746620732487941
150,35215,2014-01-07 06:00:00,203.0,11.592592592592553,27.846099048679207,16.253506456086654
151,35216,2014-01-07 07:00:00,212.0,154.78431372549016,154.1330822887527,-0.6512314367374756
152,35217,2014-01-07 08:00:00,205.0,161.78431372549016,123.62785550434091,-38.15645822114925
153,35218,2014-01-07 09:00:00,196.0,20.74683544303798,27.302609563341832,6.555774120303852
154,35219,2014-01-07 10:00:00,182.0,156.52631578947367,80.14202131969705,-76.38429446977662
155,35220,2014-01-07 11:00:00,124.0,57.33333333333333,3.514889193306942,-53.818444140026386
156,35221,2014-01-07 12:00:00,102.0,57.54347826086956,42.43768471023486,-15.1057935506347
157,35222,2014-01-07 13:00:00,77.0,46.5,43.682771154346455,-2.8172288456535455
158,35223,2014-01-07 14:00:00,48.0,15.700000000000003,20.582045214955325,4.882045214955323
159,35224,2014-01-07 15:00:00,38.0,9.627450980392162,1.1641555842655436,-8.463295396126618
160,35225,2014-01-07 16:00:00,31.0,32.29411764705882,23.893528247587653,-8.400589399471166
161,35226,2014-01-07 17:00:00,27.0,36.29411764705882,45.20747535565286,8.913357708594042
162,35227,2014-01-07 18:00:00,33.0,4.627450980392162,25.87607134773367,21.24862036734151
163,35228,2014-01-07 19:00:00,35.0,6.627450980392162,12.130156746288002,5.50270576589584
164,35229,2014-01-07 20:00:00,29.0,29.98344370860928,19.525239022317066,-10.458204686292213
165,35230,2014-01-07 21:00:00,24.0,0.8888888888888893,6.686696623621039,5.7978077347321495
166,35231,2014-01-07 22:00:00,26.0,1.1111111111111107,1.7906139039816438,0.6795027928705331
167,35232,2014-01-07 23:00:00,11.0,9.5,14.00170775013969,4.5017077501396905
168,35233,2014-01-08 00:00:00,14.0,6.5,8.35419701792905,1.8541970179290495
169,35234,2014-01-08 01:00:00,12.0,8.5,10.011298018795227,1.5112980187952267
170,35235,2014-01-08 02:00:00,9.0,11.5,12.229678680132814,0.7296786801328139
171,35236,2014-01-08 03:00:00,11.0,5.581395348837212,6.558880876488434,0.977485527651222
172,35237,2014-01-08 04:00:00,15.0,1.5813953488372121,1.7567522552047343,0.17535690636752221
173,35238,2014-01-08 05:00:00,13.0,16.466666666666665,17.76719772893382,1.3005310622671544
174,35239,2014-01-08 06:00:00,15.0,14.466666666666665,10.967645049742426,-3.4990216169242387
175,35240,2014-01-08 07:00:00,17.0,4.849056603773583,9.281083983981713,4.43202738020813
176,35241,2014-01-08 08:00:00,19.0,2.849056603773583,6.24454841376021,3.395491809986627
177,35242,2014-01-08 09:00:00,18.0,3.849056603773583,5.240570936815871,1.3915143330422879
178,35243,2014-01-08 10:00:00,21.0,4.588235294117652,2.8184872230317026,-1.7697480710859494
179,35244,2014-01-08 11:00:00,17.0,10.058823529411764,13.249815814606013,3.1909922851942483
180,35245,2014-01-08 12:00:00,22.0,5.588235294117652,1.7407608997683397,-3.8474743943493124
181,35246,2014-01-08 13:00:00,23.0,1.8888888888888893,0.5717956450982911,-1.3170932437905982
182,35247,2014-01-08 14:00:00,16.0,8.88888888888889,7.623585393015407,-1.2653034958734821
183,35248,2014-01-08 15:00:00,22.0,2.8888888888888893,1.4844049749768082,-1.404483913912081
184,35249,2014-01-08 16:00:00,18.0,6.888888888888889,5.5984642443067365,-1.2904246445821528
185,35250,2014-01-08 17:00:00,17.0,0.4186046511627879,1.3836465330537386,0.9650418818909507
186,35251,2014-01-08 18:00:00,21.0,4.418604651162788,3.818995580441026,-0.5996090707217618
187,35252,2014-01-08 19:00:00,23.0,8.75,3.9405963301158984,-4.809403669884102
188,35253,2014-01-08 20:00:00,22.0,5.418604651162788,1.4872594436962139,-3.931345207466574
189,35254,2014-01-08 21:00:00,21.0,4.418604651162788,0.41438719163964066,-4.004217459523147
190,35255,2014-01-08 22:00:00,23.0,4.399999999999999,7.796595400130233,3.3965954001302343
191,35256,2014-01-08 23:00:00,53.0,23.533333333333335,18.445431621244914,-5.087901712088421
192,35257,2014-01-09 00:00:00,66.0,26.588235294117645,35.80963667557127,9.221401381453624
193,35258,2014-01-09 01:00:00,52.0,4.899999999999999,12.781488266564544,7.881488266564546
194,35259,2014-01-09 02:00:00,30.0,17.1,3.20590770833806,-13.894092291661941
195,35260,2014-01-09 03:00:00,10.0,37.1,27.7870150387387,-9.3129849612613
196,35261,2014-01-09 04:00:00,10.0,18.764705882352942,19.229599573580533,0.4648936912275907
197,35262,2014-01-09 05:00:00,13.0,7.5,9.47695927950813,1.9769592795081294
198,35263,2014-01-09 06:00:00,11.0,9.5,12.689420535386624,3.189420535386624
199,35264,2014-01-09 07:00:00,14.0,19.983333333333327,10.881490631340732,-9.101842701992595
200,35265,2014-01-09 08:00:00,20.0,13.983333333333327,5.218725998177391,-8.764607335155937
201,35266,2014-01-09 09:00:00,22.0,1.5,0.5060406488939613,-0.9939593511060387
202,35267,2014-01-09 10:00:00,23.0,2.5,0.22143050350933535,-2.2785694964906646
203,35268,2014-01-09 11:00:00,20.0,3.418604651162788,0.1667168480017125,-3.2518878031610754
204,35269,2014-01-09 12:00:00,17.0,0.4186046511627879,0.7002980235538949,0.28169337239110703
205,35270,2014-01-09 13:00:00,14.0,2.581395348837212,2.583361055517596,0.001965706680383761
206,35271,2014-01-09 14:00:00,10.0,7.0,6.601090049174193,-0.39890995082580716
207,35272,2014-01-09 15:00:00,10.0,7.0,6.529322625722244,-0.4706773742777557
208,35273,2014-01-09 16:00:00,27.0,10.0,10.554706721435199,0.5547067214351991
209,35274,2014-01-09 17:00:00,44.0,1.4210526315789451,1.3944474343688853,-0.026605197210059828
210,35275,2014-01-09 18:00:00,53.0,10.421052631578945,9.244534626521123,-1.1765180050578223
211,35276,2014-01-09 19:00:00,59.0,16.421052631578945,9.123143624708064,-7.297909006870881
212,35277,2014-01-09 20:00:00,56.0,13.944444444444436,0.9756197981588954,-12.96882464628554
213,35278,2014-01-09 21:00:00,58.0,15.944444444444436,9.328641963005026,-6.61580248143941
214,35279,2014-01-09 22:00:00,66.0,36.30769230769231,24.7095053147206,-11.598186992971705
215,35280,2014-01-09 23:00:00,73.0,3.0,0.9918913803480365,-2.0081086196519635
216,35281,2014-01-10 00:00:00,83.0,7.0,16.114750033251966,9.114750033251966
217,35282,2014-01-10 01:00:00,81.0,5.0,8.304788810873077,3.3047888108730774
218,35283,2014-01-10 02:00:00,91.0,29.285714285714285,19.502021500337023,-9.783692785377262
219,35284,2014-01-10 03:00:00,104.0,61.27272727272727,44.100133692262936,-17.172593580464337
220,35285,2014-01-10 04:00:00,88.0,26.285714285714285,20.32836507748509,-5.957349208229196
221,35286,2014-01-10 05:00:00,85.0,23.285714285714285,9.02649232205853,-14.259221963655754
222,35287,2014-01-10 06:00:00,66.0,4.285714285714285,5.501606926033702,1.2158926403194172
223,35288,2014-01-10 07:00:00,47.0,26.933333333333334,15.782462065138162,-11.150871268195171
224,35289,2014-01-10 08:00:00,70.0,27.272727272727273,13.149252741892134,-14.12347453083514
225,35290,2014-01-10 09:00:00,61.0,37.3125,0.7112683549937984,-36.6012316450062
226,35291,2014-01-10 10:00:00,47.0,17.30769230769231,10.401647199240315,-6.906045108451995
227,35292,2014-01-10 11:00:00,61.0,21.6,30.23785231631618,8.637852316316177
228,35293,2014-01-10 12:00:00,69.0,29.6,35.12197153154259,5.52197153154259
229,35294,2014-01-10 13:00:00,66.0,23.421052631578945,31.231146539148057,7.810093907569112
230,35295,2014-01-10 14:00:00,63.0,20.421052631578945,19.338616906475714,-1.082435725103231
231,35296,2014-01-10 15:00:00,43.0,0.4210526315789451,8.550750509131625,8.12969787755268
232,35297,2014-01-10 16:00:00,48.0,5.421052631578945,12.76257049978583,7.341517868206886
233,35298,2014-01-10 17:00:00,67.0,24.421052631578945,26.839781142962025,2.4187285113830796
234,35299,2014-01-10 18:00:00,87.0,44.421052631578945,46.04078383779657,1.6197312062176223
235,35300,2014-01-10 19:00:00,127.0,84.42105263157895,78.74185624503585,-5.679196386543097
236,35301,2014-01-10 20:00:00,126.0,86.6,77.9832361244268,-8.616763875573199
237,35302,2014-01-10 21:00:00,126.0,86.6,85.37612255458288,-1.2238774454171164
238,35303,2014-01-10 22:00:00,106.0,13.375,54.325948049267105,40.950948049267105
239,35304,2014-01-10 23:00:00,104.0,5.6875,34.55937825067551,28.871878250675508
240,35305,2014-01-11 00:00:00,118.0,19.6875,48.36971804041872,28.682218040418718
241,35306,2014-01-11 01:00:00,141.0,42.6875,47.84701673356287,5.159516733562867
242,35307,2014-01-11 02:00:00,199.0,100.6875,108.7153230557557,8.027823055755704
243,35308,2014-01-11 03:00:00,262.0,163.6875,189.61957140534994,25.932071405349944
244,35309,2014-01-11 04:00:00,234.0,135.6875,168.08463356091755,32.39713356091755
245,35310,2014-01-11 05:00:00,221.0,122.6875,144.47465882751945,21.78715882751945
246,35311,2014-01-11 06:00:00,177.0,49.0625,105.96213138545477,56.89963138545477
247,35312,2014-01-11 07:00:00,135.0,59.0,67.43380491418732,8.43380491418732
248,35313,2014-01-11 08:00:00,108.0,9.6875,34.820236330962985,25.132736330962985
249,35314,2014-01-11 09:00:00,97.0,38.01655629139072,33.592472807134826,-4.424083484255895
250,35315,2014-01-11 10:00:00,87.0,47.6,45.41443538209221,-2.1855646179077937
251,35316,2014-01-11 11:00:00,85.0,45.6,47.39114538068887,1.7911453806888673
252,35317,2014-01-11 12:00:00,81.0,38.421052631578945,47.51778777526203,9.096735143683084
253,35318,2014-01-11 13:00:00,82.0,39.421052631578945,46.93918234512159,7.518129713542642
254,35319,2014-01-11 14:00:00,81.0,38.421052631578945,47.22178831738523,8.800735685806288
255,35320,2014-01-11 15:00:00,111.0,68.42105263157895,78.9324668008474,10.511414169268448
256,35321,2014-01-11 16:00:00,143.0,100.42105263157895,108.8710754009755,8.450022769396554
257,35322,2014-01-11 17:00:00,153.0,110.42105263157895,109.56070377335661,-0.8603488582223378
258,35323,2014-01-11 18:00:00,189.0,147.8679245283019,146.16832878664258,-1.6995957416593228
259,35324,2014-01-11 19:00:00,244.0,179.6,183.04222693795975,3.4422269379597594
260,35325,2014-01-11 20:00:00,273.0,214.0165562913907,211.73102587800767,-2.285530413383043
261,35326,2014-01-11 21:00:00,218.0,159.0165562913907,156.6718702371083,-2.3446860542824197
262,35327,2014-01-11 22:00:00,227.0,134.375,159.52435555383676,25.149355553836756
263,35328,2014-01-11 23:00:00,95.0,2.5333333333333172,39.855808518505675,37.32247518517236
264,35329,2014-01-12 00:00:00,20.0,19.4,7.895572760169554,-11.504427239830445
265,35335,2014-01-12 06:00:00,12.0,4.581395348837212,5.779277500287787,1.1978821514505746
266,35336,2014-01-12 07:00:00,12.0,4.581395348837212,5.750958283899397,1.169562935062185
267,35337,2014-01-12 08:00:00,17.0,10.058823529411764,9.312304707920013,-0.7465188214917511
268,35338,2014-01-12 09:00:00,33.0,3.533333333333335,9.487977223978586,5.954643890645251
269,35339,2014-01-12 10:00:00,22.0,5.588235294117652,2.2548927714757596,-3.3333425226418925
270,35340,2014-01-12 11:00:00,20.0,9.466666666666665,2.001597448579531,-7.465069218087134
271,35341,2014-01-12 12:00:00,10.0,17.058823529411764,15.253518683907934,-1.80530484550383
272,35342,2014-01-12 13:00:00,14.0,2.411764705882348,5.493092788358933,3.0813280824765847
273,35343,2014-01-12 14:00:00,12.0,4.411764705882348,7.050346483426701,2.6385817775443527
274,35344,2014-01-12 15:00:00,12.0,4.411764705882348,9.287105627257532,4.875340921375184
275,35345,2014-01-12 16:00:00,8.0,16.88888888888889,17.886368428515087,0.9974795396261982
276,35346,2014-01-12 17:00:00,19.0,8.058823529411764,3.2426972211003573,-4.816126308311407
277,35347,2014-01-12 18:00:00,40.0,23.588235294117652,13.52309917866793,-10.065136115449722
278,35348,2014-01-12 19:00:00,37.0,20.588235294117652,9.385711349080566,-11.202523945037086
279,35349,2014-01-12 20:00:00,42.0,14.941176470588236,6.459717241996437,-8.481459228591799
280,35350,2014-01-12 21:00:00,56.0,28.941176470588236,21.96868776095225,-6.972488709635986
281,35351,2014-01-12 22:00:00,62.0,40.15094339622642,20.32032548479728,-19.830617911429137
282,35352,2014-01-12 23:00:00,57.0,37.69565217391304,13.624520479310377,-24.071131694602663
283,35353,2014-01-13 00:00:00,57.0,4.923076923076927,16.094139509992743,11.171062586915816
284,35354,2014-01-13 01:00:00,75.0,35.07142857142857,20.722154702392892,-14.349273869035677
285,35355,2014-01-13 02:00:00,96.0,40.1,57.89334614494422,17.793346144944216
286,35356,2014-01-13 03:00:00,110.0,48.07692307692307,70.03232261145281,21.95539953452974
287,35357,2014-01-13 04:00:00,97.0,49.9,54.459989127662546,4.559989127662547
288,35358,2014-01-13 05:00:00,105.0,57.9,62.546716697367735,4.6467166973677365
289,35359,2014-01-13 06:00:00,84.0,11.909090909090907,27.66257098870743,15.753480079616523
290,35360,2014-01-13 07:00:00,106.0,46.285714285714285,54.8024362791405,8.516721993426216
291,35361,2014-01-13 08:00:00,112.0,52.285714285714285,56.53772837001621,4.252014084301926
292,35362,2014-01-13 09:00:00,120.0,58.07692307692307,74.68869433350223,16.611771256579154
293,35363,2014-01-13 10:00:00,117.0,83.9,75.54321101679297,-8.35678898320704
294,35364,2014-01-13 11:00:00,118.0,79.66666666666666,76.83168507076203,-2.8349815959046225
295,35365,2014-01-13 12:00:00,106.0,47.01655629139072,51.64822720875093,4.631670917360211
296,35366,2014-01-13 13:00:00,96.0,53.421052631578945,57.24233311377604,3.8212804821970963
297,35367,2014-01-13 14:00:00,82.0,39.421052631578945,42.193815067842934,2.7727624362639887
298,35368,2014-01-13 15:00:00,63.0,20.421052631578945,24.291258143535174,3.870205511956229
299,35369,2014-01-13 16:00:00,79.0,36.421052631578945,42.79413487278856,6.373082241209616
300,35370,2014-01-13 17:00:00,125.0,82.42105263157895,75.26269954396642,-7.158353087612525
301,35371,2014-01-13 18:00:00,119.0,77.86792452830188,68.16799322001043,-9.699931308291454
302,35372,2014-01-13 19:00:00,115.0,56.01655629139072,52.82910618707385,-3.1874501043168735
303,35373,2014-01-13 20:00:00,131.0,40.0,11.42024198326915,-28.57975801673085
304,35374,2014-01-13 21:00:00,177.0,118.01655629139071,98.49998294658391,-19.5165733448068
305,35375,2014-01-13 22:00:00,287.0,194.375,199.18858769157438,4.813587691574384
306,35376,2014-01-13 23:00:00,299.0,200.6875,215.91281151919105,15.225311519191052
307,35377,2014-01-14 00:00:00,250.0,211.66666666666666,205.36056235866147,-6.306104308005189
308,35378,2014-01-14 01:00:00,159.0,127.27777777777779,100.90845944418112,-26.369318333596667
309,35379,2014-01-14 02:00:00,124.0,76.9,85.20971183310638,8.309711833106377
310,35380,2014-01-14 03:00:00,123.0,91.27777777777779,85.89680790458527,-5.380969873192512
311,35381,2014-01-14 04:00:00,49.0,15.016666666666673,20.107560357078892,5.090893690412219
312,35382,2014-01-14 05:00:00,36.0,25.923076923076927,4.8758604900072555,-21.04721643306967
313,35383,2014-01-14 06:00:00,59.0,3.1000000000000014,22.012595910168884,18.912595910168882
314,35384,2014-01-14 07:00:00,85.0,23.076923076923073,47.37422968104857,24.297306604125495
315,35385,2014-01-14 08:00:00,170.0,110.28571428571428,106.88883027635525,-3.3968840093590273
316,35386,2014-01-14 09:00:00,180.0,40.26666666666668,76.53394456869414,36.26727790202746
317,35387,2014-01-14 10:00:00,227.0,207.9090909090909,113.5029567743398,-94.40613413475111
318,35388,2014-01-14 11:00:00,199.0,143.1,162.19574715239415,19.095747152394154
319,35389,2014-01-14 12:00:00,168.0,140.94117647058823,142.79438201364752,1.853205543059289
320,35390,2014-01-14 13:00:00,93.0,53.588235294117645,66.18839761793603,12.600162323818388
321,35391,2014-01-14 14:00:00,80.0,51.23529411764706,54.07465448915357,2.8393603715065154
322,35392,2014-01-14 15:00:00,111.0,71.58823529411765,78.89590781064464,7.307672516526992
323,35393,2014-01-14 16:00:00,133.0,92.0,81.28023448054645,-10.719765519453546
324,35394,2014-01-14 17:00:00,135.0,80.11764705882354,63.43011341780357,-16.687533641019968
325,35395,2014-01-14 18:00:00,94.0,9.642857142857139,14.220726966274427,4.577869823417288
326,35396,2014-01-14 19:00:00,103.0,48.11764705882353,33.74651146143691,-14.371135597386619
327,35397,2014-01-14 20:00:00,92.0,16.6875,21.696351939747814,5.008851939747814
328,35398,2014-01-14 21:00:00,93.0,0.4666666666666828,17.13675349352323,16.670086826856547
329,35399,2014-01-14 22:00:00,109.0,10.23076923076924,28.58576436215907,18.354995131389828
330,35400,2014-01-14 23:00:00,122.0,67.4,22.63899367644717,-44.761006323552834
331,35401,2014-01-15 00:00:00,123.0,66.4,18.06473569878625,-48.335264301213755
332,35402,2014-01-15 01:00:00,122.0,115.82352941176467,76.04519576221557,-39.7783336495491
333,35403,2014-01-15 02:00:00,172.0,32.26666666666668,45.6247102206985,13.358043554031823
334,35404,2014-01-15 03:00:00,213.0,165.1,159.28971900133448,-5.810280998665519
335,35405,2014-01-15 04:00:00,196.0,148.1,141.03019590749284,-7.069804092507155
336,35406,2014-01-15 05:00:00,158.0,96.07692307692307,110.98742645190676,14.91050337498369
337,35407,2014-01-15 06:00:00,103.0,4.6875,39.46277041090525,34.77527041090525
338,35408,2014-01-15 07:00:00,90.0,42.1,48.350437183460905,6.250437183460903
339,35409,2014-01-15 08:00:00,70.0,38.277777777777786,31.38175248952163,-6.896025288256155
340,35410,2014-01-15 09:00:00,67.0,35.277777777777786,34.87889815481441,-0.39887962296337776
341,35411,2014-01-15 10:00:00,66.0,34.277777777777786,26.57592605175649,-7.701851726021296
342,35412,2014-01-15 11:00:00,52.0,23.477272727272727,24.788196750815526,1.3109240235427997
343,35413,2014-01-15 12:00:00,55.0,15.600000000000001,12.878668504105136,-2.721331495894866
344,35414,2014-01-15 13:00:00,51.0,8.421052631578945,16.43934722993911,8.018294598360164
345,35415,2014-01-15 14:00:00,47.0,4.421052631578945,13.628247269314997,9.207194637736052
346,35416,2014-01-15 15:00:00,48.0,5.421052631578945,15.585942036319828,10.164889404740883
347,35417,2014-01-15 16:00:00,60.0,17.421052631578945,28.933940905090523,11.512888273511578
348,35418,2014-01-15 17:00:00,88.0,45.421052631578945,46.288671612375325,0.8676189807963794
349,35419,2014-01-15 18:00:00,279.0,223.71428571428572,196.7010059187056,-27.013279795580132
350,35420,2014-01-15 19:00:00,435.0,379.7142857142857,352.1633117899208,-27.55097392436494
351,35421,2014-01-15 20:00:00,489.0,363.6593406593406,376.8293250000602,13.169984340719566
352,35422,2014-01-15 21:00:00,513.0,360.70833333333337,363.80935656786426,3.101023234530885
353,35423,2014-01-15 22:00:00,539.0,421.6,390.25419936822334,-31.345800631776683
354,35424,2014-01-15 23:00:00,567.0,414.70833333333337,410.7944264591756,-3.9139068741577603
355,35425,2014-01-16 00:00:00,569.0,451.6,421.4463560284769,-30.153643971523138
356,35426,2014-01-16 01:00:00,659.0,460.5272727272727,491.7077844116496,31.18051168437688
357,35427,2014-01-16 02:00:00,648.0,449.5272727272727,471.06906251130283,21.54178978403013
358,35428,2014-01-16 03:00:00,651.0,452.5272727272727,444.05713500272327,-8.470137724549431
359,35429,2014-01-16 04:00:00,671.0,397.03100775193803,379.23479084608954,-17.796216905848496
360,35430,2014-01-16 05:00:00,623.0,256.21568627450984,256.6812893633594,0.46560308884954793
361,35431,2014-01-16 06:00:00,618.0,344.03100775193803,321.07082204428343,-22.960185707654603
362,35432,2014-01-16 07:00:00,532.0,258.03100775193803,235.07082204428343,-22.960185707654603
363,35433,2014-01-16 08:00:00,477.0,325.3458646616541,276.27132640913067,-49.07453825252344
364,35434,2014-01-16 09:00:00,479.0,327.3458646616541,280.24587287916313,-47.099991782490974
365,35435,2014-01-16 10:00:00,490.0,273.253164556962,265.7963557777084,-7.456808779253606
366,35436,2014-01-16 11:00:00,476.0,409.3333333333333,332.6490523959102,-76.68428093742313
367,35437,2014-01-16 12:00:00,457.0,390.3333333333333,340.87979346372526,-49.45353986960805
368,35438,2014-01-16 13:00:00,327.0,260.3333333333333,231.02871590223995,-29.304617431093362
369,35439,2014-01-16 14:00:00,161.0,37.059701492537314,60.87953012117298,23.819828628635662
370,35440,2014-01-16 15:00:00,286.0,230.71428571428572,213.5506569278552,-17.163628786430536
371,35441,2014-01-16 16:00:00,298.0,242.71428571428572,233.7878777351809,-8.926407979104823
372,35442,2014-01-16 17:00:00,310.0,192.6,201.35528954361118,8.755289543611184
373,35443,2014-01-16 18:00:00,332.0,115.25316455696202,118.07313382311489,2.8199692661528672
374,35444,2014-01-16 19:00:00,391.0,174.25316455696202,176.5457290584494,2.2925645014873908
375,35445,2014-01-16 20:00:00,437.0,220.25316455696202,219.13775818056095,-1.1154063764010687
376,35446,2014-01-16 21:00:00,422.0,205.25316455696202,216.06104558460274,10.807881027640718
377,35447,2014-01-16 22:00:00,320.0,103.25316455696202,107.97514568586362,4.721981128901604
378,35448,2014-01-16 23:00:00,346.0,129.25316455696202,135.70307280268622,6.4499082457242025
379,35449,2014-01-17 00:00:00,351.0,134.25316455696202,141.95785558262762,7.704691025665596
380,35450,2014-01-17 01:00:00,297.0,80.25316455696202,85.0611252918998,4.8079607349377795
381,35451,2014-01-17 02:00:00,290.0,73.25316455696202,78.38770917158524,5.134544614623223
382,35452,2014-01-17 03:00:00,250.0,33.25316455696202,67.45370569439467,34.20054113743265
383,35453,2014-01-17 04:00:00,170.0,107.1,90.32663036084782,-16.77336963915218
384,35454,2014-01-17 05:00:00,103.0,40.1,32.88616546770548,-7.21383453229452
385,35455,2014-01-17 06:00:00,79.0,27.090909090909093,14.71868733023193,-12.372221760677164
386,35456,2014-01-17 07:00:00,73.0,79.29166666666666,74.52210885661799,-4.769557810048667
387,35457,2014-01-17 08:00:00,74.0,40.34285714285713,69.34753081024931,29.004673667392183
388,35458,2014-01-17 09:00:00,77.0,37.34285714285713,65.89208157551721,28.549224432660083
389,35459,2014-01-17 10:00:00,81.0,33.34285714285713,51.069174635599296,17.72631749274217
390,35460,2014-01-17 11:00:00,95.0,57.29166666666666,61.511840676845,4.22017401017834
391,35461,2014-01-17 12:00:00,115.0,0.6571428571428726,29.198281935249696,28.541139078106823
392,35462,2014-01-17 13:00:00,77.0,19.849999999999994,58.72090934171064,38.87090934171064
393,35463,2014-01-17 14:00:00,67.0,26.466666666666683,1.8920443392036503,-24.574622327463032
394,35464,2014-01-17 15:00:00,13.0,28.132075471698116,17.492338059932433,-10.639737411765683
395,35465,2014-01-17 16:00:00,12.0,12.88888888888889,16.90868017419014,4.019791285301249
396,35466,2014-01-17 17:00:00,10.0,14.88888888888889,14.354854563588525,-0.5340343253003645
397,35467,2014-01-17 18:00:00,195.0,170.11111111111111,170.4462156526577,0.33510454154659897
398,35468,2014-01-17 19:00:00,238.0,213.11111111111111,214.61746348602628,1.506352374915167
399,35469,2014-01-17 20:00:00,293.0,276.0,271.21091218380474,-4.789087816195263
400,35470,2014-01-17 21:00:00,384.0,367.0,362.8111090136188,-4.188890986381182
401,35471,2014-01-17 22:00:00,381.0,357.3298969072165,361.1971762024426,3.867279295226126
402,35472,2014-01-17 23:00:00,296.0,279.0,278.5015998690528,-0.49840013094717506
403,35473,2014-01-18 00:00:00,38.0,21.0,21.271058195657037,0.27105819565703726
404,35474,2014-01-18 01:00:00,19.0,2.418604651162788,2.0924144655729897,-0.3261901855897982
405,35475,2014-01-18 02:00:00,22.0,5.0,5.181664978059274,0.18166497805927406
406,35476,2014-01-18 03:00:00,20.0,3.6701030927835028,1.0198288126171917,-2.650274280166311
407,35477,2014-01-18 04:00:00,14.0,9.670103092783503,3.3299408704222024,-6.3401622223613
408,35478,2014-01-18 05:00:00,23.0,52.3125,68.29306068158715,15.98056068158715
409,35479,2014-01-18 06:00:00,19.0,121.0,84.30012449577255,-36.69987550422745
410,35480,2014-01-18 07:00:00,22.0,9.722222222222218,11.402796788820126,1.6805745665979082
411,35481,2014-01-18 08:00:00,33.0,60.46666666666668,30.87202172709894,-29.594644939567743
412,35482,2014-01-18 09:00:00,42.0,16.76086956521739,14.256812704178508,-2.504056861038883
413,35483,2014-01-18 10:00:00,40.0,9.23076923076923,4.194874274630507,-5.035894956138723
414,35484,2014-01-18 11:00:00,43.0,26.588235294117652,10.211291543299104,-16.376943750818548
415,35485,2014-01-18 12:00:00,56.0,0.10000000000000142,15.15719381663407,15.057193816634069
416,35486,2014-01-18 13:00:00,57.0,17.588235294117645,21.64085145305485,4.052616158937205
417,35487,2014-01-18 14:00:00,153.0,113.6,114.87626112804325,1.2762611280432594
418,35488,2014-01-18 15:00:00,108.0,67.0,61.1116368686824,-5.888363131317597
419,35489,2014-01-18 16:00:00,89.0,48.0,38.770777789042384,-9.229222210957616
420,35490,2014-01-18 17:00:00,87.0,22.599999999999994,15.802318733621306,-6.797681266378689
421,35491,2014-01-18 18:00:00,95.0,30.599999999999994,22.205500256385264,-8.39449974361473
422,35492,2014-01-18 19:00:00,111.0,35.6875,42.56973690641972,6.88223690641972
423,35493,2014-01-18 20:00:00,112.0,36.6875,31.585323955903164,-5.1021760440968364
424,35494,2014-01-18 21:00:00,145.0,60.64285714285714,67.07748115446425,6.434624011607113
425,35495,2014-01-18 22:00:00,184.0,11.94117647058826,69.22930558949331,57.28812911890505
426,35496,2014-01-18 23:00:00,178.0,63.65714285714287,64.47306908506307,0.8159262279202011
427,35497,2014-01-19 00:00:00,170.0,52.599999999999994,63.24178814939064,10.64178814939065
428,35498,2014-01-19 01:00:00,161.0,43.599999999999994,32.680694888963046,-10.919305111036948
429,35499,2014-01-19 02:00:00,133.0,15.599999999999994,5.614125159240231,-9.985874840759763
430,35500,2014-01-19 03:00:00,114.0,50.6875,12.02090809315979,-38.66659190684021
431,35501,2014-01-19 04:00:00,112.0,104.74683544303798,132.3521737693864,27.60533832634843
432,35502,2014-01-19 05:00:00,114.0,159.96899224806197,179.13283606522555,19.16384381716358
433,35503,2014-01-19 06:00:00,130.0,236.78431372549016,236.31871063664062,-0.46560308884954793
434,35504,2014-01-19 07:00:00,133.0,233.78431372549016,206.26045705741495,-27.52385666807521
435,35505,2014-01-19 08:00:00,143.0,223.78431372549016,224.57679374383662,0.7924800183464527
436,35506,2014-01-19 09:00:00,137.0,229.78431372549016,200.49812715939117,-29.28618656609899
437,35507,2014-01-19 10:00:00,143.0,223.78431372549016,195.2602762511666,-28.524037474323563
438,35508,2014-01-19 11:00:00,145.0,221.78431372549016,195.6562607115211,-26.128053013969065
439,35509,2014-01-19 12:00:00,185.0,181.78431372549016,156.7585783502929,-25.025735375197257
440,35510,2014-01-19 13:00:00,198.0,62.68421052631578,20.53856821843644,-42.14564230787934
441,35511,2014-01-19 14:00:00,205.0,18.287671232876704,50.5371807417105,32.249509508833796
442,35512,2014-01-19 15:00:00,195.0,8.287671232876704,37.63348331805403,29.34581208517733
443,35513,2014-01-19 16:00:00,203.0,16.287671232876704,54.99572683182009,38.70805559894339
444,35514,2014-01-19 17:00:00,209.0,61.5,59.43032200805203,-2.0696779919479695
445,35515,2014-01-19 18:00:00,202.0,3.527272727272731,23.544079843102594,20.016807115829863
446,35516,2014-01-19 19:00:00,28.0,2.3529411764705905,9.491747127418265,7.138805950947674
447,35517,2014-01-19 20:00:00,26.0,1.1111111111111107,10.682313726744155,9.571202615633045
448,35518,2014-01-19 21:00:00,22.0,2.8888888888888893,7.135714611960115,4.246825723071225
449,35519,2014-01-19 22:00:00,24.0,3.7142857142857153,3.8742243764817985,0.15993866219608321
450,35520,2014-01-19 23:00:00,16.0,11.714285714285715,4.237484219406845,-7.47680149487887
451,35521,2014-01-20 00:00:00,16.0,7.670103092783503,3.161964926651713,-4.50813816613179
452,35522,2014-01-20 01:00:00,17.0,0.4186046511627879,2.1809040438649063,1.7622993927021184
453,35523,2014-01-20 02:00:00,7.0,9.581395348837212,10.839849373506521,1.2584540246693088
454,35524,2014-01-20 03:00:00,9.0,6.891566265060241,8.169089177008463,1.2775229119482212
455,35525,2014-01-20 04:00:00,10.0,5.891566265060241,6.531552416457785,0.6399861513975438
456,35526,2014-01-20 05:00:00,8.0,7.891566265060241,7.7323965311799725,-0.1591697338802689
457,35527,2014-01-20 06:00:00,7.0,8.891566265060241,8.816875891955412,-0.07469037310482918
458,35528,2014-01-20 07:00:00,10.0,5.891566265060241,6.373392432677132,0.4818261676168909
459,35529,2014-01-20 08:00:00,11.0,4.891566265060241,5.469349808035666,0.5777835429754248
460,35530,2014-01-20 09:00:00,11.0,4.891566265060241,5.469349808035666,0.5777835429754248
461,35531,2014-01-20 10:00:00,10.0,5.891566265060241,6.437268755710917,0.545702490650676
462,35532,2014-01-20 11:00:00,7.0,8.891566265060241,9.203409680903352,0.3118434158431107
463,35533,2014-01-20 12:00:00,9.0,6.891566265060241,7.161143189125507,0.2695769240652659
464,35534,2014-01-20 13:00:00,14.0,1.8915662650602414,2.2216844324887326,0.3301181674284912
465,35535,2014-01-20 14:00:00,13.0,2.8915662650602414,3.6474121354758466,0.7558458704156052
466,35536,2014-01-20 15:00:00,14.0,1.8915662650602414,2.5647967118770794,0.673230446816838
467,35537,2014-01-20 16:00:00,9.0,6.891566265060241,7.547318023780075,0.655751758719834
468,35538,2014-01-20 17:00:00,14.0,1.8915662650602414,2.7333157958541,0.8417495307938587
469,35539,2014-01-20 18:00:00,9.0,6.891566265060241,7.7535687268233495,0.8620024617631081
470,35540,2014-01-20 19:00:00,8.0,7.891566265060241,9.661093813068273,1.769527548008032
471,35541,2014-01-20 20:00:00,10.0,5.891566265060241,8.719779800586103,2.8282135355258617
472,35542,2014-01-20 21:00:00,8.0,7.938271604938274,9.328320201440047,1.3900485965017726
473,35543,2014-01-20 22:00:00,9.0,6.938271604938274,8.192234144451614,1.2539625395133402
474,35544,2014-01-20 23:00:00,11.0,4.938271604938274,5.7234381337676865,0.7851665288294125
475,35545,2014-01-21 00:00:00,11.0,4.938271604938274,5.725720380095847,0.7874487751575732
476,35546,2014-01-21 01:00:00,10.0,5.938271604938274,6.584111799049996,0.645840194111722
477,35547,2014-01-21 02:00:00,15.0,0.938271604938274,1.2955627417826499,0.35729113684437586
478,35548,2014-01-21 03:00:00,13.0,2.938271604938274,3.271347373956626,0.3330757690183521
479,35549,2014-01-21 04:00:00,16.0,0.061728395061726005,0.0642889387565635,0.0025605436948374916
480,35550,2014-01-21 05:00:00,13.0,2.938271604938274,2.8088748523991054,-0.1293967525391686
481,35551,2014-01-21 06:00:00,18.0,2.061728395061726,1.9324847705447645,-0.12924362451696148
482,35552,2014-01-21 07:00:00,18.0,2.061728395061726,1.4195448657033332,-0.6421835293583928
483,35553,2014-01-21 08:00:00,22.0,0.15094339622641684,0.20885929622188115,0.057915899995464315
484,35554,2014-01-21 09:00:00,23.0,6.588235294117652,0.3971965195782623,-6.19103877453939
485,35555,2014-01-21 10:00:00,24.0,7.588235294117652,1.2802541907562812,-6.307981103361371
486,35556,2014-01-21 11:00:00,24.0,7.588235294117652,4.693561810175897,-2.894673483941755
487,35557,2014-01-21 12:00:00,23.0,16.411764705882355,5.356999189725691,-11.054765516156664
488,35558,2014-01-21 13:00:00,23.0,16.4,5.187396570277148,-11.21260342972285
489,35559,2014-01-21 14:00:00,42.0,0.5789473684210549,10.571388203550853,9.992440835129798
490,35560,2014-01-21 15:00:00,54.0,11.421052631578945,18.43998380724404,7.018931175665095
491,35561,2014-01-21 16:00:00,48.0,5.421052631578945,6.427926446670462,1.0068738150915166
492,35562,2014-01-21 17:00:00,66.0,23.944444444444436,26.069407585138542,2.1249631406941063
493,35563,2014-01-21 18:00:00,56.0,13.944444444444436,8.673249528632994,-5.271194915811442
494,35564,2014-01-21 19:00:00,67.0,24.944444444444436,22.1815668365451,-2.762877607899334
495,35565,2014-01-21 20:00:00,95.0,31.846153846153854,17.33677798760442,-14.509375858549433
496,35566,2014-01-21 21:00:00,111.0,15.846153846153854,30.8645736584769,15.018419812323046
497,35567,2014-01-21 22:00:00,112.0,19.375,38.75983168258628,19.38483168258628
498,35568,2014-01-21 23:00:00,113.0,20.533333333333317,37.722476427148635,17.189143093815318
499,35569,2014-01-22 00:00:00,127.0,68.01655629139071,61.972049068365024,-6.04450722302569
500,35570,2014-01-22 01:00:00,137.0,78.01655629139071,64.56222082447316,-13.454335466917556
501,35571,2014-01-22 02:00:00,164.0,88.0,88.63355876964644,0.6335587696464415
502,35572,2014-01-22 03:00:00,190.0,146.5,122.10772974281927,-24.392270257180726
503,35573,2014-01-22 04:00:00,175.0,99.0,110.4439987841437,11.443998784143702
504,35574,2014-01-22 05:00:00,142.0,66.0,75.23647378196728,9.236473781967277
505,35575,2014-01-22 06:00:00,107.0,37.81818181818181,19.423284670355002,-18.39489714782681
506,35576,2014-01-22 07:00:00,101.0,25.0,25.643424386553235,0.6434243865532352
507,35577,2014-01-22 08:00:00,100.0,5.0909090909090935,24.052310057392532,18.96140096648344
508,35578,2014-01-22 09:00:00,97.0,28.340659340659357,3.5308289429833053,-24.809830397676052
509,35579,2014-01-22 10:00:00,101.0,42.01655629139072,42.84302945348029,0.8264731620895702
510,35580,2014-01-22 11:00:00,105.0,63.867924528301884,56.15063433586201,-7.717290192439876
511,35581,2014-01-22 12:00:00,117.0,68.84615384615385,64.13946741713394,-4.706686429019911
512,35582,2014-01-22 13:00:00,119.0,70.84615384615385,69.0925368141978,-1.753617031956054
513,35583,2014-01-22 14:00:00,115.0,89.3529411764706,68.10527778016385,-21.24766339630675
514,35584,2014-01-22 15:00:00,125.0,99.3529411764706,80.2023602102544,-19.150580966216197
515,35587,2014-01-22 18:00:00,184.0,114.83333333333333,122.6953529270042,7.8620195936708654
516,35588,2014-01-22 19:00:00,210.0,84.65934065934064,108.9211345929088,24.261793933568157
517,35589,2014-01-22 20:00:00,213.0,87.65934065934064,120.20674464961924,32.547403990278596
518,35590,2014-01-22 21:00:00,237.0,138.0,136.44713326479976,-1.55286673520024
519,35591,2014-01-22 22:00:00,258.0,165.375,163.04707624086166,-2.3279237591383435
520,35592,2014-01-22 23:00:00,264.0,138.65934065934064,149.23754566193747,10.578205002596832
521,35593,2014-01-23 00:00:00,324.0,197.53846153846152,215.9954385337024,18.456976995240893
522,35594,2014-01-23 01:00:00,344.0,204.26666666666668,203.67050605614423,-0.5961606105224462
523,35595,2014-01-23 02:00:00,356.0,193.57142857142858,212.44308573720625,18.871657165777663
524,35596,2014-01-23 03:00:00,366.0,203.57142857142858,240.63407565976377,37.06264708833518
525,35597,2014-01-23 04:00:00,350.0,147.66666666666669,200.06109414652374,52.39442747985706
526,35598,2014-01-23 05:00:00,321.0,158.57142857142858,162.40776246887754,3.8363338974489523
527,35599,2014-01-23 06:00:00,294.0,91.66666666666669,161.75377387633245,70.08710720966576
528,35600,2014-01-23 07:00:00,239.0,56.099999999999994,120.3007974065786,64.2007974065786
529,35601,2014-01-23 08:00:00,219.0,131.7,118.89142961310141,-12.80857038689858
530,35602,2014-01-23 09:00:00,221.0,95.65934065934064,98.84844203589806,3.189101376557417
531,35603,2014-01-23 10:00:00,245.0,119.65934065934064,151.11120334929942,31.451862689958773
532,35604,2014-01-23 11:00:00,311.0,185.65934065934064,233.03707711153623,47.37773645219559
533,35605,2014-01-23 12:00:00,240.0,114.65934065934064,157.90767853310996,43.248337873769316
534,35606,2014-01-23 13:00:00,235.0,109.65934065934064,144.54451325636654,34.8851725970259
535,35607,2014-01-23 14:00:00,232.0,53.8125,122.32906703088001,68.51656703088001
536,35608,2014-01-23 15:00:00,238.0,59.8125,136.04907355532353,76.23657355532353
537,35609,2014-01-23 16:00:00,243.0,64.8125,118.16530573209228,53.35280573209228
538,35610,2014-01-23 17:00:00,282.0,103.8125,178.11045854501805,74.29795854501805
539,35611,2014-01-23 18:00:00,310.0,244.3076923076923,125.20238277130787,-119.10530953638442
540,35612,2014-01-23 19:00:00,295.0,113.93975903614455,113.89671375012989,-0.04304528601466018
541,35613,2014-01-23 20:00:00,301.0,83.15384615384616,90.78448935562957,7.630643201783414
542,35614,2014-01-23 21:00:00,325.0,80.0,120.01742512391431,40.01742512391431
543,35615,2014-01-23 22:00:00,319.0,137.93975903614455,93.83807496904475,-44.1016840670998
544,35616,2014-01-23 23:00:00,335.0,211.05970149253733,170.05946663935538,-41.00023485318195
545,35617,2014-01-24 00:00:00,301.0,177.05970149253733,129.69094980962512,-47.368751682912205
546,35618,2014-01-24 01:00:00,312.0,188.05970149253733,159.279526149167,-28.78017534337033
547,35619,2014-01-24 02:00:00,316.0,192.05970149253733,155.71321044845786,-36.34649104407947
548,35620,2014-01-24 03:00:00,296.0,172.05970149253733,138.5426773174101,-33.51702417512723
549,35621,2014-01-24 04:00:00,270.0,146.05970149253733,131.38093116821926,-14.678770324318066
550,35622,2014-01-24 05:00:00,252.0,128.05970149253733,125.10906378943777,-2.9506377030995594
551,35623,2014-01-24 06:00:00,234.0,110.05970149253731,116.76060989669249,6.700908404155172
552,35624,2014-01-24 07:00:00,233.0,167.3076923076923,96.05550638700566,-71.25218592068663
553,35625,2014-01-24 08:00:00,241.0,131.3076923076923,107.54479016279282,-23.76290214489947
554,35626,2014-01-24 09:00:00,231.0,107.05970149253731,102.1540322433431,-4.905669249194219
555,35627,2014-01-24 10:00:00,214.0,95.27272727272728,114.71567070833432,19.442943435607035
556,35628,2014-01-24 11:00:00,210.0,149.7,153.8337380716364,4.133738071636401
557,35629,2014-01-24 12:00:00,178.0,117.7,132.69992199465986,14.999921994659857
558,35630,2014-01-24 13:00:00,142.0,121.17241379310344,112.63948035286165,-8.532933440241791
559,35631,2014-01-24 14:00:00,122.0,78.625,83.10288651591057,4.477886515910569
560,35632,2014-01-24 15:00:00,59.0,15.625,26.42740078112095,10.802400781120951
561,35633,2014-01-24 16:00:00,47.0,31.866666666666667,20.68376278853377,-11.182903878132898
562,35634,2014-01-24 17:00:00,40.0,24.866666666666667,15.834887970543658,-9.031778696123009
563,35635,2014-01-24 18:00:00,32.0,16.866666666666667,6.7860418373679785,-10.080624829298689
564,35636,2014-01-24 19:00:00,48.0,32.86666666666667,20.484141072120963,-12.382525594545704
565,35637,2014-01-24 20:00:00,32.0,9.799999999999997,4.476539459240421,-5.3234605407595765
566,35638,2014-01-24 21:00:00,25.0,0.6470588235294095,26.945065586480297,26.298006762950887
567,35639,2014-01-24 22:00:00,26.0,0.35294117647059053,26.60149248425298,26.24855130778239
568,35640,2014-01-24 23:00:00,43.0,26.16666666666667,16.707270926304815,-9.459395740361856
569,35641,2014-01-25 00:00:00,54.0,15.166666666666671,4.743391483147832,-10.42327518351884
570,35642,2014-01-25 01:00:00,55.0,3.983443708609279,58.451779062901636,54.46833535429236
571,35643,2014-01-25 02:00:00,53.0,5.983443708609279,15.236218702640713,9.252774994031434
572,35644,2014-01-25 03:00:00,60.0,1.016556291390721,3.792252641819296,2.775696350428575
573,35645,2014-01-25 04:00:00,55.0,3.983443708609279,8.848666994477618,4.865223285868339
574,35646,2014-01-25 05:00:00,42.0,3.1515151515151487,12.088900624573533,8.937385473058384
575,35647,2014-01-25 06:00:00,36.0,22.98344370860928,16.1823573228314,-6.801086385777879
576,35648,2014-01-25 07:00:00,32.0,9.132075471698116,6.191042390558103,-2.941033081140013
577,35649,2014-01-25 08:00:00,14.0,10.88888888888889,20.083709247255527,9.194820358366638
578,35650,2014-01-25 09:00:00,15.0,9.88888888888889,13.135765977183691,3.246877088294802
579,35651,2014-01-25 10:00:00,18.0,23.132075471698116,12.301200660700363,-10.830874810997752
580,35652,2014-01-25 11:00:00,14.0,27.132075471698116,15.865158721282445,-11.266916750415671
581,35653,2014-01-25 12:00:00,15.0,9.88888888888889,10.96782387562222,1.07893498673333
582,35654,2014-01-25 13:00:00,15.0,9.88888888888889,9.26006284627255,-0.628826042616339
583,35655,2014-01-25 14:00:00,14.0,10.88888888888889,10.380285527540288,-0.5086033613486016
584,35656,2014-01-25 15:00:00,19.0,5.888888888888889,3.4961584804941666,-2.3927304083947227
585,35657,2014-01-25 16:00:00,17.0,0.0,4.4858994021102205,4.4858994021102205
586,35658,2014-01-25 17:00:00,16.0,26.578947368421055,21.851107475154954,-4.7278398932661005
587,35659,2014-01-25 18:00:00,14.0,28.578947368421055,34.23666201947672,5.657714651055663
588,35660,2014-01-25 19:00:00,33.0,8.132075471698116,18.096687624034217,9.964612152336102
589,35661,2014-01-25 20:00:00,45.0,5.600000000000001,7.309147670119842,1.7091476701198403
590,35662,2014-01-25 21:00:00,55.0,29.35714285714286,45.88175222874315,16.52460937160029
591,35663,2014-01-25 22:00:00,71.0,145.74683544303798,129.43518073913646,-16.311654703901524
592,35664,2014-01-25 23:00:00,59.0,92.08333333333334,125.78517901247525,33.70184567914191
593,35665,2014-01-26 00:00:00,42.0,72.34285714285713,81.2617078207128,8.918850677855673
594,35666,2014-01-26 01:00:00,31.0,83.34285714285713,83.33466084834332,-0.008196294513808766
595,35667,2014-01-26 02:00:00,30.0,121.65413533834587,135.60143082118063,13.947295482834761
596,35668,2014-01-26 03:00:00,39.0,75.34285714285713,121.9537850513623,46.610927908505175
597,35669,2014-01-26 04:00:00,23.0,91.34285714285713,121.92952170322738,30.586664560370252
598,35670,2014-01-26 05:00:00,26.0,88.34285714285713,108.43744741991088,20.094590277053754
599,35671,2014-01-26 06:00:00,25.0,89.34285714285713,94.56519831294152,5.222341170084391
600,35672,2014-01-26 07:00:00,26.0,54.15384615384616,81.2401565833162,27.086310429470046
601,35673,2014-01-26 08:00:00,24.0,56.15384615384616,88.22187603419971,32.06802988035355
602,35674,2014-01-26 09:00:00,29.0,85.34285714285713,77.3631422096086,-7.97971493324853
603,35675,2014-01-26 10:00:00,28.0,86.34285714285713,71.89358055984158,-14.449276583015546
604,35676,2014-01-26 11:00:00,35.0,79.34285714285713,76.48819170332244,-2.854665439534685
605,35677,2014-01-26 12:00:00,35.0,27.9,43.61268337393456,15.71268337393456
606,35678,2014-01-26 13:00:00,38.0,25.3125,38.56920676419699,13.256706764196991
607,35679,2014-01-26 14:00:00,49.0,0.5,28.469412465279433,27.969412465279433
608,35680,2014-01-26 15:00:00,65.0,15.5,13.630287074061869,-1.8697129259381313
609,35681,2014-01-26 16:00:00,72.0,12.384615384615394,6.394512697988262,-5.990102686627132
610,35682,2014-01-26 17:00:00,74.0,14.384615384615394,8.59807715436365,-5.786538230251743
611,35683,2014-01-26 18:00:00,80.0,45.34065934065936,27.975744789829236,-17.36491455083012
612,35684,2014-01-26 19:00:00,88.0,35.940298507462686,35.64570649534129,-0.29459201212139874
613,35685,2014-01-26 20:00:00,106.0,17.940298507462686,18.21367122743895,0.27337271997626544
614,35686,2014-01-26 21:00:00,113.0,10.940298507462686,23.548825811502184,12.608527304039498
615,35687,2014-01-26 22:00:00,139.0,8.5,43.077282341662624,34.577282341662624
616,35688,2014-01-26 23:00:00,119.0,28.5,83.09888977245132,54.598889772451315
617,35689,2014-01-27 00:00:00,122.0,25.5,61.144134865231905,35.644134865231905
618,35690,2014-01-27 01:00:00,116.0,75.40740740740745,110.1858499200967,34.77844251268925
619,35691,2014-01-27 02:00:00,132.0,59.40740740740745,62.3738546365596,2.966447229152152
620,35692,2014-01-27 03:00:00,120.0,71.40740740740745,75.40786426811363,4.00045686070618
621,35693,2014-01-27 04:00:00,111.0,139.0,105.38705558807484,-33.612944411925156
622,35694,2014-01-27 05:00:00,108.0,83.40740740740745,83.27422862063591,-0.13317878677153772
623,35695,2014-01-27 06:00:00,110.0,71.06024096385545,65.94692665418381,-5.113314309671637
624,35696,2014-01-27 07:00:00,119.0,131.0,83.04816186972585,-47.951838130274155
625,35697,2014-01-27 08:00:00,125.0,66.40740740740745,59.62256330855004,-6.7848440988574055
626,35698,2014-01-27 09:00:00,143.0,48.40740740740745,66.8359142524996,18.42850684509216
627,35699,2014-01-27 10:00:00,149.0,1.5,9.590502320330756,8.090502320330756
628,35700,2014-01-27 11:00:00,133.0,9.059701492537314,18.229362096767275,9.16966060422996
629,35701,2014-01-27 12:00:00,136.0,12.059701492537314,54.763823259465966,42.70412176692865
630,35702,2014-01-27 13:00:00,149.0,109.76923076923077,102.11340076284046,-7.6558300063903175
631,35703,2014-01-27 14:00:00,161.0,137.70588235294116,113.659360606403,-24.04652174653816
632,35704,2014-01-27 15:00:00,167.0,143.70588235294116,127.88702656855023,-15.818855784390934
633,35705,2014-01-27 16:00:00,167.0,143.70588235294116,131.1884328936115,-12.517449459329669
634,35706,2014-01-27 17:00:00,53.0,23.02439024390246,26.307613679790933,3.2832234358884733
635,35707,2014-01-27 18:00:00,19.0,24.375,17.678127763359647,-6.696872236640353
636,35708,2014-01-27 19:00:00,32.0,16.866666666666667,1.8537117512774302,-15.012954915389237
637,35709,2014-01-27 20:00:00,15.0,9.88888888888889,22.480007545007894,12.591118656119004
638,35710,2014-01-27 21:00:00,11.0,16.714285714285715,19.159793133449465,2.44550741916375
639,35711,2014-01-27 22:00:00,10.0,17.714285714285715,17.79660356971327,0.08231785542755432
640,35712,2014-01-27 23:00:00,11.0,31.578947368421055,23.612519808503365,-7.96642755991769
641,35713,2014-01-28 00:00:00,11.0,31.578947368421055,25.701750689683927,-5.877196678737128
642,35714,2014-01-28 01:00:00,9.0,32.132075471698116,53.36253734561525,21.230461873917136
643,35715,2014-01-28 02:00:00,19.0,34.85416666666666,23.46174208837853,-11.392424578288129
644,35716,2014-01-28 03:00:00,13.0,40.85416666666666,22.47661797383968,-18.377548692826977
645,35717,2014-01-28 04:00:00,13.0,7.5,13.934211115596682,6.434211115596682
646,35718,2014-01-28 05:00:00,14.0,28.578947368421055,32.49715269460762,3.918205326186566
647,35719,2014-01-28 06:00:00,17.0,36.85416666666666,29.693548077550496,-7.160618589116162
648,35720,2014-01-28 07:00:00,16.0,26.578947368421055,31.47314552725581,4.8941981588347545
649,35721,2014-01-28 08:00:00,18.0,21.4,23.13608697882013,1.7360869788201327
650,35722,2014-01-28 09:00:00,31.0,27.98344370860928,24.151052858404142,-3.8323908502051367
651,35723,2014-01-28 10:00:00,23.0,16.4,14.882218405708606,-1.5177815942913924
652,35724,2014-01-28 11:00:00,15.0,69.35714285714286,66.02466266370959,-3.3324801934332697
653,35725,2014-01-28 12:00:00,57.0,1.7142857142857082,16.405660275894505,14.691374561608797
654,35726,2014-01-28 13:00:00,65.0,11.02439024390246,0.5665774556337198,-10.45781278826874
655,35727,2014-01-28 14:00:00,64.0,12.02439024390246,0.6682423260463679,-11.356147917856092
656,35728,2014-01-28 15:00:00,65.0,11.02439024390246,11.211856632725556,0.18746638882309696
657,35729,2014-01-28 16:00:00,64.0,12.02439024390246,1.4329900306624879,-10.591400213239972
658,35730,2014-01-28 17:00:00,81.0,8.266666666666666,19.178929387723073,10.912262721056408
659,35731,2014-01-28 18:00:00,75.0,15.384615384615394,13.128139547480238,-2.256475837135156
660,35732,2014-01-28 19:00:00,70.0,10.384615384615394,1.6696190211278719,-8.714996363487522
661,35733,2014-01-28 20:00:00,71.0,21.5,25.872201627680738,4.372201627680738
662,35734,2014-01-28 21:00:00,83.0,7.666666666666686,14.367827723662344,6.701161056995659
663,35735,2014-01-28 22:00:00,74.0,16.666666666666686,25.646680252215646,8.98001358554896
664,35736,2014-01-28 23:00:00,86.0,35.58823529411764,9.783661048031078,-25.80457424608656
665,35737,2014-01-29 00:00:00,75.0,13.307692307692292,19.33397220155088,6.026279893858586
666,35738,2014-01-29 01:00:00,72.0,119.40740740740745,150.313001610153,30.90559420274556
667,35739,2014-01-29 02:00:00,74.0,117.40740740740745,163.9094527762268,46.50204536881935
668,35740,2014-01-29 03:00:00,76.0,115.40740740740745,134.9100308399171,19.502623432509665
669,35741,2014-01-29 04:00:00,84.0,107.40740740740745,109.26993713377254,1.8625297263650964
670,35742,2014-01-29 05:00:00,81.0,169.0,137.7895212425861,-31.21047875741391
671,35743,2014-01-29 06:00:00,86.0,164.0,146.3598834408926,-17.640116559107412
672,35744,2014-01-29 07:00:00,84.0,166.0,124.78912172492744,-41.21087827507256
673,35745,2014-01-29 08:00:00,88.0,162.0,143.50487347452471,-18.495126525475285
674,35746,2014-01-29 09:00:00,91.0,275.78431372549016,274.767355511344,-1.0169582141461433
675,35747,2014-01-29 10:00:00,102.0,264.78431372549016,246.50884721123612,-18.27546651425405
676,35748,2014-01-29 11:00:00,121.0,245.78431372549016,225.7135721927038,-20.07074153278637
677,35749,2014-01-29 12:00:00,132.0,54.712328767123296,66.17562235571486,11.463293588591569
678,35750,2014-01-29 13:00:00,163.0,23.712328767123296,15.724890429291548,-7.9874383378317475
679,35751,2014-01-29 14:00:00,175.0,39.68421052631578,3.2543920690489188,-36.42981845726686
680,35752,2014-01-29 15:00:00,190.0,54.68421052631578,11.42607662556344,-43.25813390075234
681,35753,2014-01-29 16:00:00,203.0,67.68421052631578,24.202767406171915,-43.481443120143865
682,35754,2014-01-29 17:00:00,205.0,69.68421052631578,21.201694878084453,-48.48251564823133
683,35755,2014-01-29 18:00:00,217.0,30.287671232876704,4.2583009071991285,-26.029370325677576
684,35756,2014-01-29 19:00:00,241.0,54.287671232876704,27.998757534359584,-26.28891369851712
685,35757,2014-01-29 20:00:00,226.0,39.287671232876704,31.725601307425563,-7.562069925451141
686,35758,2014-01-29 21:00:00,225.0,38.287671232876704,36.6839175959407,-1.6037536369360055
687,35759,2014-01-29 22:00:00,205.0,29.5,21.00620925625583,-8.49379074374417
688,35760,2014-01-29 23:00:00,213.0,3.2307692307692264,17.114425571532507,13.883656340763281
689,35761,2014-01-30 00:00:00,229.0,23.818181818181813,5.181306953207695,-18.636874864974118
690,35762,2014-01-30 01:00:00,217.0,11.818181818181813,6.242501943906518,-5.575679874275295
691,35763,2014-01-30 02:00:00,218.0,42.5,12.211512960090488,-30.288487039909512
692,35764,2014-01-30 03:00:00,128.0,88.23076923076923,82.11865556934691,-6.112113661422313
693,35765,2014-01-30 04:00:00,88.0,30.72727272727272,10.433038803566234,-20.294233923706486
694,35766,2014-01-30 05:00:00,20.0,98.72727272727272,49.70146378966422,-49.0258089376085
695,35767,2014-01-30 06:00:00,16.0,25.799999999999997,27.008448119422034,1.2084481194220373
696,35768,2014-01-30 07:00:00,6.0,35.8,31.651991393917577,-4.148008606082421
697,35769,2014-01-30 08:00:00,12.0,11.07692307692308,23.18343118947027,12.10650811254719
698,35770,2014-01-30 09:00:00,20.0,56.45454545454545,34.27283286950089,-22.181712585044565
699,35771,2014-01-30 10:00:00,26.0,0.35294117647059053,17.54165394545624,17.18871276898565
700,35772,2014-01-30 11:00:00,16.0,9.64705882352941,21.101687340309148,11.454628516779739
701,35773,2014-01-30 12:00:00,16.0,27.375,17.98396075469735,-9.39103924530265
702,35774,2014-01-30 13:00:00,16.0,60.45454545454545,30.725065614579833,-29.72947983996562
703,35775,2014-01-30 14:00:00,12.0,31.375,35.74366901153375,4.368669011533747
704,35776,2014-01-30 15:00:00,17.0,26.375,39.692807654596976,13.317807654596976
705,35777,2014-01-30 16:00:00,17.0,26.375,33.26534849140169,6.890348491401689
706,35778,2014-01-30 17:00:00,25.0,17.545454545454547,24.08101797090869,6.535563425454143
707,35779,2014-01-30 18:00:00,39.0,3.5454545454545467,9.379911109773452,5.834456564318906
708,35780,2014-01-30 19:00:00,54.0,11.454545454545453,22.617319317797126,11.162773863251672
709,35781,2014-01-30 20:00:00,123.0,17.75,45.71923818526491,27.969238185264913
710,35782,2014-01-30 21:00:00,142.0,51.333333333333314,39.71754636108112,-11.615786972252195
711,35783,2014-01-30 22:00:00,157.0,66.33333333333331,34.44897406966166,-31.884359263671655
712,35784,2014-01-30 23:00:00,190.0,99.33333333333331,93.89576244194376,-5.437570891389555
713,35785,2014-01-31 00:00:00,137.0,46.333333333333314,45.90265168103376,-0.4306816522995547
714,35786,2014-01-31 01:00:00,469.0,378.3333333333333,376.7839793819706,-1.5493539513627184
715,35787,2014-01-31 02:00:00,344.0,253.33333333333331,253.21314780796166,-0.12018552537165306
716,35788,2014-01-31 03:00:00,281.0,190.33333333333331,179.12852576726323,-11.204807566070087
717,35789,2014-01-31 04:00:00,209.0,35.575757575757564,0.28108778663528255,-35.29466978912228
718,35790,2014-01-31 05:00:00,150.0,41.40740740740745,43.703622960549836,2.296215553142389
719,35791,2014-01-31 06:00:00,138.0,53.40740740740745,56.215456389845684,2.808048982438237
720,35792,2014-01-31 07:00:00,133.0,53.712328767123296,74.89749526011573,21.185166492992437
721,35793,2014-01-31 08:00:00,130.0,61.40740740740745,99.00153446402982,37.59412705662237
722,35794,2014-01-31 09:00:00,143.0,223.78431372549016,203.33147822999086,-20.4528354954993
723,35795,2014-01-31 10:00:00,103.0,263.78431372549016,233.08488878977101,-30.69942493571915
724,35796,2014-01-31 11:00:00,81.0,285.78431372549016,200.05455779335284,-85.72975593213732
725,35797,2014-01-31 12:00:00,70.0,296.78431372549016,268.473646138843,-28.310667586647185
726,35798,2014-01-31 13:00:00,81.0,285.78431372549016,247.58749271445873,-38.19682101103143
727,35799,2014-01-31 14:00:00,117.0,249.78431372549016,209.85368837237235,-39.93062535311782
728,35800,2014-01-31 15:00:00,130.0,236.78431372549016,195.4782695922368,-41.30604413325335
729,35801,2014-01-31 16:00:00,146.0,220.78431372549016,178.37459900025084,-42.409714725239326
730,35802,2014-01-31 17:00:00,144.0,222.78431372549016,195.40966280551123,-27.374650919978933
731,35803,2014-01-31 18:00:00,147.0,219.78431372549016,191.37077369971456,-28.413540025775603
732,35804,2014-01-31 19:00:00,140.0,226.78431372549016,207.3805325462938,-19.403781179196358
733,35805,2014-01-31 20:00:00,148.0,218.78431372549016,189.24632847179402,-29.53798525369615
734,35806,2014-01-31 21:00:00,155.0,211.78431372549016,182.24632847179402,-29.53798525369615
735,35807,2014-01-31 22:00:00,167.0,199.78431372549016,170.24632847179402,-29.53798525369615
736,35808,2014-01-31 23:00:00,180.0,186.78431372549016,155.29893939560026,-31.485374329889908
737,35809,2014-02-01 00:00:00,183.0,47.79836512261582,59.51052313723545,11.712158014619632
738,35810,2014-02-01 01:00:00,181.0,49.79836512261582,63.47266641775329,13.674301295137468
739,35811,2014-02-01 02:00:00,172.0,58.79836512261582,68.23793553308067,9.439570410464853
740,35812,2014-02-01 03:00:00,167.0,63.79836512261582,83.85677851435932,20.0584133917435
741,35813,2014-02-01 04:00:00,171.0,59.79836512261582,70.39500193461083,10.596636811995012
742,35814,2014-02-01 05:00:00,179.0,51.79836512261582,57.18799322476295,5.389628102147128
743,35815,2014-02-01 06:00:00,175.0,55.79836512261582,56.01500710238054,0.21664197976471655
744,35816,2014-02-01 07:00:00,190.0,40.79836512261582,44.47176009062787,3.6733949680120475
745,35817,2014-02-01 08:00:00,189.0,41.79836512261582,39.71666020297809,-2.0817049196377297
746,35818,2014-02-01 09:00:00,187.0,43.79836512261582,21.897385888590577,-21.900979234025243
747,35819,2014-02-01 10:00:00,178.0,52.79836512261582,36.262415309655154,-16.535949812960666
748,35820,2014-02-01 11:00:00,184.0,46.79836512261582,47.18936326367657,0.3909981410607486
749,35821,2014-02-01 12:00:00,152.0,78.79836512261582,105.64846955573245,26.850104433116627
750,35822,2014-02-01 13:00:00,124.0,106.79836512261582,128.41654539366525,21.618180271049425
751,35823,2014-02-01 14:00:00,163.0,67.79836512261582,116.77659461808679,48.97822949547097
752,35824,2014-02-01 15:00:00,143.0,87.79836512261582,144.77683598190288,56.97847085928706
753,35825,2014-02-01 16:00:00,127.0,103.79836512261582,163.2467486863377,59.448383563721876
754,35826,2014-02-01 17:00:00,109.0,121.79836512261582,185.01056408522447,63.21219896260865
755,35827,2014-02-01 18:00:00,120.0,110.79836512261582,173.79807202173237,62.999706899116546
756,35828,2014-02-01 19:00:00,135.0,95.79836512261582,153.32712613167115,57.52876100905533
757,35829,2014-02-01 20:00:00,118.0,112.79836512261582,188.21363664834496,75.41527152572914
758,35830,2014-02-01 21:00:00,132.0,98.79836512261582,187.5855452273014,88.78718010468558
759,35831,2014-02-01 22:00:00,141.0,150.90909090909093,163.3521595026878,12.443068593596877
760,35832,2014-02-01 23:00:00,144.0,8.785714285714278,43.059978176790224,34.27426389107595
761,35833,2014-02-02 00:00:00,141.0,5.785714285714278,37.9337528614187,32.14803857570442
762,35834,2014-02-02 01:00:00,144.0,8.785714285714278,21.79879160318694,13.013077317472664
763,35835,2014-02-02 02:00:00,159.0,23.785714285714278,3.6807964381112583,-20.10491784760302
764,35836,2014-02-02 03:00:00,163.0,27.785714285714278,27.246306213360157,-0.5394080723541208
765,35837,2014-02-02 04:00:00,174.0,38.78571428571428,42.53435452414405,3.748640238429772
766,35838,2014-02-02 05:00:00,164.0,66.79836512261582,98.2038758854165,31.405510762800674
767,35839,2014-02-02 06:00:00,171.0,59.79836512261582,78.64025195814838,18.841886835532563
768,35840,2014-02-02 07:00:00,162.0,68.79836512261582,63.42762691717826,-5.370738205437561
769,35841,2014-02-02 08:00:00,152.0,78.79836512261582,120.52469212694217,41.72632700432635
770,35842,2014-02-02 09:00:00,141.0,72.9,49.997792372627515,-22.90220762737249
771,35843,2014-02-02 10:00:00,66.0,147.9,41.13247348800891,-106.7675265119911
772,35844,2014-02-02 11:00:00,22.0,13.764705882352942,14.510015576641628,0.7453096942886859
773,35845,2014-02-02 12:00:00,15.0,20.764705882352942,20.016918031291155,-0.747787851061787
774,35846,2014-02-02 13:00:00,13.0,22.764705882352942,21.83158699697303,-0.9331188853799119
775,35847,2014-02-02 14:00:00,13.0,22.764705882352942,15.33959260032875,-7.425113282024192
776,35848,2014-02-02 15:00:00,12.0,23.764705882352942,14.647235596628011,-9.11747028572493
777,35849,2014-02-02 16:00:00,13.0,22.764705882352942,12.73534876315458,-10.029357119198362
778,35850,2014-02-02 17:00:00,10.0,25.764705882352942,21.323633183877806,-4.441072698475136
779,35851,2014-02-02 18:00:00,9.0,64.8,22.986277670365933,-41.81372232963406
780,35852,2014-02-02 19:00:00,8.0,35.375,49.57899768188841,14.20399768188841
781,35853,2014-02-02 20:00:00,9.0,34.375,42.534637524308174,8.159637524308174
782,35854,2014-02-02 21:00:00,7.0,65.0,46.01118495568277,-18.988815044317228
783,35855,2014-02-02 22:00:00,9.0,63.0,33.350275380670375,-29.649724619329625
784,35856,2014-02-02 23:00:00,8.0,64.0,33.162224584883965,-30.837775415116035
785,35857,2014-02-03 00:00:00,10.0,25.526315789473685,20.493523753526244,-5.032792035947441
786,35858,2014-02-03 01:00:00,8.0,27.526315789473685,53.322107268113776,25.79579147864009
787,35859,2014-02-03 02:00:00,10.0,25.526315789473685,22.761231820847073,-2.7650839686266124
788,35860,2014-02-03 03:00:00,9.0,20.8,49.478869451708405,28.678869451708405
789,35861,2014-02-03 04:00:00,6.0,35.132075471698116,36.278260116567324,1.1461846448692086
790,35862,2014-02-03 05:00:00,6.0,10.46153846153846,23.780458986696182,13.318920525157722
791,35863,2014-02-03 06:00:00,7.0,7.630434782608695,12.241002167974838,4.610567385366142
792,35864,2014-02-03 07:00:00,5.0,9.630434782608695,12.972703956747306,3.342269174138611
793,35865,2014-02-03 08:00:00,6.0,6.0600000000000005,9.426589666470829,3.366589666470828
794,35866,2014-02-03 09:00:00,6.0,6.0600000000000005,9.84229982842145,3.782299828421449
795,35867,2014-02-03 10:00:00,4.0,8.06,11.34076850014823,3.2807685001482287
796,35868,2014-02-03 11:00:00,4.0,8.06,12.02233874443186,3.962338744431859
797,35869,2014-02-03 12:00:00,6.0,6.0600000000000005,10.572368323734725,4.512368323734725
798,35870,2014-02-03 13:00:00,6.0,9.891566265060241,10.24504574932369,0.353479484263449
799,35871,2014-02-03 14:00:00,6.0,9.891566265060241,11.50082174139883,1.6092554763385891
800,35872,2014-02-03 15:00:00,4.0,11.891566265060241,13.199834894364063,1.3082686293038215
801,35873,2014-02-03 16:00:00,6.0,9.891566265060241,10.822891809731253,0.9313255446710116
802,35874,2014-02-03 17:00:00,6.0,9.891566265060241,9.266516419117758,-0.6250498459424829
803,35875,2014-02-03 18:00:00,6.0,9.891566265060241,9.822151038973468,-0.06941522608677353
804,35876,2014-02-03 19:00:00,6.0,9.891566265060241,10.18044490850874,0.28887864344849845
805,35877,2014-02-03 20:00:00,11.0,4.891566265060241,5.040499865634818,0.14893360057457627
806,35878,2014-02-03 21:00:00,11.0,18.8,45.30941625086194,26.509416250861943
807,35879,2014-02-03 22:00:00,13.0,16.8,46.931050508003594,30.131050508003593
808,35880,2014-02-03 23:00:00,16.0,13.8,42.35629304885132,28.55629304885132
809,35881,2014-02-04 00:00:00,3.0,26.8,48.5105775626516,21.710577562651597
810,35882,2014-02-04 01:00:00,7.0,22.8,26.75431725589761,3.9543172558976103
811,35883,2014-02-04 02:00:00,6.0,8.630434782608695,11.437009700953205,2.8065749183445092
812,35884,2014-02-04 03:00:00,6.0,8.630434782608695,11.780795058932682,3.150360276323987
813,35885,2014-02-04 04:00:00,6.0,8.630434782608695,9.950272833731404,1.3198380511227086
814,35886,2014-02-04 05:00:00,6.0,6.0600000000000005,8.996551778057322,2.9365517780573214
815,35887,2014-02-04 06:00:00,7.0,5.0600000000000005,7.602966592589915,2.5429665925899148
816,35888,2014-02-04 07:00:00,10.0,2.0600000000000005,4.72257326202925,2.66257326202925
817,35889,2014-02-04 08:00:00,10.0,2.0600000000000005,4.82471316751726,2.764713167517259
818,35890,2014-02-04 09:00:00,9.0,3.0600000000000005,6.369748826417387,3.309748826417387
819,35891,2014-02-04 10:00:00,12.0,0.0600000000000005,3.324036761069813,3.2640367610698124
820,35892,2014-02-04 11:00:00,12.0,0.0600000000000005,3.415510087182872,3.3555100871828714
821,35893,2014-02-04 12:00:00,11.0,1.0600000000000005,4.131838323851989,3.0718383238519884
822,35894,2014-02-04 13:00:00,10.0,5.891566265060241,5.125617120922813,-0.7659491441374282
823,35895,2014-02-04 14:00:00,6.0,9.891566265060241,9.57232159697136,-0.3192446680888814
824,35896,2014-02-04 15:00:00,8.0,7.891566265060241,7.595859772857942,-0.2957064922022994
825,35897,2014-02-04 16:00:00,7.0,22.8,51.00739480882464,28.207394808824642
826,35898,2014-02-04 17:00:00,18.0,11.8,40.97760910874106,29.177609108741063
827,35899,2014-02-04 18:00:00,17.0,12.8,41.453013960735,28.653013960735
828,35900,2014-02-04 19:00:00,50.0,20.2,8.0584014216101,-12.1415985783899
829,35901,2014-02-04 20:00:00,71.0,41.2,30.74475890449215,-10.455241095507851
830,35902,2014-02-04 21:00:00,91.0,61.2,50.51743544719557,-10.682564552804436
831,35903,2014-02-04 22:00:00,109.0,79.2,61.3634873763226,-17.8365126236774
832,35904,2014-02-04 23:00:00,126.0,96.2,82.35151550236174,-13.848484497638267
833,35905,2014-02-05 00:00:00,104.0,74.2,63.34747380838157,-10.85252619161843
834,35906,2014-02-05 01:00:00,80.0,50.2,36.289086899188405,-13.910913100811598
835,35907,2014-02-05 02:00:00,69.0,39.2,31.863682925633505,-7.336317074366498
836,35908,2014-02-05 03:00:00,62.0,32.2,27.191670016994024,-5.008329983005979
837,35909,2014-02-05 04:00:00,73.0,43.2,32.6393439198587,-10.5606560801413
838,35910,2014-02-05 05:00:00,115.0,84.33333333333333,61.72658221768008,-22.606751115653246
839,35911,2014-02-05 06:00:00,155.0,112.27272727272728,73.94286644498429,-38.32986082774299
840,35912,2014-02-05 07:00:00,148.0,105.27272727272728,93.69917841465221,-11.573548858075071
841,35913,2014-02-05 08:00:00,114.0,71.27272727272728,62.484894262988284,-8.787833009738996
842,35914,2014-02-05 09:00:00,94.0,64.2,53.029701799472384,-11.170298200527618
843,35915,2014-02-05 10:00:00,117.0,63.14583333333334,68.67972508249557,5.533891749162223
844,35916,2014-02-05 11:00:00,118.0,59.01655629139072,61.165543827549016,2.1489875361582946
845,35917,2014-02-05 12:00:00,116.0,57.01655629139072,59.72759712196662,2.7110408305758966
846,35918,2014-02-05 13:00:00,96.0,67.62745098039215,43.39954032850813,-24.227910651884024
847,35919,2014-02-05 14:00:00,96.0,26.599999999999994,13.161547153567241,-13.438452846432753
848,35920,2014-02-05 15:00:00,102.0,32.599999999999994,23.067243775358136,-9.532756224641858
849,35921,2014-02-05 16:00:00,99.0,29.599999999999994,19.128066834376057,-10.471933165623938
850,35922,2014-02-05 17:00:00,104.0,34.599999999999994,19.98742664516547,-14.612573354834524
851,35923,2014-02-05 18:00:00,101.0,16.400000000000006,4.703855364448742,-11.696144635551263
852,35924,2014-02-05 19:00:00,92.0,25.400000000000006,9.506909247014008,-15.893090752985998
853,35925,2014-02-05 20:00:00,76.0,41.400000000000006,29.07151880539108,-12.328481194608926
854,35926,2014-02-05 21:00:00,90.0,27.400000000000006,20.463760687741072,-6.936239312258934
855,35927,2014-02-05 22:00:00,111.0,24.181818181818187,9.378822914325042,-14.802995267493145
856,35928,2014-02-05 23:00:00,125.0,133.91666666666669,18.96051701285782,-114.95614965380886
857,35929,2014-02-06 00:00:00,139.0,50.349999999999994,18.354673696988513,-31.99532630301148
858,35930,2014-02-06 01:00:00,151.0,62.349999999999994,15.572803520750853,-46.77719647924914
859,35931,2014-02-06 02:00:00,204.0,117.18181818181819,94.11371286404207,-23.068105317776116
860,35932,2014-02-06 03:00:00,203.0,45.363636363636374,56.68617286862218,11.322536504985806
861,35933,2014-02-06 04:00:00,200.0,42.363636363636374,57.63536009005247,15.271723726416099
862,35934,2014-02-06 05:00:00,187.0,58.05882352941177,55.234256970832575,-2.8245665585791926
863,35935,2014-02-06 06:00:00,168.0,20.818181818181813,34.75856748365308,13.940385665471268
864,35936,2014-02-06 07:00:00,158.0,10.818181818181813,52.66620238033842,41.848020562156606
865,35937,2014-02-06 08:00:00,155.0,66.35,30.032866177185724,-36.31713382281427
866,35938,2014-02-06 09:00:00,154.0,39.65714285714287,31.71678257124522,-7.940360285897654
867,35939,2014-02-06 10:00:00,146.0,49.94117647058826,34.01690370342112,-15.924272767167139
868,35940,2014-02-06 11:00:00,150.0,91.23913043478261,67.48740096040565,-23.75172947437696
869,35941,2014-02-06 12:00:00,136.0,10.659340659340643,66.11208812449908,55.45274746515844
870,35942,2014-02-06 13:00:00,130.0,4.659340659340643,59.56712850397331,54.907787844632665
871,35943,2014-02-06 14:00:00,122.0,3.340659340659357,40.22617608659924,36.88551674593988
872,35944,2014-02-06 15:00:00,125.0,96.62745098039215,68.12769452490625,-28.499756455485908
873,35945,2014-02-06 16:00:00,121.0,4.340659340659357,37.58805499973636,33.247395659077
874,35946,2014-02-06 17:00:00,108.0,38.599999999999994,29.76976453233523,-8.830235467664764
875,35947,2014-02-06 18:00:00,102.0,23.340659340659357,22.507392067105997,-0.8332672735533606
876,35948,2014-02-06 19:00:00,118.0,7.340659340659357,8.417790961256088,1.077131620596731
877,35949,2014-02-06 20:00:00,130.0,4.659340659340643,33.816491636315064,29.15715097697442
878,35950,2014-02-06 21:00:00,155.0,40.94117647058826,18.063421837063146,-22.877754633525115
879,35951,2014-02-06 22:00:00,131.0,16.657142857142873,8.696396990942361,-7.9607458662005115
880,35952,2014-02-06 23:00:00,93.0,21.875,58.330180888457676,36.455180888457676
881,35953,2014-02-07 00:00:00,91.0,23.875,46.646522743194794,22.771522743194794
882,35954,2014-02-07 01:00:00,86.0,28.875,65.48441673480218,36.60941673480218
883,35955,2014-02-07 02:00:00,101.0,13.875,38.893541058984596,25.018541058984596
884,35956,2014-02-07 03:00:00,105.0,12.400000000000006,7.923271514837737,-4.476728485162269
885,35957,2014-02-07 04:00:00,110.0,7.400000000000006,15.65429029009232,8.254290290092314
886,35958,2014-02-07 05:00:00,112.0,5.400000000000006,15.17123914998136,9.771239149981355
887,35959,2014-02-07 06:00:00,119.0,55.6875,28.48015357335086,-27.20734642664914
888,35960,2014-02-07 07:00:00,100.0,3.411764705882362,21.20487757785746,17.793112871975097
889,35961,2014-02-07 08:00:00,105.0,8.411764705882362,33.524960204630275,25.113195498747913
890,35962,2014-02-07 09:00:00,105.0,8.411764705882362,34.0309705089974,25.619205803115037
891,35963,2014-02-07 10:00:00,112.0,15.411764705882362,42.67635216389222,27.264587458009856
892,35964,2014-02-07 11:00:00,107.0,10.411764705882362,30.796437623754002,20.38467291787164
893,35965,2014-02-07 12:00:00,94.0,2.588235294117638,21.435811157901682,18.847575863784044
894,35966,2014-02-07 13:00:00,84.0,22.666666666666657,10.866239292515687,-11.80042737415097
895,35967,2014-02-07 14:00:00,89.0,27.666666666666657,11.30421830788812,-16.362448358778536
896,35968,2014-02-07 15:00:00,90.0,28.666666666666657,15.63418676169276,-13.032479904973897
897,35969,2014-02-07 16:00:00,98.0,36.66666666666666,12.013236933044212,-24.653429733622445
898,35970,2014-02-07 17:00:00,100.0,38.66666666666666,18.474221086548994,-20.192445580117663
899,35971,2014-02-07 18:00:00,109.0,47.66666666666666,29.647812114480146,-18.01885455218651
900,35972,2014-02-07 19:00:00,107.0,45.66666666666666,34.036994712601086,-11.629671954065572
901,35973,2014-02-07 20:00:00,107.0,46.588235294117645,27.43874900355371,-19.149486290563935
902,35974,2014-02-07 21:00:00,106.0,45.588235294117645,37.94717423136642,-7.641061062751227
903,35975,2014-02-07 22:00:00,108.0,47.588235294117645,40.20662668418048,-7.381608609937167
904,35976,2014-02-07 23:00:00,109.0,48.588235294117645,42.82092345837404,-5.767311835743605
905,35977,2014-02-08 00:00:00,106.0,45.588235294117645,39.79425679170737,-5.793978502410276
906,35978,2014-02-08 01:00:00,95.0,34.588235294117645,24.925514516544396,-9.662720777573249
907,35979,2014-02-08 02:00:00,94.0,33.588235294117645,26.617424956875524,-6.970810337242121
908,35980,2014-02-08 03:00:00,88.0,27.588235294117645,20.6506605690346,-6.937574725083046
909,35981,2014-02-08 04:00:00,115.0,11.785714285714278,36.8807077210148,25.094993435300523
910,35982,2014-02-08 05:00:00,133.0,97.79836512261582,103.92385778980349,6.125492667187672
911,35983,2014-02-08 06:00:00,132.0,98.79836512261582,105.39557557538296,6.597210452767143
912,35984,2014-02-08 07:00:00,147.0,83.79836512261582,89.35225774235147,5.553892619735649
913,35985,2014-02-08 08:00:00,147.0,144.61666666666667,97.39916193858238,-47.21750472808429
914,35986,2014-02-08 09:00:00,146.0,145.61666666666667,77.86483948687874,-67.75182717978794
915,35987,2014-02-08 10:00:00,79.0,97.02564102564102,96.5738720306754,-0.45176899496561873
916,35988,2014-02-08 11:00:00,38.0,28.66666666666667,111.4119269120167,82.74526024535002
917,35989,2014-02-08 12:00:00,20.0,24.456521739130437,56.049391860952625,31.592870121822187
918,35990,2014-02-08 13:00:00,14.0,30.456521739130437,38.89719631608878,8.440674576958344
919,35991,2014-02-08 14:00:00,10.0,34.45652173913044,40.13367061955452,5.677148880424085
920,35992,2014-02-08 15:00:00,6.0,22.37254901960784,55.130251969849404,32.757702950241566
921,35993,2014-02-08 16:00:00,9.0,19.37254901960784,40.47046134398348,21.097912324375642
922,35994,2014-02-08 17:00:00,7.0,16.25,23.97033613413456,7.720336134134559
923,35995,2014-02-08 18:00:00,10.0,4.630434782608695,13.5526995368744,8.922264754265704
924,35996,2014-02-08 19:00:00,8.0,6.630434782608695,12.679506697581967,6.049071914973272
925,35997,2014-02-08 20:00:00,7.0,16.670103092783503,13.661269367043193,-3.0088337257403097
926,35998,2014-02-08 21:00:00,14.0,1.9399999999999995,2.0239605729407444,0.08396057294074488
927,35999,2014-02-08 22:00:00,10.0,2.0600000000000005,6.28332793433427,4.22332793433427
928,36000,2014-02-08 23:00:00,6.0,21.4,11.306503348115243,-10.093496651884756
929,36001,2014-02-09 00:00:00,9.0,3.0600000000000005,6.3163232596364765,3.256323259636476
930,36002,2014-02-09 01:00:00,13.0,14.399999999999999,3.7202606396040956,-10.679739360395903
931,36003,2014-02-09 02:00:00,9.0,18.4,6.10956187131012,-12.290438128689878
932,36004,2014-02-09 03:00:00,10.0,17.4,4.623991643475756,-12.776008356524242
933,36005,2014-02-09 04:00:00,9.0,18.4,7.005553699020851,-11.394446300979148
934,36006,2014-02-09 05:00:00,10.0,5.938271604938274,5.688847912908516,-0.24942369202975812
935,36007,2014-02-09 06:00:00,10.0,5.938271604938274,3.7131778515398643,-2.2250937533984096
936,36008,2014-02-09 07:00:00,11.0,4.938271604938274,3.3103892785118294,-1.6278823264264446
937,36009,2014-02-09 08:00:00,12.0,3.938271604938274,1.7283320083575529,-2.209939596580721
938,36010,2014-02-09 09:00:00,16.0,0.061728395061726005,1.4398253155574992,1.3780969204957731
939,36011,2014-02-09 10:00:00,12.0,3.938271604938274,2.9079886547387854,-1.0302829501994886
940,36012,2014-02-09 11:00:00,17.0,1.061728395061726,2.2180277468243155,1.1562993517625895
941,36013,2014-02-09 12:00:00,14.0,1.938271604938274,0.9739808671418739,-0.9642907377964001
942,36014,2014-02-09 13:00:00,14.0,1.938271604938274,1.4982010068513052,-0.4400705980869688
943,36015,2014-02-09 14:00:00,12.0,3.938271604938274,3.0673453057899955,-0.8709262991482785
944,36016,2014-02-09 15:00:00,14.0,1.938271604938274,1.318485406598544,-0.6197861983397299
945,36017,2014-02-09 16:00:00,10.0,29.411764705882355,22.780619318345238,-6.631145387537117
946,36018,2014-02-09 17:00:00,11.0,8.826086956521738,9.47465318255189,0.6485662260301517
947,36019,2014-02-09 18:00:00,11.0,15.4375,14.764923796305013,-0.6725762036949874
948,36020,2014-02-09 19:00:00,14.0,12.4375,10.087269462287054,-2.350230537712946
949,36021,2014-02-09 20:00:00,15.0,8.25,16.22571082460381,7.975710824603809
950,36022,2014-02-09 21:00:00,26.0,11.369565217391305,2.431487975017024,-8.93807724237428
951,36023,2014-02-09 22:00:00,24.0,0.3846153846153868,10.706998966383594,10.322383581768207
952,36024,2014-02-09 23:00:00,18.0,7.800000000000001,1.3738050578689425,-6.426194942131058
953,36025,2014-02-10 00:00:00,11.0,12.615384615384613,5.891241721612918,-6.724142893771695
954,36026,2014-02-10 01:00:00,12.0,1.8000000000000007,2.963114106823687,1.163114106823686
955,36027,2014-02-10 02:00:00,9.0,18.4,9.178880184873808,-9.22111981512619
956,36028,2014-02-10 03:00:00,9.0,18.4,9.904242601736218,-8.49575739826378
957,36029,2014-02-10 04:00:00,13.0,14.399999999999999,5.785825529173643,-8.614174470826356
958,36030,2014-02-10 05:00:00,9.0,18.4,10.081204090827335,-8.318795909172664
959,36031,2014-02-10 06:00:00,8.0,18.4375,16.76656472891956,-1.6709352710804417
960,36032,2014-02-10 07:00:00,7.0,3.0,20.0019088006794,17.0019088006794
961,36033,2014-02-10 08:00:00,13.0,8.2,16.670620814796482,8.470620814796483
962,36034,2014-02-10 09:00:00,13.0,13.4375,11.34427991594777,-2.0932200840522306
963,36035,2014-02-10 10:00:00,22.0,4.4375,0.9801979683374533,-3.4573020316625467
964,36036,2014-02-10 11:00:00,10.0,9.826086956521738,9.664977629422797,-0.16110932709894143
965,36037,2014-02-10 12:00:00,18.0,1.8260869565217384,1.2819449844050297,-0.5441419721167087
966,36038,2014-02-10 13:00:00,20.0,0.17391304347826164,7.164539063154997,6.990626019676736
967,36039,2014-02-10 14:00:00,20.0,6.4375,9.202082928303625,2.764582928303625
968,36040,2014-02-10 15:00:00,26.0,9.45,7.315524010560928,-2.1344759894390712
969,36041,2014-02-10 16:00:00,24.0,7.449999999999999,10.954518069886667,3.504518069886668
970,36042,2014-02-10 17:00:00,25.0,33.98344370860928,43.0435655870327,9.060121878423423
971,36043,2014-02-10 18:00:00,34.0,22.416666666666657,34.133830610943704,11.717163944277047
972,36044,2014-02-10 19:00:00,42.0,14.416666666666657,28.9908284761932,14.574161809526544
973,36045,2014-02-10 20:00:00,47.0,9.416666666666657,22.317826757323843,12.901160090657186
974,36046,2014-02-10 21:00:00,53.0,73.5,74.00539806629487,0.5053980662948732
975,36047,2014-02-10 22:00:00,64.0,27.0,42.72072177894155,15.720721778941552
976,36048,2014-02-10 23:00:00,65.0,61.5,87.30888046690276,25.808880466902764
977,36049,2014-02-11 00:00:00,66.0,60.5,70.189450790199,9.689450790199004
978,36050,2014-02-11 01:00:00,76.0,64.0,103.47572454377703,39.475724543777034
979,36051,2014-02-11 02:00:00,83.0,79.42857142857142,76.9003990296753,-2.5281723988961176
980,36052,2014-02-11 03:00:00,120.0,58.72727272727272,35.22558639750844,-23.501686329764283
981,36053,2014-02-11 04:00:00,121.0,58.0,25.038871674046078,-32.96112832595392
982,36054,2014-02-11 05:00:00,111.0,67.72727272727272,50.99225234427561,-16.735020382997106
983,36055,2014-02-11 06:00:00,112.0,49.0,6.268233713760722,-42.73176628623928
984,36056,2014-02-11 07:00:00,100.0,37.0,19.929401680047192,-17.070598319952808
985,36057,2014-02-11 08:00:00,84.0,28.555555555555557,3.8605196696499604,-24.695035885905597
986,36058,2014-02-11 09:00:00,66.0,63.91666666666666,27.320787470666488,-36.59587919600017
987,36059,2014-02-11 10:00:00,64.0,5.239130434782609,8.735949103298985,3.496818668516376
988,36060,2014-02-11 11:00:00,73.0,52.34065934065936,35.70204874578741,-16.63861059487195
989,36061,2014-02-11 12:00:00,90.0,35.34065934065936,7.10658412603874,-28.234075214620617
990,36062,2014-02-11 13:00:00,103.0,22.340659340659357,17.987534331474578,-4.3531250091847795
991,36063,2014-02-11 14:00:00,126.0,67.01655629139071,65.8119146375332,-1.2046416538575073
992,36064,2014-02-11 15:00:00,146.0,54.36363636363636,76.56384769603989,22.200211332403526
993,36065,2014-02-11 16:00:00,143.0,84.01655629139071,77.13274402454698,-6.883812266843734
994,36066,2014-02-11 17:00:00,135.0,76.01655629139071,51.008022368421805,-25.00853392296891
995,36067,2014-02-11 18:00:00,188.0,61.153846153846146,100.62570351332947,39.47185735948332
996,36068,2014-02-11 19:00:00,221.0,94.15384615384615,99.6541253330845,5.500279179238348
997,36069,2014-02-11 20:00:00,203.0,77.65934065934064,71.48976232584471,-6.169578333495934
998,36070,2014-02-11 21:00:00,204.0,41.0,53.02617755755034,12.02617755755034
999,36071,2014-02-11 22:00:00,184.0,26.363636363636374,23.981696872943303,-2.381939490693071
1000,36072,2014-02-11 23:00:00,177.0,19.363636363636374,0.004328989868440658,-19.359307373767933
1001,36073,2014-02-12 00:00:00,220.0,91.05882352941177,78.6107409028429,-12.448082626568862
1002,36074,2014-02-12 01:00:00,268.0,30.176470588235333,56.15160035996263,25.975129771727296
1003,36075,2014-02-12 02:00:00,255.0,115.0,125.33396612670424,10.33396612670424
1004,36076,2014-02-12 03:00:00,241.0,111.08333333333334,64.74987474972511,-46.333458583608234
1005,36077,2014-02-12 04:00:00,181.0,76.13333333333334,52.79546799604199,-23.337865337291348
1006,36078,2014-02-12 05:00:00,146.0,41.13333333333334,34.51034293038744,-6.622990402945902
1007,36079,2014-02-12 06:00:00,141.0,117.38461538461539,81.77695726771853,-35.60765811689686
1008,36080,2014-02-12 07:00:00,136.0,119.46153846153845,73.05157995117787,-46.40995851036058
1009,36081,2014-02-12 08:00:00,124.0,56.28571428571429,58.789595203582294,2.5038809178680026
1010,36082,2014-02-12 09:00:00,87.0,55.277777777777786,56.7056869208683,1.4279091430905169
1011,36083,2014-02-12 10:00:00,66.0,34.277777777777786,30.453173814498243,-3.824603963279543
1012,36084,2014-02-12 11:00:00,44.0,29.0,25.397050823102642,-3.602949176897358
1013,36085,2014-02-12 12:00:00,36.0,21.0,16.9977095506478,-4.0022904493521985
1014,36086,2014-02-12 13:00:00,39.0,19.17391304347826,9.470233849363431,-9.70367919411483
1015,36087,2014-02-12 14:00:00,55.0,38.45,24.795169721965124,-13.65483027803488
1016,36088,2014-02-12 15:00:00,114.0,85.66666666666667,73.04448179971519,-12.622184866951486
1017,36089,2014-02-12 16:00:00,100.0,83.45,58.9564828331599,-24.4935171668401
1018,36090,2014-02-12 17:00:00,95.0,36.01655629139072,42.81713653319642,6.800580241805697
1019,36091,2014-02-12 18:00:00,162.0,103.01655629139071,106.35859463688374,3.342038345493023
1020,36092,2014-02-12 19:00:00,237.0,172.6,159.6052087712978,-12.994791228702184
1021,36093,2014-02-12 20:00:00,229.0,141.54545454545456,135.98675443229007,-5.558700113164491
1022,36094,2014-02-12 21:00:00,175.0,20.94117647058826,70.0704333594784,49.12925688889014
1023,36095,2014-02-12 22:00:00,150.0,45.94117647058826,57.44606494166136,11.504888471073102
1024,36096,2014-02-12 23:00:00,145.0,82.1,65.62999556671872,-16.470004433281275
1025,36097,2014-02-13 00:00:00,268.0,205.1,201.00169592482843,-4.098304075171569
1026,36098,2014-02-13 01:00:00,237.0,185.0909090909091,173.8949699949175,-11.195939095991605
1027,36099,2014-02-13 02:00:00,208.0,156.0909090909091,148.3212665368544,-7.769642554054684
1028,36100,2014-02-13 03:00:00,193.0,141.0909090909091,130.6525096899603,-10.438399400948782
1029,36101,2014-02-13 04:00:00,175.0,123.0909090909091,117.76058863797866,-5.330320452930437
1030,36102,2014-02-13 05:00:00,160.0,108.0909090909091,102.62512240931216,-5.4657866815969385
1031,36103,2014-02-13 06:00:00,176.0,124.0909090909091,117.32789008332637,-6.763019007582727
1032,36104,2014-02-13 07:00:00,181.0,129.0909090909091,118.39150026073065,-10.699408830178442
1033,36105,2014-02-13 08:00:00,185.0,93.53846153846152,107.39742141539645,13.858959876934932
1034,36106,2014-02-13 09:00:00,198.0,146.0909090909091,129.48437530278528,-16.606533788123812
1035,36107,2014-02-13 10:00:00,205.0,144.58823529411765,145.69030653999008,1.1020712458724233
1036,36108,2014-02-13 11:00:00,206.0,145.58823529411765,147.9952066646239,2.4069713705062554
1037,36109,2014-02-13 12:00:00,214.0,153.58823529411765,143.18197431090465,-10.406260983213002
1038,36110,2014-02-13 13:00:00,214.0,128.0,154.33423160300248,26.33423160300248
1039,36111,2014-02-13 14:00:00,204.0,118.0,144.27996946443182,26.279969464431815
1040,36112,2014-02-13 15:00:00,208.0,122.0,147.91996946443183,25.91996946443183
1041,36113,2014-02-13 16:00:00,200.0,114.0,140.28996946443183,26.289969464431834
1042,36114,2014-02-13 17:00:00,197.0,111.0,136.29862331058567,25.29862331058567
1043,36115,2014-02-13 18:00:00,220.0,159.58823529411765,161.47999743948998,1.8917621453723257
1044,36116,2014-02-13 19:00:00,236.0,83.70833333333334,98.20702913754366,14.498695804210314
1045,36117,2014-02-13 20:00:00,239.0,124.65714285714287,99.42488405829386,-25.232258798849017
1046,36118,2014-02-13 21:00:00,250.0,135.65714285714287,118.4150429364415,-17.242099920701378
1047,36119,2014-02-13 22:00:00,243.0,128.65714285714287,116.02797833947001,-12.629164517672862
1048,36120,2014-02-13 23:00:00,251.0,136.65714285714287,130.6392375195439,-6.017905337598961
1049,36121,2014-02-14 00:00:00,263.0,111.34586466165413,146.50098429149114,35.155119629837
1050,36122,2014-02-14 01:00:00,262.0,110.34586466165413,125.1890683006192,14.843203638965065
1051,36123,2014-02-14 02:00:00,261.0,172.35,137.77116765026727,-34.57883234973272
1052,36124,2014-02-14 03:00:00,276.0,187.35,156.71996884171352,-30.63003115828647
1053,36125,2014-02-14 04:00:00,264.0,177.1818181818182,159.43589854093557,-17.74591964088262
1054,36126,2014-02-14 05:00:00,259.0,170.35,118.17000789511792,-52.179992104882075
1055,36127,2014-02-14 06:00:00,250.0,161.35,100.59074143647427,-60.75925856352572
1056,36128,2014-02-14 07:00:00,235.0,146.35,88.2402971760288,-58.10970282397119
1057,36129,2014-02-14 08:00:00,222.0,39.526315789473614,68.40407672409148,28.877760934617868
1058,36130,2014-02-14 09:00:00,206.0,54.34586466165413,55.05707833212645,0.7112136704723184
1059,36131,2014-02-14 10:00:00,205.0,28.974358974358978,14.786959569958498,-14.18739940440048
1060,36132,2014-02-14 11:00:00,196.0,95.61666666666667,57.22112659023762,-38.39554007642906
1061,36133,2014-02-14 12:00:00,218.0,19.52727272727273,32.24253834719883,12.7152656199261
1062,36134,2014-02-14 13:00:00,234.0,35.52727272727273,40.44766783036732,4.920395103094592
1063,36135,2014-02-14 14:00:00,264.0,91.19999999999999,72.00127545158244,-19.198724548417545
1064,36136,2014-02-14 15:00:00,272.0,85.2876712328767,112.07263744154628,26.784966208669573
1065,36137,2014-02-14 16:00:00,307.0,134.2,140.53366214358383,6.333662143583837
1066,36138,2014-02-14 17:00:00,323.0,150.2,157.41214864310803,7.212148643108037
1067,36139,2014-02-14 18:00:00,311.0,112.52727272727273,122.0711284462439,9.543855718971173
1068,36140,2014-02-14 19:00:00,327.0,128.52727272727273,131.75037125300634,3.2230985257336044
1069,36141,2014-02-14 20:00:00,362.0,131.20163487738418,138.39967972637137,7.198044848987195
1070,36142,2014-02-14 21:00:00,487.0,248.35294117647058,258.4967481593419,10.143806982871325
1071,36143,2014-02-14 22:00:00,436.0,174.35714285714283,226.55808200796542,52.20093915082259
1072,36144,2014-02-14 23:00:00,436.0,244.59259259259255,223.33036187117452,-21.262230721418035
1073,36145,2014-02-15 00:00:00,579.0,387.59259259259255,365.7892633344592,-21.803329258133374
1074,36146,2014-02-15 01:00:00,649.0,457.59259259259255,439.4649064200754,-18.127686172517144
1075,36147,2014-02-15 02:00:00,457.0,265.59259259259255,248.95736569170936,-16.635226900883197
1076,36148,2014-02-15 03:00:00,466.0,274.59259259259255,256.9407415865028,-17.65185100608977
1077,36149,2014-02-15 04:00:00,408.0,216.59259259259255,198.69120497877137,-17.901387613821186
1078,36150,2014-02-15 05:00:00,344.0,152.59259259259255,140.22863607546367,-12.363956517128884
1079,36151,2014-02-15 06:00:00,322.0,130.59259259259255,140.76539688313872,10.172804290546168
1080,36152,2014-02-15 07:00:00,287.0,95.59259259259255,91.42448006249825,-4.168112530094305
1081,36153,2014-02-15 08:00:00,319.0,127.59259259259255,136.38414400400626,8.791551411413707
1082,36154,2014-02-15 09:00:00,282.0,9.616666666666674,9.523862070025302,-0.09280459664137197
1083,36155,2014-02-15 10:00:00,277.0,14.616666666666674,23.660585546226002,9.043918879559328
1084,36156,2014-02-15 11:00:00,277.0,90.2876712328767,96.20822083416527,5.92054960128857
1085,36157,2014-02-15 12:00:00,279.0,92.2876712328767,94.4942221938519,2.2065509609751928
1086,36158,2014-02-15 13:00:00,327.0,140.2876712328767,145.73064463783808,5.4429734049613785
1087,36159,2014-02-15 14:00:00,348.0,200.5,181.59247940330863,-18.90752059669137
1088,36160,2014-02-15 15:00:00,418.0,270.5,251.70177319918932,-18.79822680081068
1089,36161,2014-02-15 16:00:00,423.0,250.2,227.4803452956892,-22.719654704310784
1090,36162,2014-02-15 17:00:00,366.0,179.2876712328767,184.39714800693412,5.109476774057413
1091,36163,2014-02-15 18:00:00,338.0,165.2,152.12213098104968,-13.07786901895031
1092,36164,2014-02-15 19:00:00,347.0,116.20163487738418,116.92696210975484,0.7253272323706597
1093,36165,2014-02-15 20:00:00,336.0,105.20163487738418,102.09127734276387,-3.110357534620306
1094,36166,2014-02-15 21:00:00,351.0,112.35294117647058,140.30486286529788,27.951921688827298
1095,36167,2014-02-15 22:00:00,353.0,122.20163487738418,129.0871523495363,6.885517472152117
1096,36168,2014-02-15 23:00:00,375.0,183.59259259259255,164.4860288230233,-19.10656376956925
1097,36169,2014-02-16 00:00:00,382.0,90.38333333333333,139.92383806141757,49.540504728084244
1098,36170,2014-02-16 01:00:00,393.0,201.59259259259255,178.83018256163083,-22.762410030961718
1099,36171,2014-02-16 02:00:00,388.0,196.59259259259255,211.04800337366055,14.455410781067997
1100,36172,2014-02-16 03:00:00,376.0,184.59259259259255,180.11103636783483,-4.481556224757725
1101,36173,2014-02-16 04:00:00,382.0,190.59259259259255,193.1889284897164,2.5963358971238506
1102,36174,2014-02-16 05:00:00,362.0,210.34586466165413,195.11328666431808,-15.232577997336051
1103,36175,2014-02-16 06:00:00,345.0,193.34586466165413,182.90881873529662,-10.437045926357513
1104,36176,2014-02-16 07:00:00,328.0,302.5263157894737,208.39902292886006,-94.12729286061364
1105,36177,2014-02-16 08:00:00,323.0,297.5263157894737,250.34080433622375,-47.185511453249944
1106,36178,2014-02-16 09:00:00,297.0,271.5263157894737,234.39349824323602,-37.132817546237675
1107,36179,2014-02-16 10:00:00,280.0,233.77777777777777,238.62419781658664,4.846420038808873
1108,36180,2014-02-16 11:00:00,267.0,152.65714285714287,132.29310597496706,-20.36403688217581
1109,36181,2014-02-16 12:00:00,259.0,184.7,188.66571448847083,3.9657144884708373
1110,36182,2014-02-16 13:00:00,177.0,102.7,119.13511009211456,16.435110092114556
1111,36183,2014-02-16 14:00:00,161.0,86.7,89.11431321603709,2.414313216037087
1112,36184,2014-02-16 15:00:00,120.0,45.7,41.38151449007759,-4.318485509922411
1113,36185,2014-02-16 16:00:00,185.0,108.97560975609754,107.98582194899652,-0.989787807101024
1114,36186,2014-02-16 17:00:00,211.0,134.97560975609753,135.32885497152344,0.3532452154259147
1115,36187,2014-02-16 18:00:00,169.0,51.599999999999994,62.83648215502312,11.236482155023126
1116,36188,2014-02-16 19:00:00,242.0,124.6,133.8369127138077,9.236912713807698
1117,36189,2014-02-16 20:00:00,247.0,132.125,95.5262041467198,-36.598795853280194
1118,36190,2014-02-16 21:00:00,238.0,123.125,107.4273093760115,-15.697690623988507
1119,36191,2014-02-16 22:00:00,225.0,162.1,106.44061882610303,-55.65938117389696
1120,36192,2014-02-16 23:00:00,216.0,153.1,124.49436140407684,-28.605638595923153
1121,36193,2014-02-17 00:00:00,165.0,50.125,26.147810508412647,-23.977189491587353
1122,36194,2014-02-17 01:00:00,142.0,27.657142857142873,4.982309352040716,-22.674833505102157
1123,36195,2014-02-17 02:00:00,136.0,21.125,8.980994673253434,-12.144005326746566
1124,36196,2014-02-17 03:00:00,117.0,2.6571428571428726,11.208360550290422,8.55121769314755
1125,36197,2014-02-17 04:00:00,119.0,33.29166666666666,20.70920516925534,-12.582461497411316
1126,36198,2014-02-17 05:00:00,52.0,62.34285714285713,82.46374777100607,20.120890628148942
1127,36199,2014-02-17 06:00:00,46.0,68.34285714285713,83.62207084343245,15.279213700575326
1128,36200,2014-02-17 07:00:00,53.0,99.29166666666666,87.02918898794232,-12.262477678724338
1129,36201,2014-02-17 08:00:00,67.0,47.90909090909091,66.29871416822112,18.389623259130218
1130,36202,2014-02-17 09:00:00,70.0,82.29166666666666,80.19835410602036,-2.0933125606462966
1131,36203,2014-02-17 10:00:00,61.0,23.35714285714286,11.86270242952898,-11.494440427613881
1132,36204,2014-02-17 11:00:00,78.0,23.11764705882353,12.45919894322411,-10.65844811559942
1133,36205,2014-02-17 12:00:00,88.0,33.11764705882353,25.35068366852024,-7.766963390303289
1134,36206,2014-02-17 13:00:00,75.0,20.11764705882353,22.087056835175936,1.969409776352407
1135,36207,2014-02-17 14:00:00,73.0,0.2666666666666657,3.418312816899501,3.1516461502328355
1136,36208,2014-02-17 15:00:00,79.0,6.266666666666666,11.344325405188414,5.077658738521748
1137,36209,2014-02-17 16:00:00,67.0,5.733333333333334,7.546140597706369,1.8128072643730349
1138,36210,2014-02-17 17:00:00,73.0,0.2666666666666657,1.4462660250825934,1.1795993584159277
1139,36211,2014-02-17 18:00:00,71.0,6.599999999999994,7.477328209973706,0.8773282099737116
1140,36212,2014-02-17 19:00:00,66.0,6.384615384615394,1.5004725109024548,-4.884142873712939
1141,36213,2014-02-17 20:00:00,66.0,6.384615384615394,14.04470881080944,7.660093426194045
1142,36214,2014-02-17 21:00:00,75.0,15.384615384615394,6.661240076075842,-8.723375308539552
1143,36215,2014-02-17 22:00:00,59.0,0.6153846153846061,19.182642981237365,18.56725836585276
1144,36216,2014-02-17 23:00:00,41.0,18.615384615384606,17.676009626178598,-0.9393749892060086
1145,36217,2014-02-18 00:00:00,45.0,14.615384615384606,21.52730236082732,6.9119177454427145
1146,36218,2014-02-18 01:00:00,28.0,23.909090909090907,37.162733376002976,13.25364246691207
1147,36219,2014-02-18 02:00:00,27.0,24.909090909090907,41.64787419814381,16.738783289052904
1148,36220,2014-02-18 03:00:00,27.0,61.650000000000006,102.12268335488878,40.47268335488877
1149,36221,2014-02-18 04:00:00,46.0,14.899999999999999,72.71204762075912,57.812047620759124
1150,36222,2014-02-18 05:00:00,65.0,69.63636363636363,31.605551389741876,-38.03081224662175
1151,36223,2014-02-18 06:00:00,60.0,74.63636363636363,36.12505652515566,-38.51130711120797
1152,36224,2014-02-18 07:00:00,54.0,80.63636363636363,40.79422151230604,-39.84214212405759
1153,36225,2014-02-18 08:00:00,63.0,132.94117647058826,28.012632011496564,-104.9285444590917
1154,36226,2014-02-18 09:00:00,71.0,124.94117647058826,26.779654952956164,-98.1615215176321
1155,36227,2014-02-18 10:00:00,69.0,126.94117647058826,25.093915276213153,-101.84726119437511
1156,36228,2014-02-18 11:00:00,76.0,38.34285714285713,29.7355695164854,-8.607287626371729
1157,36229,2014-02-18 12:00:00,82.0,113.94117647058826,2.7452008723031724,-111.19597559828509
1158,36230,2014-02-18 13:00:00,63.0,0.10000000000000142,8.100251836043697,8.000251836043695
1159,36231,2014-02-18 14:00:00,63.0,11.090909090909093,3.6130103451265967,-7.477898745782497
1160,36232,2014-02-18 15:00:00,63.0,0.3125,10.022736711024123,9.710236711024123
1161,36233,2014-02-18 16:00:00,64.0,0.6875,8.840576658114045,8.153076658114045
1162,36235,2014-02-18 18:00:00,88.0,24.6875,18.79691704039878,-5.890582959601218
1163,36236,2014-02-18 19:00:00,80.0,72.29166666666666,62.20267315775445,-10.08899350891221
1164,36237,2014-02-18 20:00:00,89.0,28.400000000000006,61.894358319580846,33.49435831958084
1165,36238,2014-02-18 21:00:00,93.0,26.33333333333333,33.74751737109331,7.414184037759981
1166,36239,2014-02-18 22:00:00,104.0,13.400000000000006,32.4219835526757,19.021983552675692
1167,36240,2014-02-18 23:00:00,123.0,5.599999999999994,15.731332289796597,10.131332289796603
1168,36241,2014-02-19 00:00:00,118.0,51.33333333333333,5.811004590675182,-45.522328742658146
1169,36242,2014-02-19 01:00:00,116.0,49.33333333333333,7.95098712615156,-41.38234620718177
1170,36243,2014-02-19 02:00:00,125.0,7.599999999999994,18.618000527111008,11.018000527111013
1171,36244,2014-02-19 03:00:00,119.0,30.349999999999994,24.895084963485033,-5.4549150365149615
1172,36245,2014-02-19 04:00:00,120.0,31.349999999999994,19.870030243007477,-11.479969756992517
1173,36246,2014-02-19 05:00:00,122.0,33.349999999999994,9.656256936282034,-23.69374306371796
1174,36247,2014-02-19 06:00:00,122.0,33.349999999999994,0.9823240946797398,-32.367675905320255
1175,36248,2014-02-19 07:00:00,112.0,23.349999999999994,2.152062474420376,-21.19793752557962
1176,36249,2014-02-19 08:00:00,108.0,74.47368421052639,46.10244646661948,-28.371237743906903
1177,36250,2014-02-19 09:00:00,103.0,36.33333333333333,16.11819193714129,-20.21514139619204
1178,36251,2014-02-19 10:00:00,89.0,30.23913043478261,20.050246765355823,-10.188883669426787
1179,36252,2014-02-19 11:00:00,58.0,0.7608695652173907,15.9188522128849,15.15798264766751
1180,36253,2014-02-19 12:00:00,38.0,56.333333333333314,20.587797810847967,-35.74553552248535
1181,36254,2014-02-19 13:00:00,19.0,75.33333333333331,32.867104848122146,-42.46622848521117
1182,36255,2014-02-19 14:00:00,22.0,72.33333333333331,36.80622236497984,-35.527110968353476
1183,36256,2014-02-19 15:00:00,18.0,24.700000000000003,32.0934691924745,7.393469192474498
1184,36257,2014-02-19 16:00:00,14.0,28.700000000000003,26.489138845352564,-2.2108611546474393
1185,36258,2014-02-19 17:00:00,16.0,41.846153846153854,30.585735114593398,-11.260418731560456
1186,36259,2014-02-19 18:00:00,15.0,43.98344370860928,47.29556125285555,3.31211754424627
1187,36260,2014-02-19 19:00:00,34.0,30.400000000000006,42.96261878154458,12.562618781544572
1188,36261,2014-02-19 20:00:00,39.0,78.4,58.70568024544413,-19.694319754555877
1189,36262,2014-02-19 21:00:00,89.0,28.400000000000006,18.950214375163625,-9.44978562483638
1190,36263,2014-02-19 22:00:00,124.0,61.1,30.9286844387714,-30.171315561228603
1191,36264,2014-02-19 23:00:00,142.0,79.1,61.129384440893716,-17.970615559106278
1192,36265,2014-02-20 00:00:00,152.0,100.0909090909091,82.69312627861818,-17.397782812290913
1193,36266,2014-02-20 01:00:00,156.0,104.0909090909091,85.73766037800807,-18.35324871290102
1194,36267,2014-02-20 02:00:00,152.0,100.0909090909091,82.17490043346618,-17.916008657442916
1195,36268,2014-02-20 03:00:00,160.0,108.0909090909091,84.49711338113839,-23.593795709770703
1196,36269,2014-02-20 04:00:00,173.0,121.0909090909091,97.29325409451796,-23.79765499639113
1197,36270,2014-02-20 05:00:00,174.0,59.125,49.6150255269622,-9.5099744730378
1198,36271,2014-02-20 06:00:00,180.0,65.125,31.629316895726618,-33.49568310427338
1199,36272,2014-02-20 07:00:00,185.0,70.125,35.17378748396192,-34.95121251603808
1200,36273,2014-02-20 08:00:00,184.0,112.8125,79.89951573329613,-32.91298426670387
1201,36274,2014-02-20 09:00:00,190.0,118.8125,99.05871327610953,-19.75378672389047
1202,36275,2014-02-20 10:00:00,196.0,81.125,58.01044144331314,-23.11455855668686
1203,36277,2014-02-20 12:00:00,221.0,106.125,80.1795229332941,-25.945477066705905
1204,36278,2014-02-20 13:00:00,233.0,118.125,90.60306947499166,-27.521930525008344
1205,36279,2014-02-20 14:00:00,240.0,125.125,112.12129569603302,-13.003704303966984
1206,36280,2014-02-20 15:00:00,273.0,158.125,149.6093943954932,-8.515605604506788
1207,36281,2014-02-20 16:00:00,327.0,219.0,203.34816214794867,-15.65183785205133
1208,36282,2014-02-20 17:00:00,347.0,239.0,222.66856072806988,-16.331439271930122
1209,36283,2014-02-20 18:00:00,384.0,276.0,288.6024160288041,12.6024160288041
1210,36284,2014-02-20 19:00:00,392.0,284.0,298.6516958014514,14.65169580145141
1211,36285,2014-02-20 20:00:00,400.0,348.0909090909091,309.10556420784616,-38.985344883062965
1212,36286,2014-02-20 21:00:00,394.0,279.125,270.46438951623384,-8.660610483766163
1213,36287,2014-02-20 22:00:00,448.0,333.125,321.33040647934314,-11.79459352065686
1214,36288,2014-02-20 23:00:00,424.0,309.125,288.77304878509983,-20.35195121490017
1215,36289,2014-02-21 00:00:00,400.0,285.125,276.63753296123707,-8.48746703876293
1216,36290,2014-02-21 01:00:00,398.0,283.125,253.86767792271283,-29.25732207728717
1217,36291,2014-02-21 02:00:00,383.0,231.34586466165413,242.37896389831116,11.033099236657023
1218,36292,2014-02-21 03:00:00,357.0,180.97435897435898,210.90476317883406,29.93040420447508
1219,36293,2014-02-21 04:00:00,367.0,190.97435897435898,224.67802922438273,33.70367025002375
1220,36294,2014-02-21 05:00:00,335.0,158.97435897435898,197.7627936247044,38.78843465034541
1221,36295,2014-02-21 06:00:00,313.0,161.34586466165413,168.8832536207296,7.537388959075457
1222,36296,2014-02-21 07:00:00,328.0,151.97435897435898,190.465012503718,38.49065352935901
1223,36297,2014-02-21 08:00:00,324.0,147.97435897435898,168.54625028473274,20.571891310373758
1224,36298,2014-02-21 09:00:00,305.0,128.97435897435898,153.12682810662628,24.1524691322673
1225,36299,2014-02-21 10:00:00,268.0,91.97435897435898,113.04521844311722,21.070859468758243
1226,36300,2014-02-21 11:00:00,247.0,70.97435897435898,78.752987031878,7.778628057519029
1227,36301,2014-02-21 12:00:00,267.0,90.97435897435898,74.2032620125405,-16.771096961818472
1228,36302,2014-02-21 13:00:00,334.0,42.383333333333326,76.10806801909808,33.72473468576476
1229,36303,2014-02-21 14:00:00,328.0,36.383333333333326,38.949976642750755,2.5666433094174295
1230,36304,2014-02-21 15:00:00,327.0,35.383333333333326,31.369012838552464,-4.014320494780861
1231,36305,2014-02-21 16:00:00,326.0,34.383333333333326,95.52700484650958,61.14367151317626
1232,36306,2014-02-21 17:00:00,309.0,17.383333333333326,51.14290461311816,33.759571279784836
1233,36307,2014-02-21 18:00:00,321.0,29.383333333333326,67.31209018851311,37.928756855179785
1234,36308,2014-02-21 19:00:00,340.0,163.97435897435898,147.8246399902713,-16.149718984087684
1235,36309,2014-02-21 20:00:00,346.0,169.97435897435898,155.7869595699585,-14.18739940440048
1236,36310,2014-02-21 21:00:00,330.0,153.97435897435898,182.35295814128187,28.378599166922896
1237,36311,2014-02-21 22:00:00,340.0,163.97435897435898,186.3075976257354,22.333238651376433
1238,36312,2014-02-21 23:00:00,353.0,176.97435897435898,189.36804235164038,12.393683377281405
1239,36313,2014-02-22 00:00:00,384.0,207.97435897435898,229.1205419513994,21.14618297704041
1240,36314,2014-02-22 01:00:00,383.0,206.97435897435898,218.1118231855661,11.137464211207117
1241,36315,2014-02-22 02:00:00,399.0,222.97435897435898,243.8767663058046,20.90240733144563
1242,36316,2014-02-22 03:00:00,340.0,163.97435897435898,185.2125930658188,21.238234091459816
1243,36317,2014-02-22 04:00:00,327.0,150.97435897435898,178.38301971746168,27.4086607431027
1244,36318,2014-02-22 05:00:00,295.0,118.97435897435898,142.30777435942312,23.333415385064143
1245,36319,2014-02-22 06:00:00,296.0,119.97435897435898,149.06288065458997,29.088521680230997
1246,36320,2014-02-22 07:00:00,333.0,218.125,198.26733647008396,-19.85766352991604
1247,36321,2014-02-22 08:00:00,336.0,221.125,204.01563490390777,-17.109365096092233
1248,36322,2014-02-22 09:00:00,350.0,235.125,213.3627806465624,-21.762219353437587
1249,36323,2014-02-22 10:00:00,305.0,190.125,176.03221008714814,-14.092789912851856
1250,36324,2014-02-22 11:00:00,283.0,166.15384615384608,96.08080317925311,-70.07304297459297
1251,36325,2014-02-22 12:00:00,323.0,126.15384615384608,65.46095265753763,-60.69289349630844
1252,36326,2014-02-22 13:00:00,377.0,72.15384615384608,60.69400705392684,-11.459839099919236
1253,36327,2014-02-22 14:00:00,357.0,92.15384615384608,90.73877400919378,-1.4150721446522994
1254,36328,2014-02-22 15:00:00,360.0,89.15384615384608,99.89965965132944,10.745813497483368
1255,36329,2014-02-22 16:00:00,350.0,99.15384615384608,108.68288115205087,9.529034998204793
1256,36330,2014-02-22 17:00:00,339.0,110.15384615384608,47.49845356509752,-62.655392588748555
1257,36331,2014-02-22 18:00:00,335.0,158.97435897435898,50.43903544482572,-108.53532352953326
1258,36332,2014-02-22 19:00:00,341.0,226.125,174.80274280858416,-51.322257191415844
1259,36333,2014-02-22 20:00:00,352.0,237.125,173.6619197697175,-63.463080230282486
1260,36334,2014-02-22 21:00:00,355.0,240.125,53.21610678982938,-186.90889321017062
1261,36335,2014-02-22 22:00:00,327.0,212.125,147.0358574157208,-65.08914258427919
1262,36336,2014-02-22 23:00:00,303.0,188.125,130.8707005430017,-57.2542994569983
1263,36337,2014-02-23 00:00:00,287.0,172.125,128.87054110824897,-43.25445889175103
1264,36338,2014-02-23 01:00:00,279.0,164.125,116.85070104339803,-47.27429895660197
1265,36340,2014-02-23 03:00:00,264.0,149.125,125.9531929408723,-23.1718070591277
1266,36341,2014-02-23 04:00:00,245.0,130.125,124.23655138777498,-5.8884486122250195
1267,36342,2014-02-23 05:00:00,228.0,113.125,87.64719288336539,-25.477807116634608
1268,36343,2014-02-23 06:00:00,233.0,118.125,91.91519288336539,-26.209807116634607
1269,36344,2014-02-23 07:00:00,240.0,125.125,99.50617594873634,-25.61882405126366
1270,36345,2014-02-23 08:00:00,246.0,131.125,104.89293590556107,-26.232064094438925
1271,36346,2014-02-23 09:00:00,246.0,131.125,106.7318034892931,-24.3931965107069
1272,36347,2014-02-23 10:00:00,252.0,137.125,103.60473303183082,-33.52026696816918
1273,36348,2014-02-23 11:00:00,266.0,151.125,108.71020466288456,-42.414795337115436
1274,36349,2014-02-23 12:00:00,270.0,155.125,117.3387181784583,-37.78628182154171
1275,36350,2014-02-23 13:00:00,279.0,164.125,125.6334318756461,-38.491568124353904
1276,36351,2014-02-23 14:00:00,283.0,168.125,132.46280197642994,-35.662198023570056
1277,36352,2014-02-23 15:00:00,316.0,201.125,154.94480843270148,-46.18019156729852
1278,36353,2014-02-23 16:00:00,336.0,159.97435897435898,169.3470872884487,9.372728314089727
1279,36354,2014-02-23 17:00:00,333.0,156.97435897435898,163.51194428217482,6.537585307815846
1280,36355,2014-02-23 18:00:00,348.0,171.97435897435898,178.7039271512129,6.729568176853917
1281,36356,2014-02-23 19:00:00,360.0,245.125,207.0002539759941,-38.1247460240059
1282,36357,2014-02-23 20:00:00,358.0,243.125,207.58291985580817,-35.54208014419183
1283,36358,2014-02-23 21:00:00,358.0,243.125,197.3956008061308,-45.7293991938692
1284,36359,2014-02-23 22:00:00,357.0,242.125,189.61404855355875,-52.510951446441254
1285,36360,2014-02-23 23:00:00,362.0,247.125,182.06002518354325,-65.06497481645675
1286,36361,2014-02-24 00:00:00,348.0,233.125,189.37503148449497,-43.74996851550503
1287,36362,2014-02-24 01:00:00,323.0,146.97435897435898,150.51413673940257,3.5397777650435955
1288,36363,2014-02-24 02:00:00,339.0,162.97435897435898,165.09546865823037,2.1211096838713956
1289,36364,2014-02-24 03:00:00,339.0,162.97435897435898,146.1585309435916,-16.815828030767392
1290,36365,2014-02-24 04:00:00,339.0,162.97435897435898,145.79087136912358,-17.1834876052354
1291,36366,2014-02-24 05:00:00,341.0,164.97435897435898,151.33091423149392,-13.643444742865057
1292,36367,2014-02-24 06:00:00,344.0,167.97435897435898,162.0889032582132,-5.885455716145771
1293,36368,2014-02-24 07:00:00,335.0,158.97435897435898,154.6297420405684,-4.344616933790576
1294,36369,2014-02-24 08:00:00,329.0,152.97435897435898,162.2981570830795,9.323798108720524
1295,36370,2014-02-24 09:00:00,323.0,146.97435897435898,144.86371375738636,-2.110645216972614
1296,36371,2014-02-24 10:00:00,350.0,173.97435897435898,57.904632700922036,-116.06972627343694
1297,36372,2014-02-24 11:00:00,341.0,293.3,214.52069091362222,-78.7793090863778
1298,36373,2014-02-24 12:00:00,347.0,315.94444444444446,278.91633881172925,-37.02810563271521
1299,36374,2014-02-24 13:00:00,356.0,93.15384615384608,85.0846330501621,-8.069213103683978
1300,36375,2014-02-24 14:00:00,342.0,107.15384615384608,107.97602987555888,0.8221837217128041
1301,36376,2014-02-24 15:00:00,366.0,83.15384615384608,87.82784893705895,4.67400278321287
1302,36377,2014-02-24 16:00:00,358.0,91.15384615384608,95.0614264983866,3.90758034454052
1303,36378,2014-02-24 17:00:00,391.0,58.153846153846075,60.76931538727547,2.615469233429394
1304,36379,2014-02-24 18:00:00,425.0,24.153846153846075,34.36912983792638,10.215283684080305
1305,36380,2014-02-24 19:00:00,387.0,95.38333333333333,50.95992866474518,-44.42340466858815
1306,36381,2014-02-24 20:00:00,363.0,71.38333333333333,110.25131681315204,38.86798347981872
1307,36382,2014-02-24 21:00:00,343.0,51.383333333333326,79.27602448967843,27.89269115634511
1308,36383,2014-02-24 22:00:00,353.0,61.383333333333326,94.37212005501993,32.98878672168661
1309,36384,2014-02-24 23:00:00,357.0,65.38333333333333,97.14420425791667,31.760870924583344
1310,36385,2014-02-25 00:00:00,371.0,79.38333333333333,117.28214612791751,37.89881279458419
1311,36386,2014-02-25 01:00:00,394.0,102.38333333333333,139.56367065621944,37.18033732288612
1312,36387,2014-02-25 02:00:00,453.0,161.38333333333333,197.88827591937732,36.504942586043995
1313,36388,2014-02-25 03:00:00,453.0,161.38333333333333,197.88827591937732,36.504942586043995
1314,36389,2014-02-25 04:00:00,485.0,193.38333333333333,229.3187831657541,35.93544983242077
1315,36390,2014-02-25 05:00:00,463.0,171.38333333333333,207.3187831657541,35.93544983242077
1316,36391,2014-02-25 06:00:00,463.0,171.38333333333333,219.24931268400428,47.865979350670955
1317,36392,2014-02-25 07:00:00,418.0,126.38333333333333,195.17947184060762,68.79613850727429
1318,36393,2014-02-25 08:00:00,384.0,207.97435897435898,206.84375133501774,-1.1306076393412354
1319,36394,2014-02-25 09:00:00,371.0,194.97435897435898,174.6256146554097,-20.348744318949286
1320,36395,2014-02-25 10:00:00,369.0,77.38333333333333,84.55061415603376,7.167280822700434
1321,36396,2014-02-25 11:00:00,374.0,75.15384615384608,37.491272945775904,-37.66257320807017
1322,36397,2014-02-25 12:00:00,397.0,52.153846153846075,49.75647242189234,-2.397373731953735
1323,36398,2014-02-25 13:00:00,397.0,52.153846153846075,55.956562501272685,3.8027163474266104
1324,36399,2014-02-25 14:00:00,389.0,60.153846153846075,51.19429330474799,-8.959552849098088
1325,36400,2014-02-25 15:00:00,410.0,39.153846153846075,43.259263362468175,4.1054172086221
1326,36401,2014-02-25 16:00:00,436.0,13.153846153846075,10.668136378341217,-2.4857097755048585
1327,36402,2014-02-25 17:00:00,462.0,12.846153846153925,20.518974732769777,7.6728208866158525
1328,36403,2014-02-25 18:00:00,482.0,32.846153846153925,45.69321712652709,12.847063280373163
1329,36404,2014-02-25 19:00:00,501.0,270.2016348773842,167.10419470841765,-103.09744016896656
1330,36405,2014-02-25 20:00:00,507.0,276.2016348773842,257.0311409431554,-19.17049393422883
1331,36406,2014-02-25 21:00:00,523.0,231.38333333333333,245.94001700667212,14.556683673338796
1332,36407,2014-02-25 22:00:00,545.0,253.38333333333333,271.1047295407674,17.721396207434054
1333,36408,2014-02-25 23:00:00,577.0,346.2016348773842,321.3698226906743,-24.831812186709897
1334,36409,2014-02-26 00:00:00,541.0,310.2016348773842,303.06708914845694,-7.1345457289272645
1335,36410,2014-02-26 01:00:00,532.0,301.2016348773842,280.93938404777583,-20.262250829608377
1336,36411,2014-02-26 02:00:00,534.0,303.2016348773842,281.12765644566775,-22.073978431716455
1337,36412,2014-02-26 03:00:00,495.0,264.2016348773842,259.2398158788412,-4.961818998542981
1338,36413,2014-02-26 04:00:00,483.0,252.20163487738418,241.64626169932805,-10.55537317805613
1339,36414,2014-02-26 05:00:00,474.0,243.20163487738418,242.05036399529232,-1.1512708820918647
1340,36415,2014-02-26 06:00:00,478.0,247.20163487738418,245.3898114558795,-1.8118234215046698
1341,36416,2014-02-26 07:00:00,496.0,265.2016348773842,262.1454001806559,-3.0562346967283247
1342,36417,2014-02-26 08:00:00,519.0,288.2016348773842,276.175180643933,-12.026454233451204
1343,36418,2014-02-26 09:00:00,526.0,295.2016348773842,284.50311733085397,-10.69851754653024
1344,36419,2014-02-26 10:00:00,512.0,62.846153846153925,110.46916845187019,47.623014605716264
1345,36420,2014-02-26 11:00:00,557.0,107.84615384615392,150.23840357543253,42.3922497292786
1346,36421,2014-02-26 12:00:00,551.0,237.95833333333331,238.60120232347197,0.642868990138652
1347,36422,2014-02-26 13:00:00,562.0,248.95833333333331,240.8600734287773,-8.098259904556016
1348,36423,2014-02-26 14:00:00,542.0,507.52657004830917,476.20843268222563,-31.318137366083533
1349,36424,2014-02-26 15:00:00,502.0,188.95833333333331,230.15807396482512,41.19974063149181
1350,36425,2014-02-26 16:00:00,525.0,455.20454545454544,446.1822318113169,-9.022313643228529
1351,36426,2014-02-26 17:00:00,446.0,411.52657004830917,390.8663034231318,-20.66026662517737
1352,36427,2014-02-26 18:00:00,188.0,153.52657004830917,116.13814432366613,-37.38842572464304
1353,36428,2014-02-26 19:00:00,111.0,102.9,59.42703047621268,-43.47296952378733
1354,36429,2014-02-26 20:00:00,82.0,131.9,119.08443228895473,-12.815567711045276
1355,36430,2014-02-26 21:00:00,58.0,391.1538461538461,364.1836800826305,-26.9701660712156
1356,36431,2014-02-26 22:00:00,43.0,29.192307692307708,43.07501166842847,13.882703976120766
1357,36432,2014-02-26 23:00:00,27.0,45.19230769230771,51.692395196774555,6.500087504466848
1358,36433,2014-02-27 00:00:00,31.0,1.09090909090909,21.881491433499853,20.790582342590763
1359,36434,2014-02-27 01:00:00,15.0,198.9,83.38539953265243,-115.51460046734758
1360,36435,2014-02-27 02:00:00,17.0,29.22222222222222,9.723503003573889,-19.498719218648333
1361,36436,2014-02-27 03:00:00,17.0,6.670103092783503,5.693416029918843,-0.9766870628646593
1362,36437,2014-02-27 04:00:00,21.0,2.6701030927835028,0.3321458797329768,-2.337957213050526
1363,36438,2014-02-27 05:00:00,17.0,6.670103092783503,1.5606228261857282,-5.1094802665977745
1364,36439,2014-02-27 06:00:00,13.0,10.670103092783503,4.351636596965328,-6.318466495818175
1365,36440,2014-02-27 07:00:00,11.0,12.670103092783503,5.479052828436114,-7.191050264347389
1366,36441,2014-02-27 08:00:00,12.0,11.670103092783503,5.241855377096911,-6.428247715686592
1367,36442,2014-02-27 09:00:00,10.0,13.670103092783503,6.664752419978303,-7.0053506728052
1368,36443,2014-02-27 10:00:00,13.0,23.692307692307686,3.1930009599417026,-20.499306732365984
1369,36444,2014-02-27 11:00:00,13.0,23.692307692307686,3.736520368488012,-19.955787323819674
1370,36445,2014-02-27 12:00:00,8.0,49.846153846153854,37.93267334014275,-11.913480506011105
1371,36446,2014-02-27 13:00:00,12.0,30.700000000000003,30.995204178950402,0.2952041789503994
1372,36447,2014-02-27 14:00:00,12.0,30.700000000000003,27.455905043445114,-3.244094956554889
1373,36448,2014-02-27 15:00:00,14.0,43.846153846153854,31.27802560416773,-12.568128241986123
1374,36449,2014-02-27 16:00:00,17.0,25.700000000000003,29.530833106749363,3.8308331067493597
1375,36450,2014-02-27 17:00:00,18.0,23.132075471698116,16.161488854430644,-6.970586617267472
1376,36451,2014-02-27 18:00:00,17.0,25.700000000000003,27.29797876118083,1.5979787611808263
1377,36452,2014-02-27 19:00:00,19.0,39.98344370860928,41.997172026022064,2.0137283174127845
1378,36453,2014-02-27 20:00:00,31.0,26.846153846153854,20.93156615929537,-5.914587686858482
1379,36454,2014-02-27 21:00:00,45.0,80.34065934065936,46.645024408687405,-33.69563493197195
1380,36455,2014-02-27 22:00:00,42.0,67.69230769230771,97.54996753952565,29.857659847217946
1381,36456,2014-02-27 23:00:00,53.0,72.34065934065936,41.444606980270564,-30.896052360388794
1382,36457,2014-02-28 00:00:00,42.0,24.66666666666667,76.7528348850048,52.08616821833813
1383,36458,2014-02-28 01:00:00,34.0,35.400000000000006,43.23451501290184,7.834515012901832
1384,36459,2014-02-28 02:00:00,130.0,46.02564102564102,20.279526742758037,-25.746114282882985
1385,36460,2014-02-28 03:00:00,114.0,62.02564102564102,39.60051587069745,-22.425125154943572
1386,36461,2014-02-28 04:00:00,61.0,115.02564102564102,114.20907870564525,-0.8165623199957679
1387,36462,2014-02-28 05:00:00,48.0,128.02564102564102,135.6066568321579,7.581015806516888
1388,36463,2014-02-28 06:00:00,48.0,128.02564102564102,135.6066568321579,7.581015806516888
1389,36464,2014-02-28 07:00:00,54.0,98.29166666666666,85.18100206180344,-13.110664604863217
1390,36465,2014-02-28 08:00:00,57.0,119.02564102564102,97.80857456359266,-21.217066462048365
1391,36466,2014-02-28 09:00:00,63.0,51.875,77.06362557498494,25.18862557498494
1392,36467,2014-02-28 10:00:00,81.0,95.02564102564102,78.4770818120461,-16.548559213594928
1393,36468,2014-02-28 11:00:00,98.0,78.02564102564102,69.58385138907948,-8.441789636561538
1394,36469,2014-02-28 12:00:00,106.0,11.400000000000006,26.479411609962057,15.079411609962051
1395,36470,2014-02-28 13:00:00,97.0,104.57142857142856,33.13056390103338,-71.44086467039517
1396,36471,2014-02-28 14:00:00,108.0,93.57142857142856,23.60469572225722,-69.96673284917134
1397,36472,2014-02-28 15:00:00,103.0,30.65306122448979,1.5302636671171967,-29.122797557372593
1398,36473,2014-02-28 16:00:00,96.0,23.65306122448979,1.8360343557067154,-21.817026868783074
1399,36474,2014-02-28 17:00:00,84.0,11.65306122448979,34.21019507410378,22.55713384961399
1400,36475,2014-02-28 18:00:00,118.0,45.65306122448979,22.888958303247563,-22.764102921242227
1401,36476,2014-02-28 19:00:00,116.0,114.79836512261582,69.43555255389703,-45.362812568718795
1402,36477,2014-02-28 20:00:00,158.0,72.79836512261582,75.76436027285882,2.9659951502430033
1403,36478,2014-02-28 21:00:00,171.0,59.79836512261582,67.95478310518357,8.156417982567746
1404,36479,2014-02-28 22:00:00,179.0,51.79836512261582,54.523426704639746,2.725061582023926
1405,36480,2014-02-28 23:00:00,172.0,58.79836512261582,56.52071139724262,-2.2776537253731988
1406,36481,2014-03-01 00:00:00,168.0,13.869565217391312,62.490180969389044,48.62061575199773
1407,36482,2014-03-01 01:00:00,188.0,33.86956521739131,70.601410950119,36.73184573272769
1408,36483,2014-03-01 02:00:00,206.0,157.66666666666666,132.23931270339625,-25.427353963270406
1409,36484,2014-03-01 03:00:00,210.0,55.86956521739131,76.66984994960242,20.80028473221111
1410,36485,2014-03-01 04:00:00,180.0,25.86956521739131,32.659169782849915,6.789604565458603
1411,36486,2014-03-01 05:00:00,181.0,26.86956521739131,74.15226883393179,47.28270361654047
1412,36487,2014-03-01 06:00:00,149.0,5.130434782608688,48.165329341656005,43.034894559047316
1413,36488,2014-03-01 07:00:00,100.0,0.5679012345679126,4.812579926055207,4.2446786914872945
1414,36489,2014-03-01 08:00:00,83.0,53.0,21.909097515301745,-31.090902484698255
1415,36490,2014-03-01 09:00:00,45.0,15.0,28.34580584062674,13.345805840626738
1416,36491,2014-03-01 10:00:00,29.0,14.214285714285715,13.86550424404022,-0.3487814702454948
1417,36492,2014-03-01 11:00:00,15.0,3.8333333333333286,3.6768263693409864,-0.1565069639923422
1418,36493,2014-03-01 12:00:00,14.0,13.714285714285715,5.174390106929511,-8.539895607356204
1419,36494,2014-03-01 13:00:00,17.0,0.5405405405405403,2.1355409411286814,1.595000400588141
1420,36495,2014-03-01 14:00:00,12.0,4.45945945945946,8.084801302149348,3.6253418426898882
1421,36496,2014-03-01 15:00:00,10.0,9.727272727272727,8.46018477795089,-1.2670879493218372
1422,36497,2014-03-01 16:00:00,10.0,1.8000000000000007,8.473002705960273,6.673002705960272
1423,36498,2014-03-01 17:00:00,14.0,1.1333333333333329,5.229249895025319,4.095916561691986
1424,36499,2014-03-01 18:00:00,29.0,7.214285714285715,6.442471711830592,-0.7718140024551232
1425,36500,2014-03-01 19:00:00,51.0,8.18181818181818,19.83132038025693,11.64950219843875
1426,36501,2014-03-01 20:00:00,48.0,5.18181818181818,10.531562409826094,5.349744228007914
1427,36502,2014-03-01 21:00:00,74.0,1.2666666666666657,0.32075133641662035,-0.9459153302500454
1428,36503,2014-03-01 22:00:00,93.0,20.266666666666666,24.306456160238298,4.039789493571632
1429,36504,2014-03-01 23:00:00,112.0,39.266666666666666,41.95296985781428,2.6863031911476156
1430,36505,2014-03-02 00:00:00,125.0,24.0,31.169294710969282,7.169294710969282
1431,36506,2014-03-02 01:00:00,133.0,42.333333333333314,38.30023892476116,-4.033094408572154
1432,36507,2014-03-02 02:00:00,150.0,59.333333333333314,56.069299892514834,-3.26403344081848
1433,36508,2014-03-02 03:00:00,124.0,30.13043478260869,1.2076699486426037,-28.922764833966085
1434,36509,2014-03-02 04:00:00,135.0,19.13043478260869,9.274535501246305,-9.855899281362383
1435,36510,2014-03-02 05:00:00,143.0,11.130434782608688,25.2275524137669,14.097117631158213
1436,36511,2014-03-02 06:00:00,139.0,15.130434782608688,21.32450446000614,6.194069677397451
1437,36512,2014-03-02 07:00:00,128.0,26.13043478260869,9.214968835256457,-16.91546594735223
1438,36513,2014-03-02 08:00:00,134.0,33.43209876543209,24.848415578701037,-8.58368318673105
1439,36514,2014-03-02 09:00:00,146.0,30.764705882352942,58.4677323586608,27.703026476307855
1440,36515,2014-03-02 10:00:00,154.0,105.66666666666666,65.2890778897411,-40.37758877692556
1441,36516,2014-03-02 11:00:00,157.0,84.65306122448979,80.6267137825927,-4.026347441897087
1442,36517,2014-03-02 12:00:00,174.0,101.65306122448979,93.07507560426649,-8.577985620223302
1443,36518,2014-03-02 13:00:00,158.0,110.0576923076923,93.68313793688843,-16.374554370803878
1444,36519,2014-03-02 14:00:00,151.0,69.8263888888889,93.2172319075634,23.390843018674502
1445,36520,2014-03-02 15:00:00,141.0,59.8263888888889,83.32751661467982,23.501127725790923
1446,36521,2014-03-02 16:00:00,137.0,115.21052631578947,90.28570578290552,-24.924820532883942
1447,36522,2014-03-02 17:00:00,144.0,62.8263888888889,84.07702390711262,21.25063501822372
1448,36523,2014-03-02 18:00:00,144.0,96.0576923076923,72.51733402959755,-23.540358278094757
1449,36524,2014-03-02 19:00:00,159.0,54.48780487804878,75.2840669367063,20.79626205865752
1450,36525,2014-03-02 20:00:00,166.0,61.48780487804878,72.54969161107172,11.061886733022945
1451,36526,2014-03-02 21:00:00,183.0,59.0,68.22117215031702,9.221172150317017
1452,36527,2014-03-02 22:00:00,228.0,127.43209876543209,114.63567323132885,-12.796425534103236
1453,36528,2014-03-02 23:00:00,257.0,87.01923076923075,126.40601585344871,39.38678508421796
1454,36529,2014-03-03 00:00:00,306.0,136.01923076923075,177.12044197617632,41.10121120694558
1455,36530,2014-03-03 01:00:00,222.0,121.43209876543209,104.94134768303567,-16.490751082396415
1456,36531,2014-03-03 02:00:00,193.0,38.86956521739131,61.45212157656022,22.582556359168905
1457,36532,2014-03-03 03:00:00,188.0,51.30232558139534,50.58505493447288,-0.7172706469224579
1458,36533,2014-03-03 04:00:00,182.0,27.86956521739131,53.958706350524494,26.089141133133182
1459,36534,2014-03-03 05:00:00,184.0,29.86956521739131,31.44788987403348,1.5783246566421667
1460,36535,2014-03-03 06:00:00,209.0,54.86956521739131,58.17234872608876,3.302783508697445
1461,36536,2014-03-03 07:00:00,225.0,70.86956521739131,52.45759970505301,-18.4119655123383
1462,36537,2014-03-03 08:00:00,238.0,83.86956521739131,102.81741672609266,18.947851508701348
1463,36538,2014-03-03 09:00:00,246.0,109.30232558139534,104.9975194356997,-4.304806145695636
1464,36539,2014-03-03 10:00:00,269.0,99.01923076923075,112.51186567938214,13.492634910151395
1465,36540,2014-03-03 11:00:00,284.0,183.4320987654321,166.31983258533342,-17.112266180098686
1466,36541,2014-03-03 12:00:00,260.0,159.4320987654321,142.81669461207684,-16.615404153355257
1467,36542,2014-03-03 13:00:00,295.0,194.4320987654321,182.87998603651266,-11.55211272891944
1468,36543,2014-03-03 14:00:00,322.0,221.4320987654321,213.7041278107482,-7.7279709546839115
1469,36544,2014-03-03 15:00:00,308.0,204.53846153846152,216.53310646188004,11.99464492341852
1470,36545,2014-03-03 16:00:00,271.0,167.53846153846152,180.83698687950164,13.298525341040119
1471,36546,2014-03-03 17:00:00,240.0,136.53846153846152,145.25323156636654,8.714770027905018
1472,36547,2014-03-03 18:00:00,230.0,129.4320987654321,113.41126967592136,-16.02082908951074
1473,36548,2014-03-03 19:00:00,237.0,136.4320987654321,124.36996254613634,-12.062136219295766
1474,36549,2014-03-03 20:00:00,242.0,141.4320987654321,129.34297717388262,-12.089121591549485
1475,36550,2014-03-03 21:00:00,241.0,140.4320987654321,142.36350011523524,1.9314013498031386
1476,36551,2014-03-03 22:00:00,238.0,137.4320987654321,136.45519977126162,-0.9768989941704831
1477,36552,2014-03-03 23:00:00,255.0,154.0,166.12895673766513,12.128956737665135
1478,36553,2014-03-04 00:00:00,266.0,165.0,184.9192067039956,19.9192067039956
1479,36554,2014-03-04 01:00:00,255.0,209.69230769230768,176.71597308971593,-32.97633460259175
1480,36555,2014-03-04 02:00:00,232.0,186.69230769230768,158.51456650173384,-28.17774119057384
1481,36556,2014-03-04 03:00:00,226.0,180.69230769230768,151.11203752091075,-29.580270171396933
1482,36557,2014-03-04 04:00:00,215.0,169.69230769230768,136.36307317736598,-33.3292345149417
1483,36558,2014-03-04 05:00:00,75.0,79.13043478260869,35.92093543107772,-43.209499351530965
1484,36559,2014-03-04 06:00:00,3.0,45.33333333333334,66.12002574021844,20.786692406885095
1485,36560,2014-03-04 07:00:00,4.0,26.0,33.527856308266,7.527856308266003
1486,36561,2014-03-04 08:00:00,7.0,37.45652173913044,31.062468752508714,-6.394052986621723
1487,36562,2014-03-04 09:00:00,6.0,15.272727272727273,10.377650725606543,-4.8950765471207305
1488,36563,2014-03-04 10:00:00,14.0,0.7857142857142847,3.585611912804712,2.799897627090427
1489,36564,2014-03-04 11:00:00,13.0,1.7857142857142847,5.191090458193354,3.4053761724790697
1490,36565,2014-03-04 12:00:00,8.0,10.833333333333329,13.643360255755528,2.8100269224221996
1491,36566,2014-03-04 13:00:00,11.0,16.714285714285715,7.419548474668254,-9.294737239617461
1492,36567,2014-03-04 14:00:00,13.0,14.714285714285715,5.022461713590623,-9.691824000695092
1493,36568,2014-03-04 15:00:00,11.0,16.714285714285715,7.075965003064308,-9.638320711221407
1494,36569,2014-03-04 16:00:00,7.0,20.714285714285715,11.551023316647193,-9.163262397638523
1495,36570,2014-03-04 17:00:00,8.0,19.714285714285715,10.485254725622479,-9.229030988663236
1496,36571,2014-03-04 18:00:00,11.0,4.891566265060241,7.452813959625711,2.56124769456547
1497,36572,2014-03-04 19:00:00,12.0,3.8915662650602414,11.205554004655443,7.313987739595202
1498,36573,2014-03-04 20:00:00,13.0,2.8915662650602414,6.7855580605200885,3.893991795459847
1499,36574,2014-03-04 21:00:00,9.0,6.891566265060241,8.494831600590263,1.603265335530022
1500,36575,2014-03-04 22:00:00,9.0,6.891566265060241,7.594711433404413,0.7031451683441716
1501,36576,2014-03-04 23:00:00,7.0,8.891566265060241,9.27005436719676,0.37848810213651873
1502,36577,2014-03-05 00:00:00,14.0,1.8915662650602414,2.2891972788746173,0.39763101381437593
1503,36578,2014-03-05 01:00:00,10.0,5.891566265060241,6.190122267807293,0.29855600274705196
1504,36579,2014-03-05 02:00:00,9.0,6.891566265060241,7.078042637936143,0.18647637287590157
1505,36580,2014-03-05 03:00:00,18.0,2.1084337349397586,1.8427976642000132,-0.2656360707397454
1506,36581,2014-03-05 04:00:00,14.0,24.315789473684212,59.28516104952247,34.96937157583826
1507,36582,2014-03-05 05:00:00,12.0,14.857142857142854,54.16851872589672,39.31137586875386
1508,36583,2014-03-05 06:00:00,26.0,136.42857142857142,114.60253052432785,-21.82604090424357
1509,36584,2014-03-05 07:00:00,30.0,3.142857142857146,25.41474740208563,22.271890259228485
1510,36585,2014-03-05 08:00:00,35.0,8.142857142857146,9.988636145686634,1.845779002829488
1511,36586,2014-03-05 09:00:00,27.0,11.545454545454545,2.8805072550687605,-8.664947290385784
1512,36587,2014-03-05 10:00:00,13.0,2.454545454545455,8.674541116941587,6.219995662396132
1513,36588,2014-03-05 11:00:00,18.0,8.583333333333329,12.323701022468477,3.740367689135148
1514,36589,2014-03-05 12:00:00,27.0,15.81818181818182,5.317612034987867,-10.500569783193953
1515,36590,2014-03-05 13:00:00,23.0,19.81818181818182,14.597346483923715,-5.220835334258105
1516,36591,2014-03-05 14:00:00,25.0,47.733333333333334,17.26065450161458,-30.472678831718753
1517,36592,2014-03-05 15:00:00,27.0,45.733333333333334,19.725071981454327,-26.008261351879007
1518,36593,2014-03-05 16:00:00,26.0,46.733333333333334,20.619135264662333,-26.114198068671
1519,36594,2014-03-05 17:00:00,32.0,40.733333333333334,13.924939560439554,-26.80839377289378
1520,36595,2014-03-05 18:00:00,39.0,33.733333333333334,6.385410692509403,-27.34792264082393
1521,36596,2014-03-05 19:00:00,49.0,23.733333333333334,1.7225348203110968,-22.010798513022237
1522,36597,2014-03-05 20:00:00,48.0,24.733333333333334,13.642882340655575,-11.09045099267776
1523,36598,2014-03-05 21:00:00,49.0,33.54545454545455,29.31173754849182,-4.233716996962727
1524,36599,2014-03-05 22:00:00,16.0,0.545454545454545,7.384560867506252,6.839106322051707
1525,36600,2014-03-05 23:00:00,12.0,0.8181818181818183,8.557433294356784,7.739251476174966
1526,36601,2014-03-06 00:00:00,12.0,0.8181818181818183,5.954603892660106,5.136422074478288
1527,36602,2014-03-06 01:00:00,11.0,0.3000000000000007,6.293769848631403,5.993769848631402
1528,36603,2014-03-06 02:00:00,8.0,8.2,11.902234806879548,3.7022348068795488
1529,36604,2014-03-06 03:00:00,11.0,5.199999999999999,9.085853803135517,3.885853803135518
1530,36605,2014-03-06 04:00:00,9.0,9.833333333333329,8.955717662233948,-0.877615671099381
1531,36606,2014-03-06 05:00:00,9.0,29.315789473684212,27.245572147055775,-2.0702173266284376
1532,36607,2014-03-06 06:00:00,12.0,26.315789473684212,27.88021959032624,1.5644301166420291
1533,36608,2014-03-06 07:00:00,16.0,22.315789473684212,17.338428570387357,-4.977360903296855
1534,36609,2014-03-06 08:00:00,14.0,14.764705882352942,2.749518640365192,-12.01518724198775
1535,36610,2014-03-06 09:00:00,23.0,5.764705882352942,5.696875232164302,-0.06783065018863965
1536,36611,2014-03-06 10:00:00,16.0,12.764705882352942,0.4455545426094911,-12.319151339743451
1537,36612,2014-03-06 11:00:00,10.0,9.727272727272727,11.897882266425,2.1706095391522737
1538,36613,2014-03-06 12:00:00,13.0,2.454545454545455,3.09492384472917,0.6403783901837148
1539,36614,2014-03-06 13:00:00,15.0,0.45454545454545503,3.7271017793013286,3.2725563247558735
1540,36615,2014-03-06 14:00:00,12.0,3.454545454545455,5.76954943290999,2.315003978364535
1541,36616,2014-03-06 15:00:00,11.0,4.454545454545455,6.990773368556546,2.536227914011091
1542,36617,2014-03-06 16:00:00,12.0,2.7857142857142847,5.747726495829479,2.962012210115194
1543,36618,2014-03-06 17:00:00,12.0,2.7857142857142847,5.170734964669588,2.3850206789553035
1544,36619,2014-03-06 18:00:00,17.0,2.2142857142857153,1.4173839099634797,-0.7969018043222356
1545,36620,2014-03-06 19:00:00,27.0,0.4166666666666714,1.3581916020848261,0.9415249354181547
1546,36621,2014-03-06 20:00:00,29.0,13.81818181818182,5.204369576183254,-8.613812241998566
1547,36622,2014-03-06 21:00:00,41.0,31.733333333333334,12.841951023498886,-18.891382309834448
1548,36623,2014-03-06 22:00:00,41.0,1.0555555555555642,8.24477260501277,7.189217049457206
1549,36624,2014-03-06 23:00:00,53.0,11.400000000000006,9.240162458061114,-2.1598375419388915
1550,36625,2014-03-07 00:00:00,67.0,2.5999999999999943,0.33216198266870833,-2.267838017331286
1551,36626,2014-03-07 01:00:00,70.0,6.6875,2.113683584086587,-4.573816415913413
1552,36627,2014-03-07 02:00:00,84.0,11.416666666666671,18.4957600230246,7.07909335635793
1553,36628,2014-03-07 03:00:00,91.0,30.6,27.636778544603345,-2.9632214553966563
1554,36629,2014-03-07 04:00:00,99.0,38.6,40.85477601336347,2.2547760133634682
1555,36630,2014-03-07 05:00:00,97.0,10.333333333333314,21.966804489228025,11.63347115589471
1556,36631,2014-03-07 06:00:00,100.0,39.6,23.8077959070377,-15.7922040929623
1557,36632,2014-03-07 07:00:00,97.0,4.285714285714278,1.0026762619363012,-3.2830380237779764
1558,36633,2014-03-07 08:00:00,86.0,18.5,10.0873956930036,-8.4126043069964
1559,36634,2014-03-07 09:00:00,92.0,1.4666666666666828,56.755060556474035,55.28839388980735
1560,36635,2014-03-07 10:00:00,64.0,48.54545454545455,46.8964134701192,-1.6490410753353473
1561,36636,2014-03-07 11:00:00,40.0,24.545454545454547,22.527073834076948,-2.018380711377599
1562,36637,2014-03-07 12:00:00,26.0,10.545454545454545,9.138577725736539,-1.406876819718006
1563,36638,2014-03-07 13:00:00,21.0,5.545454545454545,3.1728915488771356,-2.3725629965774093
1564,36639,2014-03-07 14:00:00,14.0,1.454545454545455,3.9823735382378374,2.5278280836923823
1565,36640,2014-03-07 15:00:00,17.0,9.583333333333329,11.083761136342577,1.5004278030092486
1566,36641,2014-03-07 16:00:00,20.0,6.583333333333329,3.763263828795594,-2.8200695045377344
1567,36642,2014-03-07 17:00:00,31.0,11.81818181818182,4.571948178628869,-7.246233639552951
1568,36643,2014-03-07 18:00:00,40.0,2.81818181818182,8.22531737238506,5.40713555420324
1569,36644,2014-03-07 19:00:00,38.0,4.81818181818182,4.254197048712335,-0.5639847694694851
1570,36645,2014-03-07 20:00:00,41.0,31.733333333333334,3.903677695735105,-27.82965563759823
1571,36646,2014-03-07 21:00:00,51.0,31.272727272727273,26.536017534714283,-4.736709738012991
1572,36647,2014-03-07 22:00:00,69.0,42.41666666666667,40.28597841380216,-2.130688252864509
1573,36648,2014-03-07 23:00:00,77.0,50.41666666666667,38.73522618556781,-11.68144048109886
1574,36649,2014-03-08 00:00:00,111.0,55.71428571428571,57.06675673968318,1.3524710253974703
1575,36650,2014-03-08 01:00:00,144.0,88.71428571428571,79.36305398555508,-9.351231728730625
1576,36651,2014-03-08 02:00:00,133.0,78.93333333333334,81.09417581815192,2.1608424848185876
1577,36652,2014-03-08 03:00:00,110.0,49.4,53.617413813254025,4.217413813254026
1578,36653,2014-03-08 04:00:00,143.0,82.4,46.471221212713274,-35.92877878728673
1579,36654,2014-03-08 05:00:00,136.0,35.43209876543209,50.54042054059346,15.108321775161372
1580,36655,2014-03-08 06:00:00,141.0,40.43209876543209,53.669321672033476,13.237222906601389
1581,36656,2014-03-08 07:00:00,160.0,23.302325581395337,73.26912514784998,49.96679956645464
1582,36657,2014-03-08 08:00:00,159.0,10.980769230769255,27.70976278762396,16.728993556854704
1583,36658,2014-03-08 09:00:00,167.0,2.980769230769255,45.311725370052685,42.33095613928343
1584,36659,2014-03-08 10:00:00,188.0,18.019230769230745,30.65422629906982,12.634995529839074
1585,36660,2014-03-08 11:00:00,196.0,72.0,70.36367775519402,-1.6363222448059815
1586,36661,2014-03-08 12:00:00,205.0,81.0,86.5894496154513,5.589449615451301
1587,36662,2014-03-08 13:00:00,201.0,76.08333333333331,96.1522549830312,20.068921649697884
1588,36663,2014-03-08 14:00:00,201.0,76.08333333333331,98.77746047985836,22.694127146525048
1589,36664,2014-03-08 15:00:00,202.0,120.8263888888889,109.80172878977473,-11.024660099114172
1590,36665,2014-03-08 16:00:00,201.0,119.8263888888889,109.6314853361307,-10.194903552758205
1591,36666,2014-03-08 17:00:00,187.0,105.8263888888889,95.23121459760056,-10.595174291288345
1592,36667,2014-03-08 18:00:00,187.0,82.48780487804878,94.40899470685585,11.921189828807073
1593,36668,2014-03-08 19:00:00,199.0,74.08333333333331,84.68532069044574,10.60198735711242
1594,36669,2014-03-08 20:00:00,206.0,124.56756756756756,128.4793656526807,3.9117980851131477
1595,36670,2014-03-08 21:00:00,213.0,112.43209876543209,113.7955239604899,1.3634251950578147
1596,36671,2014-03-08 22:00:00,187.0,86.43209876543209,82.05164905360174,-4.380449711830352
1597,36672,2014-03-08 23:00:00,218.0,117.43209876543209,108.10910195850713,-9.322996806924962
1598,36673,2014-03-09 00:00:00,134.0,52.567567567567565,53.27400612301288,0.7064385554453168
1599,36674,2014-03-09 01:00:00,131.0,55.849999999999994,53.591956506204994,-2.2580434937950002
1600,36675,2014-03-09 02:00:00,154.0,78.85,70.83697969286597,-8.013020307134028
1601,36676,2014-03-09 03:00:00,112.0,36.849999999999994,34.40637744225758,-2.4436225577424153
1602,36677,2014-03-09 04:00:00,55.0,20.150000000000006,31.467047919719576,11.31704791971957
1603,36678,2014-03-09 05:00:00,172.0,111.4,84.97980959858353,-26.420190401416477
1604,36679,2014-03-09 06:00:00,143.0,82.4,69.71226877236326,-12.687731227636746
1605,36680,2014-03-09 07:00:00,122.0,46.849999999999994,38.50623762489191,-8.343762375108085
1606,36681,2014-03-09 08:00:00,114.0,56.529411764705884,36.90958868216423,-19.619823082541657
1607,36682,2014-03-09 09:00:00,100.0,24.849999999999994,43.22746918421551,18.377469184215514
1608,36683,2014-03-09 10:00:00,119.0,58.4,59.63922491996283,1.2392249199628296
1609,36684,2014-03-09 11:00:00,130.0,57.65306122448979,68.74231479380047,11.089253569310685
1610,36685,2014-03-09 12:00:00,145.0,72.65306122448979,66.82642932633392,-5.826631898155867
1611,36686,2014-03-09 13:00:00,149.0,101.0576923076923,88.24763924143176,-12.81005306626055
1612,36687,2014-03-09 14:00:00,163.0,81.8263888888889,100.11704854485677,18.290659655967872
1613,36688,2014-03-09 15:00:00,147.0,65.8263888888889,90.81825838192786,24.991869493038962
1614,36689,2014-03-09 16:00:00,133.0,51.8263888888889,77.84305899099472,26.01667010210582
1615,36690,2014-03-09 17:00:00,126.0,92.16666666666666,73.82977564733564,-18.33689101933102
1616,36691,2014-03-09 18:00:00,124.0,76.0576923076923,64.09533171862157,-11.962360589070741
1617,36692,2014-03-09 19:00:00,122.0,74.0576923076923,60.28429076991841,-13.7734015377739
1618,36693,2014-03-09 20:00:00,91.0,18.266666666666666,24.235412810318977,5.968746143652311
1619,36694,2014-03-09 21:00:00,98.0,48.5,25.040435611335667,-23.459564388664333
1620,36695,2014-03-09 22:00:00,91.0,17.0,4.906066361887611,-12.09393363811239
1621,36696,2014-03-09 23:00:00,78.0,30.0,1.1694779632980925,-28.830522036701907
1622,36697,2014-03-10 00:00:00,55.0,53.0,24.29115874231144,-28.70884125768856
1623,36698,2014-03-10 01:00:00,40.0,23.3125,40.08697547498663,16.77447547498663
1624,36699,2014-03-10 02:00:00,36.0,27.3125,45.38521047939619,18.072710479396193
1625,36700,2014-03-10 03:00:00,48.0,15.3125,40.441369525893634,25.128869525893634
1626,36701,2014-03-10 04:00:00,54.0,21.150000000000006,28.76078668985309,7.610786689853086
1627,36702,2014-03-10 05:00:00,63.0,2.6000000000000014,7.962629118984594,5.362629118984593
1628,36703,2014-03-10 06:00:00,78.0,2.8499999999999943,0.12096358668139828,-2.729036413318596
1629,36704,2014-03-10 07:00:00,74.0,16.529411764705884,5.715631660248576,-10.813780104457308
1630,36705,2014-03-10 08:00:00,76.0,18.529411764705884,10.56857092164229,-7.960840843063593
1631,36706,2014-03-10 09:00:00,81.0,20.4,1.792525327403311,-18.607474672596688
1632,36707,2014-03-10 10:00:00,86.0,8.23076923076924,7.646484784526578,-0.5842844462426626
1633,36708,2014-03-10 11:00:00,89.0,11.567901234567913,25.93863470520637,14.370733470638456
1634,36709,2014-03-10 12:00:00,96.0,28.916666666666686,15.291940635149516,-13.62472603151717
1635,36710,2014-03-10 13:00:00,99.0,25.916666666666686,3.4231542733040072,-22.49351239336268
1636,36711,2014-03-10 14:00:00,102.0,2.5121951219512226,6.611753055813594,4.099557933862371
1637,36712,2014-03-10 15:00:00,111.0,6.487804878048777,16.190155587826695,9.702350709777917
1638,36713,2014-03-10 16:00:00,121.0,16.487804878048777,26.45201708739245,9.964212209343671
1639,36714,2014-03-10 17:00:00,122.0,43.58620689655173,20.119196440680767,-23.467010455870962
1640,36715,2014-03-10 18:00:00,135.0,56.58620689655173,32.1406817882972,-24.44552510825453
1641,36716,2014-03-10 19:00:00,145.0,66.58620689655173,37.19461568963794,-29.391591206913787
1642,36717,2014-03-10 20:00:00,159.0,52.60174418604649,22.16414962026002,-30.43759456578647
1643,36718,2014-03-10 21:00:00,183.0,82.43209876543209,59.077268297004565,-23.354830468427522
1644,36719,2014-03-10 22:00:00,187.0,86.43209876543209,73.63509962740257,-12.79699913802952
1645,36720,2014-03-10 23:00:00,195.0,94.43209876543209,71.86662246090627,-22.565476304525816
1646,36721,2014-03-11 00:00:00,224.0,123.43209876543209,105.14884417860844,-18.283254586823645
1647,36722,2014-03-11 01:00:00,259.0,89.01923076923075,115.05506785172932,26.035837082498574
1648,36723,2014-03-11 02:00:00,260.0,159.4320987654321,147.35993878934426,-12.072159976087846
1649,36724,2014-03-11 03:00:00,257.0,156.4320987654321,144.7157560235346,-11.716342741897506
1650,36725,2014-03-11 04:00:00,267.0,130.30232558139534,126.37353420643186,-3.928791374963481
1651,36726,2014-03-11 05:00:00,260.0,105.86956521739131,118.9115360736254,13.041970856234087
1652,36727,2014-03-11 06:00:00,259.0,122.30232558139534,119.05088209837714,-3.2514434830181926
1653,36728,2014-03-11 07:00:00,270.0,115.86956521739131,124.04964063816325,8.180075420771942
1654,36729,2014-03-11 08:00:00,234.0,133.4320987654321,128.0185041227715,-5.413594642660598
1655,36730,2014-03-11 09:00:00,245.0,83.68421052631578,106.22785054202438,22.543640015708604
1656,36731,2014-03-11 10:00:00,269.0,107.68421052631578,0.3884500055262379,-107.29576052078954
1657,36732,2014-03-11 11:00:00,303.0,90.7857142857143,103.8467991820271,13.061084896312792
1658,36733,2014-03-11 12:00:00,272.0,190.8263888888889,156.0394552615432,-34.78693362734572
1659,36734,2014-03-11 13:00:00,234.0,152.8263888888889,114.81913847733914,-38.00725041154978
1660,36735,2014-03-11 14:00:00,214.0,132.8263888888889,92.22528700477189,-40.60110188411703
1661,36736,2014-03-11 15:00:00,225.0,143.8263888888889,105.89371311963585,-37.932675769253066
1662,36737,2014-03-11 16:00:00,220.0,58.68421052631578,83.68370193502079,24.999491408705012
1663,36738,2014-03-11 17:00:00,209.0,127.8263888888889,94.03789133468919,-33.78849755419971
1664,36739,2014-03-11 18:00:00,202.0,120.8263888888889,107.37734012582727,-13.449048763061626
1665,36740,2014-03-11 19:00:00,168.0,108.17647058823529,117.72560565193587,9.549135063700575
1666,36741,2014-03-11 20:00:00,13.0,39.235294117647065,40.34019325768792,1.1048991400408568
1667,36742,2014-03-11 21:00:00,18.0,63.1736111111111,46.645250857367216,-16.528360253743884
1668,36743,2014-03-11 22:00:00,18.0,54.34693877551021,51.42334907748469,-2.9235896980255234
1669,36744,2014-03-11 23:00:00,13.0,67.5,35.243469693991976,-32.256530306008024
1670,36745,2014-03-12 00:00:00,10.0,25.0,33.278294029701,8.278294029701001
1671,36746,2014-03-12 01:00:00,11.0,36.94230769230769,43.4067459408434,6.464438248535707
1672,36747,2014-03-12 02:00:00,14.0,33.94230769230769,40.1414112990999,6.199103606792207
1673,36748,2014-03-12 03:00:00,13.0,67.5,57.25758984069239,-10.24241015930761
1674,36749,2014-03-12 04:00:00,10.0,70.5,51.24679586016312,-19.253204139836882
1675,36750,2014-03-12 05:00:00,10.0,25.0,21.79727189123108,-3.2027281087689197
1676,36751,2014-03-12 06:00:00,10.0,20.5,17.32438542302314,-3.1756145769768587
1677,36752,2014-03-12 07:00:00,11.0,0.3000000000000007,5.125876390020181,4.825876390020181
1678,36753,2014-03-12 08:00:00,11.0,0.3000000000000007,5.05975606295884,4.759756062958839
1679,36754,2014-03-12 09:00:00,11.0,7.833333333333329,9.008017745003272,1.1746844116699435
1680,36755,2014-03-12 10:00:00,12.0,3.454545454545455,7.214084149138571,3.7595386945931164
1681,36756,2014-03-12 11:00:00,13.0,2.454545454545455,6.709435774154784,4.254890319609329
1682,36757,2014-03-12 12:00:00,11.0,0.8000000000000007,6.376505871832936,5.576505871832936
1683,36758,2014-03-12 13:00:00,10.0,1.8000000000000007,8.11769554852641,6.317695548526409
1684,36759,2014-03-12 14:00:00,9.0,10.727272727272727,9.587556135958891,-1.1397165913138352
1685,36760,2014-03-12 15:00:00,13.0,1.1999999999999993,4.839040142668448,3.639040142668449
1686,36761,2014-03-12 16:00:00,13.0,1.1999999999999993,4.145051498481454,2.9450514984814546
1687,36762,2014-03-12 17:00:00,13.0,6.727272727272727,5.222482868760515,-1.5047898585122113
1688,36763,2014-03-12 18:00:00,15.0,11.583333333333329,10.009204961577808,-1.5741283717555206
1689,36764,2014-03-12 19:00:00,20.0,6.583333333333329,7.565289318414642,0.9819559850813135
1690,36765,2014-03-12 20:00:00,41.0,14.416666666666671,13.376857564413491,-1.0398091022531801
1691,36766,2014-03-12 21:00:00,35.0,13.727272727272727,4.4341470479597085,-9.293125679313018
1692,36767,2014-03-12 22:00:00,52.0,32.27272727272727,16.26220100309618,-16.010526269631093
1693,36768,2014-03-12 23:00:00,66.0,50.54545454545455,42.41726666409136,-8.12818788136319
1694,36769,2014-03-13 00:00:00,36.0,20.545454545454547,13.341439714644036,-7.204014830810511
1695,36770,2014-03-13 01:00:00,18.0,2.545454545454545,5.15927098672784,2.613816441273295
1696,36771,2014-03-13 02:00:00,20.0,18.315789473684212,3.6565010133211295,-14.659288460363083
1697,36772,2014-03-13 03:00:00,20.0,18.315789473684212,2.7434233561782975,-15.572366117505915
1698,36773,2014-03-13 04:00:00,14.0,24.315789473684212,28.681945489307097,4.3661560156228845
1699,36774,2014-03-13 05:00:00,15.0,11.857142857142854,24.23755196500815,12.380409107865297
1700,36775,2014-03-13 06:00:00,18.0,20.315789473684212,27.570930642791474,7.255141169107262
1701,36776,2014-03-13 07:00:00,21.0,5.857142857142854,19.482246752782423,13.625103895639569
1702,36777,2014-03-13 08:00:00,32.0,12.272727272727273,2.4395491029369225,-9.83317816979035
1703,36778,2014-03-13 09:00:00,21.0,5.545454545454545,2.8843639072154694,-2.6610906382390755
1704,36779,2014-03-13 10:00:00,19.0,0.7272727272727266,2.6182012794396776,1.890928552166951
1705,36780,2014-03-13 11:00:00,12.0,0.1999999999999993,6.710028771740927,6.510028771740927
1706,36781,2014-03-13 12:00:00,15.0,4.727272727272727,4.196063782279893,-0.5312089449928337
1707,36782,2014-03-13 13:00:00,16.0,4.199999999999999,2.4936313998478283,-1.706368600152171
1708,36783,2014-03-13 14:00:00,14.0,7.785714285714285,10.583030062591924,2.797315776877639
1709,36784,2014-03-13 15:00:00,18.0,3.7857142857142847,14.847283396380199,11.061569110665914
1710,36785,2014-03-13 16:00:00,20.0,38.47368421052632,25.703416465013106,-12.770267745513216
1711,36786,2014-03-13 17:00:00,19.0,39.47368421052632,32.29966393973242,-7.174020270793903
1712,36787,2014-03-13 18:00:00,28.0,30.473684210526322,22.286215056360206,-8.187469154166116
1713,36788,2014-03-13 19:00:00,32.0,26.473684210526322,21.48998734461547,-4.983696865910851
1714,36789,2014-03-13 20:00:00,40.0,18.473684210526322,21.63773788927778,3.1640536787514577
1715,36790,2014-03-13 21:00:00,39.0,14.357142857142854,15.925249146359032,1.5681062892161783
1716,36791,2014-03-13 22:00:00,22.0,2.642857142857146,2.5020279063501007,-0.14082923650704515
1717,36792,2014-03-13 23:00:00,37.0,21.866666666666667,17.89072995222387,-3.9759367144427955
1718,36793,2014-03-14 00:00:00,24.0,8.866666666666667,5.558353439002573,-3.308313227664094
1719,36794,2014-03-14 01:00:00,19.0,3.866666666666667,2.057756748534949,-1.808909918131718
1720,36795,2014-03-14 02:00:00,11.0,4.133333333333333,15.566922729496351,11.433589396163018
1721,36796,2014-03-14 03:00:00,13.0,8.137168141592923,9.286023063942643,1.1488549223497202
1722,36797,2014-03-14 04:00:00,11.0,10.137168141592923,11.251002704388881,1.113834562795958
1723,36798,2014-03-14 05:00:00,10.0,11.137168141592923,12.21197598158792,1.074807839994996
1724,36799,2014-03-14 06:00:00,7.0,14.137168141592923,14.760767783449154,0.6235996418562308
1725,36800,2014-03-14 07:00:00,12.0,9.137168141592923,9.567474623709312,0.43030648211638933
1726,36801,2014-03-14 08:00:00,15.0,1.4594594594594597,4.40770596884979,2.94824650939033
1727,36802,2014-03-14 09:00:00,12.0,4.45945945945946,7.34804142201882,2.8885819625593605
1728,36803,2014-03-14 10:00:00,16.0,0.45945945945945965,3.3262641461761326,2.866804686716673
1729,36804,2014-03-14 11:00:00,7.0,9.45945945945946,14.269618750809567,4.810159291350107
1730,36805,2014-03-14 12:00:00,12.0,0.1999999999999993,5.809210848985973,5.609210848985974
1731,36806,2014-03-14 13:00:00,19.0,7.199999999999999,0.30544689945170234,-6.894553100548297
1732,36807,2014-03-14 14:00:00,22.0,0.2142857142857153,0.6680918668840512,0.4538061525983359
1733,36808,2014-03-14 15:00:00,22.0,0.2142857142857153,13.27337281821962,13.059087103933905
1734,36809,2014-03-14 16:00:00,16.0,42.47368421052632,33.1737656713623,-9.299918539164025
1735,36810,2014-03-14 17:00:00,20.0,38.47368421052632,36.521799207816066,-1.951885002710256
1736,36811,2014-03-14 18:00:00,30.0,28.473684210526322,25.154307726847613,-3.3193764836787096
1737,36812,2014-03-14 19:00:00,32.0,26.473684210526322,26.607975079103205,0.13429086857688333
1738,36813,2014-03-14 20:00:00,38.0,20.473684210526322,22.351774565564455,1.8780903550381325
1739,36814,2014-03-14 21:00:00,52.0,6.473684210526322,8.92998665223665,2.456302441710328
1740,36815,2014-03-14 22:00:00,63.0,4.526315789473678,2.64992763909364,-1.8763881503800377
1741,36816,2014-03-14 23:00:00,66.0,7.526315789473678,2.628645903744385,-4.897669885729293
1742,36817,2014-03-15 00:00:00,72.0,3.07692307692308,12.659101815717719,9.582178738794639
1743,36818,2014-03-15 01:00:00,63.0,115.75,49.78391183285463,-65.96608816714537
1744,36819,2014-03-15 02:00:00,69.0,25.941176470588225,57.85303493736281,31.911858466774582
1745,36820,2014-03-15 03:00:00,78.0,34.941176470588225,60.299504679823656,25.35832820923543
1746,36821,2014-03-15 04:00:00,85.0,41.941176470588225,32.71708099425379,-9.224095476334433
1747,36822,2014-03-15 05:00:00,82.0,29.1,82.08588987796273,52.98588987796273
1748,36823,2014-03-15 06:00:00,87.0,34.1,55.1582107226337,21.058210722633696
1749,36824,2014-03-15 07:00:00,93.0,94.5,69.96475018934132,-24.535249810658684
1750,36825,2014-03-15 08:00:00,116.0,38.2352941176471,41.43217417646861,3.196880058821506
1751,36826,2014-03-15 09:00:00,99.0,55.2352941176471,9.054144644092887,-46.181149473554214
1752,36827,2014-03-15 10:00:00,88.0,95.90476190476193,51.45830568973281,-44.446456215029116
1753,36828,2014-03-15 11:00:00,91.0,5.0,17.201641869353764,12.201641869353764
1754,36829,2014-03-15 12:00:00,109.0,74.90476190476193,2.0093598630384975,-72.89540204172343
1755,36830,2014-03-15 13:00:00,110.0,73.90476190476193,0.864351390394134,-73.04041051436779
1756,36831,2014-03-15 14:00:00,109.0,23.0,49.41796666012682,26.417966660126822
1757,36832,2014-03-15 15:00:00,123.0,37.0,65.53452111913231,28.534521119132307
1758,36833,2014-03-15 16:00:00,136.0,76.17647058823529,66.04285488384356,-10.13361570439173
1759,36834,2014-03-15 17:00:00,119.0,85.68350168350167,24.259167162593442,-61.42433452090823
1760,36835,2014-03-15 18:00:00,116.0,82.68350168350167,7.411440589382806,-75.27206109411887
1761,36836,2014-03-15 19:00:00,101.0,82.90476190476193,46.273451425553276,-36.63131047920865
1762,36837,2014-03-15 20:00:00,131.0,52.904761904761926,16.06686651260938,-36.83789539215255
1763,36838,2014-03-15 21:00:00,168.0,15.904761904761926,26.276362153319383,10.371600248557456
1764,36839,2014-03-15 22:00:00,189.0,5.095238095238074,46.42517940683854,41.329941311600464
1765,36840,2014-03-15 23:00:00,183.0,0.9047619047619264,43.436842647765786,42.53208074300386
1766,36841,2014-03-16 00:00:00,205.0,123.8263888888889,95.98222068609111,-27.84416820279779
1767,36842,2014-03-16 01:00:00,188.0,106.8263888888889,102.13155319886356,-4.694835690025343
1768,36843,2014-03-16 02:00:00,148.0,43.48780487804878,58.61201836924862,15.12421349119984
1769,36844,2014-03-16 03:00:00,137.0,32.48780487804878,43.86675511704249,11.37895023899371
1770,36845,2014-03-16 04:00:00,140.0,35.48780487804878,30.75753095613929,-4.730273921909486
1771,36846,2014-03-16 05:00:00,141.0,36.48780487804878,38.90099591821381,2.4131910401650316
1772,36847,2014-03-16 06:00:00,121.0,73.0576923076923,47.03974997729438,-26.01794233039793
1773,36848,2014-03-16 07:00:00,109.0,61.05769230769231,34.159038944206756,-26.89865336348555
1774,36849,2014-03-16 08:00:00,83.0,1.8263888888889,6.567178528246657,4.740789639357757
1775,36850,2014-03-16 09:00:00,78.0,83.31578947368422,26.576333818228562,-56.73945565545566
1776,36851,2014-03-16 10:00:00,77.0,4.1736111111111,8.111613356538612,3.938002245427512
1777,36852,2014-03-16 11:00:00,79.0,19.17647058823529,17.83009605504266,-1.3463745331926305
1778,36853,2014-03-16 12:00:00,73.0,13.0,12.776754969337318,-0.22324503066268164
1779,36854,2014-03-16 13:00:00,75.0,6.1736111111111,3.346357302526229,-2.827253808584871
1780,36855,2014-03-16 14:00:00,91.0,9.8263888888889,12.646435461585469,2.820046572696569
1781,36856,2014-03-16 15:00:00,104.0,79.90476190476193,18.92134818911444,-60.98341371564749
1782,36857,2014-03-16 16:00:00,116.0,67.90476190476193,12.617189204408504,-55.28757270035342
1783,36858,2014-03-16 17:00:00,121.0,62.904761904761926,7.831375254118456,-55.07338665064347
1784,36859,2014-03-16 18:00:00,137.0,46.904761904761926,8.124166691144296,-38.78059521361763
1785,36860,2014-03-16 19:00:00,151.0,32.904761904761926,7.0782499013615165,-25.82651200340041
1786,36861,2014-03-16 20:00:00,159.0,24.904761904761926,26.142121107130635,1.237359202368708
1787,36862,2014-03-16 21:00:00,157.0,26.904761904761926,25.816864267307977,-1.087897637453949
1788,36863,2014-03-16 22:00:00,151.0,32.904761904761926,21.6638347150855,-11.240927189676427
1789,36864,2014-03-16 23:00:00,150.0,61.60174418604649,25.927139902927706,-35.67460428311878
1790,36865,2014-03-17 00:00:00,149.0,62.60174418604649,21.712887427746324,-40.888856758300165
1791,36866,2014-03-17 01:00:00,141.0,70.60174418604649,38.26605852824673,-32.33568565779976
1792,36867,2014-03-17 02:00:00,144.0,63.44444444444446,37.24807783780162,-26.19636660664284
1793,36868,2014-03-17 03:00:00,148.0,63.60174418604649,28.90288828208267,-34.69885590396382
1794,36869,2014-03-17 04:00:00,144.0,67.60174418604649,30.471824172553568,-37.12992001349292
1795,36870,2014-03-17 05:00:00,150.0,31.69999999999999,33.97053281365132,2.2705328136513288
1796,36871,2014-03-17 06:00:00,152.0,55.44444444444446,61.526215077903856,6.081770633459399
1797,36872,2014-03-17 07:00:00,155.0,6.3157894736842195,2.691880648731029,-3.6239088249531903
1798,36873,2014-03-17 08:00:00,165.0,3.6842105263157805,47.621349333322584,43.937138807006804
1799,36874,2014-03-17 09:00:00,181.0,19.68421052631578,59.96602721113784,40.28181668482206
1800,36875,2014-03-17 10:00:00,191.0,29.68421052631578,54.22648508006628,24.542274553750502
1801,36876,2014-03-17 11:00:00,124.0,88.2142857142857,81.053780959926,-7.1605047543596925
1802,36877,2014-03-17 12:00:00,36.0,1.1000000000000014,33.331051761549276,32.231051761549274
1803,36878,2014-03-17 13:00:00,40.0,2.8999999999999986,1.2791965494820658,-1.6208034505179327
1804,36879,2014-03-17 14:00:00,49.0,84.1,5.980063094524546,-78.11993690547544
1805,36880,2014-03-17 15:00:00,30.0,103.1,18.244191520592366,-84.85580847940763
1806,36881,2014-03-17 16:00:00,27.0,106.1,23.69919989045202,-82.40080010954797
1807,36882,2014-03-17 17:00:00,27.0,106.1,2.143083011132127,-103.95691698886787
1808,36883,2014-03-17 18:00:00,22.0,9.9,8.988646761250877,-0.9113532387491237
1809,36884,2014-03-17 19:00:00,24.0,6.917613636363637,2.928581277950048,-3.9890323584135885
1810,36885,2014-03-17 20:00:00,21.0,3.9176136363636367,0.305411857565673,-3.6122017787979637
1811,36886,2014-03-17 21:00:00,26.0,8.917613636363637,4.065104372735053,-4.852509263628583
1812,36887,2014-03-17 22:00:00,17.0,0.08238636363636331,4.144009895974435,4.061623532338071
1813,36888,2014-03-17 23:00:00,23.0,5.917613636363637,4.437969177007503,-1.479644459356134
1814,36889,2014-03-18 00:00:00,23.0,5.917613636363637,6.275417386133874,0.35780374977023754
1815,36890,2014-03-18 01:00:00,21.0,3.9176136363636367,6.350036978945489,2.4324233425818527
1816,36891,2014-03-18 02:00:00,21.0,0.789473684210531,15.404089476490142,14.614615792279611
1817,36892,2014-03-18 03:00:00,17.0,64.1736111111111,34.389125336398465,-29.784485774712635
1818,36893,2014-03-18 04:00:00,15.0,66.1736111111111,36.83199005897036,-29.341621052140738
1819,36894,2014-03-18 05:00:00,13.0,34.94230769230769,35.019573182173,0.07726548986530446
1820,36895,2014-03-18 06:00:00,17.0,30.942307692307693,31.15046953835361,0.20816184604591825
1821,36896,2014-03-18 07:00:00,14.0,58.34693877551021,47.149247524015095,-11.197691251495115
1822,36897,2014-03-18 08:00:00,20.0,61.1736111111111,27.034924315670736,-34.138686795440364
1823,36898,2014-03-18 09:00:00,18.0,63.1736111111111,33.641489933925406,-29.532121177185694
1824,36899,2014-03-18 10:00:00,16.0,65.1736111111111,38.591882345017346,-26.581728766093754
1825,36900,2014-03-18 11:00:00,27.0,54.1736111111111,47.988369827826446,-6.185241283284654
1826,36901,2014-03-18 12:00:00,52.0,29.1736111111111,25.48795696417386,-3.685654146937239
1827,36902,2014-03-18 13:00:00,67.0,14.1736111111111,10.752848214088445,-3.420762897022655
1828,36903,2014-03-18 14:00:00,76.0,5.1736111111111,20.44193665753528,15.26832554642418
1829,36904,2014-03-18 15:00:00,79.0,2.1736111111111,0.44710650049461265,-1.7265046106164874
1830,36905,2014-03-18 16:00:00,76.0,5.1736111111111,18.00096417359984,12.82735306248874
1831,36906,2014-03-18 17:00:00,66.0,15.1736111111111,23.930711678577964,8.757100567466864
1832,36907,2014-03-18 18:00:00,60.0,21.1736111111111,18.751681225727935,-2.4219298853831646
1833,36908,2014-03-18 19:00:00,66.0,15.1736111111111,12.300708192486155,-2.872902918624945
1834,36909,2014-03-18 20:00:00,61.0,20.1736111111111,14.450464428085183,-5.723146683025917
1835,36910,2014-03-18 21:00:00,57.0,47.51219512195122,15.266847932057459,-32.245347189893764
1836,36911,2014-03-18 22:00:00,47.0,0.9423076923076934,15.663000372201516,14.720692679893823
1837,36912,2014-03-18 23:00:00,30.0,17.942307692307693,37.14001393553896,19.197706243231266
1838,36913,2014-03-19 00:00:00,34.0,13.942307692307693,32.230922978594506,18.288615286286813
1839,36914,2014-03-19 01:00:00,29.0,75.51219512195122,46.89042392565531,-28.62177119629591
1840,36915,2014-03-19 02:00:00,47.0,31.41379310344827,38.37392063430303,6.960127530854763
1841,36916,2014-03-19 03:00:00,72.0,6.4137931034482705,11.171028388488452,4.757235285040181
1842,36917,2014-03-19 04:00:00,73.0,51.916666666666686,37.07385255157577,-14.842814115090917
1843,36918,2014-03-19 05:00:00,70.0,54.916666666666686,34.45234138652724,-20.464325280139448
1844,36919,2014-03-19 06:00:00,78.0,46.916666666666686,26.29152563911279,-20.625141027553894
1845,36920,2014-03-19 07:00:00,90.0,34.916666666666686,15.270970083557259,-19.645696583109427
1846,36921,2014-03-19 08:00:00,92.0,32.916666666666686,14.66307645008159,-18.253590216585096
1847,36922,2014-03-19 09:00:00,94.0,30.916666666666686,6.981294977491075,-23.93537168917561
1848,36923,2014-03-19 10:00:00,96.0,28.916666666666686,2.996404221307543,-25.920262445359143
1849,36924,2014-03-19 11:00:00,77.0,3.5,38.44689156774088,34.94689156774088
1850,36925,2014-03-19 12:00:00,79.0,1.5,22.63726502566572,21.13726502566572
1851,36926,2014-03-19 13:00:00,79.0,44.0,5.529988748496194,-38.470011251503806
1852,36927,2014-03-19 14:00:00,74.0,138.2142857142857,98.95364318670718,-39.26064252757851
1853,36928,2014-03-19 15:00:00,76.0,5.1736111111111,41.174223312447495,36.000612201336395
1854,36929,2014-03-19 16:00:00,66.0,15.1736111111111,51.056857299375594,35.88324618826449
1855,36930,2014-03-19 17:00:00,44.0,37.1736111111111,73.33438392706007,36.160772815948974
1856,36931,2014-03-19 18:00:00,48.0,32.5,68.62257359773531,36.12257359773531
1857,36932,2014-03-19 19:00:00,52.0,28.5,49.742740264401945,21.242740264401945
1858,36933,2014-03-19 20:00:00,20.0,15.0,74.63914860863774,59.63914860863774
1859,36934,2014-03-19 21:00:00,15.0,0.2142857142857153,8.285096221221789,8.070810506936073
1860,36935,2014-03-19 22:00:00,13.0,1.7857142857142847,1.8781410301699264,0.0924267444556417
1861,36936,2014-03-19 23:00:00,14.0,0.7857142857142847,1.332063865983395,0.5463495802691103
1862,36937,2014-03-20 00:00:00,10.0,8.833333333333329,7.078722953402053,-1.7546103799312753
1863,36938,2014-03-20 01:00:00,7.0,11.942857142857143,11.203230604183627,-0.7396265386735159
1864,36939,2014-03-20 02:00:00,5.0,13.942857142857143,13.723796373325179,-0.21906076953196418
1865,36940,2014-03-20 03:00:00,6.0,12.942857142857143,12.337289896558246,-0.6055672462988966
1866,36941,2014-03-20 04:00:00,7.0,11.942857142857143,10.954355094731554,-0.9885020481255893
1867,36942,2014-03-20 05:00:00,10.0,8.942857142857143,8.122192346235536,-0.8206647966216067
1868,36943,2014-03-20 06:00:00,9.0,9.942857142857143,9.628215263900682,-0.31464187895646134
1869,36944,2014-03-20 07:00:00,11.0,7.942857142857143,7.63444995908181,-0.3084071837753335
1870,36945,2014-03-20 08:00:00,9.0,9.942857142857143,8.69765173089041,-1.245205411966733
1871,36946,2014-03-20 09:00:00,11.0,6.072164948453608,6.757505788961552,0.6853408405079442
1872,36947,2014-03-20 10:00:00,13.0,4.072164948453608,5.434022416239323,1.3618574677857147
1873,36948,2014-03-20 11:00:00,11.0,6.072164948453608,8.312043515999441,2.2398785675458335
1874,36949,2014-03-20 12:00:00,17.0,0.07216494845360799,13.426879322892319,13.35471437443871
1875,36950,2014-03-20 13:00:00,14.0,0.8333333333333357,8.370964703412763,7.537631370079428
1876,36951,2014-03-20 14:00:00,13.0,1.8333333333333357,7.6413918621661985,5.808058528832863
1877,36952,2014-03-20 15:00:00,9.0,5.833333333333336,12.311911260180548,6.478577926847212
1878,36953,2014-03-20 16:00:00,7.0,14.785714285714285,16.56618370038885,1.7804694146745668
1879,36954,2014-03-20 17:00:00,9.0,5.833333333333336,14.218786058711853,8.385452725378517
1880,36955,2014-03-20 18:00:00,11.0,10.785714285714285,13.707360109765109,2.921645824050824
1881,36956,2014-03-20 19:00:00,12.0,2.8333333333333357,11.877686108289819,9.044352774956483
1882,36957,2014-03-20 20:00:00,18.0,11.75,25.43044066555364,13.68044066555364
1883,36958,2014-03-20 21:00:00,11.0,16.176470588235286,27.076108034344102,10.899637446108816
1884,36959,2014-03-20 22:00:00,11.0,36.94230769230769,43.82525635456088,6.882948662253185
1885,36960,2014-03-20 23:00:00,7.0,36.225806451612904,34.508848923992,-1.716957527620906
1886,36961,2014-03-21 00:00:00,6.0,15.789473684210531,16.889970725105194,1.1004970408946626
1887,36962,2014-03-21 01:00:00,5.0,16.78947368421053,15.152327867161077,-1.6371458170494542
1888,36963,2014-03-21 02:00:00,7.0,7.785714285714285,11.674099706175813,3.8883854204615282
1889,36964,2014-03-21 03:00:00,12.0,2.7857142857142847,5.3821138887740325,2.596399603059748
1890,36965,2014-03-21 04:00:00,13.0,1.7857142857142847,5.998759612799304,4.21304532708502
1891,36966,2014-03-21 05:00:00,17.0,6.300000000000001,0.5022538157823959,-5.797746184217605
1892,36967,2014-03-21 06:00:00,16.0,60.02439024390246,41.367680025423184,-18.656710218479276
1893,36968,2014-03-21 07:00:00,26.0,50.02439024390246,30.555312318653925,-19.469077925248534
1894,36969,2014-03-21 08:00:00,18.0,63.1736111111111,30.905537316834078,-32.26807379427702
1895,36970,2014-03-21 09:00:00,19.0,10.75,15.878243306689924,5.1282433066899245
1896,36971,2014-03-21 10:00:00,21.0,8.75,10.56967905183932,1.8196790518393193
1897,36972,2014-03-21 11:00:00,24.0,5.75,20.506019944050735,14.756019944050735
1898,36973,2014-03-21 12:00:00,20.0,1.7857142857142847,3.065967464260691,1.2802531785464062
1899,36974,2014-03-21 13:00:00,22.0,10.2,3.784714289219856,-6.415285710780143
1900,36975,2014-03-21 14:00:00,18.0,6.642857142857146,3.606742807484636,-3.0361143353725097
1901,36976,2014-03-21 15:00:00,19.0,2.7857142857142847,8.295037098994388,5.509322813280104
1902,36978,2014-03-21 17:00:00,28.0,30.473684210526322,26.022485631022036,-4.451198579504286
1903,36979,2014-03-21 18:00:00,36.0,22.473684210526322,24.737846129964964,2.264161919438642
1904,36980,2014-03-21 19:00:00,40.0,18.473684210526322,20.727552496200936,2.2538682856746135
1905,36981,2014-03-21 20:00:00,49.0,9.473684210526322,13.58224820983277,4.108563999306448
1906,36982,2014-03-21 21:00:00,54.0,27.1736111111111,13.511572688273972,-13.662038422837128
1907,36983,2014-03-21 22:00:00,55.0,26.1736111111111,11.605004030862972,-14.568607080248128
1908,36984,2014-03-21 23:00:00,67.0,14.1736111111111,7.923707051888329,-6.2499040592227715
1909,36985,2014-03-22 00:00:00,71.0,10.1736111111111,0.2873060620722896,-9.88630504903881
1910,36986,2014-03-22 01:00:00,76.0,28.512195121951223,12.15878899562506,-16.353406126326163
1911,36987,2014-03-22 02:00:00,72.0,89.31578947368422,39.60667662566193,-49.709112848022286
1912,36988,2014-03-22 03:00:00,75.0,86.31578947368422,55.804950531119886,-30.510838942564334
1913,36989,2014-03-22 04:00:00,93.0,68.31578947368422,82.80902968699155,14.493240213307331
1914,36990,2014-03-22 05:00:00,89.0,72.31578947368422,76.49147213676872,4.175682663084501
1915,36991,2014-03-22 06:00:00,98.0,2.5679012345679126,49.812305258908964,47.24440402434105
1916,36992,2014-03-22 07:00:00,97.0,64.31578947368422,84.49925845241592,20.183468978731696
1917,36993,2014-03-22 08:00:00,109.0,52.31578947368422,12.065339340484087,-40.25045013320013
1918,36994,2014-03-22 09:00:00,89.0,3.0,30.366698365681145,27.366698365681145
1919,36995,2014-03-22 10:00:00,66.0,41.357142857142854,41.39028191627395,0.03313905913109494
1920,36996,2014-03-22 11:00:00,72.0,47.357142857142854,49.08431129222309,1.7271684350802374
1921,36997,2014-03-22 12:00:00,37.0,25.2,17.68060950101995,-7.519390498980048
1922,36998,2014-03-22 13:00:00,21.0,9.2,2.3010785481822715,-6.898921451817728
1923,36999,2014-03-22 14:00:00,17.0,5.199999999999999,2.938264590642806,-2.2617354093571933
1924,37000,2014-03-22 15:00:00,17.0,5.199999999999999,3.099294373307984,-2.100705626692015
1925,37001,2014-03-22 16:00:00,11.0,4.133333333333333,10.133052973025201,5.999719639691868
1926,37002,2014-03-22 17:00:00,16.0,0.8666666666666671,5.999254940427264,5.132588273760597
1927,37003,2014-03-22 18:00:00,11.0,4.133333333333333,9.68678848681163,5.553455153478296
1928,37004,2014-03-22 19:00:00,17.0,69.0,42.99212048408216,-26.007879515917843
1929,37005,2014-03-22 20:00:00,31.0,9.210526315789469,15.37998317488971,6.16945685910024
1930,37006,2014-03-22 21:00:00,61.0,20.1736111111111,4.566585335246657,-15.607025775864443
1931,37007,2014-03-22 22:00:00,151.0,69.8263888888889,71.39213776855104,1.565748879662138
1932,37008,2014-03-22 23:00:00,163.0,81.8263888888889,95.3841038117841,13.557714922895201
1933,37009,2014-03-23 00:00:00,98.0,25.65306122448979,21.88504181593227,-3.768019408557521
1934,37010,2014-03-23 01:00:00,96.0,23.65306122448979,36.799232445666895,13.146171221177106
1935,37011,2014-03-23 02:00:00,119.0,5.916666666666686,24.167639077507957,18.25097241084127
1936,37012,2014-03-23 03:00:00,125.0,0.08333333333331439,29.310468333103984,29.22713499977067
1937,37013,2014-03-23 04:00:00,136.0,11.083333333333314,41.266897121751285,30.18356378841797
1938,37014,2014-03-23 05:00:00,147.0,23.0,26.983740970608125,3.9837409706081246
1939,37015,2014-03-23 06:00:00,150.0,26.0,35.87004945296371,9.870049452963713
1940,37016,2014-03-23 07:00:00,150.0,69.5,44.11078823010668,-25.389211769893322
1941,37017,2014-03-23 08:00:00,173.0,84.04,67.84696313462614,-16.19303686537387
1942,37018,2014-03-23 09:00:00,184.0,102.8263888888889,77.29962491719795,-25.526763971690954
1943,37019,2014-03-23 10:00:00,191.0,12.01666666666668,53.16125506264464,41.14458839597796
1944,37020,2014-03-23 11:00:00,166.0,84.8263888888889,64.63920320726945,-20.187185681619454
1945,37021,2014-03-23 12:00:00,128.0,46.8263888888889,52.50858378086505,5.6821948919761525
1946,37022,2014-03-23 13:00:00,141.0,107.68350168350167,71.47100117122878,-36.2125005122729
1947,37023,2014-03-23 14:00:00,141.0,107.68350168350167,73.76345683045896,-33.92004485304271
1948,37024,2014-03-23 15:00:00,145.0,111.68350168350167,71.93416825300916,-39.74933343049251
1949,37025,2014-03-23 16:00:00,156.0,122.68350168350167,81.02360064532941,-41.659901038172265
1950,37026,2014-03-23 17:00:00,160.0,78.8263888888889,70.06009505156412,-8.766293837324781
1951,37027,2014-03-23 18:00:00,165.0,38.01666666666668,26.28284473614221,-11.73382193052447
1952,37028,2014-03-23 19:00:00,155.0,48.01666666666668,9.945569006354901,-38.07109766031178
1953,37029,2014-03-23 20:00:00,118.0,85.01666666666668,49.37327250445719,-35.64339416220949
1954,37030,2014-03-23 21:00:00,152.0,51.01666666666668,12.989969693942754,-38.026696972723926
1955,37031,2014-03-23 22:00:00,214.0,10.98333333333332,60.95711013826201,49.97377680492869
1956,37032,2014-03-23 23:00:00,249.0,45.98333333333332,94.36529903841657,48.381965705083246
1957,37033,2014-03-24 00:00:00,247.0,43.98333333333332,56.6170864319009,12.633753098567581
1958,37034,2014-03-24 01:00:00,248.0,36.39825581395351,47.73162015035919,11.33336433640568
1959,37035,2014-03-24 02:00:00,253.0,41.39825581395351,50.10736625293262,8.70911043897911
1960,37036,2014-03-24 03:00:00,261.0,54.69999999999999,2.626133913091678,-52.07386608690831
1961,37037,2014-03-24 04:00:00,257.0,45.39825581395351,38.701198320078305,-6.6970574938752065
1962,37038,2014-03-24 05:00:00,262.0,92.01923076923075,71.31159813963455,-20.70763262959619
1963,37039,2014-03-24 06:00:00,270.0,58.39825581395351,42.476275644453494,-15.921980169500017
1964,37040,2014-03-24 07:00:00,262.0,50.39825581395351,48.81007806825173,-1.5881777457017847
1965,37041,2014-03-24 08:00:00,260.0,48.39825581395351,27.852346493088618,-20.545909320864894
1966,37042,2014-03-24 09:00:00,271.0,67.98333333333332,48.08231795449055,-19.90101537884277
1967,37043,2014-03-24 10:00:00,281.0,77.98333333333332,55.4289090803251,-22.55442425300822
1968,37044,2014-03-24 11:00:00,280.0,76.98333333333332,58.57711001791591,-18.406223315417407
1969,37045,2014-03-24 12:00:00,270.0,66.98333333333332,54.94059312984737,-12.042740203485948
1970,37046,2014-03-24 13:00:00,277.0,243.68350168350167,126.19308869970743,-117.49041298379424
1971,37047,2014-03-24 14:00:00,249.0,215.68350168350167,96.9153357435053,-118.76816593999638
1972,37048,2014-03-24 15:00:00,242.0,208.68350168350167,106.31103295816212,-102.37246872533956
1973,37049,2014-03-24 16:00:00,192.0,158.68350168350167,57.42057337228408,-101.26292831121759
1974,37050,2014-03-24 17:00:00,167.0,133.68350168350167,38.00698263006635,-95.67651905343533
1975,37051,2014-03-24 18:00:00,168.0,134.68350168350167,27.60869877545295,-107.07480290804872
1976,37052,2014-03-24 19:00:00,184.0,150.68350168350167,34.34273922279718,-116.3407624607045
1977,37053,2014-03-24 20:00:00,199.0,4.01666666666668,34.06121450061255,30.04454783394587
1978,37054,2014-03-24 21:00:00,225.0,78.75,6.760448388444814,-71.98955161155519
1979,37055,2014-03-24 22:00:00,252.0,51.75,20.73015410369328,-31.01984589630672
1980,37056,2014-03-24 23:00:00,277.0,26.75,9.906674019500258,-16.843325980499742
1981,37057,2014-03-25 00:00:00,290.0,13.75,29.76941720948031,16.01941720948031
1982,37058,2014-03-25 01:00:00,299.0,118.2352941176471,56.65157122570804,-61.58372289193906
1983,37059,2014-03-25 02:00:00,326.0,114.39825581395351,84.8814253964569,-29.516830417496607
1984,37060,2014-03-25 03:00:00,324.0,143.2352941176471,85.63423828306591,-57.60105583458119
1985,37061,2014-03-25 04:00:00,320.0,139.2352941176471,44.494509505729184,-94.74078461191792
1986,37062,2014-03-25 05:00:00,279.0,98.2352941176471,70.64077574815343,-27.59451836949367
1987,37063,2014-03-25 06:00:00,250.0,69.2352941176471,35.31470439340083,-33.92058972424627
1988,37064,2014-03-25 07:00:00,228.0,47.2352941176471,25.574721302854925,-21.660572814792175
1989,37065,2014-03-25 08:00:00,232.0,51.2352941176471,37.05050103716633,-14.184793080480773
1990,37066,2014-03-25 09:00:00,233.0,52.2352941176471,14.255093607607563,-37.98020051003954
1991,37067,2014-03-25 10:00:00,239.0,35.98333333333332,41.23015056137956,5.24681722804624
1992,37068,2014-03-25 11:00:00,235.0,201.68350168350167,71.92295947622631,-129.76054220727536
1993,37069,2014-03-25 12:00:00,226.0,192.68350168350167,80.58066304836453,-112.10283863513715
1994,37070,2014-03-25 13:00:00,223.0,189.68350168350167,75.00249676478768,-114.681004918714
1995,37071,2014-03-25 14:00:00,229.0,195.68350168350167,77.9642976826699,-117.71920400083178
1996,37072,2014-03-25 15:00:00,206.0,172.68350168350167,77.69937014128084,-94.98413154222084
1997,37073,2014-03-25 16:00:00,189.0,155.68350168350167,70.43259937758259,-85.25090230591908
1998,37074,2014-03-25 17:00:00,188.0,154.68350168350167,60.92660240270409,-93.75689928079758
1999,37075,2014-03-25 18:00:00,163.0,129.68350168350167,27.540097403586543,-102.14340427991513
2000,37076,2014-03-25 19:00:00,165.0,138.75,28.020495586873807,-110.7295044131262
2001,37077,2014-03-25 20:00:00,152.0,151.75,111.89264109281595,-39.85735890718405
2002,37078,2014-03-25 21:00:00,147.0,156.75,91.17853895059292,-65.57146104940708
2003,37079,2014-03-25 22:00:00,157.0,146.75,105.40817346303157,-41.341826536968426
2004,37080,2014-03-25 23:00:00,181.0,122.75,88.586564078565,-34.163435921434996
2005,37081,2014-03-26 00:00:00,190.0,113.75,79.62686523686614,-34.12313476313386
2006,37082,2014-03-26 01:00:00,201.0,102.75,66.26840986690632,-36.481590133093675
2007,37083,2014-03-26 02:00:00,226.0,77.75,40.3829347824817,-37.3670652175183
2008,37084,2014-03-26 03:00:00,248.0,55.75,11.104742610976643,-44.64525738902336
2009,37085,2014-03-26 04:00:00,269.0,34.75,4.241681544048959,-30.50831845595104
2010,37086,2014-03-26 05:00:00,275.0,63.39825581395351,20.043221511370405,-43.35503430258311
2011,37087,2014-03-26 06:00:00,311.0,99.39825581395351,56.90239433676197,-42.49586147719154
2012,37088,2014-03-26 07:00:00,300.0,88.39825581395351,44.22745211106789,-44.17080370288562
2013,37089,2014-03-26 08:00:00,317.0,13.25,60.21041082945277,46.96041082945277
2014,37090,2014-03-26 09:00:00,330.0,26.25,79.0240357106149,52.774035710614896
2015,37091,2014-03-26 10:00:00,346.0,42.25,85.3283912470863,43.0783912470863
2016,37092,2014-03-26 11:00:00,350.0,46.25,175.25152500817853,129.00152500817853
2017,37093,2014-03-26 12:00:00,331.0,297.6835016835017,185.06014788086108,-112.6233538026406
2018,37094,2014-03-26 13:00:00,327.0,293.6835016835017,198.05315242336226,-95.63034926013941
2019,37095,2014-03-26 14:00:00,327.0,293.6835016835017,190.98004671267577,-102.7034549708259
2020,37096,2014-03-26 15:00:00,286.0,252.68350168350167,166.02946360109257,-86.6540380824091
2021,37097,2014-03-26 16:00:00,246.0,212.68350168350167,135.8898884458807,-76.79361323762097
2022,37098,2014-03-26 17:00:00,269.0,235.68350168350167,140.25565158798216,-95.42785009551952
2023,37099,2014-03-26 18:00:00,309.0,275.6835016835017,186.60017722916382,-89.08332445433786
2024,37100,2014-03-26 19:00:00,336.0,302.6835016835017,196.8155425890501,-105.86795909445158
2025,37101,2014-03-26 20:00:00,360.0,56.25,178.1471664202341,121.8971664202341
2026,37102,2014-03-26 21:00:00,387.0,83.25,115.80832991900866,32.558329919008656
2027,37103,2014-03-26 22:00:00,399.0,95.25,134.2804754392339,39.030475439233896
2028,37104,2014-03-26 23:00:00,414.0,110.25,148.24952135279398,37.99952135279398
2029,37105,2014-03-27 00:00:00,465.0,161.25,200.06583784155168,38.815837841551684
2030,37106,2014-03-27 01:00:00,436.0,255.2352941176471,246.8855056809923,-8.34978843665479
2031,37107,2014-03-27 02:00:00,435.0,131.25,168.72929321151145,37.47929321151145
2032,37108,2014-03-27 03:00:00,426.0,122.25,161.3559071324833,39.10590713248331
2033,37109,2014-03-27 04:00:00,413.0,109.25,149.5455778197457,40.29557781974569
2034,37110,2014-03-27 05:00:00,358.0,54.25,96.15866393686719,41.908663936867185
2035,37111,2014-03-27 06:00:00,389.0,85.25,127.28892395867314,42.03892395867314
2036,37112,2014-03-27 07:00:00,349.0,45.25,92.5188134815474,47.2688134815474
2037,37113,2014-03-27 08:00:00,340.0,36.25,95.45262826180675,59.20262826180675
2038,37114,2014-03-27 09:00:00,336.0,32.25,76.96208265547489,44.71208265547489
2039,37115,2014-03-27 10:00:00,369.0,65.25,104.80532161308088,39.55532161308088
2040,37116,2014-03-27 11:00:00,403.0,99.25,138.55858355588708,39.30858355588708
2041,37117,2014-03-27 12:00:00,444.0,140.25,186.4495938354413,46.199593835441306
2042,37118,2014-03-27 13:00:00,306.0,102.98333333333332,103.96485411950161,0.9815207861682893
2043,37119,2014-03-27 14:00:00,115.0,88.01666666666668,108.9879594004546,20.97129273378792
2044,37120,2014-03-27 15:00:00,90.0,113.01666666666668,121.80386475487089,8.787198088204207
2045,37121,2014-03-27 16:00:00,82.0,121.01666666666668,155.10893948606304,34.09227281939636
2046,37122,2014-03-27 17:00:00,85.0,118.01666666666668,147.58454966993855,29.567883003271874
2047,37123,2014-03-27 18:00:00,95.0,85.7647058823529,113.36282454666969,27.598118664316786
2048,37124,2014-03-27 19:00:00,96.0,84.7647058823529,103.99219310466918,19.227487222316284
2049,37125,2014-03-27 20:00:00,107.0,73.7647058823529,91.1272925748921,17.362586692539196
2050,37126,2014-03-27 21:00:00,111.0,69.7647058823529,90.0218605793514,20.257154696998498
2051,37127,2014-03-27 22:00:00,125.0,178.75,143.29569142435122,-35.45430857564878
2052,37128,2014-03-27 23:00:00,123.0,57.7647058823529,126.11004576147144,68.34533987911854
2053,37129,2014-03-28 00:00:00,145.0,158.75,123.6488609134181,-35.101139086581895
2054,37130,2014-03-28 01:00:00,153.0,150.75,130.0526165943778,-20.69738340562219
2055,37131,2014-03-28 02:00:00,159.0,21.7647058823529,51.936242468175635,30.171536585822736
2056,37132,2014-03-28 03:00:00,154.0,149.75,142.7117207406754,-7.038279259324611
2057,37133,2014-03-28 04:00:00,191.0,10.2352941176471,73.8317002888416,63.5964061711945
2058,37134,2014-03-28 05:00:00,195.0,14.2352941176471,10.307931280437742,-3.9273628372093583
2059,37135,2014-03-28 06:00:00,194.0,13.2352941176471,35.228515472161405,21.993221354514304
2060,37136,2014-03-28 07:00:00,193.0,12.2352941176471,40.033002039912134,27.797707922265033
2061,37137,2014-03-28 08:00:00,175.0,128.75,107.70332109076395,-21.04667890923605
2062,37138,2014-03-28 09:00:00,194.0,13.2352941176471,49.765956300563744,36.53066218291664
2063,37139,2014-03-28 10:00:00,165.0,15.7647058823529,37.44618129758382,21.68147541523092
2064,37140,2014-03-28 11:00:00,138.0,42.7647058823529,24.393106180863157,-18.371599701489743
2065,37141,2014-03-28 12:00:00,100.0,66.68350168350167,81.37182089458958,14.6883192110879
2066,37142,2014-03-28 13:00:00,83.0,49.683501683501675,68.11929276815081,18.43579108464914
2067,37143,2014-03-28 14:00:00,53.0,19.683501683501675,102.60481189966046,82.92131021615879
2068,37144,2014-03-28 15:00:00,52.0,18.683501683501675,99.90574123624359,81.22223955274191
2069,37145,2014-03-28 16:00:00,60.0,26.683501683501675,82.01522127675614,55.33171959325446
2070,37146,2014-03-28 17:00:00,100.0,66.68350168350167,43.703235432556,-22.980266250945675
2071,37147,2014-03-28 18:00:00,142.0,108.68350168350167,23.386098173188486,-85.29740351031319
2072,37148,2014-03-28 19:00:00,140.0,163.75,140.65330141226303,-23.096698587736967
2073,37149,2014-03-28 20:00:00,148.0,155.75,127.01998340209616,-28.73001659790384
2074,37150,2014-03-28 21:00:00,183.0,120.75,66.94525918796703,-53.804740812032975
2075,37151,2014-03-28 22:00:00,217.0,86.75,51.945302131992605,-34.804697868007395
2076,37152,2014-03-28 23:00:00,224.0,79.75,43.59797864720599,-36.15202135279401
2077,37153,2014-03-29 00:00:00,222.0,81.75,44.7816621584484,-36.9683378415516
2078,37154,2014-03-29 01:00:00,219.0,84.75,43.22737916525102,-41.52262083474898
2079,37155,2014-03-29 02:00:00,65.0,115.7647058823529,108.87985969010762,-6.884846192245277
2080,37156,2014-03-29 03:00:00,22.0,189.6017441860465,228.15932919816882,38.55758501212233
2081,37157,2014-03-29 04:00:00,16.0,164.7647058823529,225.98265742105025,61.21795153869735
2082,37158,2014-03-29 05:00:00,16.0,164.7647058823529,163.09889534386443,-1.665810538488472
2083,37159,2014-03-29 06:00:00,28.0,152.7647058823529,186.25928607052685,33.494580188173956
2084,37160,2014-03-29 07:00:00,32.0,148.7647058823529,174.76499903183375,26.000293149480854
2085,37161,2014-03-29 08:00:00,25.0,221.0909090909091,194.3681420664737,-26.7227670244354
2086,37162,2014-03-29 09:00:00,25.0,12.100000000000001,94.22739182693356,82.12739182693355
2087,37163,2014-03-29 10:00:00,22.0,181.01666666666668,139.42566853481227,-41.590998131854406
2088,37164,2014-03-29 11:00:00,18.0,15.316498316498325,124.4369466163582,109.12044829985987
2089,37165,2014-03-29 12:00:00,23.0,157.7647058823529,107.80537882724147,-49.95932705511143
2090,37166,2014-03-29 13:00:00,23.0,10.316498316498325,112.64225078407358,102.32575246757526
2091,37167,2014-03-29 14:00:00,25.0,8.316498316498325,106.36256481375514,98.04606649725682
2092,37168,2014-03-29 15:00:00,18.0,15.316498316498325,109.00680393396813,93.6903056174698
2093,37169,2014-03-29 16:00:00,23.0,10.316498316498325,107.11695680908727,96.80045849258894
2094,37170,2014-03-29 17:00:00,25.0,8.316498316498325,111.09587595559998,102.77937763910165
2095,37171,2014-03-29 18:00:00,26.0,7.3164983164983255,115.39512206437075,108.07862374787243
2096,37172,2014-03-29 19:00:00,27.0,176.01666666666668,148.34524754621498,-27.671419120451702
2097,37173,2014-03-29 20:00:00,36.0,2.6835016835016745,90.98812853472346,88.30462685122178
2098,37174,2014-03-29 21:00:00,47.0,13.683501683501675,83.7152750912393,70.03177340773763
2099,37175,2014-03-29 22:00:00,59.0,144.01666666666668,129.27055876187734,-14.74610790478934
2100,37176,2014-03-29 23:00:00,50.0,153.01666666666668,140.69967712598046,-12.316989540686222
2101,37177,2014-03-30 00:00:00,61.0,242.75,185.01642355637318,-57.733576443626816
2102,37178,2014-03-30 01:00:00,58.0,245.75,193.03068119451754,-52.71931880548246
2103,37179,2014-03-30 02:00:00,66.0,249.7,183.62894962884587,-66.07105037115412
2104,37180,2014-03-30 03:00:00,63.0,140.01666666666668,168.4578733763604,28.441206709693716
2105,37181,2014-03-30 04:00:00,51.0,129.7647058823529,208.41755325383758,78.65284737148468
2106,37182,2014-03-30 05:00:00,39.0,207.0909090909091,161.04282664631498,-46.048082444594115
2107,37183,2014-03-30 06:00:00,42.0,204.0909090909091,193.624505675244,-10.466403415665098
2108,37184,2014-03-30 07:00:00,44.0,159.01666666666668,182.87665290074048,23.8599862340738
2109,37185,2014-03-30 08:00:00,44.0,271.7,160.66949700912852,-111.03050299087147
2110,37186,2014-03-30 09:00:00,35.0,126.31578947368422,97.10283382738098,-29.212955646303243
2111,37187,2014-03-30 10:00:00,30.0,131.31578947368422,208.33127367617942,77.0154842024952
2112,37188,2014-03-30 11:00:00,34.0,127.31578947368422,90.55820874772988,-36.75758072595434
2113,37189,2014-03-30 12:00:00,21.0,12.316498316498325,44.59847420954108,32.281975893042755
2114,37190,2014-03-30 13:00:00,14.0,19.316498316498325,69.32884421794063,50.0123459014423
2115,37191,2014-03-30 14:00:00,11.0,22.316498316498325,80.48266464369296,58.16616632719463
2116,37192,2014-03-30 15:00:00,9.0,24.316498316498325,83.22844348679016,58.91194517029183
2117,37193,2014-03-30 16:00:00,12.0,21.316498316498325,78.96013191980332,57.64363360330499
2118,37194,2014-03-30 17:00:00,13.0,20.316498316498325,69.36634790139357,49.04984958489524
2119,37195,2014-03-30 18:00:00,18.0,15.316498316498325,63.360709960441326,48.044211643943
2120,37196,2014-03-30 19:00:00,21.0,12.316498316498325,62.68828228718567,50.371783970687346
2121,37197,2014-03-30 20:00:00,24.0,9.316498316498325,56.34020164970252,47.023703333204196
2122,37198,2014-03-30 21:00:00,27.0,6.3164983164983255,36.395717091031244,30.07921877453292
2123,37199,2014-03-30 22:00:00,39.0,5.6835016835016745,31.234459806051063,25.55095812254939
2124,37200,2014-03-30 23:00:00,44.0,10.683501683501675,34.25994063425814,23.57643895075647
2125,37201,2014-03-31 00:00:00,64.0,139.01666666666668,47.801792225642075,-91.2148744410246
2126,37202,2014-03-31 01:00:00,106.0,97.01666666666668,63.461868999067235,-33.554797667599445
2127,37203,2014-03-31 02:00:00,137.0,66.01666666666668,35.11086559770675,-30.90580106895993
2128,37204,2014-03-31 03:00:00,165.0,38.01666666666668,6.95486606520663,-31.06180060146005
2129,37205,2014-03-31 04:00:00,153.0,50.01666666666668,8.627547814222027,-41.38911885244465
2130,37206,2014-03-31 05:00:00,116.0,87.01666666666668,67.76279184785491,-19.253874818811767
2131,37207,2014-03-31 06:00:00,127.0,176.75,85.945096495267,-90.804903504733
2132,37208,2014-03-31 07:00:00,147.0,156.75,77.14767205859258,-79.60232794140742
2133,37209,2014-03-31 08:00:00,180.0,123.75,66.73081740018657,-57.01918259981343
2134,37210,2014-03-31 09:00:00,199.0,104.75,48.714058408826304,-56.035941591173696
2135,37211,2014-03-31 10:00:00,209.0,94.75,28.078201325696114,-66.67179867430389
2136,37212,2014-03-31 11:00:00,235.0,68.75,75.67225583458182,6.922255834581819
2137,37213,2014-03-31 12:00:00,254.0,49.75,87.41834386888343,37.668343868883426
2138,37214,2014-03-31 13:00:00,250.0,216.68350168350167,113.82047226948228,-102.8630294140194
2139,37215,2014-03-31 14:00:00,235.0,201.68350168350167,101.21794612535894,-100.46555555814274
2140,37216,2014-03-31 15:00:00,210.0,176.68350168350167,73.4972409667599,-103.18626071674177
2141,37217,2014-03-31 16:00:00,127.0,53.7647058823529,20.057463069378343,-33.707242812974556
2142,37218,2014-03-31 17:00:00,72.0,108.7647058823529,92.0128657678371,-16.7518401145158
2143,37219,2014-03-31 18:00:00,27.0,10.100000000000001,110.04453081482507,99.94453081482507
2144,37220,2014-03-31 19:00:00,70.0,233.75,177.57290562627375,-56.17709437372625
2145,37221,2014-03-31 20:00:00,113.0,190.75,151.67902362501428,-39.07097637498572
2146,37222,2014-03-31 21:00:00,118.0,185.75,141.6202029831747,-44.12979701682531
2147,37223,2014-03-31 22:00:00,143.0,160.75,112.0993285753593,-48.650671424640706
2148,37224,2014-03-31 23:00:00,175.0,128.75,60.668261514598896,-68.0817384854011
2149,37225,2014-04-01 00:00:00,159.0,15.753950338600447,38.395055865103686,22.64110552650324
2150,37226,2014-04-01 01:00:00,161.0,17.753950338600447,38.040349045986005,20.28639870738556
2151,37227,2014-04-01 02:00:00,174.0,72.41525423728814,62.096872400279736,-10.318381837008403
2152,37228,2014-04-01 03:00:00,177.0,75.41525423728814,65.22796970343978,-10.187284533848356
2153,37229,2014-04-01 04:00:00,174.0,72.41525423728814,62.34281441234758,-10.07243982494056
2154,37230,2014-04-01 05:00:00,180.0,78.41525423728814,69.78688289991396,-8.628371337374176
2155,37231,2014-04-01 06:00:00,196.0,62.31578947368422,46.64301835269276,-15.672771120991456
2156,37232,2014-04-01 07:00:00,214.0,80.31578947368422,83.39642498504404,3.080635511359816
2157,37233,2014-04-01 08:00:00,220.0,14.0,53.99714855095925,39.99714855095925
2158,37234,2014-04-01 09:00:00,216.0,72.75395033860045,93.49921462446224,20.745264285861793
2159,37235,2014-04-01 10:00:00,199.0,55.75395033860045,78.15741571313451,22.403465374534065
2160,37236,2014-04-01 11:00:00,168.0,57.62595419847328,61.66325940638956,4.037305207916276
2161,37237,2014-04-01 12:00:00,121.0,10.62595419847328,22.4312536743288,11.80529947585552
2162,37238,2014-04-01 13:00:00,124.0,59.54437869822485,26.40781041108052,-33.13656828714433
2163,37239,2014-04-01 14:00:00,94.0,29.544378698224847,38.069962116894466,8.525583418669619
2164,37240,2014-04-01 15:00:00,63.0,1.4556213017751531,3.3545022592507507,1.8988809574755976
2165,37241,2014-04-01 16:00:00,52.0,12.455621301775153,16.99781072888061,4.5421894271054555
2166,37242,2014-04-01 17:00:00,64.0,0.45562130177515314,3.96808646396606,3.5124651621909067
2167,37243,2014-04-01 18:00:00,48.0,16.455621301775153,19.477847626187327,3.0222263244121734
2168,37244,2014-04-01 19:00:00,69.0,4.544378698224847,1.4284955592371915,-3.1158831389876553
2169,37245,2014-04-01 20:00:00,65.0,0.5443786982248469,9.94224804562387,9.397869347399023
2170,37246,2014-04-01 21:00:00,83.0,1.047361299052767,6.888504082189357,5.84114278313659
2171,37247,2014-04-01 22:00:00,90.0,53.24604966139955,25.86213349284668,-27.383916168552872
2172,37248,2014-04-01 23:00:00,80.0,63.24604966139955,36.848652014826925,-26.397397646572628
2173,37249,2014-04-02 00:00:00,95.0,48.24604966139955,21.848652014826925,-26.397397646572628
2174,37250,2014-04-02 01:00:00,99.0,44.24604966139955,18.936941570529456,-25.309108090870097
2175,37251,2014-04-02 02:00:00,103.0,40.24604966139955,12.26553976310845,-27.980509898291103
2176,37252,2014-04-02 03:00:00,119.0,24.246049661399553,5.963894417812497,-18.282155243587056
2177,37253,2014-04-02 04:00:00,121.0,22.246049661399553,7.085037534093516,-15.161012127306037
2178,37254,2014-04-02 05:00:00,113.0,30.246049661399553,1.0878014816601933,-29.15824817973936
2179,37255,2014-04-02 06:00:00,124.0,22.41525423728814,16.459159707552317,-5.956094529735822
2180,37256,2014-04-02 07:00:00,138.0,5.246049661399553,24.690097549311616,19.444047887912063
2181,37257,2014-04-02 08:00:00,160.0,16.753950338600447,41.96599454399204,25.212044205391592
2182,37258,2014-04-02 09:00:00,163.0,19.753950338600447,48.38545408597338,28.631503747372932
2183,37259,2014-04-02 10:00:00,119.0,54.54437869822485,38.301787778492155,-16.24259091973269
2184,37260,2014-04-02 11:00:00,80.0,15.544378698224847,0.0749259953482806,-15.469452702876566
2185,37261,2014-04-02 12:00:00,84.0,19.544378698224847,23.984619687549937,4.4402409893250905
2186,37262,2014-04-02 13:00:00,76.0,11.544378698224847,17.654662321084707,6.1102836228598605
2187,37263,2014-04-02 14:00:00,98.0,33.54437869822485,0.24285891359147627,-33.30151978463337
2188,37264,2014-04-02 15:00:00,105.0,40.54437869822485,30.433953285073187,-10.11042541315166
2189,37265,2014-04-02 16:00:00,86.0,21.544378698224847,11.117552232949436,-10.426826465275411
2190,37266,2014-04-02 17:00:00,132.0,67.54437869822485,31.493935763281215,-36.05044293494363
2191,37267,2014-04-02 18:00:00,116.0,31.952638700947233,10.684268927673259,-21.268369773273974
2192,37268,2014-04-02 19:00:00,105.0,20.952638700947233,12.938580496357645,-8.014058204589588
2193,37269,2014-04-02 20:00:00,97.0,12.952638700947233,5.176514073040309,-7.776124627906924
2194,37270,2014-04-02 21:00:00,87.0,2.952638700947233,7.577911741988785,4.625273041041552
2195,37271,2014-04-02 22:00:00,72.0,12.047361299052767,34.44478613143423,22.39742483238146
2196,37272,2014-04-02 23:00:00,70.0,14.047361299052767,20.893541845688844,6.846180546636077
2197,37273,2014-04-03 00:00:00,64.0,20.047361299052767,26.25331382348824,6.2059525244354745
2198,37274,2014-04-03 01:00:00,55.0,29.047361299052767,32.144205628097424,3.0968443290446572
2199,37275,2014-04-03 02:00:00,58.0,26.047361299052767,33.84379087316135,7.796429574108586
2200,37276,2014-04-03 03:00:00,52.0,32.04736129905277,38.962154974088364,6.914793675035597
2201,37277,2014-04-03 04:00:00,52.0,32.04736129905277,34.07245913658953,2.0250978375367623
2202,37278,2014-04-03 05:00:00,53.0,38.35714285714286,32.30247970382351,-6.054663153319353
2203,37279,2014-04-03 06:00:00,12.0,2.6428571428571423,15.649414569256106,13.006557426398963
2204,37280,2014-04-03 07:00:00,15.0,4.100000000000001,8.6363298824919,4.5363298824918985
2205,37281,2014-04-03 08:00:00,9.0,2.928571428571427,12.19312415402031,9.264552725448883
2206,37282,2014-04-03 09:00:00,6.0,5.928571428571427,14.140887913318764,8.212316484747337
2207,37283,2014-04-03 10:00:00,9.0,19.522727272727273,32.07631771697883,12.553590444251554
2208,37284,2014-04-03 11:00:00,14.0,2.4594594594594597,14.194109468230128,11.734650008770668
2209,37285,2014-04-03 12:00:00,14.0,2.4594594594594597,13.384047298460683,10.924587839001223
2210,37286,2014-04-03 13:00:00,11.0,5.45945945945946,14.622386177798404,9.162926718338944
2211,37287,2014-04-03 14:00:00,12.0,13.64705882352941,11.504199195364212,-2.1428596281651977
2212,37288,2014-04-03 15:00:00,14.0,1.1333333333333329,5.560729624611486,4.4273962912781535
2213,37289,2014-04-03 16:00:00,9.0,6.133333333333333,10.553195777327272,4.419862443993939
2214,37290,2014-04-03 17:00:00,7.0,8.133333333333333,12.163154809470491,4.029821476137158
2215,37291,2014-04-03 18:00:00,7.0,8.133333333333333,19.1926289846783,11.059295651344968
2216,37292,2014-04-03 19:00:00,19.0,6.6470588235294095,19.193231535856903,12.546172712327493
2217,37293,2014-04-03 20:00:00,18.0,7.6470588235294095,16.01421510686616,8.367156283336751
2218,37294,2014-04-03 21:00:00,22.0,19.0,10.611857675099891,-8.388142324900109
2219,37295,2014-04-03 22:00:00,20.0,5.6470588235294095,10.109261999628817,4.462203176099408
2220,37296,2014-04-03 23:00:00,33.0,51.04736129905277,29.359950104433892,-21.687411194618875
2221,37297,2014-04-04 00:00:00,40.0,0.8421052631578974,11.114316925689536,10.272211662531639
2222,37298,2014-04-04 01:00:00,35.0,5.842105263157897,15.41997964288457,9.577874379726673
2223,37299,2014-04-04 02:00:00,28.0,12.842105263157897,22.987174210048885,10.145068946890987
2224,37300,2014-04-04 03:00:00,29.0,11.842105263157897,18.632253864716425,6.790148601558528
2225,37301,2014-04-04 04:00:00,32.0,2.9285714285714306,34.16596448646672,31.23739305789529
2226,37302,2014-04-04 05:00:00,36.0,10.450000000000003,44.69072679753863,34.24072679753863
2227,37303,2014-04-04 06:00:00,37.0,172.8181818181818,28.49384587488855,-144.32433594329325
2228,37304,2014-04-04 07:00:00,42.0,4.450000000000003,23.412326388627903,18.9623263886279
2229,37305,2014-04-04 08:00:00,59.0,24.07142857142857,5.899180849047781,-18.17224772238079
2230,37306,2014-04-04 09:00:00,60.0,24.047361299052767,6.956357094537083,-17.091004204515684
2231,37307,2014-04-04 10:00:00,53.0,55.666666666666686,24.307937959700325,-31.35872870696636
2232,37308,2014-04-04 11:00:00,55.0,29.047361299052767,8.664476872956975,-20.382884426095792
2233,37309,2014-04-04 12:00:00,41.0,23.455621301775153,35.38234691859448,11.926725616819326
2234,37310,2014-04-04 13:00:00,31.0,33.45562130177515,7.145764334841253,-26.3098569669339
2235,37311,2014-04-04 14:00:00,29.0,35.45562130177515,9.090271069393332,-26.36535023238182
2236,37312,2014-04-04 15:00:00,24.0,40.45562130177515,16.14999104043961,-24.305630261335544
2237,37313,2014-04-04 16:00:00,13.0,6.29032258064516,7.5276929801482275,1.2373703995030674
2238,37314,2014-04-04 17:00:00,11.0,19.1,24.5429141298804,5.4429141298804
2239,37315,2014-04-04 18:00:00,16.0,17.200000000000003,19.31313409566765,2.1131340956676468
2240,37316,2014-04-04 19:00:00,14.0,19.200000000000003,30.716512137062452,11.516512137062449
2241,37317,2014-04-04 20:00:00,20.0,4.866666666666667,8.345368416388983,3.4787017497223154
2242,37318,2014-04-04 21:00:00,14.0,6.827586206896552,23.43969076381064,16.612104556914087
2243,37319,2014-04-04 22:00:00,31.0,53.04736129905277,28.997134770996475,-24.050226528056292
2244,37320,2014-04-04 23:00:00,31.0,53.04736129905277,42.45820096256966,-10.589160336483104
2245,37321,2014-04-05 00:00:00,34.0,50.04736129905277,28.747662488133003,-21.299698810919764
2246,37322,2014-04-05 01:00:00,33.0,43.2,31.917768255215066,-11.282231744784937
2247,37323,2014-04-05 02:00:00,34.0,42.2,39.07645826290076,-3.123541737099245
2248,37324,2014-04-05 03:00:00,28.0,48.2,43.960506383984054,-4.239493616015949
2249,37325,2014-04-05 04:00:00,32.0,44.2,43.38537506295465,-0.8146249370453518
2250,37326,2014-04-05 05:00:00,37.0,100.15384615384616,60.166227065371004,-39.98761908847516
2251,37327,2014-04-05 06:00:00,36.0,40.2,43.97354730717032,3.7735473071703183
2252,37328,2014-04-05 07:00:00,49.0,27.200000000000003,20.84745905041173,-6.352540949588274
2253,37329,2014-04-05 08:00:00,16.0,31.700000000000003,68.65568815254271,36.955688152542706
2254,37330,2014-04-05 09:00:00,8.0,11.100000000000001,13.62439434373713,2.5243943437371286
2255,37331,2014-04-05 10:00:00,6.0,13.29032258064516,12.520972363382963,-0.7693502172621969
2256,37332,2014-04-05 11:00:00,11.0,17.522727272727273,10.476468431683358,-7.046258841043915
2257,37333,2014-04-05 12:00:00,8.0,20.522727272727273,12.284725413829907,-8.238001858897366
2258,37334,2014-04-05 13:00:00,4.0,15.29032258064516,15.11178946523681,-0.17853311540834937
2259,37335,2014-04-05 14:00:00,6.0,13.29032258064516,11.41210777854402,-1.878214802101141
2260,37336,2014-04-05 15:00:00,14.0,1.125,16.889405568696066,15.764405568696066
2261,37337,2014-04-05 16:00:00,10.0,48.214285714285715,21.76250176509212,-26.451783949193594
2262,37338,2014-04-05 17:00:00,10.0,5.125,28.95406888802473,23.82906888802473
2263,37339,2014-04-05 18:00:00,25.0,9.875,11.132062269920219,1.257062269920219
2264,37340,2014-04-05 19:00:00,30.0,54.04736129905277,18.719337901166035,-35.32802339788673
2265,37341,2014-04-05 20:00:00,37.0,47.04736129905277,27.63209545818718,-19.415265840865587
2266,37342,2014-04-05 21:00:00,48.0,36.04736129905277,21.87911879502515,-14.168242504027617
2267,37343,2014-04-05 22:00:00,48.0,36.04736129905277,25.018629444486663,-11.028731854566104
2268,37344,2014-04-05 23:00:00,49.0,35.04736129905277,29.24660670607561,-5.800754592977157
2269,37345,2014-04-06 00:00:00,57.0,19.200000000000003,10.727886259337907,-8.472113740662095
2270,37346,2014-04-06 01:00:00,58.0,18.200000000000003,15.52786636259863,-2.672133637401373
2271,37347,2014-04-06 02:00:00,64.0,30.0,45.36843857927778,15.368438579277779
2272,37348,2014-04-06 03:00:00,65.0,11.200000000000003,22.94685675716181,11.746856757161808
2273,37349,2014-04-06 04:00:00,61.0,13.600000000000001,11.167866640003346,-2.432133359996655
2274,37350,2014-04-06 05:00:00,61.0,13.600000000000001,31.47725228487849,17.877252284878487
2275,37351,2014-04-06 06:00:00,71.0,23.6,12.47118706291564,-11.128812937084362
2276,37352,2014-04-06 07:00:00,102.0,0.4152542372881385,1.4287800433219928,1.0135258060338543
2277,37353,2014-04-06 08:00:00,91.0,6.952638700947233,29.762898298381423,22.81025959743419
2278,37354,2014-04-06 09:00:00,84.0,24.666666666666686,19.267855524122538,-5.398811142544147
2279,37355,2014-04-06 10:00:00,51.0,27.882352941176467,11.19516157463292,-16.687191366543548
2280,37356,2014-04-06 11:00:00,27.0,11.875,2.62099032152123,-9.25400967847877
2281,37357,2014-04-06 12:00:00,39.0,19.214285714285715,6.166912605932147,-13.047373108353568
2282,37358,2014-04-06 13:00:00,33.0,17.875,6.665524672637606,-11.209475327362394
2283,37359,2014-04-06 14:00:00,32.0,26.473684210526322,3.336421885107235,-23.137262325419087
2284,37360,2014-04-06 15:00:00,41.0,17.473684210526322,2.717381528046417,-14.756302682479905
2285,37361,2014-04-06 16:00:00,40.0,18.473684210526322,4.293987588652499,-14.179696621873823
2286,37362,2014-04-06 17:00:00,45.0,19.455621301775153,8.811397456343173,-10.64422384543198
2287,37363,2014-04-06 18:00:00,45.0,19.455621301775153,8.96758010391246,-10.488041197862692
2288,37364,2014-04-06 19:00:00,59.0,5.455621301775153,12.953334292451359,7.497712990676206
2289,37365,2014-04-06 20:00:00,59.0,5.455621301775153,2.5098925709776623,-2.945728730797491
2290,37366,2014-04-06 21:00:00,82.0,17.544378698224847,2.410070389805398,-15.134308308419449
2291,37367,2014-04-06 22:00:00,58.0,6.455621301775153,27.70722248808164,21.251601186306488
2292,37368,2014-04-06 23:00:00,65.0,19.047361299052767,21.685365999575964,2.6380047005231972
2293,37369,2014-04-07 00:00:00,54.0,30.047361299052767,30.808468169837028,0.7611068707842605
2294,37370,2014-04-07 01:00:00,55.0,29.047361299052767,34.53392140002899,5.48656010097622
2295,37371,2014-04-07 02:00:00,63.0,21.047361299052767,25.415378850743636,4.368017551690869
2296,37372,2014-04-07 03:00:00,70.0,14.047361299052767,19.37163671806441,5.3242754190116415
2297,37373,2014-04-07 04:00:00,74.0,15.0,0.017792960316043605,-14.982207039683956
2298,37374,2014-04-07 05:00:00,80.0,21.58474576271186,16.458040759911228,-5.126705002800634
2299,37375,2014-04-07 06:00:00,87.0,14.584745762711862,8.284646745679353,-6.300099017032508
2300,37376,2014-04-07 07:00:00,93.0,8.952638700947233,12.393815691869634,3.4411769909224006
2301,37377,2014-04-07 08:00:00,105.0,20.952638700947233,0.4020082449676323,-20.5506304559796
2302,37378,2014-04-07 09:00:00,92.0,7.952638700947233,11.58571869966488,3.6330799987176476
2303,37379,2014-04-07 10:00:00,103.0,18.952638700947233,8.900450782349836,-10.052187918597397
2304,37380,2014-04-07 11:00:00,97.0,32.54437869822485,9.120788328993697,-23.42359036923115
2305,37381,2014-04-07 12:00:00,110.0,45.54437869822485,11.90753917074943,-33.636839527475416
2306,37382,2014-04-07 13:00:00,92.0,27.544378698224847,30.922796319328917,3.37841762110407
2307,37383,2014-04-07 14:00:00,93.0,28.544378698224847,31.958544424368647,3.4141657261438
2308,37384,2014-04-07 15:00:00,97.0,32.54437869822485,29.504157368726396,-3.0402213294984506
2309,37385,2014-04-07 16:00:00,95.0,30.544378698224847,22.638304411159112,-7.906074287065735
2310,37386,2014-04-07 17:00:00,88.0,23.544378698224847,11.403840936569352,-12.140537761655494
2311,37387,2014-04-07 18:00:00,98.0,33.54437869822485,22.08089834744058,-11.463480350784266
2312,37388,2014-04-07 19:00:00,105.0,40.54437869822485,22.768830296603156,-17.77554840162169
2313,37389,2014-04-07 20:00:00,111.0,26.952638700947233,5.0190586443844865,-21.933580056562747
2314,37390,2014-04-07 21:00:00,123.0,38.95263870094723,19.198492466885355,-19.754146234061878
2315,37391,2014-04-07 22:00:00,147.0,62.95263870094723,39.41582505379036,-23.536813647156876
2316,37392,2014-04-07 23:00:00,155.0,70.95263870094723,47.60923425323992,-23.343404447707314
2317,37393,2014-04-08 00:00:00,166.0,22.753950338600447,49.35465988160186,26.600709543001415
2318,37394,2014-04-08 01:00:00,194.0,50.75395033860045,79.4082581267857,28.65430778818525
2319,37395,2014-04-08 02:00:00,191.0,47.75395033860045,77.15900830608835,29.405057967487906
2320,37396,2014-04-08 03:00:00,180.0,36.75395033860045,66.62158090274795,29.867630564147504
2321,37397,2014-04-08 04:00:00,187.0,43.75395033860045,73.62158090274795,29.867630564147504
2322,37398,2014-04-08 05:00:00,195.0,93.41525423728814,82.755438663422,-10.65981557386614
2323,37399,2014-04-08 06:00:00,174.0,72.41525423728814,61.38520173307276,-11.030052504215377
2324,37400,2014-04-08 07:00:00,171.0,69.41525423728814,57.3857685621184,-12.029485675169738
2325,37401,2014-04-08 08:00:00,181.0,37.75395033860045,67.48076669251009,29.72681635390964
2326,37402,2014-04-08 09:00:00,193.0,49.75395033860045,77.00607858326477,27.25212824466432
2327,37403,2014-04-08 10:00:00,196.0,52.75395033860045,90.98285307115269,38.22890273255224
2328,37404,2014-04-08 11:00:00,199.0,88.62595419847328,86.00586808632492,-2.620086112148357
2329,37405,2014-04-08 12:00:00,206.0,95.62595419847328,116.37968210528993,20.75372790681665
2330,37406,2014-04-08 13:00:00,175.0,64.62595419847328,61.974121538497016,-2.6518326599762645
2331,37407,2014-04-08 14:00:00,158.0,93.54437869822485,57.836106729434846,-35.70827196879
2332,37408,2014-04-08 15:00:00,152.0,87.54437869822485,73.79061872315863,-13.753759975066217
2333,37409,2014-04-08 16:00:00,158.0,93.54437869822485,70.35463547887649,-23.189743219348358
2334,37410,2014-04-08 17:00:00,139.0,74.54437869822485,50.31649005101845,-24.2278886472064
2335,37411,2014-04-08 18:00:00,138.0,73.54437869822485,46.838000973345515,-26.70637772487933
2336,37412,2014-04-08 19:00:00,151.0,40.62595419847328,55.85714483171776,15.23119063324448
2337,37413,2014-04-08 20:00:00,146.0,35.62595419847328,42.49266265149565,6.866708453022369
2338,37414,2014-04-08 21:00:00,139.0,28.62595419847328,34.35636846912537,5.730414270652091
2339,37415,2014-04-08 22:00:00,136.0,25.62595419847328,31.55922321887877,5.93326902040549
2340,37416,2014-04-08 23:00:00,138.0,5.246049661399553,31.883215482485582,26.63716582108603
2341,37417,2014-04-09 00:00:00,136.0,7.246049661399553,34.41695141400284,27.170901752603285
2342,37418,2014-04-09 01:00:00,136.0,7.246049661399553,27.58590269454365,20.339853033144095
2343,37419,2014-04-09 02:00:00,140.0,3.246049661399553,29.95580599183937,26.709756330439816
2344,37420,2014-04-09 03:00:00,145.0,1.753950338600447,30.462912433128125,28.708962094527678
2345,37421,2014-04-09 04:00:00,147.0,3.753950338600447,31.66972561994129,27.915775281340842
2346,37422,2014-04-09 05:00:00,151.0,7.753950338600447,35.70717470910648,27.953224370506035
2347,37423,2014-04-09 06:00:00,153.0,9.753950338600447,30.769441364582704,21.015491025982257
2348,37424,2014-04-09 07:00:00,196.0,52.75395033860045,71.43868136475677,18.684731026156328
2349,37425,2014-04-09 08:00:00,182.0,38.75395033860045,53.96405485598126,15.210104517380813
2350,37426,2014-04-09 09:00:00,162.0,51.62595419847328,42.17863556327288,-9.447318635200403
2351,37427,2014-04-09 10:00:00,164.0,53.62595419847328,38.63908785330729,-14.986866345165993
2352,37428,2014-04-09 11:00:00,133.0,22.62595419847328,43.42499659549793,20.79904239702465
2353,37429,2014-04-09 12:00:00,62.0,17.894736842105253,16.091960033527258,-1.8027768085779954
2354,37430,2014-04-09 13:00:00,60.0,15.894736842105253,17.43588338255921,1.5411465404539584
2355,37431,2014-04-09 14:00:00,49.0,15.455621301775153,6.7847068288925385,-8.670914472882615
2356,37432,2014-04-09 15:00:00,62.0,2.455621301775153,18.246749345455648,15.791128043680494
2357,37433,2014-04-09 16:00:00,56.0,8.455621301775153,11.092714445104583,2.6370931433294302
2358,37434,2014-04-09 17:00:00,65.0,0.5443786982248469,16.164188202940032,15.619809504715185
2359,37435,2014-04-09 18:00:00,73.0,8.544378698224847,22.580963093228767,14.03658439500392
2360,37436,2014-04-09 19:00:00,80.0,15.544378698224847,12.804080218571727,-2.74029847965312
2361,37437,2014-04-09 20:00:00,580.0,515.5443786982248,504.7440358765781,-10.800342821646723
2362,37438,2014-04-09 21:00:00,217.0,152.54437869822485,141.83851438537943,-10.70586431284542
2363,37439,2014-04-09 22:00:00,159.0,94.54437869822485,75.6605515362265,-18.88382716199834
2364,37440,2014-04-09 23:00:00,181.0,116.54437869822485,85.76232965984272,-30.782049038382127
2365,37441,2014-04-10 00:00:00,165.0,80.95263870094723,58.25616497819952,-22.69647372274771
2366,37442,2014-04-10 01:00:00,175.0,90.95263870094723,68.2380901512117,-22.71454854973554
2367,37443,2014-04-10 02:00:00,112.0,27.952638700947233,7.8174845371494825,-20.13515416379775
2368,37444,2014-04-10 03:00:00,101.0,16.952638700947233,3.36914266797676,-13.583496032970473
2369,37445,2014-04-10 04:00:00,111.0,26.952638700947233,6.322116621720582,-20.63052207922665
2370,37446,2014-04-10 05:00:00,102.0,17.952638700947233,5.090568460882324,-12.86207024006491
2371,37447,2014-04-10 06:00:00,106.0,21.952638700947233,1.1094230652187207,-20.843215635728512
2372,37448,2014-04-10 07:00:00,95.0,10.952638700947233,2.2757773972843154,-8.676861303662918
2373,37449,2014-04-10 08:00:00,101.0,16.952638700947233,2.26173998982658,-14.690898711120653
2374,37450,2014-04-10 09:00:00,88.0,3.952638700947233,8.484996571972545,4.532357871025312
2375,37451,2014-04-10 10:00:00,125.0,40.95263870094723,19.656735249786507,-21.295903451160726
2376,37452,2014-04-10 11:00:00,93.0,8.952638700947233,9.925764750213489,0.9731260492662557
2377,37453,2014-04-10 12:00:00,71.0,13.047361299052767,31.493896283780558,18.44653498472779
2378,37454,2014-04-10 13:00:00,74.0,10.047361299052767,63.99440558375332,53.94704428470055
2379,37455,2014-04-10 14:00:00,68.0,16.047361299052767,28.640696790484142,12.593335491431375
2380,37457,2014-04-10 16:00:00,51.0,33.04736129905277,36.185164934062556,3.1378036350097886
2381,37458,2014-04-10 17:00:00,62.0,22.047361299052767,5.099883546824515,-16.947477752228252
2382,37459,2014-04-10 18:00:00,64.0,20.047361299052767,3.125342670356787,-16.92201862869598
2383,37460,2014-04-10 19:00:00,66.0,18.047361299052767,6.19526750698806,-11.852093792064707
2384,37461,2014-04-10 20:00:00,63.0,21.047361299052767,29.182827693070323,8.135466394017556
2385,37462,2014-04-10 21:00:00,65.0,19.047361299052767,20.837955585059163,1.790594286006396
2386,37463,2014-04-10 22:00:00,72.0,12.047361299052767,21.764417697588115,9.717056398535348
2387,37464,2014-04-10 23:00:00,67.0,17.047361299052767,19.249650745838792,2.2022894467860255
2388,37465,2014-04-11 00:00:00,51.0,33.04736129905277,41.76104092406936,8.713679625016596
2389,37466,2014-04-11 01:00:00,67.0,17.047361299052767,20.20535370347929,3.1579924044265226
2390,37467,2014-04-11 02:00:00,64.0,20.047361299052767,21.253814461677862,1.2064531626250954
2391,37468,2014-04-11 03:00:00,71.0,13.047361299052767,16.27701921519825,3.2296579161454844
2392,37469,2014-04-11 04:00:00,76.0,8.047361299052767,15.762084446277356,7.714723147224589
2393,37470,2014-04-11 05:00:00,69.0,15.047361299052767,14.847764554091157,-0.19959674496161028
2394,37471,2014-04-11 06:00:00,69.0,15.047361299052767,10.81383922947444,-4.233522069578328
2395,37472,2014-04-11 07:00:00,76.0,8.047361299052767,3.7427047414288097,-4.304656557623957
2396,37473,2014-04-11 08:00:00,48.0,36.04736129905277,44.08828111025305,8.040919811200283
2397,37474,2014-04-11 09:00:00,46.0,38.04736129905277,45.85972918871876,7.8123678896659925
2398,37475,2014-04-11 10:00:00,47.0,37.04736129905277,45.35684967905827,8.309488380005504
2399,37476,2014-04-11 11:00:00,41.0,43.04736129905277,46.63062190542401,3.5832606063712404
2400,37477,2014-04-11 12:00:00,40.0,44.04736129905277,41.917298097058875,-2.1300632019938917
2401,37478,2014-04-11 13:00:00,43.0,65.66666666666669,19.82599383275643,-45.840672833910254
2402,37479,2014-04-11 14:00:00,36.0,48.04736129905277,48.01991880063264,-0.027442498420128913
2403,37480,2014-04-11 15:00:00,41.0,43.04736129905277,35.25128729238628,-7.796074006666487
2404,37481,2014-04-11 16:00:00,39.0,45.04736129905277,36.79202605330127,-8.255335245751496
2405,37482,2014-04-11 17:00:00,52.0,32.04736129905277,23.96036104845483,-8.087000250597939
2406,37483,2014-04-11 18:00:00,59.0,25.047361299052767,14.916291823995692,-10.131069475057075
2407,37484,2014-04-11 19:00:00,60.0,24.047361299052767,19.575028894752776,-4.472332404299991
2408,37485,2014-04-11 20:00:00,68.0,16.047361299052767,11.56861699781858,-4.478744301234187
2409,37486,2014-04-11 21:00:00,83.0,1.047361299052767,1.1819239037855596,0.13456260473279258
2410,37487,2014-04-11 22:00:00,103.0,18.952638700947233,18.81807609621444,-0.13456260473279258
2411,37488,2014-04-11 23:00:00,98.0,13.952638700947233,10.13932174928297,-3.8133169516642624
2412,37489,2014-04-12 00:00:00,78.0,6.047361299052767,10.07663298526613,4.029271686213363
2413,37490,2014-04-12 01:00:00,82.0,2.047361299052767,13.395115003082282,11.347753704029515
2414,37491,2014-04-12 02:00:00,88.0,13.584745762711862,8.791731936381822,-4.793013826330039
2415,37492,2014-04-12 03:00:00,96.0,5.5847457627118615,2.639356632189717,-2.9453891305221447
2416,37493,2014-04-12 04:00:00,118.0,16.41525423728814,21.873889403305753,5.458635166017615
2417,37494,2014-04-12 05:00:00,128.0,26.41525423728814,21.296216141753305,-5.119038095534833
2418,37495,2014-04-12 06:00:00,143.0,24.666666666666686,7.9241251750213735,-16.742541491645312
2419,37496,2014-04-12 07:00:00,158.0,56.41525423728814,48.594597175597514,-7.820657061690625
2420,37497,2014-04-12 08:00:00,143.0,58.95263870094723,49.75549378857927,-9.19714491236796
2421,37498,2014-04-12 09:00:00,190.0,81.33333333333331,108.30737769102706,26.974044357693742
2422,37499,2014-04-12 10:00:00,151.0,66.95263870094723,64.77569642570332,-2.176942275243917
2423,37500,2014-04-12 11:00:00,187.0,122.54437869822485,101.30969211377156,-21.234686584453286
2424,37501,2014-04-12 12:00:00,114.0,49.54437869822485,37.23379771448529,-12.310580983739555
2425,37502,2014-04-12 13:00:00,88.0,23.544378698224847,14.974420763230938,-8.569957934993909
2426,37503,2014-04-12 14:00:00,78.0,13.544378698224847,2.5565699738249066,-10.98780872439994
2427,37504,2014-04-12 15:00:00,75.0,10.544378698224847,0.09212724357712432,-10.452251454647723
2428,37505,2014-04-12 16:00:00,89.0,24.544378698224847,13.077479211577526,-11.466899486647321
2429,37506,2014-04-12 17:00:00,91.0,26.544378698224847,15.077479211577526,-11.466899486647321
2430,37507,2014-04-12 18:00:00,109.0,44.54437869822485,36.82848671075499,-7.71589198746986
2431,37508,2014-04-12 19:00:00,119.0,34.95263870094723,34.824288663516285,-0.1283500374309483
2432,37509,2014-04-12 20:00:00,119.0,34.95263870094723,31.90013520300694,-3.052503497940293
2433,37510,2014-04-12 21:00:00,110.0,25.952638700947233,22.82342537276203,-3.1292133281852017
2434,37511,2014-04-12 22:00:00,120.0,35.95263870094723,33.69987203226276,-2.2527666686844725
2435,37512,2014-04-12 23:00:00,155.0,70.95263870094723,60.245102116898195,-10.707536584049038
2436,37513,2014-04-13 00:00:00,120.0,35.95263870094723,15.216974045610982,-20.73566465533625
2437,37514,2014-04-13 01:00:00,128.0,43.95263870094723,23.216974045610982,-20.73566465533625
2438,37515,2014-04-13 02:00:00,131.0,46.95263870094723,23.105062624523995,-23.847576076423238
2439,37516,2014-04-13 03:00:00,142.0,57.95263870094723,33.754069253914125,-24.19856944703311
2440,37517,2014-04-13 04:00:00,144.0,42.41525423728814,36.251490746327775,-6.163763490960363
2441,37518,2014-04-13 05:00:00,150.0,48.41525423728814,43.747722097035776,-4.667532140252362
2442,37519,2014-04-13 06:00:00,151.0,49.41525423728814,42.009980351479925,-7.405273885808214
2443,37520,2014-04-13 07:00:00,149.0,47.41525423728814,36.09876856211838,-11.316485675169758
2444,37521,2014-04-13 08:00:00,157.0,13.753950338600447,42.65039851092115,28.896448172320703
2445,37522,2014-04-13 09:00:00,173.0,29.753950338600447,57.24118334706405,27.487233008463605
2446,37523,2014-04-13 10:00:00,182.0,38.75395033860045,63.43014143944605,24.6761911008456
2447,37524,2014-04-13 11:00:00,188.0,77.62595419847328,74.21467963383816,-3.4112745646351215
2448,37525,2014-04-13 12:00:00,175.0,64.62595419847328,64.55796598532477,-0.06798821314851011
2449,37526,2014-04-13 13:00:00,167.0,56.62595419847328,63.44434464446465,6.818390445991369
2450,37527,2014-04-13 14:00:00,162.0,51.62595419847328,55.69459725919742,4.068643060724142
2451,37528,2014-04-13 15:00:00,157.0,46.62595419847328,50.2846821388042,3.6587279403309196
2452,37529,2014-04-13 16:00:00,147.0,36.62595419847328,41.77831850244057,5.152364303967289
2453,37530,2014-04-13 17:00:00,157.0,46.62595419847328,50.645167619425436,4.0192134209521555
2454,37531,2014-04-13 18:00:00,159.0,48.62595419847328,54.88298103022602,6.257026831752739
2455,37532,2014-04-13 19:00:00,134.0,23.62595419847328,32.070417509926244,8.444463311452964
2456,37533,2014-04-13 20:00:00,136.0,25.62595419847328,33.40850960163398,7.7825554031607
2457,37534,2014-04-13 21:00:00,158.0,14.753950338600447,54.53626541683863,39.782315078238184
2458,37535,2014-04-13 22:00:00,186.0,42.75395033860045,71.62624151606826,28.872291177467815
2459,37536,2014-04-13 23:00:00,231.0,87.75395033860045,116.62624151606826,28.872291177467815
2460,37537,2014-04-14 00:00:00,254.0,110.75395033860045,136.58979970711897,25.835849368518524
2461,37538,2014-04-14 01:00:00,249.0,105.75395033860045,131.52271807776094,25.768767739160495
2462,37539,2014-04-14 02:00:00,262.0,118.75395033860045,141.14678982736785,22.392839488767407
2463,37540,2014-04-14 03:00:00,282.0,138.75395033860045,160.04873094644768,21.29478060784723
2464,37541,2014-04-14 04:00:00,280.0,136.75395033860045,159.4859817910296,22.73203145242914
2465,37542,2014-04-14 05:00:00,268.0,124.75395033860045,147.4859817910296,22.73203145242914
2466,37543,2014-04-14 06:00:00,255.0,111.75395033860045,139.1637813767,27.409831038099554
2467,37544,2014-04-14 07:00:00,247.0,103.75395033860045,126.92713039926515,23.173180060664706
2468,37545,2014-04-14 08:00:00,244.0,100.75395033860045,121.55241995982573,20.79846962122528
2469,37546,2014-04-14 09:00:00,270.0,126.75395033860045,145.8788157291126,19.124865390512156
2470,37547,2014-04-14 10:00:00,280.0,136.75395033860045,161.87455343756733,25.120603098966882
2471,37548,2014-04-14 11:00:00,274.0,105.48571428571432,147.3871071738134,41.90139288809908
2472,37549,2014-04-14 12:00:00,280.0,111.48571428571432,161.1328385270132,49.64712424129888
2473,37550,2014-04-14 13:00:00,266.0,155.62595419847327,151.23408552389947,-4.3918686745738
2474,37551,2014-04-14 14:00:00,239.0,128.62595419847327,148.9077237562208,20.281769557747538
2475,37552,2014-04-14 15:00:00,225.0,114.62595419847328,121.26882842331699,6.642874224843709
2476,37555,2014-04-14 18:00:00,224.0,55.48571428571432,90.88761374050046,35.40189945478613
2477,37556,2014-04-14 19:00:00,246.0,77.48571428571432,115.14782081930662,37.66210653359229
2478,37557,2014-04-14 20:00:00,252.0,83.48571428571432,122.1067266198767,38.62101233416237
2479,37558,2014-04-14 21:00:00,274.0,105.48571428571432,127.96070336366697,22.474989077952642
2480,37559,2014-04-14 22:00:00,187.0,18.485714285714323,48.10653030415696,29.62081601844264
2481,37560,2014-04-14 23:00:00,80.0,30.37404580152672,32.48340394560519,2.1093581440784703
2482,37561,2014-04-15 00:00:00,56.0,87.24604966139955,70.00830713619499,-17.237742525204567
2483,37562,2014-04-15 01:00:00,55.0,88.24604966139955,70.16888392704494,-18.077165734354608
2484,37563,2014-04-15 02:00:00,55.0,88.24604966139955,68.95993991930249,-19.286109742097068
2485,37564,2014-04-15 03:00:00,57.0,86.24604966139955,67.97882128233023,-18.267228379069323
2486,37565,2014-04-15 04:00:00,67.0,76.24604966139955,60.52736585338236,-15.71868380801719
2487,37566,2014-04-15 05:00:00,69.0,74.24604966139955,60.58918817861971,-13.656861482779846
2488,37567,2014-04-15 06:00:00,78.0,65.24604966139955,48.65662230844153,-16.589427352958026
2489,37568,2014-04-15 07:00:00,83.0,60.24604966139955,41.750600644950794,-18.49544901644876
2490,37569,2014-04-15 08:00:00,105.0,38.24604966139955,17.091310457617837,-21.154739203781716
2491,37570,2014-04-15 09:00:00,112.0,56.51428571428568,17.681492892433084,-38.83279282185259
2492,37571,2014-04-15 10:00:00,104.0,6.374045801526719,20.62413321588238,14.250087414355662
2493,37572,2014-04-15 11:00:00,103.0,65.51428571428568,16.204587138687018,-49.30969857559866
2494,37573,2014-04-15 12:00:00,93.0,75.51428571428568,32.37974224046438,-43.134543473821296
2495,37574,2014-04-15 13:00:00,106.0,4.374045801526719,10.598996841729601,6.224951040202882
2496,37575,2014-04-15 14:00:00,53.0,11.455621301775153,51.7053858846038,40.24976458282865
2497,37576,2014-04-15 15:00:00,54.0,10.455621301775153,50.881134071129225,40.42551276935407
2498,37577,2014-04-15 16:00:00,48.0,16.455621301775153,31.04893092267416,14.593309620899007
2499,37578,2014-04-15 17:00:00,38.0,26.455621301775153,44.17792110667929,17.72229980490414
2500,37579,2014-04-15 18:00:00,40.0,44.04736129905277,46.990950055119114,2.9435887560663474
2501,37580,2014-04-15 19:00:00,34.0,50.04736129905277,56.86513477372023,6.817773474667462
2502,37581,2014-04-15 20:00:00,47.0,37.04736129905277,44.177528768960286,7.130167469907519
2503,37582,2014-04-15 21:00:00,54.0,30.047361299052767,38.65481729832793,8.60745599927516
2504,37583,2014-04-15 22:00:00,65.0,19.047361299052767,29.803471144481776,10.756109845429009
2505,37584,2014-04-15 23:00:00,41.0,43.04736129905277,45.28011399983481,2.2327527007820436
2506,37585,2014-04-16 00:00:00,39.0,45.04736129905277,54.10937022033478,9.062008921282015
2507,37586,2014-04-16 01:00:00,35.0,49.04736129905277,61.454489183160405,12.407127884107638
2508,37587,2014-04-16 02:00:00,51.0,33.04736129905277,45.13339868052955,12.086037381476785
2509,37588,2014-04-16 03:00:00,54.0,30.047361299052767,33.52279605179224,3.475434752739474
2510,37589,2014-04-16 04:00:00,69.0,15.047361299052767,24.694970641598644,9.647609342545877
2511,37590,2014-04-16 05:00:00,59.0,25.047361299052767,49.759626819714924,24.712265520662157
2512,37591,2014-04-16 06:00:00,51.0,33.04736129905277,53.964306902874284,20.916945603821517
2513,37592,2014-04-16 07:00:00,45.0,39.04736129905277,62.01778919858931,22.970427899536546
2514,37593,2014-04-16 08:00:00,44.0,40.04736129905277,63.64971086165514,23.60234956260237
2515,37594,2014-04-16 09:00:00,52.0,32.04736129905277,43.13968369414059,11.09232239508782
2516,37595,2014-04-16 10:00:00,52.0,32.04736129905277,22.33088996217279,-9.716471336879977
2517,37596,2014-04-16 11:00:00,47.0,37.04736129905277,18.58391277681676,-18.463448522236007
2518,37597,2014-04-16 12:00:00,51.0,13.455621301775153,27.18912158656805,13.733500284792896
2519,37598,2014-04-16 13:00:00,85.0,20.544378698224847,29.224017372216387,8.67963867399154
2520,37599,2014-04-16 14:00:00,80.0,15.544378698224847,20.052731913177368,4.508353214952521
2521,37600,2014-04-16 15:00:00,62.0,2.455621301775153,2.052731913177368,-0.4028893885977851
2522,37601,2014-04-16 16:00:00,57.0,7.455621301775153,7.63944460056193,0.18382329878677695
2523,37602,2014-04-16 17:00:00,56.0,8.455621301775153,21.68925969684831,13.233638395073157
2524,37603,2014-04-16 18:00:00,67.0,2.544378698224847,8.482490718972556,5.93811202074771
2525,37604,2014-04-16 19:00:00,96.0,31.544378698224847,20.05963520454229,-11.484743493682558
2526,37605,2014-04-16 20:00:00,91.0,6.952638700947233,12.09237226942031,5.139733568473076
2527,37606,2014-04-16 21:00:00,84.0,0.04736129905276698,2.632320269621559,2.584958970568792
2528,37607,2014-04-16 22:00:00,101.0,16.952638700947233,14.332281028953545,-2.6203576719936876
2529,37608,2014-04-16 23:00:00,134.0,49.95263870094723,47.161939148611665,-2.7906995523355675
2530,37609,2014-04-17 00:00:00,127.0,42.95263870094723,39.55853309084692,-3.3941056101003113
2531,37610,2014-04-17 01:00:00,123.0,38.95263870094723,18.386132853734054,-20.56650584721318
2532,37611,2014-04-17 02:00:00,112.0,27.952638700947233,19.795084455054834,-8.157554245892399
2533,37612,2014-04-17 03:00:00,109.0,24.952638700947233,14.945812388407418,-10.006826312539815
2534,37613,2014-04-17 04:00:00,145.0,60.95263870094723,51.861737774119945,-9.090900926827288
2535,37614,2014-04-17 05:00:00,124.0,19.246049661399553,11.057259203870046,-8.188790457529507
2536,37615,2014-04-17 06:00:00,107.0,36.24604966139955,6.705056833876,-29.540992827523553
2537,37616,2014-04-17 07:00:00,109.0,34.24604966139955,11.169046142221049,-23.077003519178504
2538,37617,2014-04-17 08:00:00,110.0,33.24604966139955,10.346645003171162,-22.89940465822839
2539,37618,2014-04-17 09:00:00,116.0,27.246049661399553,4.3827936670907235,-22.86325599430883
2540,37619,2014-04-17 10:00:00,105.0,54.81818181818182,2.1889123791661405,-52.62926943901568
2541,37620,2014-04-17 11:00:00,93.0,129.2,82.77878030334941,-46.42121969665058
2542,37621,2014-04-17 12:00:00,106.0,116.19999999999999,75.86736561241199,-40.332634387588
2543,37622,2014-04-17 13:00:00,103.0,40.24604966139955,23.35995610341702,-16.886093557982534
2544,37623,2014-04-17 14:00:00,102.0,41.24604966139955,26.73122837921312,-14.514821282186432
2545,37624,2014-04-17 15:00:00,101.0,6.451612903225808,35.98857180169779,29.53695889847198
2546,37625,2014-04-17 16:00:00,101.0,42.24604966139955,32.00782187856984,-10.23822778282971
2547,37626,2014-04-17 17:00:00,117.0,26.246049661399553,16.024581975902294,-10.22146768549726
2548,37627,2014-04-17 18:00:00,131.0,12.246049661399553,1.4144996964484449,-10.831549964951108
2549,37628,2014-04-17 19:00:00,128.0,15.246049661399553,4.774718011397226,-10.471331650002327
2550,37629,2014-04-17 20:00:00,127.0,16.246049661399553,6.335444787583953,-9.9106048738156
2551,37630,2014-04-17 21:00:00,141.0,2.246049661399553,8.943407108928852,6.697357447529299
2552,37631,2014-04-17 22:00:00,137.0,6.246049661399553,5.769884243004071,-0.47616541839548177
2553,37632,2014-04-17 23:00:00,151.0,7.753950338600447,20.346799627619447,12.592849289019
2554,37633,2014-04-18 00:00:00,152.0,8.753950338600447,21.5285825373453,12.774632198744854
2555,37634,2014-04-18 01:00:00,148.0,4.753950338600447,3.384517670825744,-1.3694326677747028
2556,37635,2014-04-18 02:00:00,151.0,7.753950338600447,1.0303428056975577,-6.723607532902889
2557,37636,2014-04-18 03:00:00,156.0,12.753950338600447,5.883921744381155,-6.870028594219292
2558,37637,2014-04-18 04:00:00,143.0,0.2460496613995531,3.5577599113137808,3.3117102499142277
2559,37638,2014-04-18 05:00:00,141.0,2.246049661399553,5.557759911313781,3.3117102499142277
2560,37639,2014-04-18 06:00:00,140.0,3.246049661399553,0.0652682394052988,-3.1807814219942543
2561,37640,2014-04-18 07:00:00,150.0,6.753950338600447,1.8665350839968085,-4.8874152546036385
2562,37641,2014-04-18 08:00:00,162.0,18.753950338600447,12.110752202453114,-6.643198136147333
2563,37642,2014-04-18 09:00:00,171.0,27.753950338600447,14.37186073041218,-13.382089608188267
2564,37643,2014-04-18 10:00:00,179.0,35.75395033860045,39.553550043812095,3.799599705211648
2565,37644,2014-04-18 11:00:00,193.0,24.485714285714323,55.24367319854326,30.75795891282894
2566,37645,2014-04-18 12:00:00,170.0,1.485714285714323,11.747651073303558,10.261936787589235
2567,37646,2014-04-18 13:00:00,167.0,1.514285714285677,20.430435363874466,18.91614964958879
2568,37647,2014-04-18 14:00:00,158.0,10.514285714285677,9.68820225432691,-0.8260834599587668
2569,37648,2014-04-18 15:00:00,158.0,10.514285714285677,10.837747014237152,0.3234612999514752
2570,37649,2014-04-18 16:00:00,176.0,7.485714285714323,30.604289420311858,23.118575134597535
2571,37650,2014-04-18 17:00:00,162.0,6.514285714285677,16.621403830979546,10.107118116693869
2572,37651,2014-04-18 18:00:00,153.0,9.753950338600447,10.767684189719944,1.0137338511194969
2573,37652,2014-04-18 19:00:00,129.0,14.246049661399553,18.876748871326598,4.6306992099270445
2574,37653,2014-04-18 20:00:00,92.0,51.24604966139955,18.016139661112575,-33.22991000028698
2575,37654,2014-04-18 21:00:00,83.0,60.24604966139955,25.871382283886305,-34.37466737751325
2576,37655,2014-04-18 22:00:00,74.0,69.24604966139955,34.871382283886305,-34.37466737751325
2577,37656,2014-04-18 23:00:00,86.0,1.952638700947233,22.54916552907659,20.596526828129356
2578,37657,2014-04-19 00:00:00,83.0,60.24604966139955,26.03400988065944,-34.21203978074011
2579,37658,2014-04-19 01:00:00,84.0,59.24604966139955,31.21545630003986,-28.030593361359692
2580,37659,2014-04-19 02:00:00,84.0,59.24604966139955,28.184227730505796,-31.061821930893757
2581,37660,2014-04-19 03:00:00,77.0,66.24604966139955,34.69951798240187,-31.54653167899768
2582,37661,2014-04-19 04:00:00,75.0,68.24604966139955,36.09038756384376,-32.15566209755579
2583,37662,2014-04-19 05:00:00,64.0,79.24604966139955,51.29993933384847,-27.946110327551082
2584,37663,2014-04-19 06:00:00,59.0,84.24604966139955,55.03426700605159,-29.21178265534796
2585,37664,2014-04-19 07:00:00,59.0,84.24604966139955,53.75496019065427,-30.49108947074528
2586,37665,2014-04-19 08:00:00,72.0,71.24604966139955,41.21569049368456,-30.03035916771499
2587,37666,2014-04-19 09:00:00,69.0,74.24604966139955,48.23101507793331,-26.015034583466246
2588,37667,2014-04-19 10:00:00,69.0,74.24604966139955,48.23101507793331,-26.015034583466246
2589,37668,2014-04-19 11:00:00,56.0,28.047361299052767,36.16578534266279,8.11842404361002
2590,37669,2014-04-19 12:00:00,44.0,40.04736129905277,44.78686713432127,4.739505835268503
2591,37670,2014-04-19 13:00:00,48.0,36.04736129905277,61.07914365939918,25.031782360346412
2592,37671,2014-04-19 14:00:00,40.0,103.24604966139955,76.89092237938264,-26.35512728201691
2593,37672,2014-04-19 15:00:00,46.0,97.24604966139955,64.72341066840514,-32.522638992994416
2594,37673,2014-04-19 16:00:00,55.0,88.24604966139955,53.16351079794252,-35.08253886345703
2595,37674,2014-04-19 17:00:00,57.0,86.24604966139955,51.871382283886305,-34.37466737751325
2596,37675,2014-04-19 18:00:00,52.0,91.24604966139955,56.871382283886305,-34.37466737751325
2597,37676,2014-04-19 19:00:00,55.0,88.24604966139955,54.69014092914469,-33.55590873225486
2598,37677,2014-04-19 20:00:00,59.0,84.24604966139955,50.752981321851564,-33.49306833954799
2599,37678,2014-04-19 21:00:00,67.0,76.24604966139955,43.341155992406655,-32.9048936689929
2600,37679,2014-04-19 22:00:00,72.0,29.58474576271186,37.22472399362459,7.639978230912732
2601,37680,2014-04-19 23:00:00,78.0,23.58474576271186,32.26515647657992,8.680410713868056
2602,37681,2014-04-20 00:00:00,95.0,6.5847457627118615,13.967380122914165,7.382634360202303
2603,37682,2014-04-20 01:00:00,105.0,3.4152542372881385,6.518189393024159,3.10293515573602
2604,37683,2014-04-20 02:00:00,112.0,10.415254237288138,0.13416601153355145,-10.281088225754587
2605,37684,2014-04-20 03:00:00,128.0,26.41525423728814,13.653812065200398,-12.76144217208774
2606,37685,2014-04-20 04:00:00,127.0,25.41525423728814,13.512889522922038,-11.9023647143661
2607,37686,2014-04-20 05:00:00,128.0,34.0,32.06874261245193,-1.9312573875480723
2608,37687,2014-04-20 06:00:00,121.0,57.61904761904761,2.4217889026121355,-55.19725871643548
2609,37688,2014-04-20 07:00:00,84.0,47.125,9.874898655598486,-37.250101344401514
2610,37689,2014-04-20 08:00:00,87.0,44.125,9.55320014973637,-34.57179985026363
2611,37690,2014-04-20 09:00:00,64.0,25.711711711711715,3.4701595418934232,-22.24155216981829
2612,37691,2014-04-20 10:00:00,52.0,33.07954545454545,4.079701032562646,-28.999844421982807
2613,37692,2014-04-20 11:00:00,30.0,11.079545454545453,3.121245473520645,-7.958299981024808
2614,37693,2014-04-20 12:00:00,23.0,4.079545454545453,5.362235078731469,1.2826896241860162
2615,37694,2014-04-20 13:00:00,22.0,42.45562130177515,56.82871849644836,14.373097194673207
2616,37695,2014-04-20 14:00:00,17.0,47.45562130177515,62.02393749221946,14.568316190444307
2617,37696,2014-04-20 15:00:00,22.0,76.32258064516131,35.572868941873466,-40.74971170328784
2618,37697,2014-04-20 16:00:00,33.0,31.455621301775153,45.25874626253635,13.803124960761195
2619,37698,2014-04-20 17:00:00,43.0,21.455621301775153,52.40155461931738,30.945933317542227
2620,37699,2014-04-20 18:00:00,49.0,61.37404580152672,61.417629098747554,0.04358329722083454
2621,37700,2014-04-20 19:00:00,56.0,54.37404580152672,53.57205817129508,-0.8019876302316362
2622,37701,2014-04-20 20:00:00,59.0,51.37404580152672,57.972154942846856,6.598109141320137
2623,37702,2014-04-20 21:00:00,69.0,41.37404580152672,38.31539012029684,-3.0586556812298795
2624,37703,2014-04-20 22:00:00,59.0,84.24604966139955,46.6525140083978,-37.59353565300175
2625,37704,2014-04-20 23:00:00,72.0,71.24604966139955,42.43644407958216,-28.809605581817394
2626,37705,2014-04-21 00:00:00,76.0,32.666666666666686,5.470605359730968,-27.196061306935718
2627,37706,2014-04-21 01:00:00,90.0,53.24604966139955,26.409647666786086,-26.836401994613468
2628,37707,2014-04-21 02:00:00,91.0,17.666666666666686,11.54300585423401,-6.123660812432675
2629,37708,2014-04-21 03:00:00,90.0,18.666666666666686,0.648877188557833,-18.017789478108853
2630,37709,2014-04-21 04:00:00,91.0,50.9375,23.346201913168798,-27.591298086831202
2631,37710,2014-04-21 05:00:00,66.0,25.9375,0.9155733039865765,-25.021926696013423
2632,37711,2014-04-21 06:00:00,46.0,5.9375,15.746875260633495,9.809375260633495
2633,37712,2014-04-21 07:00:00,49.0,94.24604966139955,63.45219742747551,-30.793852233924042
2634,37713,2014-04-21 08:00:00,48.0,36.04736129905277,57.21156935917526,21.16420806012249
2635,37714,2014-04-21 09:00:00,45.0,39.04736129905277,47.15827340332193,8.110912104269161
2636,37715,2014-04-21 10:00:00,44.0,20.455621301775153,23.993799275628163,3.53817797385301
2637,37716,2014-04-21 11:00:00,39.0,25.455621301775153,18.33961513542389,-7.116006166351262
2638,37717,2014-04-21 12:00:00,23.0,41.45562130177515,47.32611987137683,5.870498569601679
2639,37718,2014-04-21 13:00:00,26.0,38.45562130177515,29.80354558220479,-8.652075719570362
2640,37719,2014-04-21 14:00:00,24.0,40.45562130177515,50.12372934337323,9.668108041598074
2641,37720,2014-04-21 15:00:00,25.0,39.45562130177515,52.27442436914501,12.818803067369856
2642,37721,2014-04-21 16:00:00,30.0,34.45562130177515,47.003154004114094,12.547532702338941
2643,37722,2014-04-21 17:00:00,44.0,20.455621301775153,34.46455938621904,14.008938084443884
2644,37723,2014-04-21 18:00:00,30.0,34.45562130177515,47.92113719843168,13.465515896656527
2645,37724,2014-04-21 19:00:00,32.0,32.45562130177515,67.0309839614174,34.57536265964225
2646,37725,2014-04-21 20:00:00,36.0,28.455621301775153,63.30229788589506,34.846676584119905
2647,37726,2014-04-21 21:00:00,43.0,41.04736129905277,50.74233347619905,9.694972177146283
2648,37727,2014-04-21 22:00:00,66.0,32.32258064516131,2.4541246242776538,-29.868456020883656
2649,37728,2014-04-21 23:00:00,68.0,75.24604966139955,46.28087763910446,-28.965172022295093
2650,37729,2014-04-22 00:00:00,73.0,70.24604966139955,40.709325300497184,-29.53672436090237
2651,37730,2014-04-22 01:00:00,90.0,53.24604966139955,23.48077337896288,-29.765276282436673
2652,37731,2014-04-22 02:00:00,106.0,2.6666666666666856,24.587553448236662,21.920886781569976
2653,37732,2014-04-22 03:00:00,102.0,6.666666666666686,9.303213495711148,2.6365468290444625
2654,37733,2014-04-22 04:00:00,66.0,25.9375,12.863046904243859,-13.074453095756141
2655,37734,2014-04-22 05:00:00,65.0,33.32258064516131,14.346073200528139,-18.97650744463317
2656,37735,2014-04-22 06:00:00,52.0,11.9375,10.629745138331579,-1.3077548616684211
2657,37736,2014-04-22 07:00:00,68.0,27.9375,1.9480915229380003,-25.989408477062
2658,37737,2014-04-22 08:00:00,104.0,63.9375,33.78387668241389,-30.15362331758611
2659,37738,2014-04-22 09:00:00,84.0,43.9375,17.51055471327301,-26.42694528672699
2660,37739,2014-04-22 10:00:00,42.0,23.079545454545453,6.480705987980649,-16.598839466564804
2661,37740,2014-04-22 11:00:00,36.0,28.455621301775153,38.2229121628736,9.767290861098445
2662,37741,2014-04-22 12:00:00,56.0,8.455621301775153,20.34667174161234,11.891050439837187
2663,37742,2014-04-22 13:00:00,51.0,13.455621301775153,37.242153559585304,23.78653225781015
2664,37743,2014-04-22 14:00:00,170.0,105.54437869822485,76.20067385128606,-29.34370484693879
2665,37744,2014-04-22 15:00:00,87.0,22.544378698224847,2.0370104182873376,-20.50736827993751
2666,37745,2014-04-22 16:00:00,55.0,55.37404580152672,30.81167078238464,-24.56237501914208
2667,37746,2014-04-22 17:00:00,107.0,3.3740458015267194,3.2360428162667603,-0.13800298525995913
2668,37747,2014-04-22 18:00:00,105.0,5.374045801526719,3.6737101823200646,-1.7003356192066548
2669,37748,2014-04-22 19:00:00,66.0,44.37404580152672,35.77572844910463,-8.598317352422086
2670,37749,2014-04-22 20:00:00,73.0,37.37404580152672,42.78166929544285,5.407623493916134
2671,37750,2014-04-22 21:00:00,76.0,34.37404580152672,29.670114341894916,-4.703931459631804
2672,37751,2014-04-22 22:00:00,60.0,50.37404580152672,40.000957072835405,-10.373088728691314
2673,37752,2014-04-22 23:00:00,64.0,46.37404580152672,41.083160331950225,-5.290885469576494
2674,37753,2014-04-23 00:00:00,73.0,37.37404580152672,26.278208462362954,-11.095837339163765
2675,37754,2014-04-23 01:00:00,81.0,62.24604966139955,22.329008450022414,-39.91704121137714
2676,37755,2014-04-23 02:00:00,88.0,55.24604966139955,28.691384786921887,-26.554664874477666
2677,37756,2014-04-23 03:00:00,98.0,45.24604966139955,21.410875940158192,-23.83517372124136
2678,37757,2014-04-23 04:00:00,99.0,44.24604966139955,22.95770264311622,-21.288347018283332
2679,37758,2014-04-23 05:00:00,99.0,44.24604966139955,23.284405575139957,-20.961644086259597
2680,37759,2014-04-23 06:00:00,108.0,35.24604966139955,35.0841090978077,-0.16194056359185538
2681,37760,2014-04-23 07:00:00,129.0,14.246049661399553,17.984524724321716,3.738475062922163
2682,37761,2014-04-23 08:00:00,136.0,7.246049661399553,18.679863821299108,11.433814159899555
2683,37762,2014-04-23 09:00:00,151.0,17.514285714285677,4.667423972065961,-12.846861742219716
2684,37763,2014-04-23 10:00:00,162.0,6.514285714285677,1.8408339763500976,-4.673451737935579
2685,37764,2014-04-23 11:00:00,164.0,4.514285714285677,6.040354510204821,1.5260687959191443
2686,37765,2014-04-23 12:00:00,174.0,5.485714285714323,15.304377318791552,9.818663033077229
2687,37766,2014-04-23 13:00:00,185.0,16.485714285714323,26.304377318791552,9.818663033077229
2688,37767,2014-04-23 14:00:00,168.0,0.5142857142856769,10.052985111121245,9.538699396835568
2689,37768,2014-04-23 15:00:00,154.0,14.514285714285677,3.744998601508854,-10.769287112776823
2690,37769,2014-04-23 16:00:00,143.0,25.514285714285677,35.0191512230341,9.504865508748424
2691,37770,2014-04-23 17:00:00,139.0,29.514285714285677,0.7474486787415628,-28.766837035544114
2692,37771,2014-04-23 18:00:00,126.0,42.51428571428568,11.931301321258417,-30.58298439302726
2693,37772,2014-04-23 19:00:00,98.0,70.51428571428568,58.722189347875116,-11.792096366410561
2694,37773,2014-04-23 20:00:00,101.0,67.51428571428568,25.874404905569648,-41.63988080871603
2695,37774,2014-04-23 21:00:00,71.0,97.51428571428568,73.64365971370341,-23.870626000582263
2696,37775,2014-04-23 22:00:00,73.0,95.51428571428568,72.16540007203741,-23.348885642248263
2697,37776,2014-04-23 23:00:00,80.0,63.24604966139955,60.830141563654905,-2.415908097744648
2698,37777,2014-04-24 00:00:00,82.0,86.51428571428568,71.93219747435776,-14.582088239927913
2699,37778,2014-04-24 01:00:00,76.0,67.24604966139955,72.65131549333236,5.405265831932809
2700,37779,2014-04-24 02:00:00,84.0,59.24604966139955,48.861958809293526,-10.384090852106027
2701,37780,2014-04-24 03:00:00,89.0,54.24604966139955,66.29580035567503,12.049750694275474
2702,37781,2014-04-24 04:00:00,91.0,52.24604966139955,63.86364998841998,11.617600327020426
2703,37782,2014-04-24 05:00:00,96.0,47.24604966139955,58.96028735105733,11.714237689657779
2704,37783,2014-04-24 06:00:00,107.0,36.24604966139955,46.139248495374574,9.89319883397502
2705,37784,2014-04-24 07:00:00,109.0,34.24604966139955,41.08203356105349,6.8359838996539395
2706,37785,2014-04-24 08:00:00,112.0,31.246049661399553,31.657026311997896,0.410976650598343
2707,37786,2014-04-24 09:00:00,119.0,24.246049661399553,19.333462218691096,-4.912587442708457
2708,37787,2014-04-24 10:00:00,122.0,46.51428571428568,19.29796082308141,-27.216324891204266
2709,37788,2014-04-24 11:00:00,125.0,43.51428571428568,15.935370212163178,-27.5789155021225
2710,37789,2014-04-24 12:00:00,121.0,47.51428571428568,35.486378733068165,-12.027906981217512
2711,37790,2014-04-24 13:00:00,128.0,40.51428571428568,32.53767213883111,-7.976613575454564
2712,37791,2014-04-24 14:00:00,135.0,33.51428571428568,24.99881405999676,-8.515471654288916
2713,37792,2014-04-24 15:00:00,136.0,32.51428571428568,21.761035205675967,-10.75325050860971
2714,37793,2014-04-24 16:00:00,121.0,47.51428571428568,31.653655857178734,-15.860629857106943
2715,37794,2014-04-24 17:00:00,117.0,51.51428571428568,35.653655857178734,-15.860629857106943
2716,37795,2014-04-24 18:00:00,105.0,63.51428571428568,36.37391459397139,-27.140371120314285
2717,37796,2014-04-24 19:00:00,100.0,68.51428571428568,57.323866925212116,-11.190418789073561
2718,37797,2014-04-24 20:00:00,117.0,51.51428571428568,39.197733591878745,-12.316552122406932
2719,37798,2014-04-24 21:00:00,118.0,50.51428571428568,45.925233893785986,-4.589051820499691
2720,37799,2014-04-24 22:00:00,121.0,47.51428571428568,25.454278623095036,-22.06000709119064
2721,37800,2014-04-24 23:00:00,140.0,28.514285714285677,1.1038985422183032,-27.410387172067374
2722,37801,2014-04-25 00:00:00,139.0,4.246049661399553,9.286796121462316,5.040746460062763
2723,37802,2014-04-25 01:00:00,136.0,7.246049661399553,8.68940335199764,1.4433536905980873
2724,37803,2014-04-25 02:00:00,143.0,0.2460496613995531,16.393723202877197,16.147673541477644
2725,37804,2014-04-25 03:00:00,155.0,11.753950338600447,30.080355732949997,18.32640539434955
2726,37805,2014-04-25 04:00:00,141.0,2.246049661399553,14.484724539350552,12.238674877950999
2727,37806,2014-04-25 05:00:00,110.0,33.24604966139955,16.71114151410771,-16.534908147291844
2728,37807,2014-04-25 06:00:00,118.0,25.246049661399553,7.675086481092677,-17.570963180306876
2729,37808,2014-04-25 07:00:00,124.0,19.246049661399553,4.773727827605285,-14.472321833794268
2730,37809,2014-04-25 08:00:00,135.0,8.246049661399553,8.890959028636019,0.6449093672364654
2731,37810,2014-04-25 09:00:00,156.0,12.514285714285677,25.19934032888716,12.685054614601484
2732,37811,2014-04-25 10:00:00,163.0,5.514285714285677,53.59713174458052,48.082846030294846
2733,37812,2014-04-25 11:00:00,167.0,1.514285714285677,37.04364870649886,35.52936299221318
2734,37813,2014-04-25 12:00:00,169.0,0.48571428571432307,41.639300320738215,41.15358603502389
2735,37814,2014-04-25 13:00:00,177.0,8.485714285714323,79.46924464579409,70.98353036007977
2736,37815,2014-04-25 14:00:00,131.0,37.51428571428568,25.21557271877049,-12.298712995515189
2737,37816,2014-04-25 15:00:00,102.0,8.37404580152672,2.7341762939610845,-5.639869507565635
2738,37817,2014-04-25 16:00:00,90.0,20.37404580152672,25.778462425620162,5.404416624093443
2739,37818,2014-04-25 17:00:00,96.0,35.125,51.669053803294275,16.544053803294275
2740,37819,2014-04-25 18:00:00,112.0,19.125,35.02590277613095,15.900902776130948
2741,37820,2014-04-25 19:00:00,101.0,121.19999999999999,40.36634798584552,-80.83365201415447
2742,37821,2014-04-25 20:00:00,101.0,82.07954545454545,73.11666689422894,-8.962878560316511
2743,37822,2014-04-25 21:00:00,104.0,85.07954545454545,75.42039793705896,-9.659147517486488
2744,37823,2014-04-25 22:00:00,92.0,74.89473684210526,60.00543463126379,-14.889302210841471
2745,37824,2014-04-25 23:00:00,55.0,33.0,27.79587701239093,-5.204122987609072
2746,37825,2014-04-26 00:00:00,27.0,5.0,0.5320139445053513,-4.467986055494649
2747,37826,2014-04-26 01:00:00,30.0,113.24604966139955,82.13399085200943,-31.11205880939012
2748,37827,2014-04-26 02:00:00,27.0,23.18181818181818,49.162569252109435,25.980751070291255
2749,37828,2014-04-26 03:00:00,21.0,29.18181818181818,60.915121582598445,31.733303400780265
2750,37829,2014-04-26 04:00:00,25.0,25.18181818181818,59.86740607805267,34.68558789623449
2751,37830,2014-04-26 05:00:00,23.0,15.288288288288285,33.810999488101885,18.5227111998136
2752,37831,2014-04-26 06:00:00,28.0,115.24604966139955,91.2597296996036,-23.986319961795957
2753,37832,2014-04-26 07:00:00,29.0,177.0,111.32798458523683,-65.67201541476317
2754,37833,2014-04-26 08:00:00,31.0,191.2,115.4861794210733,-75.71382057892669
2755,37834,2014-04-26 09:00:00,38.0,105.24604966139955,85.7519189689956,-19.494130692403957
2756,37835,2014-04-26 10:00:00,39.0,104.24604966139955,67.26317875955709,-36.98287090184246
2757,37836,2014-04-26 11:00:00,61.0,20.9375,7.67054809992041,-13.26695190007959
2758,37837,2014-04-26 12:00:00,42.0,1.9375,10.865202043854133,8.927702043854133
2759,37838,2014-04-26 13:00:00,47.0,63.37404580152672,32.97503170811294,-30.399014093413783
2760,37839,2014-04-26 14:00:00,52.0,58.37404580152672,31.620594748631078,-26.75345105289564
2761,37840,2014-04-26 15:00:00,47.0,63.37404580152672,61.80989845115394,-1.564147350372778
2762,37841,2014-04-26 16:00:00,42.0,68.37404580152672,65.23156687761892,-3.1424789239078024
2763,37842,2014-04-26 17:00:00,48.0,120.51428571428568,85.26686686330396,-35.24741885098172
2764,37843,2014-04-26 18:00:00,52.0,91.24604966139955,81.25142229234208,-9.994627369057469
2765,37844,2014-04-26 19:00:00,48.0,95.24604966139955,79.63870350015344,-15.607346161246113
2766,37845,2014-04-26 20:00:00,59.0,84.24604966139955,68.07563070370048,-16.17041895769907
2767,37846,2014-04-26 21:00:00,48.0,95.24604966139955,80.28447165224406,-14.961578009155488
2768,37847,2014-04-26 22:00:00,35.0,108.24604966139955,95.20006996001442,-13.045979701385136
2769,37848,2014-04-26 23:00:00,41.0,102.24604966139955,88.02667717405822,-14.219372487341332
2770,37849,2014-04-27 00:00:00,36.0,107.24604966139955,93.3277048357485,-13.918344825651047
2771,37850,2014-04-27 01:00:00,41.0,102.24604966139955,88.95757230895322,-13.288477352446336
2772,37851,2014-04-27 02:00:00,49.0,94.24604966139955,80.80756224879258,-13.438487412606975
2773,37852,2014-04-27 03:00:00,59.0,84.24604966139955,68.73489997171764,-15.511149689681915
2774,37853,2014-04-27 04:00:00,72.0,35.45161290322581,60.82770355430222,25.37609065107641
2775,37854,2014-04-27 05:00:00,80.0,126.0,64.5726200844957,-61.427379915504304
2776,37855,2014-04-27 06:00:00,58.0,164.2,83.48107925959573,-80.71892074040426
2777,37856,2014-04-27 07:00:00,46.0,176.2,80.47516180581516,-95.72483819418483
2778,37857,2014-04-27 08:00:00,54.0,35.07954545454545,4.184055912589464,-30.89548954195599
2779,37858,2014-04-27 09:00:00,43.0,24.079545454545453,13.621613934930014,-10.457931519615439
2780,37859,2014-04-27 10:00:00,35.0,75.37404580152672,53.12279310082853,-22.25125270069819
2781,37860,2014-04-27 11:00:00,39.0,71.37404580152672,48.023911877214246,-23.350133924312473
2782,37861,2014-04-27 12:00:00,20.0,90.37404580152672,71.56986011084976,-18.80418569067696
2783,37862,2014-04-27 13:00:00,78.0,13.544378698224847,1.8464442422699108,-11.697934455954936
2784,37863,2014-04-27 14:00:00,72.0,21.22222222222222,9.746939533248131,-11.47528268897409
2785,37864,2014-04-27 15:00:00,84.0,19.544378698224847,6.947343644252413,-12.597035053972434
2786,37865,2014-04-27 16:00:00,55.0,9.455621301775153,17.197553314350003,7.74193201257485
2787,37866,2014-04-27 17:00:00,77.0,33.37404580152672,29.982708461834207,-3.3913373396925124
2788,37867,2014-04-27 18:00:00,135.0,24.62595419847328,21.728736961993405,-2.897217236479875
2789,37868,2014-04-27 19:00:00,76.0,34.37404580152672,36.2186475723838,1.844601770857082
2790,37869,2014-04-27 20:00:00,75.0,35.37404580152672,45.136464112905216,9.762418311378497
2791,37870,2014-04-27 21:00:00,98.0,12.37404580152672,29.853476729207443,17.479430927680724
2792,37871,2014-04-27 22:00:00,116.0,27.246049661399553,15.248396154347432,-11.99765350705212
2793,37872,2014-04-27 23:00:00,106.0,37.24604966139955,14.853873162166707,-22.392176499232846
2794,37873,2014-04-28 00:00:00,48.0,95.24604966139955,68.6609935778662,-26.58505608353336
2795,37874,2014-04-28 01:00:00,37.0,106.24604966139955,88.88447322389031,-17.361576437509243
2796,37875,2014-04-28 02:00:00,39.0,104.24604966139955,83.85174276991944,-20.394306891480113
2797,37876,2014-04-28 03:00:00,38.0,105.24604966139955,84.85174276991944,-20.394306891480113
2798,37877,2014-04-28 04:00:00,64.0,79.24604966139955,58.85174276991944,-20.394306891480113
2799,37878,2014-04-28 05:00:00,73.0,70.24604966139955,49.91285713394559,-20.33319252745396
2800,37879,2014-04-28 06:00:00,73.0,133.0,70.14356365303459,-62.85643634696541
2801,37880,2014-04-28 07:00:00,80.0,142.2,53.5601115034863,-88.63988849651369
2802,37881,2014-04-28 08:00:00,86.0,136.2,48.538412032993904,-87.66158796700608
2803,37882,2014-04-28 09:00:00,106.0,87.07954545454545,49.78737700555406,-37.29216844899139
2804,37883,2014-04-28 10:00:00,132.0,21.62595419847328,30.411589517658598,8.785635319185317
2805,37884,2014-04-28 11:00:00,101.0,9.37404580152672,13.369985546961288,3.995939745434569
2806,37885,2014-04-28 12:00:00,68.0,3.544378698224847,17.46169872310486,13.917320024880013
2807,37886,2014-04-28 13:00:00,51.0,13.455621301775153,19.169846967501172,5.714225665726019
2808,37887,2014-04-28 14:00:00,47.0,63.37404580152672,31.537746275311918,-31.836299526214802
2809,37888,2014-04-28 15:00:00,41.0,23.455621301775153,51.90357943656127,28.44795813478612
2810,37889,2014-04-28 16:00:00,42.0,56.32258064516131,23.060681059908248,-33.26189958525306
2811,37890,2014-04-28 17:00:00,49.0,15.455621301775153,42.15458328995787,26.698961988182717
2812,37891,2014-04-28 18:00:00,58.0,52.37404580152672,47.14106301840813,-5.232982783118587
2813,37892,2014-04-28 19:00:00,63.0,47.37404580152672,47.95632420906635,0.5822784075396328
2814,37893,2014-04-28 20:00:00,67.0,43.37404580152672,50.12133421975315,6.747288418226432
2815,37894,2014-04-28 21:00:00,72.0,38.37404580152672,36.981432091258085,-1.392613710268634
2816,37895,2014-04-28 22:00:00,105.0,38.24604966139955,19.193326986160088,-19.052722675239465
2817,37896,2014-04-28 23:00:00,86.0,57.24604966139955,38.872512824099445,-18.373536837300108
2818,37897,2014-04-29 00:00:00,81.0,62.24604966139955,44.96655991551016,-17.279489745889393
2819,37898,2014-04-29 01:00:00,92.0,51.24604966139955,25.89922998324488,-25.346819678154674
2820,37899,2014-04-29 02:00:00,93.0,50.24604966139955,25.51277336724985,-24.733276294149704
2821,37900,2014-04-29 03:00:00,105.0,38.24604966139955,12.871291266515001,-25.37475839488455
2822,37901,2014-04-29 04:00:00,94.0,49.24604966139955,19.6245481502187,-29.621501511180853
2823,37902,2014-04-29 05:00:00,91.0,52.24604966139955,23.191534301587424,-29.05451535981213
2824,37903,2014-04-29 06:00:00,83.0,60.24604966139955,37.51401820897041,-22.73203145242914
2825,37904,2014-04-29 07:00:00,96.0,47.24604966139955,25.286279367112485,-21.95977029428707
2826,37905,2014-04-29 08:00:00,113.0,30.246049661399553,2.247970181482046,-27.998079479917507
2827,37906,2014-04-29 09:00:00,121.0,10.62595419847328,16.908738877498436,6.282784679025156
2828,37907,2014-04-29 10:00:00,136.0,25.62595419847328,35.8977098521752,10.271755653701916
2829,37908,2014-04-29 11:00:00,132.0,21.62595419847328,25.024775900237785,3.398821701764504
2830,37909,2014-04-29 12:00:00,133.0,22.62595419847328,40.71937203637772,18.09341783790444
2831,37910,2014-04-29 13:00:00,136.0,25.62595419847328,20.749081834592744,-4.876872363880537
2832,37911,2014-04-29 14:00:00,111.0,0.6259541984732806,2.9489733119067125,2.323019113433432
2833,37912,2014-04-29 15:00:00,106.0,4.374045801526719,1.6582822601233715,-2.715763541403348
2834,37913,2014-04-29 16:00:00,104.0,6.374045801526719,0.8561734678560384,-5.517872333670681
2835,37914,2014-04-29 17:00:00,98.0,12.37404580152672,3.9660477598237946,-8.407998041702925
2836,37915,2014-04-29 18:00:00,99.0,11.37404580152672,16.69607474380308,5.322028942276361
2837,37916,2014-04-29 19:00:00,90.0,20.37404580152672,28.752742691531424,8.378696890004704
2838,37917,2014-04-29 20:00:00,95.0,15.37404580152672,23.982970316915143,8.608924515388424
2839,37918,2014-04-29 21:00:00,105.0,5.374045801526719,4.202939920538995,-1.1711058809877244
2840,37919,2014-04-29 22:00:00,99.0,11.37404580152672,8.073520669694119,-3.3005251318326003
2841,37920,2014-04-29 23:00:00,102.0,8.37404580152672,12.642587815607783,4.2685420140810635
2842,37921,2014-04-30 00:00:00,103.0,40.24604966139955,13.446323067966802,-26.79972659343275
2843,37922,2014-04-30 01:00:00,89.0,54.24604966139955,27.792373319805336,-26.453676341594218
2844,37923,2014-04-30 02:00:00,89.0,54.24604966139955,32.58448835740194,-21.661561303997615
2845,37924,2014-04-30 03:00:00,94.0,49.24604966139955,32.39452625045344,-16.851523410946115
2846,37925,2014-04-30 04:00:00,97.0,46.24604966139955,30.004740398230567,-16.241309263168986
2847,37926,2014-04-30 05:00:00,100.0,43.24604966139955,27.004740398230567,-16.241309263168986
2848,37927,2014-04-30 06:00:00,111.0,32.24604966139955,16.828516227593994,-15.41753343380556
2849,37928,2014-04-30 07:00:00,115.0,28.246049661399553,13.331115208113374,-14.914934453286179
2850,37929,2014-04-30 08:00:00,146.0,2.753950338600447,14.13060315897394,11.376652820373494
2851,37930,2014-04-30 09:00:00,156.0,12.514285714285677,6.099495820078175,-6.414789894207502
2852,37931,2014-04-30 10:00:00,221.0,52.48571428571432,81.20511355721322,28.7193992714989
2853,37932,2014-04-30 11:00:00,170.0,1.485714285714323,31.03487252749312,29.549158241778798
2854,37933,2014-04-30 12:00:00,135.0,33.51428571428568,39.20272250372835,5.688436789442676
2855,37934,2014-04-30 13:00:00,98.0,70.51428571428568,2.7408824895753696,-67.77340322471031
2856,37935,2014-04-30 14:00:00,86.0,82.51428571428568,19.939755405874692,-62.574530308410985
2857,37936,2014-04-30 15:00:00,81.0,87.51428571428568,33.27004201536762,-54.244243698918055
2858,37937,2014-04-30 16:00:00,79.0,89.51428571428568,37.13757156971715,-52.376714144568524
2859,37938,2014-04-30 17:00:00,153.0,15.514285714285677,38.9491565061286,23.434870791842926
2860,37939,2014-04-30 18:00:00,119.0,8.62595419847328,0.6703068672050847,-7.955647331268196
2861,37940,2014-04-30 19:00:00,94.0,74.51428571428568,27.25284593833321,-47.26143977595247
2862,37941,2014-04-30 20:00:00,91.0,77.51428571428568,30.739577586041705,-46.77470812824397
2863,37942,2014-04-30 21:00:00,90.0,78.51428571428568,35.96748212056862,-42.54680359371706
2864,37943,2014-04-30 22:00:00,90.0,78.51428571428568,28.360020894907592,-50.154264819378085
2865,37944,2014-04-30 23:00:00,87.0,81.51428571428568,53.55307832370181,-27.961207390583866
2866,37945,2014-05-01 00:00:00,94.0,1.3293172690762844,4.0058864619119845,2.6765691928357
2867,37946,2014-05-01 01:00:00,97.0,1.6706827309237156,0.28284878019606197,-1.3878339507276536
2868,37947,2014-05-01 02:00:00,107.0,11.51328273244782,3.58770021724591,-7.92558251520191
2869,37948,2014-05-01 03:00:00,112.0,16.51328273244782,9.134671813022123,-7.378610919425697
2870,37949,2014-05-01 04:00:00,152.0,56.51328273244782,50.28529221922287,-6.2279905132249525
2871,37950,2014-05-01 05:00:00,129.0,33.51328273244782,27.285292219222868,-6.2279905132249525
2872,37951,2014-05-01 06:00:00,135.0,39.51328273244782,30.66798230097629,-8.845300431471529
2873,37952,2014-05-01 07:00:00,135.0,39.51328273244782,24.274818954947932,-15.238463777499888
2874,37953,2014-05-01 08:00:00,150.0,29.685920577617324,38.32515419616249,8.639233618545163
2875,37954,2014-05-01 09:00:00,162.0,41.685920577617324,49.79162562755407,8.105705049936745
2876,37955,2014-05-01 10:00:00,155.0,20.594306049822052,37.741295016069685,17.146988966247633
2877,37956,2014-05-01 11:00:00,143.0,8.594306049822052,25.394312399473648,16.800006349651596
2878,37957,2014-05-01 12:00:00,144.0,9.594306049822052,26.5216243657855,16.927318315963447
2879,37958,2014-05-01 13:00:00,158.0,23.594306049822052,40.69783485883228,17.10352880901023
2880,37959,2014-05-01 14:00:00,202.0,81.68592057761732,87.16914466402807,5.483224086410743
2881,37960,2014-05-01 15:00:00,143.0,22.685920577617324,30.882519582276643,8.19659900465932
2882,37961,2014-05-01 16:00:00,147.0,26.685920577617324,37.145764585937286,10.459844008319962
2883,37962,2014-05-01 17:00:00,136.0,67.9322033898305,72.55869085573329,4.626487465902784
2884,37963,2014-05-01 18:00:00,130.0,92.71621621621622,93.44077728926035,0.7245610730441285
2885,37964,2014-05-01 19:00:00,68.0,30.716216216216218,31.94164106487507,1.2254248486588537
2886,37965,2014-05-01 20:00:00,113.0,75.71621621621622,83.35225677906404,7.6360405628478105
2887,37966,2014-05-01 21:00:00,54.0,36.214285714285715,34.133366285850855,-2.0809194284348607
2888,37967,2014-05-01 22:00:00,51.0,38.9,31.876888344830615,-7.023111655169384
2889,37968,2014-05-01 23:00:00,48.0,35.9,30.262586185605517,-5.637413814394481
2890,37969,2014-05-02 00:00:00,47.0,29.917613636363637,31.712429596258573,1.7948159598949367
2891,37970,2014-05-02 01:00:00,44.0,31.9,23.235513060509476,-8.664486939490523
2892,37971,2014-05-02 02:00:00,34.0,21.9,14.805846393842813,-7.094153606157185
2893,37972,2014-05-02 03:00:00,28.0,11.100000000000001,1.4536948561787177,-9.646305143821284
2894,37973,2014-05-02 04:00:00,34.0,17.1,6.3763051438212734,-10.723694856178728
2895,37974,2014-05-02 05:00:00,34.0,16.917613636363637,9.318487530234858,-7.599126106128779
2896,37975,2014-05-02 06:00:00,25.0,7.917613636363637,0.6940902999567129,-7.223523336406924
2897,37976,2014-05-02 07:00:00,26.0,8.917613636363637,6.931046917276504,-1.9865667190871328
2898,37977,2014-05-02 08:00:00,39.0,21.917613636363637,9.704865777075433,-12.212747859288204
2899,37978,2014-05-02 09:00:00,52.0,34.91761363636364,22.36864919769146,-12.54896443867218
2900,37979,2014-05-02 10:00:00,54.0,36.91761363636364,26.404949076029638,-10.512664560334002
2901,37980,2014-05-02 11:00:00,50.0,32.91761363636364,22.316139552220122,-10.601474084143518
2902,37981,2014-05-02 12:00:00,50.0,32.91761363636364,19.025792461654806,-13.891821174708834
2903,37982,2014-05-02 13:00:00,60.0,42.91761363636364,30.799502458497294,-12.118111177866346
2904,37983,2014-05-02 14:00:00,59.0,41.91761363636364,28.750575850479578,-13.167037785884062
2905,37984,2014-05-02 15:00:00,49.0,31.917613636363637,19.849353117528192,-12.068260518835444
2906,37985,2014-05-02 16:00:00,37.0,19.917613636363637,6.525276748015738,-13.392336888347899
2907,37986,2014-05-02 17:00:00,32.0,14.917613636363637,11.053792466829144,-3.863821169534493
2908,37987,2014-05-02 18:00:00,24.0,6.917613636363637,5.713724989145192,-1.2038886472184451
2909,37988,2014-05-02 19:00:00,17.0,0.08238636363636331,1.4360682954261605,1.3536819317897972
2910,37989,2014-05-02 20:00:00,21.0,63.04736129905277,51.23137052723568,-11.815990771817084
2911,37990,2014-05-02 21:00:00,27.0,42.79545454545455,19.606045626691106,-23.18940891876344
2912,37991,2014-05-02 22:00:00,27.0,57.04736129905277,44.927196592290485,-12.120164706762282
2913,37992,2014-05-02 23:00:00,42.0,53.48671726755218,34.84167424281996,-18.645043024732217
2914,37993,2014-05-03 00:00:00,42.0,53.48671726755218,34.22311049794334,-19.26360676960884
2915,37994,2014-05-03 01:00:00,55.0,40.48671726755218,21.653711789192414,-18.833005478359766
2916,37995,2014-05-03 02:00:00,48.0,17.16666666666667,48.98148010920406,31.814813442537385
2917,37996,2014-05-03 03:00:00,40.0,25.16666666666667,55.69553219317085,30.528865526504177
2918,37997,2014-05-03 04:00:00,42.0,23.16666666666667,53.78304675421094,30.61638008754427
2919,37998,2014-05-03 05:00:00,39.0,26.16666666666667,68.76470351513392,42.598036848467245
2920,37999,2014-05-03 06:00:00,64.0,1.1666666666666714,36.45836673039837,35.291700063731696
2921,38000,2014-05-03 07:00:00,88.0,7.48671726755218,10.708489993649607,3.221772726097427
2922,38001,2014-05-03 08:00:00,104.0,8.51328273244782,26.775798588671563,18.262515856223743
2923,38002,2014-05-03 09:00:00,122.0,26.51328273244782,46.271248825728875,19.757966093281055
2924,38003,2014-05-03 10:00:00,167.0,108.07836990595611,103.79393519525956,-4.284434710696544
2925,38004,2014-05-03 11:00:00,116.0,57.07836990595611,52.2002166158115,-4.87815329014461
2926,38005,2014-05-03 12:00:00,121.0,62.07836990595611,66.32783232076437,4.249462414808264
2927,38006,2014-05-03 13:00:00,113.0,54.07836990595611,58.17645153772838,4.098081631772274
2928,38007,2014-05-03 14:00:00,90.0,55.526570048309175,51.34263733255777,-4.1839327157514035
2929,38008,2014-05-03 15:00:00,59.0,21.716216216216218,22.463701022174504,0.7474848059582868
2930,38009,2014-05-03 16:00:00,66.0,28.716216216216218,29.878249816455423,1.162033600239205
2931,38010,2014-05-03 17:00:00,95.0,57.71621621621622,57.87068854403881,0.1544723278225959
2932,38011,2014-05-03 18:00:00,104.0,55.0625,71.02289979313551,15.960399793135508
2933,38012,2014-05-03 19:00:00,117.0,104.9,85.80374050838685,-19.096259491613154
2934,38013,2014-05-03 20:00:00,96.0,78.91761363636364,72.66753279806909,-6.250080838294551
2935,38014,2014-05-03 21:00:00,50.0,32.91761363636364,27.329487341755318,-5.5881262946083226
2936,38015,2014-05-03 22:00:00,50.0,32.91761363636364,27.091654896280513,-5.825958740083127
2937,38016,2014-05-03 23:00:00,48.0,30.917613636363637,25.724987374907112,-5.192626261456525
2938,38017,2014-05-04 00:00:00,52.0,34.91761363636364,29.644487258060316,-5.273126378303324
2939,38018,2014-05-04 01:00:00,39.0,21.917613636363637,16.545821506549323,-5.371792129814313
2940,38019,2014-05-04 02:00:00,35.0,17.917613636363637,5.549387789885149,-12.368225846478488
2941,38020,2014-05-04 03:00:00,50.0,32.91761363636364,20.38331698240239,-12.534296653961249
2942,38021,2014-05-04 04:00:00,38.0,20.917613636363637,8.794582985247335,-12.123030651116302
2943,38022,2014-05-04 05:00:00,41.0,23.917613636363637,11.441694096358447,-12.47591954000519
2944,38023,2014-05-04 06:00:00,46.0,28.917613636363637,16.106767659811396,-12.81084597655224
2945,38024,2014-05-04 07:00:00,51.0,33.91761363636364,21.86734348009824,-12.050270156265402
2946,38025,2014-05-04 08:00:00,51.0,33.91761363636364,21.32275140405828,-12.59486223230536
2947,38026,2014-05-04 09:00:00,59.0,41.91761363636364,20.312498034095533,-21.605115602268107
2948,38027,2014-05-04 10:00:00,57.0,45.9375,15.766528415714781,-30.17097158428522
2949,38028,2014-05-04 11:00:00,56.0,44.9375,15.695389968784887,-29.242110031215113
2950,38029,2014-05-04 12:00:00,46.0,34.9375,6.8793398786109705,-28.05816012138903
2951,38030,2014-05-04 13:00:00,50.0,32.91761363636364,11.768483727952756,-21.149129908410885
2952,38031,2014-05-04 14:00:00,52.0,34.91761363636364,13.062337374306395,-21.855276262057245
2953,38032,2014-05-04 15:00:00,49.0,31.917613636363637,11.535309669299714,-20.382303967063923
2954,38033,2014-05-04 16:00:00,43.0,31.9375,2.815454782226041,-29.12204521777396
2955,38034,2014-05-04 17:00:00,43.0,25.917613636363637,13.921503431205586,-11.99611020515805
2956,38035,2014-05-04 18:00:00,32.0,14.917613636363637,7.564588142695634,-7.353025493668003
2957,38036,2014-05-04 19:00:00,26.0,8.917613636363637,13.344461872609244,4.426848236245608
2958,38037,2014-05-04 20:00:00,31.0,13.917613636363637,2.0073367792278916,-11.910276857135745
2959,38038,2014-05-04 21:00:00,32.0,52.04736129905277,44.083423630239864,-7.963937668812903
2960,38039,2014-05-04 22:00:00,46.0,38.04736129905277,24.206467744267243,-13.840893554785524
2961,38040,2014-05-04 23:00:00,98.0,13.952638700947233,27.530884667007356,13.578245966060123
2962,38041,2014-05-05 00:00:00,67.0,1.8333333333333286,28.757147964176923,26.923814630843594
2963,38042,2014-05-05 01:00:00,82.0,16.83333333333333,12.1671733218828,-4.666160011450529
2964,38043,2014-05-05 02:00:00,65.0,0.1666666666666714,33.25108561885244,33.08441895218577
2965,38044,2014-05-05 03:00:00,85.0,158.46666666666667,86.12587068537692,-72.34079598128974
2966,38045,2014-05-05 04:00:00,63.0,2.1666666666666714,36.496321293079674,34.329654626413
2967,38046,2014-05-05 05:00:00,48.0,17.16666666666667,48.80480739628307,31.638140729616396
2968,38047,2014-05-05 06:00:00,36.0,1.5265700483091749,15.09922510265477,13.572655054345596
2969,38048,2014-05-05 07:00:00,44.0,9.526570048309175,2.825026401188488,-6.701543647120687
2970,38049,2014-05-05 08:00:00,49.0,14.526570048309175,13.363402911199692,-1.1631671371094825
2971,38050,2014-05-05 09:00:00,35.0,16.079545454545453,1.219064287180906,-14.860481167364547
2972,38051,2014-05-05 10:00:00,39.0,45.04736129905277,22.00283787769917,-23.044523421353595
2973,38052,2014-05-05 11:00:00,52.0,32.04736129905277,2.7622989527334596,-29.285062346319307
2974,38053,2014-05-05 12:00:00,31.0,53.04736129905277,16.269231049869823,-36.778130249182944
2975,38054,2014-05-05 13:00:00,39.0,19.92163009404389,3.6314759832608416,-16.29015411078305
2976,38055,2014-05-05 14:00:00,36.0,1.5265700483091749,1.456254405173155,-0.0703156431360199
2977,38056,2014-05-05 15:00:00,33.0,1.4734299516908251,0.09542612285595453,-1.3780038288348706
2978,38057,2014-05-05 16:00:00,33.0,25.92163009404389,17.885439317979326,-8.036190776064565
2979,38058,2014-05-05 17:00:00,38.0,20.92163009404389,12.863934393444211,-8.05769570059968
2980,38059,2014-05-05 18:00:00,32.0,26.92163009404389,19.336436147757276,-7.585193946286616
2981,38060,2014-05-05 19:00:00,39.0,45.04736129905277,19.53205056613102,-25.515310732921748
2982,38061,2014-05-05 20:00:00,38.0,46.04736129905277,27.623038460791335,-18.424322838261432
2983,38062,2014-05-05 21:00:00,34.0,50.04736129905277,34.177874624657576,-15.86948667439519
2984,38063,2014-05-05 22:00:00,50.0,34.04736129905277,20.078234352923673,-13.969126946129094
2985,38064,2014-05-05 23:00:00,59.0,25.047361299052767,11.775829985630892,-13.271531313421875
2986,38065,2014-05-06 00:00:00,59.0,25.047361299052767,8.973698202633898,-16.07366309641887
2987,38066,2014-05-06 01:00:00,56.0,28.047361299052767,13.684984693149076,-14.362376605903691
2988,38067,2014-05-06 02:00:00,63.0,21.047361299052767,12.283450483179138,-8.76391081587363
2989,38068,2014-05-06 03:00:00,72.0,12.047361299052767,2.4171233528912097,-9.630237946161557
2990,38069,2014-05-06 04:00:00,71.0,13.047361299052767,3.6109820302745135,-9.436379268778254
2991,38070,2014-05-06 05:00:00,75.0,9.047361299052767,0.5899788783820696,-8.457382420670697
2992,38071,2014-05-06 06:00:00,71.0,5.833333333333329,22.29239493880449,16.459061605471163
2993,38072,2014-05-06 07:00:00,61.0,8.795454545454547,4.9945198720449255,-3.800934673409621
2994,38073,2014-05-06 08:00:00,93.0,58.526570048309175,54.460428565777136,-4.066141482532039
2995,38074,2014-05-06 09:00:00,97.0,1.51328273244782,21.19392203437556,19.68063930192774
2996,38075,2014-05-06 10:00:00,110.0,14.51328273244782,33.425070581801506,18.911787849353686
2997,38076,2014-05-06 11:00:00,95.0,36.07836990595611,33.91868135384393,-2.159688552112179
2998,38077,2014-05-06 12:00:00,103.0,44.07836990595611,33.09858013310307,-10.979789772853039
2999,38078,2014-05-06 13:00:00,123.0,64.07836990595611,55.287233845057,-8.791136060899106
3000,38079,2014-05-06 14:00:00,138.0,79.07836990595611,71.80377166903726,-7.274598236918848
3001,38080,2014-05-06 15:00:00,111.0,52.07836990595611,38.999238453044555,-13.079131452911554
3002,38081,2014-05-06 16:00:00,110.0,51.07836990595611,31.079296861127446,-19.999073044828663
3003,38082,2014-05-06 17:00:00,108.0,49.07836990595611,33.16661806142076,-15.911751844535345
3004,38083,2014-05-06 18:00:00,106.0,47.07836990595611,28.194735592525248,-18.88363431343086
3005,38084,2014-05-06 19:00:00,108.0,12.51328273244782,27.071521028162522,14.558238295714702
3006,38085,2014-05-06 20:00:00,120.0,24.51328273244782,36.082770526286254,11.569487793838434
3007,38086,2014-05-06 21:00:00,154.0,58.51328273244782,69.08027284654081,10.566990114092988
3008,38087,2014-05-06 22:00:00,134.0,38.51328273244782,53.354327270644546,14.841044538196726
3009,38088,2014-05-06 23:00:00,133.0,37.51328273244782,47.543233851627164,10.029951119179344
3010,38089,2014-05-07 00:00:00,124.0,28.51328273244782,39.913818983997274,11.400536251549454
3011,38090,2014-05-07 01:00:00,126.0,30.51328273244782,40.305169091902115,9.791886359454296
3012,38091,2014-05-07 02:00:00,127.0,31.51328273244782,40.746644762021006,9.233362029573186
3013,38092,2014-05-07 03:00:00,132.0,36.51328273244782,45.531446863962415,9.018164131514595
3014,38093,2014-05-07 04:00:00,132.0,36.51328273244782,45.0427601558015,8.529477423353683
3015,38094,2014-05-07 05:00:00,135.0,65.20454545454545,44.35470787815355,-20.849837576391906
3016,38095,2014-05-07 06:00:00,159.0,63.51328273244782,71.64816521515014,8.134882482702324
3017,38096,2014-05-07 07:00:00,151.0,81.20454545454545,60.35470787815355,-20.849837576391906
3018,38097,2014-05-07 08:00:00,148.0,79.9322033898305,74.92798108164969,-5.004222308180815
3019,38098,2014-05-07 09:00:00,140.0,105.52657004830917,93.5823820218927,-11.94418802641647
3020,38099,2014-05-07 10:00:00,105.0,70.52657004830917,53.608064719682616,-16.91850532862655
3021,38100,2014-05-07 11:00:00,85.0,47.71621621621622,50.151036672392074,2.4348204561758564
3022,38101,2014-05-07 12:00:00,84.0,46.71621621621622,44.27219002333499,-2.444026192881225
3023,38102,2014-05-07 13:00:00,114.0,55.81578947368421,60.896013202935116,5.080223729250903
3024,38103,2014-05-07 14:00:00,112.0,82.8,71.93123022416903,-10.86876977583097
3025,38104,2014-05-07 15:00:00,111.0,74.57692307692308,69.36641634873769,-5.210506728185393
3026,38105,2014-05-07 16:00:00,36.0,0.4230769230769198,4.457915081074525,4.034838157997605
3027,38106,2014-05-07 17:00:00,12.0,17.2,21.365145495198874,4.165145495198875
3028,38107,2014-05-07 18:00:00,12.0,17.2,19.368916447057448,2.1689164470574482
3029,38108,2014-05-07 19:00:00,15.0,43.92163009404389,25.751317938102005,-18.170312155941886
3030,38109,2014-05-07 20:00:00,23.0,35.92163009404389,18.91959995795319,-17.002030136090703
3031,38110,2014-05-07 21:00:00,24.0,60.04736129905277,30.05454862906243,-29.992812669990336
3032,38111,2014-05-07 22:00:00,16.0,68.04736129905277,49.50043697392846,-18.54692432512431
3033,38112,2014-05-07 23:00:00,63.0,32.48671726755218,22.684538509340314,-9.802178758211866
3034,38113,2014-05-08 00:00:00,84.0,11.48671726755218,3.645181256048815,-7.841536011503365
3035,38114,2014-05-08 01:00:00,93.0,2.48671726755218,6.220957159784604,3.7342398922324236
3036,38115,2014-05-08 02:00:00,109.0,13.51328273244782,19.697525309166835,6.184242576719015
3037,38116,2014-05-08 03:00:00,128.0,32.51328273244782,40.24820160252291,7.7349188700750915
3038,38117,2014-05-08 04:00:00,125.0,29.51328273244782,38.17284437608312,8.6595616436353
3039,38118,2014-05-08 05:00:00,125.0,29.51328273244782,37.52364834780468,8.01036561535686
3040,38119,2014-05-08 06:00:00,126.0,30.51328273244782,37.28429651169252,6.771013779244697
3041,38120,2014-05-08 07:00:00,136.0,40.51328273244782,30.451744968078003,-10.061537764369817
3042,38121,2014-05-08 08:00:00,147.0,51.51328273244782,39.219812064961644,-12.293470667486176
3043,38122,2014-05-08 09:00:00,95.0,0.48671726755218003,6.781631357154453,6.294914089602273
3044,38123,2014-05-08 10:00:00,72.0,23.329317269076284,15.270161562244837,-8.059155706831447
3045,38124,2014-05-08 11:00:00,64.0,31.329317269076284,19.42769651612238,-11.901620752953903
3046,38125,2014-05-08 12:00:00,61.0,2.0783699059561087,16.261133717216993,14.182763811260884
3047,38126,2014-05-08 13:00:00,58.0,0.9216300940438913,11.00492713426273,10.083297040218838
3048,38127,2014-05-08 14:00:00,65.0,6.078369905956109,4.166244912935646,-1.9121249930204627
3049,38128,2014-05-08 15:00:00,62.0,3.0783699059561087,0.6835803220893553,-2.3947895838667534
3050,38129,2014-05-08 16:00:00,79.0,20.07836990595611,18.462871693150646,-1.6154982128054627
3051,38130,2014-05-08 17:00:00,74.0,15.078369905956109,11.294466399191634,-3.7839035067644744
3052,38131,2014-05-08 18:00:00,67.0,8.078369905956109,2.123819835429643,-5.954550070526466
3053,38132,2014-05-08 19:00:00,80.0,21.07836990595611,12.970729655625462,-8.107640250330647
3054,38133,2014-05-08 20:00:00,68.0,9.078369905956109,0.7495530606210963,-8.328816845335012
3055,38134,2014-05-08 21:00:00,63.0,32.48671726755218,9.38125339547112,-23.10546387208106
3056,38135,2014-05-08 22:00:00,55.0,40.48671726755218,17.38125339547112,-23.10546387208106
3057,38136,2014-05-08 23:00:00,70.0,25.48671726755218,3.625660534077767,-21.861056733474413
3058,38137,2014-05-09 00:00:00,84.0,11.48671726755218,6.222920028356626,-5.263797239195554
3059,38138,2014-05-09 01:00:00,65.0,30.48671726755218,12.777079971643374,-17.709637295908806
3060,38139,2014-05-09 02:00:00,65.0,30.48671726755218,10.842140313003412,-19.644576954548768
3061,38140,2014-05-09 03:00:00,70.0,25.48671726755218,10.69931460327274,-14.78740266427944
3062,38141,2014-05-09 04:00:00,70.0,25.48671726755218,6.441957909885502,-19.044759357666678
3063,38142,2014-05-09 05:00:00,75.0,20.48671726755218,1.0983829987630997,-19.38833426878908
3064,38143,2014-05-09 06:00:00,90.0,5.48671726755218,12.838024271129854,7.3513070035776735
3065,38144,2014-05-09 07:00:00,91.0,4.48671726755218,15.163703818989049,10.676986551436869
3066,38145,2014-05-09 08:00:00,87.0,8.48671726755218,10.228792487705007,1.7420752201528273
3067,38146,2014-05-09 09:00:00,80.0,15.48671726755218,2.4897134414148923,-12.997003826137288
3068,38147,2014-05-09 10:00:00,83.0,12.48671726755218,2.0245610604090274,-10.462156207143153
3069,38148,2014-05-09 11:00:00,79.0,16.48671726755218,0.7755113077326143,-15.711205959819566
3070,38149,2014-05-09 12:00:00,69.0,26.48671726755218,10.973116941535451,-15.513600326016729
3071,38150,2014-05-09 13:00:00,70.0,25.48671726755218,15.531529150234874,-9.955188117317306
3072,38151,2014-05-09 14:00:00,72.0,13.078369905956109,4.411709718686595,-8.666660187269514
3073,38152,2014-05-09 15:00:00,74.0,15.078369905956109,4.02317822530388,-11.055191680652229
3074,38153,2014-05-09 16:00:00,71.0,12.078369905956109,4.506960409853079,-7.57140949610303
3075,38154,2014-05-09 17:00:00,48.0,10.921630094043891,14.391131436454678,3.469501342410787
3076,38155,2014-05-09 18:00:00,43.0,15.921630094043891,23.99587131487972,8.07424122083583
3077,38156,2014-05-09 19:00:00,45.0,13.921630094043891,22.44672503347539,8.525094939431497
3078,38157,2014-05-09 20:00:00,47.0,48.48671726755218,24.879315354245733,-23.607401913306447
3079,38158,2014-05-09 21:00:00,56.0,39.48671726755218,16.71766145093497,-22.76905581661721
3080,38159,2014-05-09 22:00:00,59.0,36.48671726755218,18.161485060520974,-18.325232207031206
3081,38160,2014-05-09 23:00:00,59.0,36.48671726755218,18.43350506052097,-18.05321220703121
3082,38161,2014-05-10 00:00:00,55.0,40.48671726755218,22.43350506052097,-18.05321220703121
3083,38162,2014-05-10 01:00:00,50.0,45.48671726755218,26.0983829987631,-19.38833426878908
3084,38163,2014-05-10 02:00:00,46.0,49.48671726755218,31.340109103222517,-18.146608164329663
3085,38164,2014-05-10 03:00:00,40.0,55.48671726755218,37.43785811990803,-18.04885914764415
3086,38165,2014-05-10 04:00:00,46.0,49.48671726755218,31.578750240760144,-17.907967026792036
3087,38166,2014-05-10 05:00:00,47.0,48.48671726755218,29.431089375701802,-19.055627891850378
3088,38167,2014-05-10 06:00:00,50.0,45.48671726755218,27.04514498130466,-18.44157228624752
3089,38168,2014-05-10 07:00:00,46.0,49.48671726755218,35.71201178813004,-13.774705479422138
3090,38169,2014-05-10 08:00:00,47.0,48.48671726755218,30.68368401434492,-17.80303325320726
3091,38170,2014-05-10 09:00:00,55.0,40.48671726755218,26.77963109920647,-13.707086168345711
3092,38171,2014-05-10 10:00:00,51.0,44.48671726755218,30.76639231096769,-13.720324956584491
3093,38172,2014-05-10 11:00:00,63.0,32.48671726755218,17.975438939590973,-14.511278327961207
3094,38173,2014-05-10 12:00:00,62.0,33.48671726755218,17.39599694222869,-16.09072032532349
3095,38174,2014-05-10 13:00:00,64.0,5.078369905956109,25.60594006364842,20.52757015769231
3096,38175,2014-05-10 14:00:00,63.0,4.078369905956109,17.866540405523992,13.788170499567883
3097,38176,2014-05-10 15:00:00,63.0,4.078369905956109,14.575466029287796,10.497096123331687
3098,38177,2014-05-10 16:00:00,59.0,0.07836990595610871,19.20406060426552,19.125690698309413
3099,38178,2014-05-10 17:00:00,70.0,11.078369905956109,2.990400165868209,-8.0879697400879
3100,38179,2014-05-10 18:00:00,71.0,12.078369905956109,11.52829078107321,-0.5500791248828989
3101,38180,2014-05-10 19:00:00,69.0,10.078369905956109,0.6408040686964966,-9.437565837259612
3102,38181,2014-05-10 20:00:00,65.0,6.078369905956109,1.485543133764935,-4.592826772191174
3103,38182,2014-05-10 21:00:00,54.0,4.921630094043891,3.772240528164218,-1.1493895658796731
3104,38183,2014-05-10 22:00:00,40.0,55.48671726755218,34.35231655327084,-21.13440071428134
3105,38184,2014-05-10 23:00:00,42.0,53.48671726755218,35.87601580892105,-17.610701458631127
3106,38185,2014-05-11 00:00:00,42.0,53.48671726755218,46.24894475304069,-7.237772514511491
3107,38186,2014-05-11 01:00:00,48.0,47.48671726755218,39.20861997843977,-8.27809728911241
3108,38187,2014-05-11 02:00:00,51.0,17.067796610169495,28.6642660401468,11.596469429977304
3109,38188,2014-05-11 03:00:00,57.0,11.067796610169495,20.369523206817377,9.301726596647882
3110,38189,2014-05-11 04:00:00,49.0,46.48671726755218,37.85849427880571,-8.628222988746472
3111,38190,2014-05-11 05:00:00,46.0,49.48671726755218,40.66049261350395,-8.826224654048232
3112,38191,2014-05-11 06:00:00,40.0,55.48671726755218,46.28214440810619,-9.204572859445989
3113,38192,2014-05-11 07:00:00,39.0,56.48671726755218,45.64368888790119,-10.843028379650988
3114,38193,2014-05-11 08:00:00,33.0,62.48671726755218,50.887573628855975,-11.599143638696205
3115,38194,2014-05-11 09:00:00,26.0,69.48671726755218,57.887573628855975,-11.599143638696205
3116,38195,2014-05-11 10:00:00,34.0,61.48671726755218,49.887573628855975,-11.599143638696205
3117,38196,2014-05-11 11:00:00,22.0,46.067796610169495,60.05551284347209,13.987716233302592
3118,38197,2014-05-11 12:00:00,22.0,46.067796610169495,59.538165655434966,13.470369045265471
3119,38198,2014-05-11 13:00:00,21.0,47.067796610169495,49.04947243341661,1.9816758232471159
3120,38199,2014-05-11 14:00:00,16.0,21.283783783783782,47.55980661621078,26.276022832426996
3121,38200,2014-05-11 15:00:00,17.0,20.283783783783782,34.714963623294075,14.431179839510293
3122,38201,2014-05-11 16:00:00,8.0,29.283783783783782,35.183057440873526,5.8992736570897435
3123,38202,2014-05-11 17:00:00,17.0,20.283783783783782,28.216909758133262,7.93312597434948
3124,38203,2014-05-11 18:00:00,15.0,22.283783783783782,29.749410553049316,7.465626769265533
3125,38204,2014-05-11 19:00:00,20.0,75.48671726755218,65.6858870181204,-9.800830249431783
3126,38205,2014-05-11 20:00:00,22.0,73.48671726755218,68.03243941983528,-5.454277847716895
3127,38206,2014-05-11 21:00:00,30.0,65.48671726755218,58.66305968012463,-6.823657587427547
3128,38207,2014-05-11 22:00:00,28.0,67.48671726755218,59.719924505053,-7.766792762499179
3129,38208,2014-05-11 23:00:00,35.0,60.48671726755218,52.719924505053,-7.766792762499179
3130,38209,2014-05-12 00:00:00,40.0,55.48671726755218,50.523320286959375,-4.963396980592805
3131,38210,2014-05-12 01:00:00,46.0,49.48671726755218,44.83337454310593,-4.653342724446247
3132,38211,2014-05-12 02:00:00,45.0,50.48671726755218,45.69070700010181,-4.79601026745037
3133,38212,2014-05-12 03:00:00,47.0,48.48671726755218,43.64382169757748,-4.842895569974701
3134,38213,2014-05-12 04:00:00,47.0,48.48671726755218,40.096889889247365,-8.389827378304815
3135,38214,2014-05-12 05:00:00,57.0,42.25,37.87831381824377,-4.371686181756232
3136,38215,2014-05-12 06:00:00,65.0,42.45161290322581,30.463905782448307,-11.9877071207775
3137,38216,2014-05-12 07:00:00,72.0,39.04444444444445,36.793412396791595,-2.2510320476528562
3138,38217,2014-05-12 08:00:00,75.0,20.48671726755218,33.93028351506952,13.443566247517339
3139,38218,2014-05-12 09:00:00,82.0,13.329317269076284,22.270542126051367,8.941224856975083
3140,38219,2014-05-12 10:00:00,53.0,15.009090909090915,30.16593855374839,15.156847644657475
3141,38220,2014-05-12 11:00:00,21.0,47.067796610169495,37.75748567684539,-9.310310933324104
3142,38221,2014-05-12 12:00:00,23.0,11.473429951690825,29.927308023162603,18.453878071471777
3143,38222,2014-05-12 13:00:00,23.0,35.92163009404389,51.60259828353851,15.680968189494621
3144,38223,2014-05-12 14:00:00,23.0,35.92163009404389,34.31737972534216,-1.6042503687017344
3145,38224,2014-05-12 15:00:00,23.0,35.92163009404389,43.01095073316701,7.089320639123116
3146,38225,2014-05-12 16:00:00,30.0,28.92163009404389,39.44159010412717,10.519960010083281
3147,38226,2014-05-12 17:00:00,29.0,66.32931726907628,51.6883649745147,-14.640952294561586
3148,38227,2014-05-12 18:00:00,40.0,55.329317269076284,41.25013822131052,-14.079179047765763
3149,38228,2014-05-12 19:00:00,52.0,43.329317269076284,31.55215189060806,-11.777165378468226
3150,38229,2014-05-12 20:00:00,64.0,31.329317269076284,36.63844936028026,5.309132091203978
3151,38230,2014-05-12 21:00:00,65.0,55.314079422382676,42.22306516692187,-13.091014255460806
3152,38231,2014-05-12 22:00:00,58.0,37.329317269076284,41.276789924911284,3.947472655835
3153,38232,2014-05-12 23:00:00,54.0,41.329317269076284,24.57341415217573,-16.755903116900555
3154,38233,2014-05-13 00:00:00,42.0,16.92163009404389,29.218250209717965,12.296620115674074
3155,38234,2014-05-13 01:00:00,43.0,52.329317269076284,35.92053939200768,-16.4087778770686
3156,38235,2014-05-13 02:00:00,40.0,55.48671726755218,48.8804225047073,-6.6062947628448825
3157,38236,2014-05-13 03:00:00,50.0,49.25,39.28751344023847,-9.96248655976153
3158,38237,2014-05-13 04:00:00,47.0,48.48671726755218,44.08883471179199,-4.397882555760191
3159,38238,2014-05-13 05:00:00,57.0,38.48671726755218,47.6875798315953,9.20086256404312
3160,38239,2014-05-13 06:00:00,80.0,19.25,15.671448376885948,-3.578551623114052
3161,38240,2014-05-13 07:00:00,108.0,8.75,2.4954278558088703,-6.25457214419113
3162,38241,2014-05-13 08:00:00,106.0,14.314079422382676,1.427384708345869,-12.886694714036807
3163,38242,2014-05-13 09:00:00,98.0,22.314079422382676,11.04038170944699,-11.273697712935686
3164,38243,2014-05-13 10:00:00,112.0,8.314079422382676,3.5923531491552723,-4.721726273227404
3165,38244,2014-05-13 11:00:00,104.0,16.314079422382676,5.101271309279042,-11.212808113103634
3166,38245,2014-05-13 12:00:00,86.0,34.314079422382676,24.304487768251633,-10.009591654131043
3167,38246,2014-05-13 13:00:00,82.0,13.932203389830505,6.79020566259824,-7.1419977272322654
3168,38247,2014-05-13 14:00:00,52.0,16.067796610169495,21.017485434771686,4.949688824602191
3169,38248,2014-05-13 15:00:00,42.0,16.184210526315788,8.050026760869464,-8.134183765446323
3170,38249,2014-05-13 16:00:00,45.0,13.184210526315788,11.914795325944425,-1.2694152003713626
3171,38250,2014-05-13 17:00:00,34.0,24.184210526315788,3.5212901826139635,-20.662920343701824
3172,38251,2014-05-13 18:00:00,30.0,24.1875,14.598411201046744,-9.589088798953256
3173,38252,2014-05-13 19:00:00,30.0,24.1875,14.553691338782905,-9.633808661217095
3174,38253,2014-05-13 20:00:00,40.0,14.1875,3.1921132747392846,-10.995386725260715
3175,38254,2014-05-13 21:00:00,36.0,0.4230769230769198,1.1483415192683069,0.7252645961913871
3176,38255,2014-05-13 22:00:00,29.0,7.42307692307692,8.857230626922096,1.4341537038451762
3177,38256,2014-05-13 23:00:00,25.0,11.42307692307692,12.384956366583381,0.9618794435064615
3178,38257,2014-05-14 00:00:00,32.0,4.42307692307692,1.6190546728065698,-2.80402225027035
3179,38258,2014-05-14 01:00:00,38.0,1.5769230769230802,4.078458834007627,2.5015357570845467
3180,38259,2014-05-14 02:00:00,34.0,2.42307692307692,1.9774738617419914,-0.44560306133492844
3181,38260,2014-05-14 03:00:00,32.0,12.232558139534877,3.9919496930498894,-8.240608446484988
3182,38261,2014-05-14 04:00:00,34.0,14.232558139534877,2.478289542663795,-11.754268596871082
3183,38262,2014-05-14 05:00:00,29.0,9.232558139534877,8.279034200140636,-0.9535239393942412
3184,38263,2014-05-14 06:00:00,26.0,42.375,23.564651715758963,-18.810348284241037
3185,38264,2014-05-14 07:00:00,23.0,45.375,15.298598225877612,-30.076401774122388
3186,38265,2014-05-14 08:00:00,22.0,46.375,17.644642570014426,-28.730357429985574
3187,38266,2014-05-14 09:00:00,17.0,51.375,20.476718144997243,-30.898281855002757
3188,38267,2014-05-14 10:00:00,11.0,57.375,27.660152036926583,-29.714847963073417
3189,38268,2014-05-14 11:00:00,20.0,48.375,18.9075779667457,-29.4674220332543
3190,38269,2014-05-14 12:00:00,14.0,1.5,11.462211739885728,9.962211739885728
3191,38270,2014-05-14 13:00:00,16.0,17.526315789473685,21.475154686322433,3.9488388968487484
3192,38271,2014-05-14 14:00:00,14.0,19.526315789473685,23.475154686322433,3.9488388968487484
3193,38272,2014-05-14 15:00:00,14.0,19.526315789473685,26.574043103208773,7.047727313735088
3194,38273,2014-05-14 16:00:00,18.0,40.92163009404389,26.28745398545916,-14.634176108584732
3195,38274,2014-05-14 17:00:00,12.0,46.92163009404389,28.75648379861684,-18.16514629542705
3196,38275,2014-05-14 18:00:00,19.0,39.92163009404389,30.66653036762854,-9.255099726415352
3197,38276,2014-05-14 19:00:00,19.0,65.04736129905277,40.59262841143653,-24.454732887616238
3198,38277,2014-05-14 20:00:00,25.0,70.48671726755218,51.4310893757018,-19.055627891850378
3199,38278,2014-05-14 21:00:00,30.0,28.92163009404389,25.950530950955773,-2.971099143088118
3200,38279,2014-05-14 22:00:00,25.0,33.92163009404389,31.38088250050002,-2.5407475935438697
3201,38280,2014-05-14 23:00:00,27.0,57.04736129905277,48.341171661251806,-8.70618963780096
3202,38281,2014-05-15 00:00:00,30.0,65.48671726755218,46.51682990806893,-18.969887359483252
3203,38282,2014-05-15 01:00:00,76.0,19.48671726755218,1.4479866537865576,-18.038730613765622
3204,38283,2014-05-15 02:00:00,68.0,27.48671726755218,9.447986653786558,-18.038730613765622
3205,38284,2014-05-15 03:00:00,77.0,18.48671726755218,0.021944516465111974,-18.464772751087068
3206,38285,2014-05-15 04:00:00,68.0,27.48671726755218,8.65059403373121,-18.83612323382097
3207,38286,2014-05-15 05:00:00,59.0,24.526570048309175,18.989323664648765,-5.53724638366041
3208,38287,2014-05-15 06:00:00,45.0,23.067796610169495,29.82697762624261,6.759181016073114
3209,38288,2014-05-15 07:00:00,37.0,31.067796610169495,19.16574618380664,-11.902050426362855
3210,38289,2014-05-15 08:00:00,89.0,54.526570048309175,37.01322622388368,-17.513343824425498
3211,38290,2014-05-15 09:00:00,52.0,6.921630094043891,3.224043094658043,-3.697586999385848
3212,38291,2014-05-15 10:00:00,40.0,18.92163009404389,25.65538374282903,6.7337536487851395
3213,38292,2014-05-15 11:00:00,45.0,13.921630094043891,3.1200707225549635,-10.801559371488928
3214,38293,2014-05-15 12:00:00,69.0,10.078369905956109,20.8247604036938,10.746390497737693
3215,38294,2014-05-15 13:00:00,80.0,21.07836990595611,23.177032686935775,2.098662780979666
3216,38295,2014-05-15 14:00:00,96.0,37.07836990595611,41.231834375086876,4.153464469130768
3217,38296,2014-05-15 15:00:00,107.0,48.07836990595611,55.099977206828044,7.021607300871935
3218,38297,2014-05-15 16:00:00,111.0,52.07836990595611,57.73017926346739,5.651809357511283
3219,38298,2014-05-15 17:00:00,121.0,62.07836990595611,66.23990657793328,4.161536671977174
3220,38299,2014-05-15 18:00:00,109.0,50.07836990595611,53.01058510954233,2.9322152035862246
3221,38300,2014-05-15 19:00:00,94.0,35.07836990595611,40.157373464055425,5.079003558099316
3222,38301,2014-05-15 20:00:00,95.0,36.07836990595611,39.119230617161925,3.0408607112058164
3223,38302,2014-05-15 21:00:00,105.0,46.07836990595611,38.07955639857016,-7.998813507385947
3224,38303,2014-05-15 22:00:00,94.0,35.07836990595611,20.51206625897609,-14.566303646980018
3225,38304,2014-05-15 23:00:00,121.0,62.07836990595611,43.969997890067674,-18.108372015888435
3226,38305,2014-05-16 00:00:00,203.0,144.0783699059561,136.54632732071929,-7.532042585236809
3227,38306,2014-05-16 01:00:00,84.0,25.07836990595611,12.578590373852364,-12.499779532103744
3228,38307,2014-05-16 02:00:00,96.0,27.932203389830505,27.368713593679544,-0.5634897961509608
3229,38308,2014-05-16 03:00:00,83.0,12.48671726755218,2.1943665244069877,-10.292350743145192
3230,38309,2014-05-16 04:00:00,85.0,10.48671726755218,0.04214216112302438,-10.444575106429156
3231,38310,2014-05-16 05:00:00,93.0,2.48671726755218,11.109460173618558,8.622742906066378
3232,38311,2014-05-16 06:00:00,89.0,20.932203389830505,11.806325781281487,-9.125877608549018
3233,38312,2014-05-16 07:00:00,75.0,6.932203389830505,25.826833842089854,18.89463045225935
3234,38313,2014-05-16 08:00:00,57.0,1.9216300940438913,10.915754588694156,8.994124494650265
3235,38314,2014-05-16 09:00:00,271.0,212.0783699059561,225.88195780767262,13.803587901716526
3236,38315,2014-05-16 10:00:00,50.0,8.921630094043891,4.004195623847657,-4.917434470196234
3237,38316,2014-05-16 11:00:00,74.0,15.078369905956109,20.039756776971217,4.961386871015108
3238,38317,2014-05-16 12:00:00,56.0,2.9216300940438913,4.822909531846392,1.9012794378025006
3239,38318,2014-05-16 13:00:00,48.0,16.83333333333333,9.481945869920104,-7.351387463413225
3240,38319,2014-05-16 14:00:00,60.0,1.0783699059561087,9.699444422750815,8.621074516794707
3241,38320,2014-05-16 15:00:00,49.0,9.921630094043891,2.031944948725325,-7.889685145318566
3242,38321,2014-05-16 16:00:00,45.0,13.921630094043891,8.92813217773616,-4.9934979163077315
3243,38322,2014-05-16 17:00:00,42.0,16.92163009404389,11.217390597104632,-5.704239496939259
3244,38323,2014-05-16 18:00:00,38.0,20.92163009404389,16.28723349402143,-4.634396600022463
3245,38324,2014-05-16 19:00:00,43.0,15.921630094043891,12.774605463531827,-3.147024630512064
3246,38325,2014-05-16 20:00:00,47.0,11.921630094043891,19.12662946168973,7.20499936764584
3247,38326,2014-05-16 21:00:00,63.0,4.078369905956109,2.452026484305442,-1.6263434216506667
3248,38327,2014-05-16 22:00:00,71.0,12.078369905956109,8.586449459574077,-3.491920446382032
3249,38328,2014-05-16 23:00:00,105.0,46.07836990595611,33.3973806230736,-12.680989282882507
3250,38329,2014-05-17 00:00:00,74.0,21.48671726755218,2.378697249404979,-19.1080200181472
3251,38330,2014-05-17 01:00:00,71.0,24.48671726755218,4.463692053196127,-20.023025214356053
3252,38331,2014-05-17 02:00:00,80.0,15.48671726755218,7.452512328511844,-8.034204939040336
3253,38332,2014-05-17 03:00:00,79.0,16.48671726755218,2.893809362841779,-13.592907904710401
3254,38333,2014-05-17 04:00:00,76.0,19.48671726755218,4.625313707616655,-14.861403559935525
3255,38334,2014-05-17 05:00:00,69.0,26.48671726755218,15.353157728918703,-11.133559538633477
3256,38335,2014-05-17 06:00:00,68.0,27.48671726755218,17.0796375411702,-10.40707972638198
3257,38336,2014-05-17 07:00:00,94.0,2.8658536585365937,12.093400099779657,9.227546441243064
3258,38337,2014-05-17 08:00:00,96.0,27.932203389830505,31.73034068360522,3.7981372937747153
3259,38338,2014-05-17 09:00:00,98.0,39.07836990595611,30.96099878213245,-8.11737112382366
3260,38339,2014-05-17 10:00:00,98.0,39.07836990595611,28.257347499558108,-10.821022406398
3261,38340,2014-05-17 11:00:00,109.0,50.07836990595611,31.49039653382357,-18.587973372132538
3262,38341,2014-05-17 12:00:00,95.0,36.07836990595611,41.02790283853883,4.94953293258272
3263,38342,2014-05-17 13:00:00,87.0,28.07836990595611,28.439279036306743,0.36090913035063465
3264,38343,2014-05-17 14:00:00,90.0,31.07836990595611,33.45042172268299,2.3720518167268807
3265,38344,2014-05-17 15:00:00,69.0,10.078369905956109,12.997032400332976,2.9186624943768678
3266,38345,2014-05-17 16:00:00,54.0,4.921630094043891,1.900232130218427,-3.021397963825464
3267,38346,2014-05-17 17:00:00,52.0,6.921630094043891,3.9414975429666157,-2.9801325510772756
3268,38347,2014-05-17 18:00:00,48.0,10.921630094043891,7.786500649526175,-3.135129444517716
3269,38348,2014-05-17 19:00:00,40.0,18.92163009404389,16.218775997367437,-2.702854096676454
3270,38349,2014-05-17 20:00:00,41.0,17.92163009404389,16.86969090364814,-1.0519391903957498
3271,38350,2014-05-17 21:00:00,21.0,37.92163009404389,52.03391254752587,14.112282453481981
3272,38351,2014-05-17 22:00:00,28.0,30.92163009404389,44.30897156030048,13.387341466256586
3273,38352,2014-05-17 23:00:00,28.0,30.92163009404389,41.45815343308686,10.536523339042972
3274,38353,2014-05-18 00:00:00,34.0,24.92163009404389,36.745343158667666,11.823713064623774
3275,38354,2014-05-18 01:00:00,58.0,37.48671726755218,16.777035794119655,-20.709681473432525
3276,38355,2014-05-18 02:00:00,64.0,31.48671726755218,15.77045029332919,-15.71626697422299
3277,38356,2014-05-18 03:00:00,68.0,27.48671726755218,12.473861832063875,-15.012855435488305
3278,38357,2014-05-18 04:00:00,70.0,25.48671726755218,15.505814181059563,-9.980903086492617
3279,38358,2014-05-18 05:00:00,68.0,27.48671726755218,18.197399511765937,-9.289317755786243
3280,38359,2014-05-18 06:00:00,77.0,18.48671726755218,7.859780456416047,-10.626936811136133
3281,38360,2014-05-18 07:00:00,84.0,11.48671726755218,1.7009830244584236,-9.785734243093756
3282,38361,2014-05-18 08:00:00,89.0,6.3293172690762844,5.071612764251455,-1.2577045048248294
3283,38362,2014-05-18 09:00:00,103.0,44.07836990595611,22.913319372887713,-21.165050533068396
3284,38363,2014-05-18 10:00:00,99.0,40.07836990595611,21.58730023127714,-18.49106967467897
3285,38364,2014-05-18 11:00:00,100.0,4.6706827309237156,20.902455330666555,16.23177259974284
3286,38365,2014-05-18 12:00:00,132.0,36.670682730923716,55.60547892282693,18.934796191903217
3287,38366,2014-05-18 13:00:00,198.0,102.67068273092372,112.0836315682278,9.412948837304086
3288,38367,2014-05-18 14:00:00,119.0,23.670682730923716,34.71351887057982,11.042836139656103
3289,38368,2014-05-18 15:00:00,137.0,41.670682730923716,52.14745031097286,10.476767580049142
3290,38369,2014-05-18 16:00:00,77.0,18.329317269076284,8.543633708578042,-9.785683560498242
3291,38370,2014-05-18 17:00:00,93.0,2.3293172690762844,7.716672488113218,5.387355219036934
3292,38371,2014-05-18 18:00:00,124.0,3.685920577617324,14.967672634708563,11.28175205709124
3293,38372,2014-05-18 19:00:00,146.0,25.685920577617324,32.54420475639445,6.858284178777126
3294,38373,2014-05-18 20:00:00,143.0,22.685920577617324,32.61074995450916,9.924829376891836
3295,38374,2014-05-18 21:00:00,115.0,5.314079422382676,4.652821869475304,-0.6612575529073723
3296,38375,2014-05-18 22:00:00,107.0,13.314079422382676,2.575461872002606,-10.73861755038007
3297,38376,2014-05-18 23:00:00,99.0,21.314079422382676,10.575461872002606,-10.73861755038007
3298,38377,2014-05-19 00:00:00,100.0,20.314079422382676,9.32718233377868,-10.986897088603996
3299,38378,2014-05-19 01:00:00,103.0,17.314079422382676,9.856678661974982,-7.457400760407694
3300,38379,2014-05-19 02:00:00,75.0,36.04444444444445,20.90497289326224,-15.139471551182211
3301,38380,2014-05-19 03:00:00,61.0,50.04444444444445,34.72271667104421,-15.32172777340024
3302,38381,2014-05-19 04:00:00,83.0,51.40569395017795,29.73392945382065,-21.671764496357298
3303,38382,2014-05-19 05:00:00,90.0,44.40569395017795,38.804476755099614,-5.601217195078334
3304,38383,2014-05-19 06:00:00,70.0,64.40569395017795,41.354490133601004,-23.051203816576944
3305,38384,2014-05-19 07:00:00,75.0,59.40569395017795,46.69197975682992,-12.713714193348025
3306,38385,2014-05-19 08:00:00,83.0,14.990909090909085,14.41265073802893,-0.5782583528801553
3307,38386,2014-05-19 09:00:00,79.0,55.40569395017795,43.47466530427809,-11.931028645899858
3308,38387,2014-05-19 10:00:00,95.0,39.40569395017795,24.186613926962792,-15.219080023215156
3309,38388,2014-05-19 11:00:00,134.0,0.4056939501779482,14.065503722727911,13.659809772549963
3310,38389,2014-05-19 12:00:00,161.0,26.594306049822052,41.19281568903976,14.59850963921771
3311,38390,2014-05-19 13:00:00,151.0,16.594306049822052,30.763716675679916,14.169410625857864
3312,38391,2014-05-19 14:00:00,147.0,12.594306049822052,26.763716675679916,14.169410625857864
3313,38392,2014-05-19 15:00:00,143.0,8.594306049822052,25.022984291059473,16.42867824123742
3314,38393,2014-05-19 16:00:00,132.0,2.405693950177948,13.980954831157689,11.57526088097974
3315,38394,2014-05-19 17:00:00,119.0,1.314079422382676,4.085043289160097,2.7709638667774215
3316,38395,2014-05-19 18:00:00,102.0,18.314079422382676,12.914956710839903,-5.399122711542773
3317,38396,2014-05-19 19:00:00,97.0,37.40569395017795,23.236283324320084,-14.169410625857864
3318,38397,2014-05-19 20:00:00,104.0,30.405693950177948,15.622021989335877,-14.78367196084207
3319,38398,2014-05-19 21:00:00,123.0,11.405693950177948,3.813386073037208,-7.59230787714074
3320,38399,2014-05-19 22:00:00,141.0,6.594306049822052,21.377978010664123,14.78367196084207
3321,38400,2014-05-19 23:00:00,167.0,32.59430604982205,47.37797801066412,14.78367196084207
3322,38401,2014-05-20 00:00:00,174.0,39.59430604982205,54.81338607303721,15.219080023215156
3323,38402,2014-05-20 01:00:00,196.0,61.59430604982205,77.32971927302073,15.735413223198677
3324,38403,2014-05-20 02:00:00,215.0,80.59430604982205,96.32971927302073,15.735413223198677
3325,38404,2014-05-20 03:00:00,214.0,79.59430604982205,95.32971927302073,15.735413223198677
3326,38405,2014-05-20 04:00:00,197.0,128.9909090909091,97.98232454443183,-31.008584546477266
3327,38406,2014-05-20 05:00:00,168.0,47.685920577617324,55.14332133802502,7.457400760407694
3328,38407,2014-05-20 06:00:00,122.0,1.685920577617324,15.103466629424432,13.417546051807108
3329,38408,2014-05-20 07:00:00,66.0,29.329317269076284,10.758251923751004,-18.57106534532528
3330,38409,2014-05-20 08:00:00,36.0,22.92163009404389,39.053681900625804,16.132051806581913
3331,38410,2014-05-20 09:00:00,20.0,38.92163009404389,47.74821303889473,8.826582944850841
3332,38411,2014-05-20 10:00:00,17.0,41.92163009404389,51.65043703307241,9.728806939028516
3333,38414,2014-05-20 13:00:00,18.0,40.92163009404389,64.20377328982495,23.28214319578106
3334,38415,2014-05-20 14:00:00,14.0,44.92163009404389,56.14864460560737,11.227014511563482
3335,38416,2014-05-20 15:00:00,16.0,42.92163009404389,59.82103328434832,16.899403190304426
3336,38417,2014-05-20 16:00:00,18.0,40.92163009404389,56.64079372770004,15.719163633656152
3337,38418,2014-05-20 17:00:00,20.0,75.32931726907628,62.84879494672734,-12.480522322348946
3338,38419,2014-05-20 18:00:00,22.0,36.92163009404389,48.60308395969945,11.681453865655556
3339,38420,2014-05-20 19:00:00,22.0,36.92163009404389,52.13753360311381,15.215903509069918
3340,38421,2014-05-20 20:00:00,45.0,89.40569395017795,72.30216514116772,-17.10352880901023
3341,38422,2014-05-20 21:00:00,121.0,0.6859205776173241,10.763973985507945,10.078053407890621
3342,38423,2014-05-20 22:00:00,122.0,1.685920577617324,14.1242282740304,12.438307696413077
3343,38424,2014-05-20 23:00:00,114.0,18.670682730923716,29.694449346795935,11.02376661587222
3344,38425,2014-05-21 00:00:00,106.0,10.670682730923716,6.059492997182005,-4.6111897337417105
3345,38426,2014-05-21 01:00:00,62.0,58.314079422382676,45.8220069291292,-12.492072493253474
3346,38427,2014-05-21 02:00:00,84.0,36.314079422382676,23.473997150783774,-12.840082271598902
3347,38428,2014-05-21 03:00:00,79.0,16.48671726755218,27.956725399482025,11.470008131929845
3348,38429,2014-05-21 04:00:00,80.0,15.48671726755218,27.520806971390556,12.034089703838376
3349,38430,2014-05-21 05:00:00,85.0,10.48671726755218,22.420781519505354,11.934064251953174
3350,38431,2014-05-21 06:00:00,81.0,14.48671726755218,30.545807686604064,16.059090419051884
3351,38432,2014-05-21 07:00:00,79.0,41.314079422382676,30.889842333341605,-10.424237089041071
3352,38433,2014-05-21 08:00:00,80.0,31.04444444444445,13.5100500707577,-17.53439437368675
3353,38434,2014-05-21 09:00:00,79.0,32.04444444444445,14.56830097922537,-17.47614346521908
3354,38435,2014-05-21 10:00:00,85.0,35.314079422382676,26.69589391438153,-8.618185508001147
3355,38436,2014-05-21 11:00:00,85.0,35.314079422382676,26.93684857324206,-8.377230849140616
3356,38437,2014-05-21 12:00:00,81.0,39.314079422382676,30.43027104017773,-8.883808382204947
3357,38438,2014-05-21 13:00:00,90.0,30.314079422382676,25.633021139377576,-4.6810582830051
3358,38439,2014-05-21 14:00:00,97.0,23.314079422382676,15.751311484366767,-7.562767938015909
3359,38440,2014-05-21 15:00:00,103.0,17.314079422382676,12.134096814898129,-5.179982607484547
3360,38441,2014-05-21 16:00:00,115.0,19.405693950177948,3.5910385313758724,-15.814655418802076
3361,38442,2014-05-21 17:00:00,117.0,17.405693950177948,1.4148280383290626,-15.990865911848886
3362,38443,2014-05-21 18:00:00,130.0,4.405693950177948,11.585171961670937,7.179478011492989
3363,38444,2014-05-21 19:00:00,132.0,2.405693950177948,8.400312480422102,5.9946185302441535
3364,38445,2014-05-21 20:00:00,136.0,1.5943060498220518,15.899928740710436,14.305622690888384
3365,38446,2014-05-21 21:00:00,150.0,15.594306049822052,29.763716675679916,14.169410625857864
3366,38447,2014-05-21 22:00:00,128.0,6.405693950177948,7.763716675679916,1.358022725501968
3367,38448,2014-05-21 23:00:00,144.0,9.594306049822052,24.369026182086543,14.774720132264491
3368,38449,2014-05-22 00:00:00,146.0,11.594306049822052,27.55752389474192,15.963217844919868
3369,38450,2014-05-22 01:00:00,152.0,17.594306049822052,35.92084090014751,18.32653485032546
3370,38451,2014-05-22 02:00:00,165.0,30.594306049822052,48.92084090014751,18.32653485032546
3371,38452,2014-05-22 03:00:00,178.0,43.59430604982205,61.11168585940355,17.5173798095815
3372,38453,2014-05-22 04:00:00,196.0,61.59430604982205,77.32971927302073,15.735413223198677
3373,38454,2014-05-22 05:00:00,215.0,80.59430604982205,95.74836885399799,15.154062804175936
3374,38455,2014-05-22 06:00:00,242.0,107.59430604982205,119.52533469572191,11.931028645899858
3375,38456,2014-05-22 07:00:00,249.0,114.59430604982205,126.80184084851886,12.207534798696813
3376,38457,2014-05-22 08:00:00,258.0,123.59430604982205,136.27713654804506,12.682830498223012
3377,38458,2014-05-22 09:00:00,259.0,124.59430604982205,135.82685105474724,11.232545004925186
3378,38459,2014-05-22 10:00:00,239.0,104.59430604982205,116.02641797907671,11.43211192925466
3379,38460,2014-05-22 11:00:00,224.0,89.59430604982205,100.54987150526571,10.955565455443661
3380,38461,2014-05-22 12:00:00,182.0,47.59430604982205,59.61769434833106,12.023388298509005
3381,38462,2014-05-22 13:00:00,111.0,23.405693950177948,7.785420987047047,-15.620272963130901
3382,38463,2014-05-22 14:00:00,59.0,0.07836990595610871,14.408828466277853,14.330458560321745
3383,38464,2014-05-22 15:00:00,43.0,52.329317269076284,39.3112069665916,-13.018110302484686
3384,38465,2014-05-22 16:00:00,50.0,45.329317269076284,29.889491115180405,-15.43982615389588
3385,38466,2014-05-22 17:00:00,54.0,41.329317269076284,26.06916033511051,-15.260156933965774
3386,38467,2014-05-22 18:00:00,38.0,20.92163009404389,34.33285763874214,13.41122754469825
3387,38468,2014-05-22 19:00:00,40.0,55.329317269076284,38.98267880059906,-16.346638468477224
3388,38469,2014-05-22 20:00:00,56.0,39.329317269076284,27.12069719775576,-12.208620071320524
3389,38470,2014-05-22 21:00:00,64.0,56.314079422382676,43.994781425443904,-12.319297996938772
3390,38471,2014-05-22 22:00:00,65.0,55.314079422382676,42.994781425443904,-12.319297996938772
3391,38472,2014-05-22 23:00:00,63.0,32.329317269076284,35.54051644545834,3.2111991763820527
3392,38473,2014-05-23 00:00:00,73.0,47.314079422382676,39.20837437244593,-8.105705049936745
3393,38474,2014-05-23 01:00:00,74.0,46.314079422382676,32.39769081999479,-13.916388602387883
3394,38475,2014-05-23 02:00:00,84.0,36.314079422382676,22.713819138578856,-13.60026028380382
3395,38476,2014-05-23 03:00:00,80.0,40.314079422382676,29.39491633047622,-10.919163091906455
3396,38477,2014-05-23 04:00:00,96.0,24.314079422382676,16.20837437244593,-8.105705049936745
3397,38478,2014-05-23 05:00:00,109.0,17.865853658536594,11.000673814865422,-6.8651798436711715
3398,38479,2014-05-23 06:00:00,110.0,24.405693950177948,6.82329692155723,-17.58239702862072
3399,38480,2014-05-23 07:00:00,102.0,32.40569395017795,18.5158466962948,-13.889847253883147
3400,38481,2014-05-23 08:00:00,105.0,29.405693950177948,12.751629957175993,-16.654063993001955
3401,38482,2014-05-23 09:00:00,105.0,29.405693950177948,15.394465585470044,-14.011228364707904
3402,38483,2014-05-23 10:00:00,94.0,26.314079422382676,21.563478577311912,-4.750600845070764
3403,38484,2014-05-23 11:00:00,92.0,28.314079422382676,23.387268084265116,-4.92681133811756
3404,38485,2014-05-23 12:00:00,85.0,35.314079422382676,25.42508122326531,-9.888998199117367
3405,38486,2014-05-23 13:00:00,61.0,34.329317269076284,25.55750463652825,-8.771812632548034
3406,38487,2014-05-23 14:00:00,54.0,41.329317269076284,46.0465335013788,4.717216232302519
3407,38488,2014-05-23 15:00:00,46.0,49.329317269076284,53.18783616624022,3.8585188971639326
3408,38489,2014-05-23 16:00:00,46.0,49.329317269076284,37.38952978999674,-11.939787479079541
3409,38490,2014-05-23 17:00:00,56.0,39.329317269076284,43.016023376787146,3.6867061077108616
3410,38491,2014-05-23 18:00:00,57.0,63.314079422382676,50.53464659053259,-12.779432831850087
3411,38492,2014-05-23 19:00:00,59.0,61.314079422382676,48.176217964190556,-13.13786145819212
3412,38493,2014-05-23 20:00:00,61.0,73.40569395017795,57.950713194958766,-15.454980755219182
3413,38494,2014-05-23 21:00:00,76.0,58.40569395017795,42.398349422026,-16.007344528151947
3414,38495,2014-05-23 22:00:00,87.0,33.314079422382676,29.418830076385632,-3.895249345997044
3415,38496,2014-05-23 23:00:00,99.0,35.40569395017795,18.30216514116772,-17.10352880901023
3416,38497,2014-05-24 00:00:00,104.0,30.405693950177948,13.30216514116772,-17.10352880901023
3417,38498,2014-05-24 01:00:00,92.0,42.40569395017795,25.30216514116772,-17.10352880901023
3418,38499,2014-05-24 02:00:00,89.0,45.40569395017795,28.717121628516182,-16.688572321661766
3419,38500,2014-05-24 03:00:00,85.0,49.40569395017795,32.71712162851618,-16.688572321661766
3420,38501,2014-05-24 04:00:00,99.0,35.40569395017795,17.677354564907574,-17.728339385270374
3421,38502,2014-05-24 05:00:00,98.0,36.40569395017795,22.603320520040754,-13.802373430137195
3422,38503,2014-05-24 06:00:00,84.0,50.40569395017795,36.603320520040754,-13.802373430137195
3423,38504,2014-05-24 07:00:00,83.0,51.40569395017795,38.0781121867074,-13.327581763470548
3424,38505,2014-05-24 08:00:00,102.0,32.40569395017795,18.714532401861433,-13.691161548316515
3425,38506,2014-05-24 09:00:00,84.0,50.40569395017795,38.035788266890265,-12.369905683287683
3426,38507,2014-05-24 10:00:00,91.0,43.40569395017795,31.035788266890265,-12.369905683287683
3427,38508,2014-05-24 11:00:00,104.0,30.405693950177948,17.952040327489073,-12.453653622688876
3428,38509,2014-05-24 12:00:00,95.0,39.40569395017795,27.035788266890265,-12.369905683287683
3429,38510,2014-05-24 13:00:00,88.0,57.750967741935455,44.60270719249422,-13.148260549441233
3430,38511,2014-05-24 14:00:00,78.0,67.75096774193545,53.92770390979814,-13.823263832137314
3431,38512,2014-05-24 15:00:00,84.0,61.750967741935455,48.629595981253004,-13.12137176068245
3432,38513,2014-05-24 16:00:00,99.0,46.750967741935455,32.92770390979814,-13.823263832137314
3433,38514,2014-05-24 17:00:00,93.0,52.750967741935455,38.92770390979814,-13.823263832137314
3434,38515,2014-05-24 18:00:00,79.0,55.40569395017795,42.576921095305295,-12.828772854872653
3435,38516,2014-05-24 19:00:00,79.0,55.40569395017795,43.035788266890265,-12.369905683287683
3436,38517,2014-05-24 20:00:00,79.0,55.40569395017795,43.035788266890265,-12.369905683287683
3437,38518,2014-05-24 21:00:00,91.0,43.40569395017795,31.035788266890265,-12.369905683287683
3438,38519,2014-05-24 22:00:00,88.0,46.40569395017795,34.035788266890265,-12.369905683287683
3439,38520,2014-05-24 23:00:00,92.0,42.40569395017795,30.035788266890265,-12.369905683287683
3440,38521,2014-05-25 00:00:00,95.0,39.40569395017795,27.035788266890265,-12.369905683287683
3441,38522,2014-05-25 01:00:00,107.0,27.405693950177948,15.826665374682847,-11.579028575495101
3442,38523,2014-05-25 02:00:00,123.0,11.405693950177948,0.6486303248433103,-10.757063625334638
3443,38524,2014-05-25 03:00:00,117.0,17.405693950177948,5.2054273185070485,-12.2002666316709
3444,38525,2014-05-25 04:00:00,140.0,5.594306049822052,18.423078904694705,12.828772854872653
3445,38526,2014-05-25 05:00:00,150.0,15.594306049822052,27.801840848518864,12.207534798696813
3446,38527,2014-05-25 06:00:00,150.0,15.594306049822052,27.801840848518864,12.207534798696813
3447,38528,2014-05-25 07:00:00,132.0,13.461538461538481,32.835112974967714,19.373574513429233
3448,38529,2014-05-25 08:00:00,160.0,14.249032258064545,25.746101885546153,11.497069627481608
3449,38530,2014-05-25 09:00:00,158.0,123.52657004830917,118.27236879915047,-5.254201249158697
3450,38531,2014-05-25 10:00:00,157.0,98.81578947368422,121.06544109277036,22.249651619086137
3451,38532,2014-05-25 11:00:00,113.0,54.81578947368421,78.81526779496738,23.99947832128317
3452,38533,2014-05-25 12:00:00,51.0,7.184210526315788,16.323067455399375,9.138856929083587
3453,38534,2014-05-25 13:00:00,13.0,14.644444444444453,15.96149134136176,1.317046896917308
3454,38535,2014-05-25 14:00:00,12.0,42.1875,24.391495023463285,-17.796004976536715
3455,38536,2014-05-25 15:00:00,7.0,47.1875,28.04207176930349,-19.14542823069651
3456,38537,2014-05-25 16:00:00,10.0,44.1875,23.991793332058144,-20.195706667941856
3457,38538,2014-05-25 17:00:00,8.0,46.1875,22.771912527150306,-23.415587472849694
3458,38539,2014-05-25 18:00:00,8.0,21.75,14.760197997629103,-6.989802002370897
3459,38540,2014-05-25 19:00:00,10.0,19.75,12.56411945687045,-7.185880543129549
3460,38541,2014-05-25 20:00:00,13.0,45.92163009404389,41.1960803831066,-4.725549710937294
3461,38542,2014-05-25 21:00:00,18.0,40.92163009404389,29.691580783030595,-11.230049311013296
3462,38543,2014-05-25 22:00:00,21.0,74.48671726755218,59.645672729355454,-14.841044538196726
3463,38544,2014-05-25 23:00:00,21.0,74.48671726755218,63.88772141101781,-10.598995856534373
3464,38545,2014-05-26 00:00:00,15.0,80.48671726755218,70.2539178431498,-10.232799424402387
3465,38546,2014-05-26 01:00:00,10.0,85.48671726755218,70.32529040349245,-15.161426864059734
3466,38547,2014-05-26 02:00:00,8.0,87.48671726755218,74.53244363080888,-12.954273636743295
3467,38548,2014-05-26 03:00:00,9.0,86.48671726755218,67.43889701409695,-19.047820253455228
3468,38549,2014-05-26 04:00:00,8.0,87.48671726755218,74.66245893414606,-12.82425833340612
3469,38550,2014-05-26 05:00:00,15.0,80.48671726755218,68.27130995989741,-12.215407307654772
3470,38551,2014-05-26 06:00:00,20.0,75.48671726755218,65.85857347019953,-9.62814379735265
3471,38552,2014-05-26 07:00:00,20.0,75.32931726907628,79.28679589426149,3.957478625185203
3472,38553,2014-05-26 08:00:00,18.0,40.92163009404389,39.192668800081975,-1.7289612939619161
3473,38554,2014-05-26 09:00:00,15.0,43.92163009404389,41.679096604110526,-2.242533489933365
3474,38555,2014-05-26 10:00:00,15.0,43.92163009404389,38.2202449683221,-5.701385125721792
3475,38556,2014-05-26 11:00:00,16.0,42.92163009404389,37.38431750143647,-5.537312592607421
3476,38557,2014-05-26 12:00:00,19.0,39.92163009404389,35.54375801913843,-4.377872074905461
3477,38558,2014-05-26 13:00:00,23.0,35.92163009404389,35.17268227688449,-0.7489478171594044
3478,38559,2014-05-26 14:00:00,24.0,34.92163009404389,33.22265160313325,-1.6989784909106405
3479,38560,2014-05-26 15:00:00,26.0,32.92163009404389,30.15525130903925,-2.7663787850046404
3480,38561,2014-05-26 16:00:00,27.0,31.92163009404389,29.024524036311966,-2.897106057731925
3481,38562,2014-05-26 17:00:00,27.0,31.92163009404389,28.573346547134477,-3.348283546909414
3482,38563,2014-05-26 18:00:00,26.0,8.473429951690825,18.344477523855133,9.871047572164308
3483,38564,2014-05-26 19:00:00,23.0,35.92163009404389,31.294808867188074,-4.626821226855817
3484,38565,2014-05-26 20:00:00,28.0,6.473429951690825,17.16658928862602,10.693159336935196
3485,38566,2014-05-26 21:00:00,27.0,31.92163009404389,19.276355787507754,-12.645274306536137
3486,38567,2014-05-26 22:00:00,29.0,29.92163009404389,21.94163428134535,-7.97999581269854
3487,38568,2014-05-26 23:00:00,31.0,3.473429951690825,10.86959921409494,7.396169262404115
3488,38569,2014-05-27 00:00:00,26.0,32.92163009404389,55.40007437458152,22.47844428053763
3489,38570,2014-05-27 01:00:00,26.0,8.473429951690825,16.526491262727426,8.0530613110366
3490,38571,2014-05-27 02:00:00,23.0,35.92163009404389,59.61622748678339,23.694597392739496
3491,38572,2014-05-27 03:00:00,39.0,56.48671726755218,47.52145479264732,-8.965262474904861
3492,38573,2014-05-27 04:00:00,39.0,4.526570048309175,2.1029609050922744,-2.4236091432169005
3493,38574,2014-05-27 05:00:00,40.0,28.067796610169495,13.406826855259716,-14.660969754909779
3494,38575,2014-05-27 06:00:00,40.0,55.329317269076284,45.50761380293852,-9.821703466137762
3495,38576,2014-05-27 07:00:00,94.0,59.526570048309175,50.947870479955924,-8.578699568353251
3496,38577,2014-05-27 08:00:00,102.0,43.81578947368421,65.84225463442314,22.02646516073893
3497,38578,2014-05-27 09:00:00,100.0,41.81578947368421,70.01145942527307,28.19566995158886
3498,38579,2014-05-27 10:00:00,26.0,28.1875,13.338235917936565,-14.849264082063435
3499,38580,2014-05-27 11:00:00,19.0,5.933333333333335,0.6967726983616807,-5.236560634971655
3500,38581,2014-05-27 12:00:00,13.0,4.842105263157894,5.272334356662711,0.430229093504817
3501,38582,2014-05-27 13:00:00,17.0,0.8421052631578938,3.0654605379493773,2.2233552747914835
3502,38583,2014-05-27 14:00:00,12.0,0.7631578947368407,4.336810152987454,3.573652258250613
3503,38584,2014-05-27 15:00:00,16.0,3.2368421052631593,0.09395046350680047,-3.142891641756359
3504,38585,2014-05-27 16:00:00,12.0,5.842105263157894,5.093168301730856,-0.748936961427038
3505,38586,2014-05-27 17:00:00,13.0,4.842105263157894,4.154225130851888,-0.687880132306006
3506,38587,2014-05-27 18:00:00,12.0,5.842105263157894,5.288803510805266,-0.5533017523526276
3507,38588,2014-05-27 19:00:00,14.0,15.75,8.198869646862672,-7.551130353137328
3508,38589,2014-05-27 20:00:00,11.0,18.75,8.762507250449158,-9.987492749550842
3509,38590,2014-05-27 21:00:00,8.0,50.92163009404389,60.6734218558005,9.751791761756607
3510,38591,2014-05-27 22:00:00,17.0,41.92163009404389,47.93929165764132,6.017661563597429
3511,38592,2014-05-27 23:00:00,13.0,55.067796610169495,40.165999771799314,-14.901796838370181
3512,38593,2014-05-28 00:00:00,12.0,46.92163009404389,65.80526440747475,18.88363431343086
3513,38594,2014-05-28 01:00:00,13.0,21.473429951690825,31.896968381133185,10.42353842944236
3514,38595,2014-05-28 02:00:00,19.0,39.92163009404389,55.564438393565936,15.642808299522045
3515,38596,2014-05-28 03:00:00,27.0,31.92163009404389,47.55551425192037,15.63388415787648
3516,38597,2014-05-28 04:00:00,27.0,68.48671726755218,57.757034729446445,-10.729682538105735
3517,38598,2014-05-28 05:00:00,38.0,57.48671726755218,46.98019503478993,-10.50652223276225
3518,38599,2014-05-28 06:00:00,44.0,51.48671726755218,63.80396081708264,12.31724354953046
3519,38600,2014-05-28 07:00:00,44.0,51.329317269076284,58.99929446634263,7.669977197266348
3520,38601,2014-05-28 08:00:00,43.0,52.329317269076284,41.88123089812056,-10.448086370955721
3521,38602,2014-05-28 09:00:00,49.0,46.329317269076284,30.19055259000055,-16.138764679075734
3522,38603,2014-05-28 10:00:00,35.0,60.329317269076284,48.46057984924623,-11.868737419830055
3523,38604,2014-05-28 11:00:00,18.0,40.92163009404389,59.93051235989445,19.00888226585056
3524,38605,2014-05-28 12:00:00,15.0,43.92163009404389,41.7566269164576,-2.165003177586293
3525,38606,2014-05-28 13:00:00,21.0,37.92163009404389,39.36804435559005,1.4464142615461597
3526,38607,2014-05-28 14:00:00,29.0,29.92163009404389,28.307026603133252,-1.614603490910639
3527,38608,2014-05-28 15:00:00,21.0,37.92163009404389,35.570203365096766,-2.351426728947125
3528,38609,2014-05-28 16:00:00,34.0,24.92163009404389,22.439476092369496,-2.4821540016743953
3529,38610,2014-05-28 17:00:00,32.0,26.92163009404389,23.952170076546253,-2.9694600174976387
3530,38611,2014-05-28 18:00:00,24.0,34.92163009404389,32.023771526891146,-2.8978585671527455
3531,38612,2014-05-28 19:00:00,32.0,26.92163009404389,36.54632196363319,9.624691869589299
3532,38613,2014-05-28 20:00:00,32.0,63.329317269076284,47.78204701727192,-15.547270251804363
3533,38614,2014-05-28 21:00:00,34.0,61.329317269076284,53.024262919311695,-8.305054349764589
3534,38615,2014-05-28 22:00:00,39.0,56.329317269076284,39.75802884684586,-16.571288422230424
3535,38616,2014-05-28 23:00:00,40.0,18.92163009404389,31.59137530044785,12.66974520640396
3536,38617,2014-05-29 00:00:00,44.0,76.31407942238268,63.96108960551659,-12.352989816866085
3537,38618,2014-05-29 01:00:00,38.0,82.31407942238268,74.32362517531095,-7.990454247071725
3538,38619,2014-05-29 02:00:00,38.0,82.31407942238268,77.27567317615234,-5.038406246230338
3539,38620,2014-05-29 03:00:00,42.0,78.31407942238268,70.38973709267124,-7.924342329711436
3540,38621,2014-05-29 04:00:00,44.0,76.31407942238268,70.19350786325128,-6.120571559131392
3541,38622,2014-05-29 05:00:00,54.0,41.48671726755218,55.35215967495384,13.865442407401659
3542,38623,2014-05-29 06:00:00,62.0,58.314079422382676,58.437122574271484,0.12304315188880821
3543,38624,2014-05-29 07:00:00,78.0,42.314079422382676,44.02333907244801,1.7092596500653343
3544,38625,2014-05-29 08:00:00,77.0,43.314079422382676,34.09329978625914,-9.220779636123538
3545,38626,2014-05-29 09:00:00,75.0,45.314079422382676,38.505634898863406,-6.80844452351927
3546,38627,2014-05-29 10:00:00,67.0,28.329317269076284,34.31212880698506,5.982811537908773
3547,38628,2014-05-29 11:00:00,52.0,43.329317269076284,50.91461668863556,7.585299419559277
3548,38629,2014-05-29 12:00:00,41.0,54.329317269076284,43.39107492510634,-10.938242343969947
3549,38630,2014-05-29 13:00:00,29.0,29.92163009404389,51.64015140525828,21.71852131121439
3550,38631,2014-05-29 14:00:00,21.0,37.92163009404389,52.31381652249688,14.392186428452987
3551,38632,2014-05-29 15:00:00,19.0,15.473429951690825,29.748421927322816,14.274991975631991
3552,38633,2014-05-29 16:00:00,8.0,50.92163009404389,49.770088853921784,-1.151541240122107
3553,38634,2014-05-29 17:00:00,14.0,44.92163009404389,62.1076462509283,17.186016156884406
3554,38635,2014-05-29 18:00:00,30.0,28.92163009404389,44.61283354164938,15.691203447605488
3555,38636,2014-05-29 19:00:00,29.0,66.32931726907628,53.635905392325,-12.693411876751284
3556,38637,2014-05-29 20:00:00,38.0,57.329317269076284,48.25573929625307,-9.073577972823216
3557,38638,2014-05-29 21:00:00,63.0,71.40569395017795,56.87701058881305,-14.528683361364898
3558,38639,2014-05-29 22:00:00,63.0,32.329317269076284,22.33384345002746,-9.995473819048826
3559,38640,2014-05-29 23:00:00,63.0,48.04444444444445,32.26539832522056,-15.779046119223892
3560,38641,2014-05-30 00:00:00,79.0,41.314079422382676,33.33090055627814,-7.983178866104538
3561,38642,2014-05-30 01:00:00,71.0,49.314079422382676,41.524915773829846,-7.7891636485528295
3562,38643,2014-05-30 02:00:00,96.0,24.314079422382676,19.270206102846316,-5.04387331953636
3563,38644,2014-05-30 03:00:00,102.0,33.990909090909085,9.967228231116422,-24.023680859792663
3564,38645,2014-05-30 04:00:00,113.0,1.9555555555555486,26.09824034130419,24.142684785748642
3565,38646,2014-05-30 05:00:00,73.0,4.932203389830505,4.672303908033953,-0.25989948179655187
3566,38647,2014-05-30 06:00:00,67.0,44.04444444444445,26.06936141873176,-17.975083025712692
3567,38648,2014-05-30 07:00:00,67.0,44.04444444444445,25.57031604535578,-18.47412839908867
3568,38649,2014-05-30 08:00:00,88.0,32.314079422382676,21.269819607850707,-11.04425981453197
3569,38650,2014-05-30 09:00:00,85.0,35.314079422382676,26.82591102283999,-8.488168399542687
3570,38651,2014-05-30 10:00:00,88.0,32.314079422382676,23.31174825042652,-9.002331171956158
3571,38652,2014-05-30 11:00:00,104.0,16.314079422382676,5.700243257623399,-10.613836164759277
3572,38653,2014-05-30 12:00:00,100.0,20.314079422382676,14.988970501060606,-5.3251089213220695
3573,38654,2014-05-30 13:00:00,99.0,21.314079422382676,15.988970501060606,-5.3251089213220695
3574,38655,2014-05-30 14:00:00,100.0,20.314079422382676,15.030999960962433,-5.283079461420243
3575,38656,2014-05-30 15:00:00,107.0,27.405693950177948,11.827450446948859,-15.57824350322909
3576,38657,2014-05-30 16:00:00,104.0,30.405693950177948,14.229254981893718,-16.17643896828423
3577,38658,2014-05-30 17:00:00,90.0,30.314079422382676,23.57183849372808,-6.742240928654596
3578,38659,2014-05-30 18:00:00,100.0,20.314079422382676,10.505293295613313,-9.808786126769363
3579,38660,2014-05-30 19:00:00,99.0,35.40569395017795,18.96594190805432,-16.43975204212363
3580,38661,2014-05-30 20:00:00,95.0,25.314079422382676,18.45579524360555,-6.858284178777126
3581,38662,2014-05-30 21:00:00,97.0,23.314079422382676,16.413723328639406,-6.9003560937432695
3582,38663,2014-05-30 22:00:00,90.0,30.314079422382676,17.994781425443904,-12.319297996938772
3583,38664,2014-05-30 23:00:00,76.0,44.314079422382676,31.22306516692187,-13.091014255460806
3584,38665,2014-05-31 00:00:00,72.0,48.314079422382676,37.32718233377868,-10.986897088603996
3585,38666,2014-05-31 01:00:00,81.0,39.314079422382676,27.465723727293337,-11.848355695089339
3586,38667,2014-05-31 02:00:00,84.0,36.314079422382676,29.805948687862355,-6.508130734520321
3587,38668,2014-05-31 03:00:00,90.0,30.314079422382676,23.805948687862355,-6.508130734520321
3588,38669,2014-05-31 04:00:00,96.0,24.314079422382676,17.68398960466982,-6.630089817712857
3589,38670,2014-05-31 05:00:00,115.0,19.405693950177948,1.8883141405964494,-17.5173798095815
3590,38671,2014-05-31 06:00:00,115.0,19.405693950177948,4.622021989335877,-14.78367196084207
3591,38672,2014-05-31 07:00:00,108.0,26.405693950177948,10.152529690889224,-16.253164259288724
3592,38673,2014-05-31 08:00:00,125.0,4.685920577617324,9.387430516220803,4.701509938603479
3593,38674,2014-05-31 09:00:00,123.0,2.685920577617324,10.69680477236794,8.010884194750616
3594,38675,2014-05-31 10:00:00,127.0,6.685920577617324,14.439006292536092,7.753085714918768
3595,38676,2014-05-31 11:00:00,132.0,11.685920577617324,16.86610663258972,5.1801860549723955
3596,38677,2014-05-31 12:00:00,125.0,4.685920577617324,10.013149978616013,5.327229400998689
3597,38678,2014-05-31 13:00:00,119.0,15.405693950177948,0.1790750031091335,-15.226618947068815
3598,38679,2014-05-31 14:00:00,127.0,7.405693950177948,5.796311326124837,-1.6093826240531115
3599,38680,2014-05-31 15:00:00,139.0,18.685920577617324,22.910191188764912,4.224270611147588
3600,38681,2014-05-31 16:00:00,134.0,0.4056939501779482,12.365537860771141,11.959843910593193
3601,38682,2014-05-31 17:00:00,131.0,3.405693950177948,10.630924784561444,7.2252308343834954
3602,38683,2014-05-31 18:00:00,135.0,0.5943060498220518,14.630924784561444,14.036618734739392
3603,38684,2014-05-31 19:00:00,137.0,2.594306049822052,16.630924784561444,14.036618734739392
3604,38685,2014-05-31 20:00:00,143.0,8.594306049822052,23.352373446693804,14.758067396871752
3605,38686,2014-05-31 21:00:00,140.0,5.594306049822052,20.352373446693804,14.758067396871752
3606,38687,2014-05-31 22:00:00,86.0,48.40569395017795,34.43885850930724,-13.96683544087071
3607,38688,2014-05-31 23:00:00,83.0,28.04444444444445,11.834804242347431,-16.20964020209702
3608,38689,2014-06-01 00:00:00,83.0,13.193842645381977,12.753375159692325,-0.440467485689652
3609,38690,2014-06-01 01:00:00,68.0,45.55922215674721,46.493664466205445,0.9344423094582339
3610,38691,2014-06-01 02:00:00,53.0,16.806157354618023,25.44919711058823,8.643039755970207
3611,38692,2014-06-01 03:00:00,52.0,17.806157354618023,24.020448681250272,6.2142913266322495
3612,38693,2014-06-01 04:00:00,46.0,67.55922215674721,68.50328457326998,0.9440624165227689
3613,38694,2014-06-01 05:00:00,49.0,20.806157354618023,27.507817077849438,6.7016597232314155
3614,38695,2014-06-01 06:00:00,59.0,10.806157354618023,16.624691530562174,5.818534175944151
3615,38696,2014-06-01 07:00:00,52.0,17.806157354618023,8.129579284502888,-9.676578070115134
3616,38697,2014-06-01 08:00:00,43.0,19.52191235059761,8.605642183778443,-10.916270166819167
3617,38698,2014-06-01 09:00:00,46.0,22.52191235059761,12.557920653485986,-9.963991697111624
3618,38699,2014-06-01 10:00:00,40.0,16.52191235059761,7.833247751972024,-8.688664598625586
3619,38700,2014-06-01 11:00:00,32.0,8.52191235059761,1.6817596914709299,-6.84015265912668
3620,38701,2014-06-01 12:00:00,29.0,84.55922215674721,71.36654183466221,-13.192680322084996
3621,38702,2014-06-01 13:00:00,33.0,31.32314923619272,52.0595838798331,20.73643464364038
3622,38703,2014-06-01 14:00:00,37.0,27.32314923619272,51.33390667722709,24.01075744103437
3623,38704,2014-06-01 15:00:00,37.0,76.55922215674721,77.95972135250477,1.4004991957575612
3624,38705,2014-06-01 16:00:00,62.0,51.55922215674721,52.95972135250477,1.4004991957575612
3625,38706,2014-06-01 17:00:00,80.0,33.55922215674721,35.44866494514255,1.8894427883953426
3626,38707,2014-06-01 18:00:00,62.0,22.3840579710145,50.01076020065578,27.626702229641282
3627,38708,2014-06-01 19:00:00,53.0,31.3840579710145,51.38411059261722,20.00005262160272
3628,38709,2014-06-01 20:00:00,59.0,10.806157354618023,17.6037559377436,6.797598583125577
3629,38710,2014-06-01 21:00:00,51.0,18.806157354618023,26.24525190365496,7.439094549036938
3630,38711,2014-06-01 22:00:00,60.0,53.55922215674721,44.41341394112848,-9.145808215618729
3631,38712,2014-06-01 23:00:00,59.0,54.55922215674721,42.722431558000864,-11.836790598746347
3632,38713,2014-06-02 00:00:00,55.0,9.32314923619272,39.23090193841824,29.907752702225523
3633,38714,2014-06-02 01:00:00,49.0,15.32314923619272,46.45618983694004,31.13304060074732
3634,38715,2014-06-02 02:00:00,52.0,12.32314923619272,43.62871818032758,31.305568944134862
3635,38716,2014-06-02 03:00:00,55.0,9.32314923619272,38.94155785348863,29.618408617295913
3636,38717,2014-06-02 04:00:00,24.0,40.32314923619272,69.83065200994562,29.507502773752904
3637,38718,2014-06-02 05:00:00,21.0,43.32314923619272,74.56709568048305,31.24394644429033
3638,38719,2014-06-02 06:00:00,18.0,51.80615735461802,51.88502357185301,0.07886621723498877
3639,38720,2014-06-02 07:00:00,25.0,39.32314923619272,73.06023263602505,33.73708339983233
3640,38721,2014-06-02 08:00:00,25.0,44.80615735461802,43.85765522729976,-0.9485021273182639
3641,38722,2014-06-02 09:00:00,18.0,51.80615735461802,49.94324506266315,-1.8629122919548706
3642,38723,2014-06-02 10:00:00,18.0,95.55922215674721,83.72243155800086,-11.836790598746347
3643,38724,2014-06-02 11:00:00,24.0,40.32314923619272,73.00128623662054,32.678137000427824
3644,38725,2014-06-02 12:00:00,20.0,44.32314923619272,72.66701240880036,28.34386317260764
3645,38726,2014-06-02 13:00:00,31.0,33.32314923619272,61.28062008289551,27.95747084670279
3646,38727,2014-06-02 14:00:00,31.0,33.32314923619272,47.38206097687083,14.058911740678113
3647,38728,2014-06-02 15:00:00,28.0,36.32314923619272,62.78687014489931,26.46372090870659
3648,38729,2014-06-02 16:00:00,31.0,33.32314923619272,41.388518310768035,8.065369074575315
3649,38730,2014-06-02 17:00:00,28.0,36.32314923619272,50.89842461323447,14.575275377041748
3650,38731,2014-06-02 18:00:00,34.0,30.32314923619272,54.65352899277747,24.330379756584747
3651,38732,2014-06-02 19:00:00,32.0,32.32314923619272,58.78687014489931,26.46372090870659
3652,38733,2014-06-02 20:00:00,44.0,25.806157354618023,21.27373332411986,-4.532424030498163
3653,38734,2014-06-02 21:00:00,46.0,23.806157354618023,18.79999511104738,-5.0061622435706425
3654,38735,2014-06-02 22:00:00,43.0,26.806157354618023,22.982226247054882,-3.8239311075631406
3655,38736,2014-06-02 23:00:00,48.0,21.806157354618023,18.378635448948856,-3.427521905669167
3656,38737,2014-06-03 00:00:00,57.0,33.52191235059761,14.419033719083792,-19.102878631513818
3657,38738,2014-06-03 01:00:00,53.0,29.52191235059761,16.424971137661494,-13.096941212936116
3658,38739,2014-06-03 02:00:00,64.0,40.52191235059761,32.66693452340031,-7.8549778271973025
3659,38740,2014-06-03 03:00:00,52.0,28.52191235059761,19.871993383684995,-8.649918966912615
3660,38741,2014-06-03 04:00:00,37.0,13.52191235059761,7.035831479985532,-6.486080870612078
3661,38742,2014-06-03 05:00:00,35.0,60.48671726755218,63.79965293551727,3.3129356679650925
3662,38743,2014-06-03 06:00:00,39.0,30.806157354618023,30.649263330420155,-0.15689402419786802
3663,38744,2014-06-03 07:00:00,31.0,38.80615735461802,34.304208707165856,-4.501948647452167
3664,38745,2014-06-03 08:00:00,29.0,40.80615735461802,37.21450771558635,-3.5916496390316723
3665,38746,2014-06-03 09:00:00,28.0,41.80615735461802,37.20990599586922,-4.596251358748802
3666,38747,2014-06-03 10:00:00,32.0,8.52191235059761,4.982078212195745,-3.539834138401865
3667,38748,2014-06-03 11:00:00,33.0,31.32314923619272,51.23097754758258,19.907828311389864
3668,38749,2014-06-03 12:00:00,25.0,39.32314923619272,59.37088476463968,20.047735528446964
3669,38750,2014-06-03 13:00:00,30.0,34.32314923619272,54.137112088613364,19.813962852420644
3670,38751,2014-06-03 14:00:00,28.0,36.32314923619272,58.22241004677345,21.899260810580728
3671,38752,2014-06-03 15:00:00,36.0,28.32314923619272,50.450608083835505,22.127458847642785
3672,38753,2014-06-03 16:00:00,43.0,21.32314923619272,43.450608083835505,22.127458847642785
3673,38754,2014-06-03 17:00:00,43.0,21.32314923619272,45.57662383272469,24.253474596531973
3674,38755,2014-06-03 18:00:00,54.0,10.32314923619272,32.450608083835505,22.127458847642785
3675,38756,2014-06-03 19:00:00,56.0,8.32314923619272,35.025941992578,26.70279275638528
3676,38757,2014-06-03 20:00:00,45.0,19.32314923619272,46.025941992578,26.70279275638528
3677,38758,2014-06-03 21:00:00,48.0,16.32314923619272,44.18603023119509,27.86288099500237
3678,38759,2014-06-03 22:00:00,57.0,7.3231492361927195,39.109587900246055,31.786438664053335
3679,38760,2014-06-03 23:00:00,50.0,14.32314923619272,46.82411489422948,32.50096565803676
3680,38761,2014-06-04 00:00:00,47.0,17.32314923619272,49.89200354094335,32.56885430475063
3681,38762,2014-06-04 01:00:00,48.0,65.55922215674721,53.722431558000864,-11.836790598746347
3682,38763,2014-06-04 02:00:00,62.0,51.55922215674721,39.57648920135124,-11.982732955395974
3683,38764,2014-06-04 03:00:00,77.0,36.55922215674721,24.605792549862485,-11.953429606884725
3684,38765,2014-06-04 04:00:00,83.0,30.55922215674721,21.413413941128482,-9.145808215618729
3685,38766,2014-06-04 05:00:00,87.0,26.55922215674721,17.895486911424413,-8.663735245322798
3686,38767,2014-06-04 06:00:00,88.0,25.55922215674721,23.74408276258943,-1.8151393941577822
3687,38768,2014-06-04 07:00:00,107.0,6.559222156747211,4.633827302637783,-1.9253948541094275
3688,38769,2014-06-04 08:00:00,88.0,25.55922215674721,15.95706973677359,-9.60215241997362
3689,38770,2014-06-04 09:00:00,88.0,25.55922215674721,12.604948345507623,-12.954273811239588
3690,38771,2014-06-04 10:00:00,79.0,14.67685076380728,15.673094371075209,0.9962436072679282
3691,38772,2014-06-04 11:00:00,60.0,4.3231492361927195,33.513006132458074,29.189856896265354
3692,38773,2014-06-04 12:00:00,48.0,16.32314923619272,41.99639577470582,25.673246538513098
3693,38774,2014-06-04 13:00:00,38.0,26.32314923619272,50.74996063938866,24.42681140319594
3694,38775,2014-06-04 14:00:00,42.0,22.32314923619272,46.02142463474165,23.69827539854893
3695,38776,2014-06-04 15:00:00,47.0,17.32314923619272,41.57662383272469,24.253474596531973
3696,38777,2014-06-04 16:00:00,53.0,11.32314923619272,35.57662383272469,24.253474596531973
3697,38778,2014-06-04 17:00:00,52.0,12.32314923619272,39.911236689479594,27.588087453286875
3698,38779,2014-06-04 18:00:00,51.0,13.32314923619272,40.911236689479594,27.588087453286875
3699,38780,2014-06-04 19:00:00,53.0,11.32314923619272,40.513006132458074,29.189856896265354
3700,38781,2014-06-04 20:00:00,51.0,62.55922215674721,48.35758003148308,-14.20164212526413
3701,38782,2014-06-04 21:00:00,54.0,10.32314923619272,40.67309437107521,30.34994513488249
3702,38783,2014-06-04 22:00:00,54.0,43.97674418604653,17.963777459181912,-26.01296672686462
3703,38784,2014-06-04 23:00:00,54.0,59.55922215674721,45.35758003148308,-14.20164212526413
3704,38786,2014-06-05 01:00:00,53.0,60.55922215674721,51.462164302553006,-9.097057854194205
3705,38787,2014-06-05 02:00:00,57.0,56.55922215674721,55.18002013658315,-1.3792020201640582
3706,38788,2014-06-05 03:00:00,80.0,33.55922215674721,24.38411059261722,-9.175111564129992
3707,38789,2014-06-05 04:00:00,84.0,29.55922215674721,20.38411059261722,-9.175111564129992
3708,38790,2014-06-05 05:00:00,90.0,23.55922215674721,14.895486911424413,-8.663735245322798
3709,38791,2014-06-05 06:00:00,95.0,18.55922215674721,16.46905854431843,-2.090163612428782
3710,38792,2014-06-05 07:00:00,108.0,5.559222156747211,4.111765236846793,-1.447456919900418
3711,38793,2014-06-05 08:00:00,102.0,11.55922215674721,9.609714189342881,-1.9495079674043296
3712,38794,2014-06-05 09:00:00,90.0,23.55922215674721,20.596413087314687,-2.9628090694325238
3713,38795,2014-06-05 10:00:00,76.0,37.55922215674721,26.617066804916007,-10.942155351831204
3714,38796,2014-06-05 11:00:00,54.0,59.55922215674721,47.72909616921652,-11.830125987530693
3715,38797,2014-06-05 12:00:00,43.0,26.806157354618023,23.610258234026162,-3.1958991205918608
3716,38798,2014-06-05 13:00:00,43.0,21.32314923619272,44.25367958121666,22.93053034502394
3717,38799,2014-06-05 14:00:00,45.0,24.806157354618023,12.310776354924094,-12.495380999693928
3718,38800,2014-06-05 15:00:00,43.0,21.32314923619272,44.60836517239521,23.28521593620249
3719,38801,2014-06-05 16:00:00,49.0,15.32314923619272,38.60836517239521,23.28521593620249
3720,38802,2014-06-05 17:00:00,56.0,8.32314923619272,28.30248335639517,19.979334120202452
3721,38803,2014-06-05 18:00:00,55.0,9.32314923619272,35.35658176013969,26.03343252394697
3722,38804,2014-06-05 19:00:00,59.0,5.3231492361927195,32.02741137686006,26.70426214066734
3723,38805,2014-06-05 20:00:00,60.0,53.55922215674721,37.6505654783746,-15.908656678372608
3724,38806,2014-06-05 21:00:00,68.0,3.6768507638072805,23.063687972604768,19.386837208797488
3725,38807,2014-06-05 22:00:00,70.0,43.55922215674721,28.283876289185415,-15.275345867561796
3726,38808,2014-06-05 23:00:00,81.0,32.55922215674721,23.27645284257568,-9.282769314171532
3727,38810,2014-06-06 01:00:00,90.0,55.750967741935455,47.96101589323186,-7.789951848703595
3728,38811,2014-06-06 02:00:00,108.0,37.750967741935455,28.425171655486565,-9.32579608644889
3729,38812,2014-06-06 03:00:00,109.0,4.559222156747211,3.5638295466619496,-0.9953926100852613
3730,38813,2014-06-06 04:00:00,106.0,7.559222156747211,5.271371751865615,-2.2878504048815955
3731,38814,2014-06-06 05:00:00,96.0,17.55922215674721,16.111765236846793,-1.447456919900418
3732,38815,2014-06-06 06:00:00,82.0,31.55922215674721,29.46905854431843,-2.090163612428782
3733,38816,2014-06-06 07:00:00,87.0,26.55922215674721,25.128275700779994,-1.4309464559672165
3734,38817,2014-06-06 08:00:00,101.0,12.55922215674721,14.018169711131307,1.4589475543840962
3735,38818,2014-06-06 09:00:00,99.0,14.55922215674721,16.018169711131307,1.4589475543840962
3736,38819,2014-06-06 10:00:00,104.0,9.55922215674721,11.018169711131307,1.4589475543840962
3737,38820,2014-06-06 11:00:00,101.0,12.55922215674721,12.367722174666483,-0.19149998208072816
3738,38821,2014-06-06 12:00:00,88.0,18.193842645381977,14.701463350836804,-3.4923792945451737
3739,38822,2014-06-06 13:00:00,9.0,14.47808764940239,30.436178277984084,15.958090628581694
3740,38823,2014-06-06 14:00:00,9.0,14.47808764940239,21.315445650105534,6.837358000703144
3741,38824,2014-06-06 15:00:00,6.0,17.47808764940239,22.053736889878717,4.575649240476327
3742,38825,2014-06-06 16:00:00,6.0,78.3840579710145,97.83214001661196,19.44808204559746
3743,38826,2014-06-06 17:00:00,7.0,62.80615735461802,65.70607225358191,2.8999148989638854
3744,38827,2014-06-06 18:00:00,7.0,77.3840579710145,96.8604733499453,19.476415378930795
3745,38828,2014-06-06 19:00:00,9.0,104.55922215674721,93.51245909396124,-11.04676306278597
3746,38829,2014-06-06 20:00:00,10.0,59.80615735461802,58.33202085103453,-1.4741365035834946
3747,38830,2014-06-06 21:00:00,12.0,83.48671726755218,87.73158580047138,4.244868532919199
3748,38831,2014-06-06 22:00:00,10.0,97.45161290322581,71.44619775884712,-26.005415144378688
3749,38832,2014-06-06 23:00:00,17.0,52.80615735461802,51.08787242582075,-1.7182849287972743
3750,38834,2014-06-07 01:00:00,24.0,71.48671726755218,82.40081106627495,10.914093798722774
3751,38835,2014-06-07 02:00:00,25.0,70.48671726755218,74.16903682581363,3.6823195582614545
3752,38836,2014-06-07 03:00:00,19.0,88.45161290322581,62.0199849301119,-26.431627973113905
3753,38837,2014-06-07 04:00:00,17.0,78.48671726755218,80.9517576439314,2.4650403763792212
3754,38838,2014-06-07 05:00:00,14.0,93.45161290322581,68.16594346978263,-25.285669433443175
3755,38839,2014-06-07 06:00:00,8.0,61.80615735461802,59.417610686397936,-2.388546668220087
3756,38840,2014-06-07 07:00:00,6.0,63.80615735461802,62.89368241732092,-0.9124749372971053
3757,38841,2014-06-07 08:00:00,6.0,17.47808764940239,26.818512857983862,9.340425208581472
3758,38842,2014-06-07 09:00:00,5.0,18.47808764940239,20.57093384444601,2.09284619504362
3759,38843,2014-06-07 10:00:00,4.0,19.47808764940239,20.418231970526826,0.9401443211244356
3760,38844,2014-06-07 11:00:00,3.0,20.47808764940239,20.99659251881496,0.5185048694125705
3761,38845,2014-06-07 12:00:00,3.0,20.47808764940239,19.882271460957387,-0.5958161884450028
3762,38846,2014-06-07 13:00:00,5.0,22.644444444444453,18.601531581902343,-4.04291286254211
3763,38847,2014-06-07 14:00:00,5.0,22.644444444444453,18.178068131428727,-4.466376313015726
3764,38848,2014-06-07 15:00:00,5.0,22.644444444444453,15.038026262681704,-7.6064181817627485
3765,38849,2014-06-07 16:00:00,7.0,20.644444444444453,13.362691268460452,-7.281753175984001
3766,38850,2014-06-07 17:00:00,6.0,58.32314923619272,28.78648549314812,-29.5366637430446
3767,38851,2014-06-07 18:00:00,9.0,55.32314923619272,43.3050165569761,-12.01813267921662
3768,38852,2014-06-07 19:00:00,8.0,56.32314923619272,71.17639605753347,14.853246821340747
3769,38853,2014-06-07 20:00:00,19.0,45.32314923619272,62.67640714193213,17.35325790573941
3770,38854,2014-06-07 21:00:00,26.0,38.32314923619272,70.89200354094335,32.56885430475063
3771,38855,2014-06-07 22:00:00,26.0,38.32314923619272,68.23090193841824,29.907752702225523
3772,38856,2014-06-07 23:00:00,38.0,26.32314923619272,57.56709568048305,31.24394644429033
3773,38858,2014-06-08 01:00:00,69.0,26.48671726755218,30.87752815712105,4.3908108895688684
3774,38859,2014-06-08 02:00:00,45.0,50.48671726755218,51.86022026458215,1.3735029970299735
3775,38860,2014-06-08 03:00:00,33.0,62.48671726755218,66.29936240918259,3.812645141630412
3776,38861,2014-06-08 04:00:00,24.0,71.48671726755218,76.30870784283256,4.821990575280381
3777,38862,2014-06-08 05:00:00,29.0,78.45161290322581,53.14838953966904,-25.303223363556768
3778,38863,2014-06-08 06:00:00,25.0,44.80615735461802,43.33202085103453,-1.4741365035834946
3779,38864,2014-06-08 07:00:00,26.0,43.80615735461802,42.97061340721639,-0.8355439474016322
3780,38865,2014-06-08 08:00:00,25.0,39.32314923619272,71.97860460215479,32.65545536596207
3781,38866,2014-06-08 09:00:00,45.0,19.32314923619272,48.916002416021456,29.592853179828737
3782,38867,2014-06-08 10:00:00,58.0,6.3231492361927195,38.00706374631115,31.683914510118427
3783,38868,2014-06-08 11:00:00,59.0,5.3231492361927195,34.67963500977804,29.35648577358532
3784,38869,2014-06-08 12:00:00,48.0,16.32314923619272,42.36840860254931,26.04525936635659
3785,38870,2014-06-08 13:00:00,45.0,19.32314923619272,39.13018872255516,19.80703948636244
3786,38871,2014-06-08 14:00:00,48.0,16.32314923619272,14.481951484515065,-1.8411977516776545
3787,38872,2014-06-08 15:00:00,43.0,26.806157354618023,25.97061340721639,-0.8355439474016322
3788,38873,2014-06-08 16:00:00,11.0,53.32314923619272,86.80338443583237,33.48023519963965
3789,38874,2014-06-08 17:00:00,11.0,53.32314923619272,85.89200354094335,32.56885430475063
3790,38875,2014-06-08 18:00:00,19.0,94.55922215674721,82.57648920135124,-11.982732955395974
3791,38876,2014-06-08 19:00:00,25.0,88.55922215674721,76.57648920135124,-11.982732955395974
3792,38877,2014-06-08 20:00:00,30.0,83.55922215674721,71.75173490651213,-11.807487250235084
3793,38878,2014-06-08 21:00:00,44.0,20.32314923619272,54.082914270490804,33.759765034298084
3794,38879,2014-06-08 22:00:00,38.0,75.55922215674721,64.66569749846151,-10.893524658285699
3795,38880,2014-06-08 23:00:00,33.0,74.45161290322581,51.08529297472731,-23.3663199284985
3796,38882,2014-06-09 01:00:00,35.0,60.48671726755218,70.69151164637312,10.204794378820935
3797,38892,2014-06-09 11:00:00,41.0,23.32314923619272,52.17446802333755,28.851318787144834
3798,38893,2014-06-09 12:00:00,32.0,65.97674418604653,36.54409701881629,-29.432647167230243
3799,38894,2014-06-09 13:00:00,32.0,32.32314923619272,3.5778621952524787,-28.74528704094024
3800,38895,2014-06-09 14:00:00,25.0,39.32314923619272,10.205731645164597,-29.117417591028122
3801,38896,2014-06-09 15:00:00,17.0,16.316498316498325,21.329685886572364,5.013187570074038
3802,38897,2014-06-09 16:00:00,32.0,32.32314923619272,21.85338817331761,-10.469761062875108
3803,38898,2014-06-09 17:00:00,20.0,44.32314923619272,68.32713053650829,24.003981300315573
3804,38899,2014-06-09 18:00:00,15.0,49.32314923619272,80.8611213896615,31.537972153468786
3805,38900,2014-06-09 19:00:00,33.0,31.32314923619272,61.05851389567695,29.735364659484233
3806,38901,2014-06-09 20:00:00,19.0,45.32314923619272,75.05851389567695,29.735364659484233
3807,38902,2014-06-09 21:00:00,22.0,42.32314923619272,72.05851389567695,29.735364659484233
3808,38903,2014-06-09 22:00:00,31.0,33.32314923619272,66.03794589759302,32.7147966614003
3809,38904,2014-06-09 23:00:00,49.0,15.32314923619272,44.916002416021456,29.592853179828737
3810,38905,2014-06-10 00:00:00,52.0,12.32314923619272,43.51781233678463,31.19466310059191
3811,38906,2014-06-10 01:00:00,59.0,36.48671726755218,41.35932496821056,4.872607700658378
3812,38907,2014-06-10 02:00:00,67.0,2.6768507638072805,31.082914270490804,28.406063506683523
3813,38908,2014-06-10 03:00:00,62.0,2.3231492361927195,36.06023263602505,33.73708339983233
3814,38909,2014-06-10 04:00:00,58.0,6.3231492361927195,39.91429027937538,33.59114104318266
3815,38910,2014-06-10 05:00:00,50.0,45.48671726755218,51.14418211106769,5.657464843515513
3816,38911,2014-06-10 06:00:00,71.0,20.134146341463406,13.286435606834061,-6.847710734629345
3817,38912,2014-06-10 07:00:00,76.0,8.3840579710145,28.895486911424413,20.511428940409914
3818,38913,2014-06-10 08:00:00,82.0,31.55922215674721,22.895486911424413,-8.663735245322798
3819,38914,2014-06-10 09:00:00,83.0,30.55922215674721,21.530052949266917,-9.029169207480294
3820,38915,2014-06-10 10:00:00,99.0,14.55922215674721,5.384110592617219,-9.175111564129992
3821,38916,2014-06-10 11:00:00,78.0,35.55922215674721,26.422395199225306,-9.136826957521905
3822,38917,2014-06-10 12:00:00,80.0,33.55922215674721,24.27645284257568,-9.282769314171532
3823,38918,2014-06-10 13:00:00,77.0,36.55922215674721,27.27645284257568,-9.282769314171532
3824,38919,2014-06-10 14:00:00,79.0,5.384057971014499,33.47633648067681,28.092278509662307
3825,38920,2014-06-10 15:00:00,79.0,34.55922215674721,35.44245761138494,0.8832354546377275
3826,38921,2014-06-10 16:00:00,59.0,54.55922215674721,53.120971531452014,-1.438250625295197
3827,38922,2014-06-10 17:00:00,75.0,38.55922215674721,29.38411059261722,-9.175111564129992
3828,38923,2014-06-10 18:00:00,94.0,19.55922215674721,10.384110592617219,-9.175111564129992
3829,38924,2014-06-10 19:00:00,88.0,25.55922215674721,16.38411059261722,-9.175111564129992
3830,38925,2014-06-10 20:00:00,88.0,25.55922215674721,16.866183562913207,-8.693038593834004
3831,38926,2014-06-10 21:00:00,85.0,28.55922215674721,19.559356297778123,-8.999865858969088
3832,38927,2014-06-10 22:00:00,87.0,26.55922215674721,24.74408276258943,-1.8151393941577822
3833,38928,2014-06-10 23:00:00,94.0,19.55922215674721,17.74408276258943,-1.8151393941577822
3834,38929,2014-06-11 00:00:00,103.0,10.55922215674721,9.377169348053329,-1.1820528086938822
3835,38930,2014-06-11 01:00:00,101.0,12.55922215674721,10.744082762589429,-1.8151393941577822
3836,38931,2014-06-11 02:00:00,114.0,0.4407778432527891,9.37906701600454,8.938289172751752
3837,38932,2014-06-11 03:00:00,123.0,51.84210526315792,11.371327439452813,-40.470777823705106
3838,38933,2014-06-11 04:00:00,122.0,14.548387096774192,31.699985408052157,17.151598311277965
3839,38934,2014-06-11 05:00:00,96.0,26.193842645381977,28.019055980268746,1.8252133348867687
3840,38935,2014-06-11 06:00:00,51.0,18.806157354618023,22.765105713791144,3.958948359173121
3841,38936,2014-06-11 07:00:00,23.0,90.55922215674721,78.57648920135124,-11.982732955395974
3842,38937,2014-06-11 08:00:00,59.0,54.55922215674721,42.57648920135124,-11.982732955395974
3843,38938,2014-06-11 09:00:00,43.0,21.32314923619272,53.76477359879124,32.44162436259852
3844,38939,2014-06-11 10:00:00,13.0,56.80615735461802,51.265387074244686,-5.540770280373337
3845,38940,2014-06-11 11:00:00,13.0,51.32314923619272,77.81837167473051,26.495222438537795
3846,38941,2014-06-11 12:00:00,16.0,48.32314923619272,70.4306789236051,22.10752968741238
3847,38942,2014-06-11 13:00:00,13.0,51.32314923619272,70.28916325963527,18.966014023442554
3848,38943,2014-06-11 14:00:00,12.0,57.80615735461802,48.494058153078825,-9.312099201539198
3849,38944,2014-06-11 15:00:00,18.0,46.32314923619272,63.491030930594945,17.167881694402226
3850,38945,2014-06-11 16:00:00,16.0,48.32314923619272,46.60614143073986,-1.7170078054528588
3851,38946,2014-06-11 17:00:00,15.0,49.32314923619272,69.04501593352684,19.72186669733412
3852,38947,2014-06-11 18:00:00,20.0,44.32314923619272,62.406334474997564,18.083185238804845
3853,38948,2014-06-11 19:00:00,17.0,47.32314923619272,68.49580171145097,21.172652475258246
3854,38949,2014-06-11 20:00:00,19.0,45.32314923619272,72.92487778333073,27.60172854713801
3855,38950,2014-06-11 21:00:00,40.0,24.32314923619272,56.109587900246055,31.786438664053335
3856,38951,2014-06-11 22:00:00,44.0,20.32314923619272,52.109587900246055,31.786438664053335
3857,38952,2014-06-11 23:00:00,33.0,31.32314923619272,63.93339758990663,32.610248353713914
3858,38953,2014-06-12 00:00:00,33.0,80.55922215674721,69.05856217164715,-11.500659985100057
3859,38954,2014-06-12 01:00:00,37.0,76.55922215674721,65.0878655201584,-11.471356636588808
3860,38955,2014-06-12 02:00:00,37.0,76.55922215674721,64.75173490651213,-11.807487250235084
3861,38956,2014-06-12 03:00:00,50.0,41.134146341463406,33.9569200126342,-7.177226328829207
3862,38957,2014-06-12 04:00:00,51.0,18.806157354618023,22.87466388320931,4.068506528591286
3863,38958,2014-06-12 05:00:00,39.0,30.806157354618023,33.96025371857269,3.1540963639546646
3864,38959,2014-06-12 06:00:00,28.0,41.80615735461802,45.56854080164908,3.7623834470310555
3865,38960,2014-06-12 07:00:00,35.0,34.80615735461802,33.24798768988789,-1.55816966473013
3866,38961,2014-06-12 08:00:00,31.0,82.55922215674721,69.60494834550762,-12.954273811239588
3867,38962,2014-06-12 09:00:00,31.0,38.80615735461802,29.630879581650248,-9.175277772967775
3868,38963,2014-06-12 10:00:00,27.0,37.32314923619272,58.51964574955754,21.19649651336482
3869,38964,2014-06-12 11:00:00,23.0,41.32314923619272,62.0595838798331,20.73643464364038
3870,38965,2014-06-12 12:00:00,18.0,79.97674418604653,39.75405223156249,-40.22269195448404
3871,38966,2014-06-12 13:00:00,16.0,48.32314923619272,64.05677438158844,15.73362514539572
3872,38967,2014-06-12 14:00:00,12.0,85.97674418604653,45.66690937441963,-40.3098348116269
3873,38968,2014-06-12 15:00:00,14.0,50.32314923619272,66.7239420152524,16.400792779059685
3874,38969,2014-06-12 16:00:00,14.0,50.32314923619272,48.38904727489571,-1.93410196129701
3875,38970,2014-06-12 17:00:00,10.0,54.32314923619272,73.46994445494938,19.146795218756665
3876,38971,2014-06-12 18:00:00,20.0,44.32314923619272,64.13711208861336,19.813962852420644
3877,38972,2014-06-12 19:00:00,30.0,83.55922215674721,68.07602745197609,-15.483194704771122
3878,38973,2014-06-12 20:00:00,40.0,73.55922215674721,57.96476591515116,-15.594456241596049
3879,38974,2014-06-12 21:00:00,44.0,25.806157354618023,33.17101256874277,7.364855214124745
3880,38975,2014-06-12 22:00:00,38.0,75.55922215674721,64.93228869919035,-10.62693345755686
3881,38976,2014-06-12 23:00:00,50.0,63.55922215674721,62.425861631023636,-1.1333605257235746
3882,38977,2014-06-13 00:00:00,64.0,49.55922215674721,50.632517503461784,1.0732953467145734
3883,38978,2014-06-13 01:00:00,99.0,14.55922215674721,12.624207195573277,-1.935014961173934
3884,38979,2014-06-13 02:00:00,110.0,3.559222156747211,4.442457611384938,0.8832354546377275
3885,38980,2014-06-13 03:00:00,105.0,8.55922215674721,9.493664466205445,0.9344423094582339
3886,38981,2014-06-13 04:00:00,108.0,5.559222156747211,6.493664466205445,0.9344423094582339
3887,38982,2014-06-13 05:00:00,121.0,7.440777843252789,6.49671542673002,-0.9440624165227689
3888,38983,2014-06-13 06:00:00,126.0,19.750967741935455,10.973907809020375,-8.77705993291508
3889,38984,2014-06-13 07:00:00,103.0,15.538461538461519,12.53549744987194,-3.0029640885895788
3890,38985,2014-06-13 08:00:00,78.0,35.55922215674721,35.79821740867773,0.2389952519305183
3891,38986,2014-06-13 09:00:00,93.0,20.55922215674721,17.61751576467266,-2.9417063920745505
3892,38987,2014-06-13 10:00:00,49.0,64.55922215674721,62.48015329564389,-2.0790688611033232
3893,38988,2014-06-13 11:00:00,29.0,84.55922215674721,72.19577992990033,-12.363442226846885
3894,38989,2014-06-13 12:00:00,25.0,88.55922215674721,76.59399925572815,-11.965222901019061
3895,38990,2014-06-13 13:00:00,34.0,79.55922215674721,66.38322035484438,-13.176001801902828
3896,38991,2014-06-13 14:00:00,39.0,74.55922215674721,57.83994315164546,-16.719279005101754
3897,38992,2014-06-13 15:00:00,41.0,72.55922215674721,60.7571295815427,-11.802092575204512
3898,38993,2014-06-13 16:00:00,48.0,65.55922215674721,54.326046248209366,-11.233175908537845
3899,38994,2014-06-13 17:00:00,49.0,25.52191235059761,8.6609392634996,-16.86097308709801
3900,38995,2014-06-13 18:00:00,19.0,65.3840579710145,92.18010664382723,26.79604867281273
3901,38996,2014-06-13 19:00:00,14.0,55.80615735461802,66.42224031296969,10.616082958351669
3902,38997,2014-06-13 20:00:00,24.0,89.55922215674721,90.50328457326998,0.9440624165227689
3903,38998,2014-06-13 21:00:00,22.0,47.80615735461802,58.25229870762642,10.4461413530084
3904,38999,2014-06-13 22:00:00,30.0,39.80615735461802,46.50781707784944,6.7016597232314155
3905,39000,2014-06-13 23:00:00,30.0,83.55922215674721,81.75370286965394,-1.8055192870932757
3906,39001,2014-06-14 00:00:00,37.0,76.55922215674721,77.35734221662031,0.7981200598730993
3907,39002,2014-06-14 01:00:00,35.0,78.55922215674721,76.60776051300428,-1.951461643742931
3908,39003,2014-06-14 02:00:00,39.0,74.55922215674721,72.74408276258943,-1.8151393941577822
3909,39004,2014-06-14 03:00:00,38.0,75.55922215674721,72.2548569179512,-3.3043652387960094
3910,39005,2014-06-14 04:00:00,35.0,113.78571428571428,107.82582691987653,-5.959887365837744
3911,39006,2014-06-14 05:00:00,29.0,62.134146341463406,59.24759595155811,-2.8865503899052953
3912,39007,2014-06-14 06:00:00,28.0,41.80615735461802,50.1345247125269,8.328367357908874
3913,39008,2014-06-14 07:00:00,18.0,51.80615735461802,59.96155432576555,8.155396971147525
3914,39009,2014-06-14 08:00:00,25.0,44.80615735461802,52.45229800980506,7.64614065518704
3915,39010,2014-06-14 09:00:00,34.0,35.80615735461802,42.62218381875431,6.816026464136286
3916,39011,2014-06-14 10:00:00,24.0,45.80615735461802,50.34519072704728,4.539033372429259
3917,39012,2014-06-14 11:00:00,23.0,90.55922215674721,87.63419428485486,-2.925027871892354
3918,39013,2014-06-14 12:00:00,30.0,83.55922215674721,80.43544534636186,-3.123776810385351
3919,39014,2014-06-14 13:00:00,35.0,78.55922215674721,66.06298839979296,-12.496233756954254
3920,39015,2014-06-14 14:00:00,46.0,67.55922215674721,68.81569695496216,1.2564747982149527
3921,39016,2014-06-14 15:00:00,47.0,66.55922215674721,67.81569695496216,1.2564747982149527
3922,39017,2014-06-14 16:00:00,39.0,74.55922215674721,76.29090008801974,1.7316779312725288
3923,39018,2014-06-14 17:00:00,50.0,63.55922215674721,51.7571295815427,-11.802092575204512
3924,39019,2014-06-14 18:00:00,54.0,59.55922215674721,61.188557311528754,1.6293351547815433
3925,39020,2014-06-14 19:00:00,59.0,54.55922215674721,56.81844769205529,2.259225535308076
3926,39021,2014-06-14 20:00:00,58.0,87.75096774193545,80.3051984679297,-7.445769274005755
3927,39022,2014-06-14 21:00:00,70.0,75.75096774193545,80.8125719427187,5.0616042007832505
3928,39023,2014-06-14 22:00:00,90.0,55.750967741935455,48.69043063565721,-7.060537106278247
3929,39024,2014-06-14 23:00:00,106.0,39.750967741935455,32.69043063565721,-7.060537106278247
3930,39025,2014-06-15 00:00:00,128.0,14.44077784325279,11.869427886372648,-2.571349956880141
3931,39026,2014-06-15 01:00:00,118.0,4.440777843252789,3.5671624956795114,-0.8736153475732777
3932,39027,2014-06-15 02:00:00,111.0,34.750967741935455,26.830675082807574,-7.920292659127881
3933,39028,2014-06-15 03:00:00,131.0,14.750967741935455,5.254589256896281,-9.496378485039173
3934,39029,2014-06-15 04:00:00,153.0,39.44077784325279,38.799970937237944,-0.6408069060148449
3935,39030,2014-06-15 05:00:00,169.0,23.249032258064545,32.53392485080906,9.284892592744512
3936,39031,2014-06-15 06:00:00,161.0,15.249032258064545,23.40213335875086,8.153101100686314
3937,39032,2014-06-15 07:00:00,141.0,4.750967741935455,2.8024174977650205,-1.948550244170434
3938,39033,2014-06-15 08:00:00,117.0,3.440777843252789,3.201782591322271,-0.2389952519305183
3939,39034,2014-06-15 09:00:00,117.0,3.440777843252789,6.186804707901004,2.746026864648215
3940,39035,2014-06-15 10:00:00,101.0,12.55922215674721,15.50692338012415,2.9477012233769386
3941,39036,2014-06-15 11:00:00,94.0,19.55922215674721,24.55386341176431,4.9946412550171
3942,39037,2014-06-15 12:00:00,89.0,24.55922215674721,27.340633562135864,2.7814114053886527
3943,39038,2014-06-15 13:00:00,82.0,31.55922215674721,34.340633562135864,2.7814114053886527
3944,39039,2014-06-15 14:00:00,105.0,8.55922215674721,14.354623616818728,5.795401460071517
3945,39040,2014-06-15 15:00:00,130.0,16.44077784325279,9.765782422243632,-6.674995421009157
3946,39041,2014-06-15 16:00:00,161.0,15.249032258064545,21.035585057368706,5.786552799304161
3947,39042,2014-06-15 17:00:00,156.0,10.249032258064545,15.151819533189155,4.902787275124609
3948,39043,2014-06-15 18:00:00,100.0,30.193842645381977,20.52622047530457,-9.667622170077408
3949,39044,2014-06-15 19:00:00,62.0,7.806157354618023,19.26700467695251,11.460847322334487
3950,39045,2014-06-15 20:00:00,84.0,0.38405797101449934,28.727150415293295,28.343092444278795
3951,39046,2014-06-15 21:00:00,61.0,23.3840579710145,49.32134502091341,25.937287049898913
3952,39047,2014-06-15 22:00:00,80.0,65.75096774193545,56.46607514919094,-9.284892592744512
3953,39048,2014-06-15 23:00:00,113.0,43.19384264538198,31.77492498033331,-11.418917665048667
3954,39049,2014-06-16 00:00:00,140.0,5.750967741935455,2.137591394751581,-3.6133763471838733
3955,39050,2014-06-16 01:00:00,134.0,11.750967741935455,3.98958841369128,-7.761379328244175
3956,39051,2014-06-16 02:00:00,117.0,28.750967741935455,25.13759139475158,-3.6133763471838733
3957,39052,2014-06-16 03:00:00,112.0,33.750967741935455,24.826506451209326,-8.924461290726128
3958,39053,2014-06-16 04:00:00,130.0,15.750967741935455,6.559324769508919,-9.191642972426536
3959,39054,2014-06-16 05:00:00,148.0,2.2490322580645454,13.299305046882068,11.050272788817523
3960,39055,2014-06-16 06:00:00,162.0,16.249032258064545,20.129590286948826,3.8805580288842805
3961,39056,2014-06-16 07:00:00,169.0,23.249032258064545,34.29930504688207,11.050272788817523
3962,39057,2014-06-16 08:00:00,164.0,18.249032258064545,15.957953458601281,-2.291078799463264
3963,39058,2014-06-16 09:00:00,169.0,23.249032258064545,19.65514065970538,-3.593891598359164
3964,39059,2014-06-16 10:00:00,155.0,9.249032258064545,15.199600795499833,5.950568537435288
3965,39060,2014-06-16 11:00:00,178.0,32.249032258064545,27.925725917280005,-4.323306340784541
3966,39061,2014-06-16 12:00:00,191.0,45.249032258064545,43.28116406920569,-1.9678681888588585
3967,39062,2014-06-16 13:00:00,196.0,50.249032258064545,44.01401444172913,-6.235017816335414
3968,39063,2014-06-16 14:00:00,138.0,7.750967741935455,13.062460569283417,5.311492827347962
3969,39064,2014-06-16 15:00:00,132.0,13.750967741935455,21.024656493190975,7.27368875125552
3970,39065,2014-06-16 16:00:00,105.0,40.750967741935455,33.73349116989391,-7.017476572041545
3971,39066,2014-06-16 17:00:00,111.0,34.750967741935455,29.622724801786205,-5.128242940149249
3972,39067,2014-06-16 18:00:00,96.0,49.750967741935455,55.06246056928342,5.311492827347962
3973,39068,2014-06-16 19:00:00,105.0,40.750967741935455,45.76329390261674,5.012326160681283
3974,39069,2014-06-16 20:00:00,108.0,37.750967741935455,41.38822460675658,3.6372568648211256
3975,39070,2014-06-16 21:00:00,111.0,34.750967741935455,38.83678675889013,4.085819016954673
3976,39071,2014-06-16 22:00:00,103.0,42.750967741935455,46.9880559704751,4.237088228539648
3977,39072,2014-06-16 23:00:00,114.0,31.750967741935455,36.38483814407229,4.633870402136836
3978,39073,2014-06-17 00:00:00,176.0,30.249032258064545,25.61516185592771,-4.633870402136836
3979,39074,2014-06-17 01:00:00,221.0,75.24903225806455,70.61516185592771,-4.633870402136836
3980,39075,2014-06-17 02:00:00,225.0,111.44077784325279,120.61588940738278,9.175111564129992
3981,39076,2014-06-17 03:00:00,84.0,0.38405797101449934,20.413413941128482,20.029355970113983
3982,39077,2014-06-17 04:00:00,13.0,71.3840579710145,95.82086326896685,24.436805297952347
3983,39078,2014-06-17 05:00:00,20.0,64.3840579710145,88.47580313820472,24.091745167190226
3984,39079,2014-06-17 06:00:00,28.0,85.55922215674721,85.79776512098772,0.23854296424050858
3985,39080,2014-06-17 07:00:00,29.0,84.55922215674721,84.78814501392323,0.22892285717601624
3986,39081,2014-06-17 08:00:00,24.0,45.80615735461802,54.1345247125269,8.328367357908874
3987,39082,2014-06-17 09:00:00,32.0,81.55922215674721,81.79776512098772,0.23854296424050858
3988,39083,2014-06-17 10:00:00,40.0,73.55922215674721,73.78814501392323,0.22892285717601624
3989,39084,2014-06-17 11:00:00,47.0,98.75096774193545,89.25458925689628,-9.496378485039173
3990,39085,2014-06-17 12:00:00,49.0,96.75096774193545,87.42517165548657,-9.32579608644889
3991,39086,2014-06-17 13:00:00,77.0,68.75096774193545,60.96101589323186,-7.789951848703595
3992,39087,2014-06-17 14:00:00,103.0,42.750967741935455,35.69043063565721,-7.060537106278247
3993,39088,2014-06-17 15:00:00,119.0,26.750967741935455,36.48157513316963,9.730607391234173
3994,39089,2014-06-17 16:00:00,132.0,13.750967741935455,15.632617818549392,1.881650076613937
3995,39090,2014-06-17 17:00:00,148.0,2.2490322580645454,3.708368423541998,1.4593361654774526
3996,39091,2014-06-17 18:00:00,38.0,46.3840579710145,73.46087762829391,27.076819657279415
3997,39092,2014-06-17 19:00:00,60.0,85.75096774193545,74.17850908303731,-11.572458658898142
3998,39093,2014-06-17 20:00:00,76.0,37.55922215674721,37.78814501392323,0.22892285717601624
3999,39094,2014-06-17 21:00:00,56.0,57.55922215674721,57.78814501392323,0.22892285717601624
4000,39095,2014-06-17 22:00:00,62.0,51.55922215674721,51.79776512098772,0.23854296424050858
4001,39096,2014-06-17 23:00:00,63.0,50.55922215674721,50.65182276433805,0.09260060759083899
4002,39097,2014-06-18 00:00:00,75.0,38.55922215674721,36.280991858930136,-2.2782302978170748
4003,39098,2014-06-18 01:00:00,67.0,30.97674418604653,19.439883033906625,-11.536861152139906
4004,39099,2014-06-18 02:00:00,74.0,39.55922215674721,36.03160622468765,-3.527615932059561
4005,39100,2014-06-18 03:00:00,71.0,42.55922215674721,39.03160622468765,-3.527615932059561
4006,39101,2014-06-18 04:00:00,76.0,37.55922215674721,37.79776512098772,0.23854296424050858
4007,39102,2014-06-18 05:00:00,79.0,9.193842645381977,1.5463352710792577,-7.6475073743027195
4008,39103,2014-06-18 06:00:00,82.0,31.55922215674721,31.788145013923227,0.22892285717601624
4009,39104,2014-06-18 07:00:00,53.0,16.806157354618023,24.393084925572467,7.586927570954444
4010,39105,2014-06-18 08:00:00,46.0,23.806157354618023,31.474185929166367,7.6680285745483445
4011,39106,2014-06-18 09:00:00,46.0,23.806157354618023,31.43041048879249,7.624253134174467
4012,39107,2014-06-18 10:00:00,45.0,68.55922215674721,69.21164237651504,0.6524202197678335
4013,39108,2014-06-18 11:00:00,24.0,89.55922215674721,78.25482603762279,-11.30439611912442
4014,39109,2014-06-18 12:00:00,11.0,102.55922215674721,86.76888121881588,-15.790340937931333
4015,39110,2014-06-18 13:00:00,22.0,42.32314923619272,67.97971725452366,25.656568018330944
4016,39112,2014-06-18 15:00:00,47.0,66.55922215674721,54.168537282126636,-12.390684874620575
4017,39115,2014-06-18 18:00:00,83.0,30.55922215674721,33.78635307907079,3.227130922323582
4018,39116,2014-06-18 19:00:00,77.0,68.75096774193545,61.00846826287378,-7.742499479061678
4019,39117,2014-06-18 20:00:00,80.0,33.55922215674721,35.3802253642741,1.8210032075268856
4020,39118,2014-06-18 21:00:00,108.0,37.750967741935455,30.690430635657208,-7.060537106278247
4021,39119,2014-06-18 22:00:00,121.0,24.750967741935455,16.96101589323186,-7.789951848703595
4022,39120,2014-06-18 23:00:00,144.0,1.7509677419354546,5.52965888870574,3.778691146770285
4023,39121,2014-06-19 00:00:00,143.0,2.7509677419354546,0.8624086052484188,-1.8885591366870358
4024,39122,2014-06-19 01:00:00,151.0,5.249032258064545,14.533924850809058,9.284892592744512
4025,39123,2014-06-19 02:00:00,153.0,7.249032258064545,16.533924850809058,9.284892592744512
4026,39124,2014-06-19 03:00:00,146.0,0.24903225806454543,10.597412975427204,10.348380717362659
4027,39125,2014-06-19 04:00:00,141.0,4.750967741935455,4.533924850809058,-0.21704289112639685
4028,39126,2014-06-19 05:00:00,151.0,2.2142857142857224,10.347201830736765,8.132916116451042
4029,39127,2014-06-19 06:00:00,158.0,12.249032258064545,21.533924850809058,9.284892592744512
4030,39128,2014-06-19 07:00:00,119.0,26.750967741935455,18.59786664124914,-8.153101100686314
4031,39129,2014-06-19 08:00:00,137.0,8.750967741935455,0.5748283445134348,-8.17613939742202
4032,39130,2014-06-19 09:00:00,191.0,45.249032258064545,53.03898410676814,7.789951848703595
4033,39131,2014-06-19 10:00:00,200.0,54.249032258064545,61.30956936434279,7.060537106278247
4034,39132,2014-06-19 11:00:00,200.0,54.249032258064545,61.30956936434279,7.060537106278247
4035,39133,2014-06-19 12:00:00,181.0,67.44077784325279,65.10223632793108,-2.338541515321708
4036,39134,2014-06-19 13:00:00,116.0,2.440777843252789,0.7125365097161449,-1.7282413335366442
4037,39135,2014-06-19 14:00:00,106.0,39.750967741935455,32.69502868010787,-7.055939061827587
4038,39136,2014-06-19 15:00:00,114.0,31.750967741935455,24.690430635657208,-7.060537106278247
4039,39137,2014-06-19 16:00:00,109.0,36.750967741935455,30.08474096150519,-6.666226780430264
4040,39138,2014-06-19 17:00:00,87.0,65.41463414634148,55.1313091541291,-10.283324992212385
4041,39139,2014-06-19 18:00:00,65.0,48.55922215674721,51.494781017544,2.935558860796789
4042,39140,2014-06-19 19:00:00,71.0,42.55922215674721,44.453532042519996,1.8943098857727847
4043,39141,2014-06-19 20:00:00,79.0,34.55922215674721,36.97571791260063,2.4164957558534184
4044,39142,2014-06-19 21:00:00,73.0,40.55922215674721,43.20852635415905,2.649304197411837
4045,39143,2014-06-19 22:00:00,72.0,41.55922215674721,42.43283750432049,0.8736153475732777
4046,39144,2014-06-19 23:00:00,74.0,10.3840579710145,36.309266739328194,25.925208768313695
4047,39145,2014-06-20 00:00:00,78.0,35.55922215674721,36.86134694046284,1.3021247837156267
4048,39146,2014-06-20 01:00:00,89.0,4.615942028985501,23.256461688175847,18.640519659190346
4049,39147,2014-06-20 02:00:00,86.0,1.6159420289855007,24.30364970529604,22.687707676310538
4050,39148,2014-06-20 03:00:00,59.0,25.3840579710145,52.628335164706,27.244277193691502
4051,39149,2014-06-20 04:00:00,39.0,45.3840579710145,72.20377753230724,26.819719561292743
4052,39150,2014-06-20 05:00:00,48.0,36.3840579710145,63.53100226567702,27.146944294662518
4053,39151,2014-06-20 06:00:00,41.0,43.3840579710145,70.21339763937176,26.829339668357264
4054,39152,2014-06-20 07:00:00,63.0,6.806157354618023,14.977775523019076,8.171618168401054
4055,39153,2014-06-20 08:00:00,59.0,10.806157354618023,17.85755293987529,7.051395585257268
4056,39154,2014-06-20 09:00:00,35.0,34.80615735461802,41.6138328700995,6.807675515481478
4057,39155,2014-06-20 10:00:00,22.0,47.80615735461802,53.96068639226496,6.154529037646938
4058,39156,2014-06-20 11:00:00,13.0,10.47808764940239,33.17421345232109,22.6961258029187
4059,39157,2014-06-20 12:00:00,19.0,4.47808764940239,22.167554283049093,17.689466633646703
4060,39158,2014-06-20 13:00:00,12.0,101.55922215674721,100.42586163102364,-1.1333605257235746
4061,39159,2014-06-20 14:00:00,10.0,103.55922215674721,92.2587339850492,-11.300488171698007
4062,39160,2014-06-20 15:00:00,11.0,102.55922215674721,91.93228869919035,-10.62693345755686
4063,39161,2014-06-20 16:00:00,17.0,96.55922215674721,85.25482603762279,-11.30439611912442
4064,39162,2014-06-20 17:00:00,20.0,93.55922215674721,91.54888277858058,-2.010339378166634
4065,39163,2014-06-20 18:00:00,20.0,93.55922215674721,91.93691803838585,-1.622304118361356
4066,39164,2014-06-20 19:00:00,38.0,75.55922215674721,76.92647907506195,1.3672569183147374
4067,39165,2014-06-20 20:00:00,61.0,52.55922215674721,53.9296018401992,1.3703796834519864
4068,39166,2014-06-20 21:00:00,94.0,19.55922215674721,21.227699598605156,1.668477441857945
4069,39167,2014-06-20 22:00:00,89.0,24.55922215674721,26.672335970568966,2.113113813821755
4070,39168,2014-06-20 23:00:00,82.0,31.55922215674721,33.672335970568966,2.113113813821755
4071,39169,2014-06-21 00:00:00,74.0,39.55922215674721,41.672335970568966,2.113113813821755
4072,39170,2014-06-21 01:00:00,70.0,43.55922215674721,45.672335970568966,2.113113813821755
4073,39171,2014-06-21 02:00:00,70.0,43.55922215674721,45.672335970568966,2.113113813821755
4074,39172,2014-06-21 03:00:00,71.0,42.55922215674721,44.672335970568966,2.113113813821755
4075,39173,2014-06-21 04:00:00,76.0,37.55922215674721,39.672335970568966,2.113113813821755
4076,39174,2014-06-21 05:00:00,72.0,41.55922215674721,42.493664466205445,0.9344423094582339
4077,39175,2014-06-21 06:00:00,60.0,53.55922215674721,54.493664466205445,0.9344423094582339
4078,39176,2014-06-21 07:00:00,64.0,49.55922215674721,51.126751051669345,1.567528894922134
4079,39177,2014-06-21 08:00:00,73.0,40.55922215674721,41.03435397391823,0.47513181717101816
4080,39178,2014-06-21 09:00:00,70.0,43.55922215674721,43.537589638039506,-0.021632518707704662
4081,39179,2014-06-21 10:00:00,74.0,39.55922215674721,38.2669138881017,-1.2923082686455132
4082,39180,2014-06-21 11:00:00,57.0,56.55922215674721,55.120971531452014,-1.438250625295197
4083,39181,2014-06-21 12:00:00,62.0,51.55922215674721,49.619334296407416,-1.9398878603397947
4084,39182,2014-06-21 13:00:00,61.0,52.55922215674721,50.54888277858058,-2.010339378166634
4085,39183,2014-06-21 14:00:00,54.0,59.55922215674721,57.38592216635284,-2.1732999903943693
4086,39184,2014-06-21 15:00:00,51.0,62.55922215674721,51.91527044361223,-10.643951713134982
4087,39185,2014-06-21 16:00:00,53.0,60.55922215674721,45.961552062770764,-14.597670093976447
4088,39186,2014-06-21 17:00:00,57.0,56.55922215674721,46.48685278325384,-10.072369373493373
4089,39187,2014-06-21 18:00:00,66.0,47.55922215674721,33.35758003148308,-14.20164212526413
4090,39188,2014-06-21 19:00:00,66.0,3.8061573546180227,0.06971107411185073,-3.736446280506172
4091,39189,2014-06-21 20:00:00,15.0,69.3840579710145,89.41341394112848,20.029355970113983
4092,39190,2014-06-21 21:00:00,18.0,73.1341463414634,68.59359246679917,-4.540553874664241
4093,39191,2014-06-21 22:00:00,18.0,51.80615735461802,57.925106014539836,6.118948659921813
4094,39192,2014-06-21 23:00:00,15.0,54.80615735461802,60.282802408088955,5.476645053470932
4095,39193,2014-06-22 00:00:00,16.0,53.80615735461802,59.0452289528385,5.239071598220477
4096,39194,2014-06-22 01:00:00,18.0,51.80615735461802,53.46882745609334,1.6626701014753138
4097,39195,2014-06-22 02:00:00,23.0,90.55922215674721,87.2548569179512,-3.3043652387960094
4098,39196,2014-06-22 03:00:00,23.0,90.55922215674721,88.74408276258943,-1.8151393941577822
4099,39197,2014-06-22 04:00:00,23.0,125.78571428571428,116.46388408201264,-9.321830203701637
4100,39198,2014-06-22 05:00:00,15.0,76.1341463414634,73.55416188562404,-2.579984455839366
4101,39199,2014-06-22 06:00:00,18.0,51.80615735461802,59.06854957169584,7.262392217077817
4102,39200,2014-06-22 07:00:00,20.0,49.80615735461802,57.32234657382756,7.5161892192095365
4103,39201,2014-06-22 08:00:00,38.0,31.806157354618023,39.45229800980506,7.64614065518704
4104,39202,2014-06-22 09:00:00,51.0,94.75096774193545,83.92672096999905,-10.824246771936402
4105,39203,2014-06-22 10:00:00,49.0,64.55922215674721,64.67644267529585,0.1172205185486348
4106,39204,2014-06-22 11:00:00,51.0,62.55922215674721,63.49619525387665,0.9369730971294388
4107,39205,2014-06-22 12:00:00,40.0,73.55922215674721,70.43345247508692,-3.1257696816602873
4108,39206,2014-06-22 13:00:00,50.0,63.55922215674721,64.5716860926995,1.0124639359522831
4109,39207,2014-06-22 14:00:00,50.0,63.55922215674721,61.552967200360484,-2.0062549563867265
4110,39208,2014-06-22 15:00:00,38.0,75.55922215674721,72.61751576467266,-2.9417063920745505
4111,39209,2014-06-22 16:00:00,36.0,77.55922215674721,61.96476591515116,-15.594456241596049
4112,39210,2014-06-22 17:00:00,41.0,72.55922215674721,69.60049750909457,-2.9587246476526445
4113,39211,2014-06-22 18:00:00,34.0,30.32314923619272,61.861121389661506,31.537972153468786
4114,39212,2014-06-22 19:00:00,13.0,100.55922215674721,91.38411059261722,-9.175111564129992
4115,39213,2014-06-22 20:00:00,29.0,84.55922215674721,82.74408276258943,-1.8151393941577822
4116,39214,2014-06-22 21:00:00,34.0,79.55922215674721,77.74408276258943,-1.8151393941577822
4117,39215,2014-06-22 22:00:00,39.0,74.55922215674721,72.75370286965394,-1.8055192870932757
4118,39216,2014-06-22 23:00:00,42.0,71.55922215674721,62.41341394112848,-9.145808215618729
4119,39217,2014-06-23 00:00:00,36.0,33.80615735461802,39.15226934072298,5.346111986104958
4120,39218,2014-06-23 01:00:00,31.0,38.80615735461802,43.07445102092005,4.2682936663020286
4121,39219,2014-06-23 02:00:00,25.0,44.80615735461802,47.8128521838061,3.0066948291880777
4122,39220,2014-06-23 03:00:00,27.0,42.80615735461802,44.46882745609334,1.6626701014753138
4123,39221,2014-06-23 04:00:00,23.0,0.47808764940239,19.416218437508434,18.938130788106044
4124,39222,2014-06-23 05:00:00,21.0,2.47808764940239,14.328127665875051,11.850040016472661
4125,39223,2014-06-23 06:00:00,25.0,1.52191235059761,8.010039398327635,6.488127047730025
4126,39224,2014-06-23 07:00:00,18.0,5.47808764940239,18.222465258910496,12.744377609508106
4127,39225,2014-06-23 08:00:00,18.0,5.47808764940239,15.149106082257873,9.671018432855483
4128,39226,2014-06-23 09:00:00,15.0,8.47808764940239,16.37499100611335,7.896903356710961
4129,39227,2014-06-23 10:00:00,19.0,4.47808764940239,9.4556619585506,4.97757430914821
4130,39228,2014-06-23 11:00:00,8.0,105.55922215674721,88.90138401282476,-16.657838143922447
4131,39229,2014-06-23 12:00:00,16.0,75.1341463414634,54.58202761334479,-20.552118728118614
4132,39230,2014-06-23 13:00:00,17.0,96.55922215674721,78.52645431033346,-18.032767846413748
4133,39231,2014-06-23 14:00:00,18.0,46.32314923619272,72.35658176013969,26.03343252394697
4134,39232,2014-06-23 15:00:00,17.0,47.32314923619272,73.76964122248613,26.44649198629341
4135,39233,2014-06-23 16:00:00,16.0,48.32314923619272,72.54034723697998,24.217198000787263
4136,39234,2014-06-23 17:00:00,26.0,38.32314923619272,56.63707214833779,18.313922912145074
4137,39235,2014-06-23 18:00:00,24.0,40.32314923619272,66.35658176013969,26.03343252394697
4138,39236,2014-06-23 19:00:00,28.0,36.32314923619272,63.911236689479594,27.588087453286875
4139,39237,2014-06-23 20:00:00,27.0,37.32314923619272,69.10958790024605,31.786438664053335
4140,39238,2014-06-23 21:00:00,34.0,79.55922215674721,66.79407356065391,-12.765148596093297
4141,39239,2014-06-23 22:00:00,28.0,85.55922215674721,76.27645284257568,-9.282769314171532
4142,39240,2014-06-23 23:00:00,29.0,84.55922215674721,75.27645284257568,-9.282769314171532
4143,39241,2014-06-24 00:00:00,43.0,70.55922215674721,61.38411059261722,-9.175111564129992
4144,39242,2014-06-24 01:00:00,44.0,69.55922215674721,67.96582288019717,-1.5933992765500449
4145,39243,2014-06-24 02:00:00,50.0,63.55922215674721,61.478678651382964,-2.080543505364247
4146,39244,2014-06-24 03:00:00,59.0,54.55922215674721,52.332736294733294,-2.2264858620139165
4147,39245,2014-06-24 04:00:00,66.0,47.55922215674721,47.84950955679086,0.2902874000436526
4148,39246,2014-06-24 05:00:00,66.0,47.55922215674721,47.98583180637604,0.42660964962882986
4149,39247,2014-06-24 06:00:00,66.0,82.78571428571428,69.07198904118496,-13.713725244529314
4150,39248,2014-06-24 07:00:00,63.0,50.55922215674721,51.43283750432049,0.8736153475732777
4151,39249,2014-06-24 08:00:00,64.0,49.55922215674721,51.59460730179221,2.035385145044998
4152,39250,2014-06-24 09:00:00,68.0,45.55922215674721,46.61372201133685,1.0544998545896362
4153,39251,2014-06-24 10:00:00,64.0,49.55922215674721,51.53777516867605,1.9785530119288381
4154,39252,2014-06-24 11:00:00,50.0,63.55922215674721,67.60139372049841,4.042171563751197
4155,39253,2014-06-24 12:00:00,47.0,66.55922215674721,54.7571295815427,-11.802092575204512
4156,39254,2014-06-24 13:00:00,37.0,76.55922215674721,79.34063356213586,2.7814114053886527
4157,39255,2014-06-24 14:00:00,40.0,73.55922215674721,76.34063356213586,2.7814114053886527
4158,39256,2014-06-24 15:00:00,47.0,66.55922215674721,55.53389508541866,-11.025327071328547
4159,39257,2014-06-24 16:00:00,54.0,59.55922215674721,62.263819905512605,2.7045977487653943
4160,39258,2014-06-24 17:00:00,48.0,65.55922215674721,54.53389508541866,-11.025327071328547
4161,39259,2014-06-24 18:00:00,47.0,66.55922215674721,55.01675619652978,-11.542465960217427
4162,39260,2014-06-24 19:00:00,41.0,72.55922215674721,61.53389508541866,-11.025327071328547
4163,39261,2014-06-24 20:00:00,50.0,63.55922215674721,53.46626631564527,-10.09295584110194
4164,39262,2014-06-24 21:00:00,57.0,56.55922215674721,46.48685278325384,-10.072369373493373
4165,39263,2014-06-24 22:00:00,64.0,49.55922215674721,39.48685278325384,-10.072369373493373
4166,39264,2014-06-24 23:00:00,54.0,59.55922215674721,58.80967104110245,-0.7495511156447634
4167,39265,2014-06-25 00:00:00,52.0,61.55922215674721,60.93215314302452,-0.6270690137226893
4168,39266,2014-06-25 01:00:00,54.0,59.55922215674721,59.406688386577514,-0.15253377016969694
4169,39267,2014-06-25 02:00:00,62.0,51.55922215674721,51.10179828700588,-0.45742386974133353
4170,39268,2014-06-25 03:00:00,58.0,55.55922215674721,57.97571791260063,2.4164957558534184
4171,39269,2014-06-25 04:00:00,69.0,44.55922215674721,46.97571791260063,2.4164957558534184
4172,39270,2014-06-25 05:00:00,77.0,36.55922215674721,37.0023422703092,0.44312011356198866
4173,39271,2014-06-25 06:00:00,89.0,24.55922215674721,25.0023422703092,0.44312011356198866
4174,39272,2014-06-25 07:00:00,90.0,23.55922215674721,24.645048962837606,1.0858268060903953
4175,39273,2014-06-25 08:00:00,86.0,27.55922215674721,29.018169711131307,1.4589475543840962
4176,39274,2014-06-25 09:00:00,74.0,39.55922215674721,41.01816971113131,1.4589475543840962
4177,39275,2014-06-25 10:00:00,74.0,39.55922215674721,41.01816971113131,1.4589475543840962
4178,39276,2014-06-25 11:00:00,75.0,38.55922215674721,40.01816971113131,1.4589475543840962
4179,39277,2014-06-25 12:00:00,85.0,60.750967741935455,53.816385269255164,-6.93458247268029
4180,39278,2014-06-25 13:00:00,93.0,52.750967741935455,45.816385269255164,-6.93458247268029
4181,39279,2014-06-25 14:00:00,96.0,49.750967741935455,43.601840274310774,-6.14912746762468
4182,39280,2014-06-25 15:00:00,109.0,36.750967741935455,42.172270831216025,5.4213030892805705
4183,39281,2014-06-25 16:00:00,98.0,47.750967741935455,40.69043063565721,-7.060537106278247
4184,39282,2014-06-25 17:00:00,113.0,32.750967741935455,37.852996588365585,5.10202884643013
4185,39283,2014-06-25 18:00:00,128.0,24.414634146341484,24.57154780637248,0.1569136600309946
4186,39284,2014-06-25 19:00:00,117.0,35.414634146341484,37.43973899675072,2.0251048504092353
4187,39285,2014-06-25 20:00:00,116.0,36.414634146341484,39.5569947883061,3.142360641964615
4188,39286,2014-06-25 21:00:00,127.0,25.414634146341484,28.11988256315894,2.7052484168174544
4189,39287,2014-06-25 22:00:00,133.0,19.414634146341484,22.5569947883061,3.142360641964615
4190,39288,2014-06-25 23:00:00,150.0,2.414634146341484,5.386700744977134,2.9720665986356494
4191,39289,2014-06-26 00:00:00,159.0,6.585365853658516,3.2292134012286056,-3.3561524524299102
4192,39290,2014-06-26 01:00:00,185.0,32.585365853658516,29.099236755022872,-3.4861290986356437
4193,39291,2014-06-26 02:00:00,178.0,25.585365853658516,22.229213401228606,-3.3561524524299102
4194,39292,2014-06-26 03:00:00,193.0,40.585365853658516,37.613299255022866,-2.9720665986356494
4195,39293,2014-06-26 04:00:00,191.0,45.249032258064545,43.44634207485217,-1.802690183212377
4196,39294,2014-06-26 05:00:00,199.0,53.249032258064545,51.44634207485217,-1.802690183212377
4197,39295,2014-06-26 06:00:00,196.0,50.249032258064545,48.44634207485217,-1.802690183212377
4198,39296,2014-06-26 07:00:00,190.0,44.249032258064545,40.99942849460527,-3.2496037634592767
4199,39297,2014-06-26 08:00:00,168.0,22.249032258064545,19.977740739597238,-2.271291518467308
4200,39298,2014-06-26 09:00:00,128.0,17.750967741935455,23.720052822455244,5.96908508051979
4201,39299,2014-06-26 10:00:00,100.0,45.750967741935455,50.79652783346782,5.045560091532366
4202,39300,2014-06-26 11:00:00,91.0,54.750967741935455,60.61803766202678,5.867069920091325
4203,39301,2014-06-26 12:00:00,87.0,58.750967741935455,65.37029524711525,6.619327505179797
4204,39302,2014-06-26 13:00:00,73.0,72.75096774193545,67.59284132257119,-5.158126419364265
4205,39303,2014-06-26 14:00:00,62.0,83.75096774193545,78.68393113922659,-5.067036602708868
4206,39304,2014-06-26 15:00:00,66.0,79.75096774193545,74.25333011456578,-5.49763762736967
4207,39305,2014-06-26 16:00:00,106.0,39.750967741935455,44.86562940363797,5.114661661702513
4208,39306,2014-06-26 17:00:00,95.0,50.750967741935455,45.07504840683751,-5.675919335097944
4209,39307,2014-06-26 18:00:00,93.0,52.750967741935455,58.06246056928342,5.311492827347962
4210,39308,2014-06-26 19:00:00,75.0,70.75096774193545,76.08165956428718,5.330691822351724
4211,39309,2014-06-26 20:00:00,62.0,83.75096774193545,88.64697914072903,4.896011398793576
4212,39310,2014-06-26 21:00:00,61.0,84.75096774193545,88.57085402307456,3.819886281139105
4213,39311,2014-06-26 22:00:00,68.0,77.75096774193545,81.78279866944706,4.031830927511606
4214,39312,2014-06-26 23:00:00,75.0,70.75096774193545,74.40553477508215,3.654567033146691
4215,39313,2014-06-27 00:00:00,62.0,7.806157354618023,19.27008537818044,11.463928023562417
4216,39314,2014-06-27 01:00:00,31.0,38.80615735461802,45.28601854800526,6.4798611933872365
4217,39315,2014-06-27 02:00:00,39.0,30.806157354618023,33.72445269777515,2.9182953431571264
4218,39316,2014-06-27 03:00:00,46.0,22.52191235059761,0.19525397516628118,-22.32665837543133
4219,39317,2014-06-27 04:00:00,17.0,96.55922215674721,85.05856217164715,-11.500659985100057
4220,39318,2014-06-27 05:00:00,6.0,107.55922215674721,95.72243155800086,-11.836790598746347
4221,39319,2014-06-27 06:00:00,4.0,93.97674418604653,82.4626684413369,-11.51407574470963
4222,39320,2014-06-27 07:00:00,4.0,65.80615735461802,71.11812762939161,5.311970274773586
4223,39321,2014-06-27 08:00:00,15.0,54.80615735461802,54.96895402179658,0.16279666717855434
4224,39322,2014-06-27 09:00:00,10.0,59.80615735461802,51.908899210991876,-7.897258143626146
4225,39323,2014-06-27 10:00:00,16.0,7.47808764940239,32.177912385758326,24.699824736355936
4226,39324,2014-06-27 11:00:00,7.0,16.47808764940239,19.228981264806954,2.7508936154045642
4227,39325,2014-06-27 12:00:00,11.0,53.32314923619272,51.98001842185246,-1.343130814340256
4228,39326,2014-06-27 13:00:00,12.0,52.32314923619272,50.27869121428964,-2.0444580219030826
4229,39327,2014-06-27 14:00:00,7.0,57.32314923619272,27.199021460366424,-30.124127775826295
4230,39328,2014-06-27 15:00:00,10.0,54.32314923619272,26.446367473513092,-27.876781762679627
4231,39329,2014-06-27 16:00:00,11.0,53.32314923619272,38.81970840112013,-14.503440835072588
4232,39330,2014-06-27 17:00:00,13.0,51.32314923619272,43.729410265224715,-7.593738970968005
4233,39331,2014-06-27 18:00:00,13.0,51.32314923619272,45.715001914142114,-5.6081473220506055
4234,39332,2014-06-27 19:00:00,11.0,53.32314923619272,66.50453186459738,13.181382628404663
4235,39333,2014-06-27 20:00:00,18.0,46.32314923619272,45.43854205989912,-0.8846071762935992
4236,39334,2014-06-27 21:00:00,27.0,37.32314923619272,59.450608083835505,22.127458847642785
4237,39335,2014-06-27 22:00:00,32.0,32.32314923619272,57.42417254959952,25.1010233134068
4238,39336,2014-06-27 23:00:00,25.0,88.55922215674721,76.65454291128701,-11.904679245460201
4239,39337,2014-06-28 00:00:00,28.0,69.97674418604653,46.56137621630674,-23.41536796973979
4240,39338,2014-06-28 01:00:00,22.0,47.80615735461802,43.33426675781598,-4.471890596802041
4241,39339,2014-06-28 02:00:00,35.0,34.80615735461802,30.462396451115893,-4.34376090350213
4242,39340,2014-06-28 03:00:00,32.0,37.80615735461802,36.29007435237308,-1.5160830022449403
4243,39341,2014-06-28 04:00:00,28.0,4.52191235059761,11.385128847450034,6.863216496852424
4244,39342,2014-06-28 05:00:00,22.0,1.47808764940239,13.981569505429825,12.503481856027435
4245,39343,2014-06-28 06:00:00,17.0,6.47808764940239,16.149556772436625,9.671469123034235
4246,39344,2014-06-28 07:00:00,26.0,2.52191235059761,6.799705445859836,4.277793095262226
4247,39345,2014-06-28 08:00:00,24.0,0.52191235059761,6.632159828136157,6.110247477538547
4248,39346,2014-06-28 09:00:00,17.0,6.47808764940239,6.145146755523939,-0.33294089387845105
4249,39347,2014-06-28 10:00:00,16.0,7.47808764940239,11.52342384034539,4.045336190943001
4250,39348,2014-06-28 11:00:00,13.0,14.644444444444453,10.714589302171358,-3.9298551422730945
4251,39349,2014-06-28 12:00:00,14.0,13.644444444444453,8.015716338243923,-5.62872810620053
4252,39350,2014-06-28 13:00:00,9.0,18.644444444444453,13.045594442846237,-5.598850001598215
4253,39351,2014-06-28 14:00:00,15.0,12.644444444444453,5.639395259440924,-7.005049185003529
4254,39352,2014-06-28 15:00:00,15.0,49.32314923619272,47.66898538246055,-1.6541638537321717
4255,39353,2014-06-28 16:00:00,15.0,49.32314923619272,65.7239420152524,16.400792779059685
4256,39354,2014-06-28 17:00:00,6.0,58.32314923619272,65.74143626560505,7.418287029412326
4257,39355,2014-06-28 18:00:00,15.0,49.32314923619272,75.76964122248613,26.44649198629341
4258,39356,2014-06-28 19:00:00,15.0,98.55922215674721,83.07602745197609,-15.483194704771122
4259,39357,2014-06-28 20:00:00,26.0,38.32314923619272,58.392416246169134,20.069267009976414
4260,39358,2014-06-28 21:00:00,21.0,92.55922215674721,75.88470549264258,-16.67451666410463
4261,39359,2014-06-28 22:00:00,25.0,88.55922215674721,72.88149164026217,-15.677730516485042
4262,39360,2014-06-28 23:00:00,28.0,85.55922215674721,84.56218388060879,-0.9970382761384258
4263,39361,2014-06-29 00:00:00,30.0,83.55922215674721,74.10301209342329,-9.456210063323923
4264,39362,2014-06-29 01:00:00,54.0,59.55922215674721,57.60971418934288,-1.9495079674043296
4265,39363,2014-06-29 02:00:00,43.0,70.55922215674721,68.68325580070444,-1.8759663560427668
4266,39364,2014-06-29 03:00:00,32.0,81.55922215674721,79.47867865138296,-2.080543505364247
4267,39365,2014-06-29 04:00:00,37.0,76.55922215674721,74.46905854431843,-2.090163612428782
4268,39366,2014-06-29 05:00:00,30.0,83.55922215674721,74.8661835629132,-8.693038593834004
4269,39367,2014-06-29 06:00:00,26.0,71.97674418604653,60.4626684413369,-11.51407574470963
4270,39368,2014-06-29 07:00:00,50.0,63.55922215674721,61.619334296407416,-1.9398878603397947
4271,39369,2014-06-29 08:00:00,77.0,36.55922215674721,24.003344433361946,-12.555877723385265
4272,39370,2014-06-29 09:00:00,45.0,68.55922215674721,65.60049750909457,-2.9587246476526445
4273,39371,2014-06-29 10:00:00,36.0,77.55922215674721,65.25821769332286,-12.301004463424349
4274,39372,2014-06-29 11:00:00,48.0,65.55922215674721,52.80791438368182,-12.751307773065392
4275,39373,2014-06-29 12:00:00,60.0,53.55922215674721,41.59399925572815,-11.965222901019061
4276,39374,2014-06-29 13:00:00,48.0,16.32314923619272,42.76964122248613,26.44649198629341
4277,39375,2014-06-29 14:00:00,59.0,54.55922215674721,43.326046248209366,-11.233175908537845
4278,39376,2014-06-29 15:00:00,61.0,52.55922215674721,37.07602745197609,-15.483194704771122
4279,39377,2014-06-29 16:00:00,59.0,54.55922215674721,39.283876289185415,-15.275345867561796
4280,39378,2014-06-29 17:00:00,31.0,33.32314923619272,57.57662383272469,24.253474596531973
4281,39379,2014-06-29 18:00:00,39.0,74.55922215674721,58.76673740029652,-15.79248475645069
4282,39380,2014-06-29 19:00:00,33.0,31.32314923619272,58.06368797260477,26.74053873641205
4283,39381,2014-06-29 20:00:00,62.0,51.55922215674721,40.53389508541866,-11.025327071328547
4284,39382,2014-06-29 21:00:00,59.0,54.55922215674721,43.214784711384425,-11.344437445362786
4285,39383,2014-06-29 22:00:00,66.0,47.55922215674721,46.199370859317355,-1.3598512974298558
4286,39384,2014-06-29 23:00:00,69.0,44.55922215674721,43.36641589332504,-1.1928062634221703
4287,39385,2014-06-30 00:00:00,70.0,43.55922215674721,44.632517503461784,1.0732953467145734
4288,39386,2014-06-30 01:00:00,67.0,78.75096774193545,72.30379290363322,-6.447174838302232
4289,39387,2014-06-30 02:00:00,59.0,86.75096774193545,79.57633330044308,-7.174634441492373
4290,39388,2014-06-30 03:00:00,68.0,45.55922215674721,46.43283750432049,0.8736153475732777
4291,39389,2014-06-30 04:00:00,84.0,29.55922215674721,30.43283750432049,0.8736153475732777
4292,39390,2014-06-30 05:00:00,104.0,44.78571428571428,34.995316120273145,-9.790398165441133
4293,39391,2014-06-30 06:00:00,94.0,3.976744186046531,2.821830846616777,-1.1549133394297542
4294,39392,2014-06-30 07:00:00,80.0,33.55922215674721,33.79821740867773,0.2389952519305183
4295,39393,2014-06-30 08:00:00,65.0,80.75096774193545,74.70733275617229,-6.043634985763163
4296,39394,2014-06-30 09:00:00,61.0,84.75096774193545,78.70733275617229,-6.043634985763163
4297,39395,2014-06-30 10:00:00,64.0,49.55922215674721,52.302416900733945,2.7431947439867344
4298,39396,2014-06-30 11:00:00,71.0,74.75096774193545,68.127088383205,-6.6238793587304485
4299,39397,2014-06-30 12:00:00,93.0,20.55922215674721,25.06249545120346,4.50327329445625
4300,39398,2014-06-30 13:00:00,104.0,9.55922215674721,13.045401043597906,3.486178886850695
4301,39399,2014-06-30 14:00:00,95.0,18.55922215674721,25.450814713241982,6.891592556494771
4302,39400,2014-06-30 15:00:00,74.0,39.55922215674721,44.00929157446687,4.450069417719661
4303,39401,2014-06-30 16:00:00,72.0,41.55922215674721,26.283876289185415,-15.275345867561796
4304,39402,2014-06-30 17:00:00,51.0,62.55922215674721,47.283876289185415,-15.275345867561796
4305,39403,2014-06-30 18:00:00,54.0,10.32314923619272,34.57662383272469,24.253474596531973
4306,39404,2014-06-30 19:00:00,40.0,24.32314923619272,46.450608083835505,22.127458847642785
4307,39405,2014-06-30 20:00:00,45.0,19.32314923619272,46.312021305938075,26.988872069745355
4308,39406,2014-06-30 21:00:00,51.0,13.32314923619272,37.82495716605801,24.501807929865294
4309,39407,2014-06-30 22:00:00,59.0,5.3231492361927195,32.312021305938075,26.988872069745355
4310,39408,2014-06-30 23:00:00,57.0,56.55922215674721,41.961552062770764,-14.597670093976447
4311,39409,2014-07-01 00:00:00,59.0,19.272727272727273,18.45886549720845,-0.8138617755188235
4312,39410,2014-07-01 01:00:00,58.0,5.454545454545453,6.807508823844955,1.352963369299502
4313,39411,2014-07-01 02:00:00,59.0,4.454545454545453,8.056677656205828,3.6021322016603747
4314,39412,2014-07-01 03:00:00,63.0,3.2298850574712574,6.43694722708905,3.2070621696177923
4315,39413,2014-07-01 04:00:00,76.0,16.229885057471257,3.180047328875119,-13.049837728596138
4316,39414,2014-07-01 05:00:00,86.0,26.229885057471257,8.5721148769004,-17.657770180570857
4317,39415,2014-07-01 06:00:00,100.0,46.95588235294118,42.939642508655226,-4.0162398442859555
4318,39416,2014-07-01 07:00:00,108.0,54.95588235294118,49.165364537832794,-5.790517815108387
4319,39417,2014-07-01 08:00:00,108.0,30.02439024390246,41.25957780837908,11.235187564476618
4320,39418,2014-07-01 09:00:00,101.0,23.02439024390246,34.461807521562775,11.437417277660316
4321,39419,2014-07-01 10:00:00,105.0,45.22988505747126,44.72079801751582,-0.509087039955439
4322,39420,2014-07-01 11:00:00,105.0,45.22988505747126,46.836682964709205,1.6067979072379472
4323,39421,2014-07-01 12:00:00,102.0,42.22988505747126,44.30296970504686,2.0730846475756053
4324,39422,2014-07-01 13:00:00,116.0,38.02439024390246,51.39309778454438,13.368707540641921
4325,39423,2014-07-01 14:00:00,124.0,46.38853503184713,48.2002945161628,1.8117594843156724
4326,39424,2014-07-01 15:00:00,122.0,29.48409893992931,37.26604028888572,7.781941348956408
4327,39425,2014-07-01 16:00:00,122.0,29.48409893992931,37.26604028888572,7.781941348956408
4328,39426,2014-07-01 17:00:00,121.0,28.48409893992931,35.82635278888574,7.342253848956432
4329,39427,2014-07-01 18:00:00,141.0,48.48409893992931,55.82635278888574,7.342253848956432
4330,39428,2014-07-01 19:00:00,163.0,54.025948103792416,50.36421361732344,-3.6617344864689727
4331,39429,2014-07-01 20:00:00,168.0,75.48409893992931,75.19963838861878,-0.2844605513105307
4332,39430,2014-07-01 21:00:00,149.0,32.13333333333334,29.968293806892007,-2.1650395264413334
4333,39431,2014-07-01 22:00:00,66.0,3.8061573546180227,4.19737251860343,0.39121516398540734
4334,39432,2014-07-01 23:00:00,48.0,8.285714285714292,15.64094349578496,7.355229210070668
4335,39433,2014-07-02 00:00:00,27.0,7.1875,34.76504420747187,27.577544207471867
4336,39434,2014-07-02 01:00:00,30.0,4.1875,29.234184422387187,25.046684422387187
4337,39435,2014-07-02 02:00:00,34.0,22.285714285714292,40.60664762942534,18.320933343711047
4338,39436,2014-07-02 03:00:00,43.0,13.285714285714292,31.72743667466783,18.441722388953536
4339,39437,2014-07-02 04:00:00,45.0,11.285714285714292,28.917981994898412,17.63226770918412
4340,39438,2014-07-02 05:00:00,65.0,5.047619047619044,31.600257290588985,26.55263824296994
4341,39439,2014-07-02 06:00:00,59.0,2.714285714285708,16.234317898232618,13.52003218394691
4342,39440,2014-07-02 07:00:00,58.0,1.7142857142857082,17.92722389030726,16.212938176021552
4343,39441,2014-07-02 08:00:00,57.0,20.611464968152873,20.991142825589876,0.37967785743700233
4344,39442,2014-07-02 09:00:00,52.0,40.51590106007069,32.96644340997506,-7.549457650095633
4345,39443,2014-07-02 10:00:00,33.0,59.51590106007069,61.97268674823928,2.456785688168594
4346,39444,2014-07-02 11:00:00,50.0,42.51590106007069,44.658778633693046,2.142877573622357
4347,39445,2014-07-02 12:00:00,56.0,36.51590106007069,38.361385596329384,1.8454845362586951
4348,39446,2014-07-02 13:00:00,64.0,28.51590106007069,30.175654618561822,1.6597535584911327
4349,39447,2014-07-02 14:00:00,66.0,26.51590106007069,28.175654618561822,1.6597535584911327
4350,39448,2014-07-02 15:00:00,72.0,20.51590106007069,19.954424180875264,-0.5614768791954248
4351,39449,2014-07-02 16:00:00,78.0,14.51590106007069,13.657031143511617,-0.8588699165590725
4352,39450,2014-07-02 17:00:00,78.0,14.51590106007069,13.954424180875264,-0.5614768791954248
4353,39451,2014-07-02 18:00:00,84.0,24.974051896207584,32.80051702914608,7.826465132938495
4354,39452,2014-07-02 19:00:00,98.0,5.484098939929311,4.030009752507837,-1.4540891874214736
4355,39453,2014-07-02 20:00:00,110.0,17.48409893992931,11.553782932010876,-5.930316007918435
4356,39454,2014-07-02 21:00:00,114.0,21.48409893992931,20.030009752507837,-1.4540891874214736
4357,39455,2014-07-02 22:00:00,101.0,8.48409893992931,6.027313251760717,-2.456785688168594
4358,39456,2014-07-02 23:00:00,111.0,18.48409893992931,16.027313251760717,-2.456785688168594
4359,39457,2014-07-03 00:00:00,110.0,17.48409893992931,16.030009752507837,-1.4540891874214736
4360,39458,2014-07-03 01:00:00,134.0,41.48409893992931,39.23978280215323,-2.2443161377760816
4361,39459,2014-07-03 02:00:00,169.0,76.48409893992931,75.03000975250784,-1.4540891874214736
4362,39460,2014-07-03 03:00:00,190.0,97.48409893992931,96.03000975250784,-1.4540891874214736
4363,39461,2014-07-03 04:00:00,214.0,121.48409893992931,119.02731325176072,-2.456785688168594
4364,39462,2014-07-03 05:00:00,239.0,130.02594810379242,120.26065332563437,-9.76529477815805
4365,39463,2014-07-03 06:00:00,250.0,141.02594810379242,133.0594648790632,-7.966483224729217
4366,39464,2014-07-03 07:00:00,259.0,150.02594810379242,142.1625704485103,-7.8633776552821075
4367,39465,2014-07-03 08:00:00,263.0,154.02594810379242,145.36783255121446,-8.658115552577954
4368,39466,2014-07-03 09:00:00,280.0,171.02594810379242,163.19948297085392,-7.826465132938495
4369,39467,2014-07-03 10:00:00,277.0,168.02594810379242,160.87747180270165,-7.148476301090767
4370,39468,2014-07-03 11:00:00,274.0,165.02594810379242,158.64941933795114,-6.376528765841272
4371,39469,2014-07-03 12:00:00,256.0,147.02594810379242,142.04644407019444,-4.979504033597976
4372,39470,2014-07-03 13:00:00,232.0,123.02594810379242,117.84535592574207,-5.180592178050347
4373,39471,2014-07-03 14:00:00,212.0,103.02594810379242,96.80635813219689,-6.219589971595525
4374,39472,2014-07-03 15:00:00,177.0,68.02594810379242,66.04592852093342,-1.9800195828590006
4375,39473,2014-07-03 16:00:00,175.0,66.02594810379242,63.22061522270937,-2.8053328810830465
4376,39474,2014-07-03 17:00:00,167.0,58.025948103792416,54.96887293798369,-3.057075165808726
4377,39475,2014-07-03 18:00:00,161.0,52.025948103792416,49.333668061156715,-2.6922800426357014
4378,39476,2014-07-03 19:00:00,150.0,30.44237918215613,32.7566693815556,2.3142901993994656
4379,39477,2014-07-03 20:00:00,153.0,44.025948103792416,39.708963970453496,-4.31698413333892
4380,39478,2014-07-03 21:00:00,206.0,86.44237918215613,87.6727841677314,1.2304049855752623
4381,39479,2014-07-03 22:00:00,237.0,117.44237918215613,118.6727841677314,1.2304049855752623
4382,39480,2014-07-03 23:00:00,250.0,130.44237918215612,131.32248589671389,0.880106714557769
4383,39481,2014-07-04 00:00:00,295.0,175.44237918215612,176.32248589671389,0.880106714557769
4384,39482,2014-07-04 01:00:00,291.0,171.44237918215612,172.67278416773138,1.2304049855752623
4385,39483,2014-07-04 02:00:00,299.0,173.66666666666669,179.57338482647222,5.906718159805536
4386,39484,2014-07-04 03:00:00,303.0,177.66666666666669,177.13182440154543,-0.5348422651212559
4387,39485,2014-07-04 04:00:00,293.0,224.9909090909091,208.90623586296655,-16.084673227942545
4388,39486,2014-07-04 05:00:00,281.0,211.19384264538198,207.0342153761158,-4.159627269266167
4389,39487,2014-07-04 06:00:00,259.0,189.19384264538198,185.1046234179596,-4.089219227422376
4390,39488,2014-07-04 07:00:00,226.0,156.19384264538198,153.03153465498423,-3.16230799039775
4391,39489,2014-07-04 08:00:00,201.0,92.02594810379242,82.27221295729649,-9.753735146495927
4392,39490,2014-07-04 09:00:00,185.0,115.19384264538198,109.8867953826072,-5.307047262774773
4393,39491,2014-07-04 10:00:00,153.0,33.44237918215613,32.513167368467506,-0.9292118136886245
4394,39492,2014-07-04 11:00:00,145.0,25.44237918215613,24.513167368467506,-0.9292118136886245
4395,39493,2014-07-04 12:00:00,152.0,43.025948103792416,37.61223327977312,-5.413714824019294
4396,39494,2014-07-04 13:00:00,137.0,17.44237918215613,18.32729689603491,0.884917713878778
4397,39495,2014-07-04 14:00:00,137.0,17.44237918215613,15.899869817581774,-1.5425093645743573
4398,39496,2014-07-04 15:00:00,139.0,19.44237918215613,19.394682084220634,-0.04769709793549737
4399,39497,2014-07-04 16:00:00,178.0,58.44237918215613,58.96914874788672,0.5267695657305893
4400,39498,2014-07-04 17:00:00,200.0,80.44237918215613,81.86086134130957,1.4184821591534416
4401,39499,2014-07-04 18:00:00,213.0,93.44237918215613,93.61323618587649,0.17085700372035717
4402,39500,2014-07-04 19:00:00,148.0,39.025948103792416,31.384732114075646,-7.64121598971677
4403,39501,2014-07-04 20:00:00,194.0,85.02594810379242,78.16824125866222,-6.8577068451301955
4404,39502,2014-07-04 21:00:00,172.0,79.48409893992931,80.19588310067444,0.7117841607451254
4405,39503,2014-07-04 22:00:00,151.0,42.025948103792416,34.25173642425598,-7.774211679536435
4406,39504,2014-07-04 23:00:00,156.0,47.025948103792416,36.03085798689483,-10.995090116897586
4407,39505,2014-07-05 00:00:00,168.0,59.025948103792416,48.635181572447294,-10.390766531345122
4408,39506,2014-07-05 01:00:00,172.0,79.48409893992931,76.94597519029499,-2.538123749634323
4409,39507,2014-07-05 02:00:00,174.0,81.48409893992931,79.02731325176072,-2.456785688168594
4410,39508,2014-07-05 03:00:00,169.0,76.48409893992931,74.34122136630695,-2.142877573622357
4411,39509,2014-07-05 04:00:00,158.0,65.48409893992931,63.638614403670616,-1.8454845362586951
4412,39510,2014-07-05 05:00:00,152.0,59.48409893992931,57.341221366306954,-2.142877573622357
4413,39511,2014-07-05 06:00:00,149.0,40.025948103792416,28.522430739353297,-11.50351736443912
4414,39512,2014-07-05 07:00:00,148.0,17.1782945736434,16.994312090987137,-0.18398248265626194
4415,39513,2014-07-05 08:00:00,125.0,40.1782945736434,5.355653421512585,-34.822641152130814
4416,39514,2014-07-05 09:00:00,112.0,53.1782945736434,21.081741994574287,-32.09655257906911
4417,39515,2014-07-05 10:00:00,105.0,60.1782945736434,27.890508936990273,-32.287785636653126
4418,39516,2014-07-05 11:00:00,114.0,51.1782945736434,17.201299788686782,-33.97699478495662
4419,39517,2014-07-05 12:00:00,96.0,12.974051896207584,19.551222842397635,6.577170946190051
4420,39518,2014-07-05 13:00:00,80.0,28.974051896207584,33.78250810519316,4.808456208985575
4421,39519,2014-07-05 14:00:00,71.0,37.974051896207584,43.38771676845836,5.413664872250777
4422,39520,2014-07-05 15:00:00,67.0,41.974051896207584,46.51568584087359,4.541633944666003
4423,39521,2014-07-05 16:00:00,74.0,18.51590106007069,9.95315798757612,-8.56274307249457
4424,39522,2014-07-05 17:00:00,70.0,22.51590106007069,15.076761842689521,-7.439139217381168
4425,39523,2014-07-05 18:00:00,77.0,15.51590106007069,9.50028584710708,-6.01561521296361
4426,39524,2014-07-05 19:00:00,77.0,31.974051896207584,38.08266411642444,6.108612220216855
4427,39525,2014-07-05 20:00:00,91.0,17.974051896207584,26.623164763322322,8.649112867114738
4428,39526,2014-07-05 21:00:00,107.0,1.974051896207584,9.512561341259214,7.538509445051631
4429,39527,2014-07-05 22:00:00,157.0,48.025948103792416,41.03302490313506,-6.9929232006573585
4430,39528,2014-07-05 23:00:00,184.0,64.44237918215613,63.25084731382229,-1.1915318683338398
4431,39529,2014-07-06 00:00:00,182.0,62.44237918215613,61.25084731382229,-1.1915318683338398
4432,39530,2014-07-06 01:00:00,207.0,87.44237918215613,86.81564876813285,-0.6267304140232852
4433,39531,2014-07-06 02:00:00,233.0,113.44237918215613,112.81564876813285,-0.6267304140232852
4434,39532,2014-07-06 03:00:00,212.0,92.44237918215613,91.5652547667695,-0.877124415386632
4435,39533,2014-07-06 04:00:00,209.0,100.02594810379242,90.22716423886284,-9.798783864929575
4436,39534,2014-07-06 05:00:00,237.0,128.02594810379242,117.6893386219299,-10.33660948186251
4437,39535,2014-07-06 06:00:00,252.0,132.44237918215612,131.64211837331732,-0.8002608088388001
4438,39536,2014-07-06 07:00:00,233.0,113.44237918215613,111.97466818145818,-1.4677110006979461
4439,39537,2014-07-06 08:00:00,240.0,131.02594810379242,120.98570337286577,-10.040244730926645
4440,39538,2014-07-06 09:00:00,218.0,98.44237918215613,93.49202850881727,-4.9503506733388605
4441,39539,2014-07-06 10:00:00,217.0,108.02594810379242,99.3810283946272,-8.644919709165222
4442,39540,2014-07-06 11:00:00,196.0,7.650000000000006,58.606935167611624,50.95693516761162
4443,39541,2014-07-06 12:00:00,180.0,23.650000000000006,35.252860107215696,11.60286010721569
4444,39542,2014-07-06 13:00:00,157.0,46.650000000000006,7.606491779120034,-39.04350822087997
4445,39543,2014-07-06 14:00:00,153.0,36.13333333333334,24.715151434047414,-11.418181899285926
4446,39544,2014-07-06 15:00:00,153.0,36.13333333333334,13.604011354361944,-22.529321978971396
4447,39545,2014-07-06 16:00:00,150.0,33.13333333333334,2.1597462105122816,-30.97358712282106
4448,39546,2014-07-06 17:00:00,158.0,10.0,4.138356972471456,-5.861643027528544
4449,39547,2014-07-06 18:00:00,168.0,0.0,14.38769006700403,14.38769006700403
4450,39548,2014-07-06 19:00:00,167.0,1.0,11.497591684113218,10.497591684113218
4451,39549,2014-07-06 20:00:00,184.0,16.0,34.55088492265429,18.55088492265429
4452,39550,2014-07-06 21:00:00,194.0,26.0,13.784087178979291,-12.215912821020709
4453,39551,2014-07-06 22:00:00,181.0,13.0,0.6617261845815392,-12.33827381541846
4454,39552,2014-07-06 23:00:00,153.0,15.0,28.50540714875183,13.505407148751829
4455,39553,2014-07-07 00:00:00,139.0,29.0,10.928009497363519,-18.07199050263648
4456,39554,2014-07-07 01:00:00,133.0,35.0,40.11356174311172,5.113561743111717
4457,39555,2014-07-07 02:00:00,130.0,37.48409893992931,35.65258375826413,-1.831515181665182
4458,39556,2014-07-07 03:00:00,116.0,23.48409893992931,21.824345381438178,-1.6597535584911327
4459,39557,2014-07-07 04:00:00,114.0,21.48409893992931,19.027313251760717,-2.456785688168594
4460,39558,2014-07-07 05:00:00,99.0,6.484098939929311,4.341221366306954,-2.142877573622357
4461,39559,2014-07-07 06:00:00,94.0,1.4840989399293107,0.3613855963293844,-1.1227133435999264
4462,39560,2014-07-07 07:00:00,84.0,24.974051896207584,35.60366225007648,10.629610353868898
4463,39561,2014-07-07 08:00:00,80.0,28.974051896207584,39.17741570295445,10.203363806746864
4464,39562,2014-07-07 09:00:00,80.0,28.974051896207584,35.58238595534516,6.608334059137576
4465,39563,2014-07-07 10:00:00,88.0,20.974051896207584,26.621138553136518,5.647086656928934
4466,39564,2014-07-07 11:00:00,103.0,5.974051896207584,9.063436756176088,3.0893848599685043
4467,39565,2014-07-07 12:00:00,132.0,12.442379182156131,14.56253765341556,2.1201584712594297
4468,39566,2014-07-07 13:00:00,151.0,31.44237918215613,34.648227393795665,3.205848211639534
4469,39567,2014-07-07 14:00:00,165.0,45.44237918215613,48.096562351560436,2.6541831694043054
4470,39568,2014-07-07 15:00:00,182.0,62.44237918215613,65.09656235156044,2.6541831694043054
4471,39569,2014-07-07 16:00:00,191.0,71.44237918215613,74.09656235156044,2.6541831694043054
4472,39570,2014-07-07 17:00:00,193.0,73.44237918215613,74.80627591783674,1.363896735680612
4473,39571,2014-07-07 18:00:00,192.0,72.44237918215613,73.43513592043652,0.9927567382803915
4474,39572,2014-07-07 19:00:00,189.0,72.13333333333334,66.67173455028185,-5.461598783051485
4475,39573,2014-07-07 20:00:00,188.0,71.13333333333334,69.41960660711723,-1.7137267262161089
4476,39574,2014-07-07 21:00:00,223.0,106.13333333333334,103.54180418476885,-2.59152914856449
4477,39575,2014-07-07 22:00:00,239.0,122.13333333333334,121.07524265347412,-1.0580906798592196
4478,39576,2014-07-07 23:00:00,235.0,142.4840989399293,144.4279830047837,1.9438840648543874
4479,39577,2014-07-08 00:00:00,196.0,103.48409893992931,104.38438817806038,0.9002892381310659
4480,39578,2014-07-08 01:00:00,180.0,87.48409893992931,87.14647702163003,-0.337621918299277
4481,39579,2014-07-08 02:00:00,192.0,99.48409893992931,98.18289601491827,-1.3012029250110402
4482,39580,2014-07-08 03:00:00,187.0,94.48409893992931,93.49680412946451,-0.9872948104648032
4483,39581,2014-07-08 04:00:00,164.0,71.48409893992931,69.38586388524081,-2.0982350546885016
4484,39582,2014-07-08 05:00:00,156.0,47.025948103792416,36.902267736124514,-10.123680367667902
4485,39583,2014-07-08 06:00:00,163.0,37.666666666666686,51.65562352498421,13.988956858317522
4486,39584,2014-07-08 07:00:00,144.0,35.025948103792416,27.774366233254483,-7.251581870537933
4487,39585,2014-07-08 08:00:00,137.0,44.48409893992931,46.068804288328224,1.5847053483989129
4488,39586,2014-07-08 09:00:00,131.0,22.025948103792416,16.632810886786118,-5.393137217006299
4489,39587,2014-07-08 10:00:00,115.0,45.19384264538198,45.89046115330565,0.6966185079236737
4490,39588,2014-07-08 11:00:00,68.0,9.611464968152873,5.6776396793188155,-3.9338252888340577
4491,39589,2014-07-08 12:00:00,26.0,43.80615735461802,31.176715775584476,-12.629441579033546
4492,39590,2014-07-08 13:00:00,16.0,53.80615735461802,44.42906504424772,-9.377092310370301
4493,39591,2014-07-08 14:00:00,15.0,7.6875,18.60434550014987,10.916845500149869
4494,39592,2014-07-08 15:00:00,10.0,59.80615735461802,42.652618828993866,-17.153538525624157
4495,39593,2014-07-08 16:00:00,13.0,5.239130434782609,13.643345987524821,8.404215552742212
4496,39594,2014-07-08 17:00:00,11.0,57.009090909090915,42.01590241659133,-14.993188492499584
4497,39595,2014-07-08 18:00:00,8.0,51.77011494252874,48.263658571771295,-3.506456370757448
4498,39596,2014-07-08 19:00:00,10.0,49.77011494252874,46.95762582430487,-2.8124891182238727
4499,39597,2014-07-08 20:00:00,16.0,43.77011494252874,43.09115191529703,-0.6789630272317098
4500,39598,2014-07-08 21:00:00,49.0,4.044117647058819,7.160757842289222,3.116640195230403
4501,39599,2014-07-08 22:00:00,45.0,8.044117647058819,18.311609989378432,10.267492342319613
4502,39600,2014-07-08 23:00:00,42.0,13.19230769230769,20.85746245289758,7.665154760589889
4503,39601,2014-07-09 00:00:00,55.0,22.611464968152873,25.719679593912858,3.1082146257599845
4504,39602,2014-07-09 01:00:00,53.0,0.04411764705881893,10.311609989378432,10.267492342319613
4505,39603,2014-07-09 02:00:00,85.0,16.990909090909085,7.283845951196767,-9.707063139712318
4506,39604,2014-07-09 03:00:00,37.0,32.80615735461802,29.843343024212388,-2.962814330405635
4507,39605,2014-07-09 04:00:00,19.0,50.80615735461802,47.79641037266431,-3.009746981953711
4508,39606,2014-07-09 05:00:00,21.0,48.80615735461802,45.76116513334189,-3.0449922212761322
4509,39607,2014-07-09 06:00:00,16.0,53.80615735461802,49.32503364731694,-4.48112370730108
4510,39608,2014-07-09 07:00:00,17.0,52.80615735461802,37.09622230059264,-15.70993505402538
4511,39609,2014-07-09 08:00:00,17.0,6.47808764940239,22.66717063671001,16.18908298730762
4512,39610,2014-07-09 09:00:00,16.0,7.47808764940239,17.322944384248537,9.844856734846147
4513,39611,2014-07-09 10:00:00,11.0,28.727272727272727,22.783936258926957,-5.94333646834577
4514,39612,2014-07-09 11:00:00,11.0,7.239130434782609,16.84039349628557,9.601263061502962
4515,39613,2014-07-09 12:00:00,14.0,55.80615735461802,41.000740187588136,-14.805417167029887
4516,39614,2014-07-09 13:00:00,9.0,9.23913043478261,18.202988323184808,8.963857888402199
4517,39615,2014-07-09 14:00:00,8.0,10.23913043478261,18.549299223152765,8.310168788370156
4518,39616,2014-07-09 15:00:00,10.0,8.23913043478261,18.323900349877263,10.084769915094654
4519,39617,2014-07-09 16:00:00,14.0,10.642857142857146,13.805665026924373,3.1628078840672273
4520,39618,2014-07-09 17:00:00,14.0,20.083333333333336,22.446086598725216,2.3627532653918806
4521,39619,2014-07-09 18:00:00,22.0,2.642857142857146,5.597293332058086,2.9544361892009405
4522,39620,2014-07-09 19:00:00,32.0,7.357142857142854,3.8653221473643207,-3.4918207097785334
4523,39621,2014-07-09 20:00:00,36.0,11.357142857142854,5.678476255253958,-5.678666601888896
4524,39622,2014-07-09 21:00:00,29.0,4.357142857142854,1.7740136499962915,-2.5831292071465626
4525,39623,2014-07-09 22:00:00,31.0,6.357142857142854,0.0030049263807185866,-6.3541379307621355
4526,39624,2014-07-09 23:00:00,35.0,33.009090909090915,36.04424680608143,3.035155896990517
4527,39625,2014-07-10 00:00:00,34.0,34.009090909090915,45.81462740691154,11.805536497820626
4528,39626,2014-07-10 01:00:00,28.0,25.04411764705882,35.31160998937843,10.267492342319613
4529,39627,2014-07-10 02:00:00,52.0,1.044117647058819,11.311609989378432,10.267492342319613
4530,39628,2014-07-10 03:00:00,70.0,16.95588235294118,6.688390010621568,-10.267492342319613
4531,39629,2014-07-10 04:00:00,52.0,7.952380952380956,43.6838804855507,35.731499533169746
4532,39630,2014-07-10 05:00:00,39.0,29.009090909090915,42.60698525738913,13.597894348298212
4533,39631,2014-07-10 06:00:00,31.0,38.80615735461802,37.19688985027673,-1.6092675043412896
4534,39632,2014-07-10 07:00:00,25.0,44.80615735461802,40.58375289700601,-4.222404457612015
4535,39633,2014-07-10 08:00:00,25.0,44.80615735461802,39.82670715999117,-4.97945019462685
4536,39634,2014-07-10 09:00:00,28.0,41.80615735461802,24.825007144031098,-16.981150210586925
4537,39635,2014-07-10 10:00:00,28.0,41.80615735461802,22.943672029205672,-18.86248532541235
4538,39636,2014-07-10 11:00:00,25.0,6.760869565217391,1.5811507452125113,-5.179718820004879
4539,39637,2014-07-10 12:00:00,15.0,9.642857142857146,12.674815435227753,3.031958292370607
4540,39638,2014-07-10 13:00:00,17.0,7.642857142857146,25.3801280736647,17.737270930807554
4541,39639,2014-07-10 14:00:00,18.0,6.642857142857146,16.826718940039008,10.183861797181862
4542,39640,2014-07-10 15:00:00,35.0,10.357142857142854,5.259655791288722,-5.097487065854132
4543,39641,2014-07-10 16:00:00,17.0,7.642857142857146,15.606566330816811,7.963709187959665
4544,39642,2014-07-10 17:00:00,17.0,7.642857142857146,14.135684111665231,6.492826968808085
4545,39643,2014-07-10 18:00:00,18.0,6.642857142857146,12.482172572648121,5.839315429790975
4546,39644,2014-07-10 19:00:00,24.0,0.6428571428571459,10.240118633259208,9.597261490402062
4547,39645,2014-07-10 20:00:00,28.0,3.357142857142854,5.5416812192881935,2.1845383621453394
4548,39646,2014-07-10 21:00:00,31.0,6.357142857142854,3.6827618798874155,-2.6743809772554386
4549,39647,2014-07-10 22:00:00,40.0,15.357142857142854,6.166648376522836,-9.190494480620018
4550,39648,2014-07-10 23:00:00,42.0,1.0833333333333428,1.6215852930315577,0.5382519596982149
4551,39649,2014-07-11 00:00:00,48.0,15.454545454545453,1.2054080901326856,-14.249137364412768
4552,39650,2014-07-11 01:00:00,52.0,13.9375,1.7001163968255426,-12.237383603174457
4553,39651,2014-07-11 02:00:00,53.0,14.9375,1.9185517520940323,-13.018948247905968
4554,39652,2014-07-11 03:00:00,58.0,19.9375,1.932421117663381,-18.00507888233662
4555,39653,2014-07-11 04:00:00,58.0,29.19230769230769,3.4987084945292395,-25.69359919777845
4556,39654,2014-07-11 05:00:00,64.0,4.009090909090915,12.142982339107022,8.133891430016106
4557,39655,2014-07-11 06:00:00,61.0,8.806157354618023,3.4629701649201508,-5.343187189697872
4558,39656,2014-07-11 07:00:00,41.0,28.806157354618023,20.192792976967013,-8.61336437765101
4559,39657,2014-07-11 08:00:00,35.0,16.76086956521739,6.985890959774409,-9.774978605442982
4560,39658,2014-07-11 09:00:00,18.0,0.2391304347826093,9.31186196094492,9.072731526162311
4561,39659,2014-07-11 10:00:00,11.0,7.239130434782609,18.51949909808567,11.280368663303062
4562,39660,2014-07-11 11:00:00,13.0,5.239130434782609,15.203878222425448,9.964747787642839
4563,39661,2014-07-11 12:00:00,12.0,6.239130434782609,14.517647448509212,8.278517013726603
4564,39662,2014-07-11 13:00:00,9.0,15.642857142857146,18.676525786048604,3.033668643191458
4565,39663,2014-07-11 14:00:00,9.0,9.23913043478261,17.423917680740033,8.184787245957423
4566,39664,2014-07-11 15:00:00,16.0,53.80615735461802,36.46759306081081,-17.33856429380721
4567,39665,2014-07-11 16:00:00,13.0,5.239130434782609,13.506319101169574,8.267188666386964
4568,39666,2014-07-11 17:00:00,16.0,2.2391304347826093,12.114600638787518,9.875470204004909
4569,39667,2014-07-11 18:00:00,9.0,15.642857142857146,18.179064170471197,2.5362070276140507
4570,39668,2014-07-11 19:00:00,18.0,6.642857142857146,9.11556087376789,2.4727037309107445
4571,39669,2014-07-11 20:00:00,28.0,6.083333333333336,11.960599590473592,5.877266257140256
4572,39670,2014-07-11 21:00:00,32.0,21.04411764705882,24.111545493968002,3.067427846909183
4573,39671,2014-07-11 22:00:00,33.0,12.333333333333343,22.515684341278323,10.18235100794498
4574,39672,2014-07-11 23:00:00,35.0,6.19230769230769,20.783416072428466,14.591108380120776
4575,39673,2014-07-12 00:00:00,46.0,18.461538461538463,12.885654347053645,-5.575884114484818
4576,39674,2014-07-12 01:00:00,19.0,8.538461538461537,20.93972853121393,12.401266992752394
4577,39675,2014-07-12 02:00:00,21.0,13.083333333333336,23.540532200454606,10.45719886712127
4578,39676,2014-07-12 03:00:00,9.0,18.538461538461537,28.560766302043845,10.022304763582309
4579,39677,2014-07-12 04:00:00,12.0,15.538461538461537,25.588987121163996,10.050525582702459
4580,39678,2014-07-12 05:00:00,9.0,18.538461538461537,32.128253887431434,13.589792348969898
4581,39679,2014-07-12 06:00:00,10.0,17.538461538461537,29.78835020928132,12.249888670819782
4582,39680,2014-07-12 07:00:00,12.0,15.538461538461537,27.620642228734923,12.082180690273386
4583,39681,2014-07-12 08:00:00,10.0,17.538461538461537,28.017381233249715,10.478919694788178
4584,39682,2014-07-12 09:00:00,10.0,17.538461538461537,33.25457119617357,15.716109657712035
4585,39683,2014-07-12 10:00:00,9.0,9.23913043478261,24.511761149783077,15.272630715000467
4586,39684,2014-07-12 11:00:00,7.0,11.23913043478261,27.717249464546533,16.478119029763924
4587,39685,2014-07-12 12:00:00,6.0,12.23913043478261,25.062201354408003,12.823070919625394
4588,39691,2014-07-12 18:00:00,12.0,12.642857142857146,26.679832201242093,14.036975058384947
4589,39692,2014-07-12 19:00:00,17.0,7.642857142857146,14.95376067396494,7.310903531107794
4590,39693,2014-07-12 20:00:00,16.0,8.642857142857146,16.445993785707003,7.803136642849857
4591,39694,2014-07-12 21:00:00,19.0,0.7608695652173907,7.643264619993786,6.882395054776396
4592,39695,2014-07-12 22:00:00,22.0,2.642857142857146,6.0968852117015615,3.4540280688444156
4593,39696,2014-07-12 23:00:00,20.0,19.727272727272727,16.621409752700536,-3.10586297457219
4594,39697,2014-07-13 00:00:00,36.0,13.3125,7.953046024078034,-5.359453975921966
4595,39698,2014-07-13 01:00:00,35.0,34.80615735461802,29.82042967453043,-4.985727680087592
4596,39699,2014-07-13 02:00:00,30.0,9.727272727272727,7.532344207472917,-2.1949285197998094
4597,39700,2014-07-13 03:00:00,13.0,56.80615735461802,52.41608919073309,-4.3900681638849335
4598,39701,2014-07-13 04:00:00,19.0,50.80615735461802,43.305035983465814,-7.501121371152209
4599,39702,2014-07-13 05:00:00,20.0,7.5384615384615365,22.154592020572757,14.61613048211122
4600,39703,2014-07-13 06:00:00,18.0,21.727272727272727,21.48359924135906,-0.24367348591366778
4601,39704,2014-07-13 07:00:00,17.0,52.80615735461802,41.63870085958993,-11.167456495028091
4602,39705,2014-07-13 08:00:00,17.0,52.80615735461802,41.564140557864455,-11.242016796753568
4603,39706,2014-07-13 09:00:00,10.0,8.23913043478261,18.273959626024837,10.034829191242228
4604,39707,2014-07-13 10:00:00,13.0,56.80615735461802,38.48519740042244,-18.32095995419558
4605,39708,2014-07-13 11:00:00,13.0,56.80615735461802,38.91311749962733,-17.89303985499069
4606,39709,2014-07-13 12:00:00,10.0,59.80615735461802,42.80434433923102,-17.001813015387
4607,39710,2014-07-13 13:00:00,10.0,8.23913043478261,15.877229391534676,7.638098956752067
4608,39711,2014-07-13 14:00:00,12.0,6.239130434782609,14.182866303630352,7.943735868847742
4609,39712,2014-07-13 15:00:00,11.0,7.239130434782609,15.640543951355713,8.401413516573104
4610,39713,2014-07-13 16:00:00,9.0,60.80615735461802,45.40986303761297,-15.39629431700505
4611,39714,2014-07-13 17:00:00,20.0,3.47808764940239,7.699006114847194,4.220918465444804
4612,39715,2014-07-13 18:00:00,21.0,3.642857142857146,6.276146625309892,2.6332894824527457
4613,39716,2014-07-13 19:00:00,20.0,4.642857142857146,7.977693372377352,3.3348362295202065
4614,39717,2014-07-13 20:00:00,26.0,27.04411764705882,30.353457842289217,3.309340195230398
4615,39718,2014-07-13 21:00:00,35.0,18.04411764705882,20.930471129002505,2.8863534819436865
4616,39719,2014-07-13 22:00:00,58.0,4.955882352941181,0.14460912444467766,-4.811273228496503
4617,39720,2014-07-13 23:00:00,45.0,16.19230769230769,12.814097885597079,-3.378209806710611
4618,39721,2014-07-14 00:00:00,50.0,18.009090909090915,27.1708221278993,9.161731218808384
4619,39722,2014-07-14 01:00:00,58.0,4.955882352941181,0.5692284816360456,-4.3866538713051355
4620,39723,2014-07-14 02:00:00,44.0,15.952380952380956,54.323674528145276,38.37129357576432
4621,39724,2014-07-14 03:00:00,46.0,22.009090909090915,34.71245015360405,12.703359244513138
4622,39725,2014-07-14 04:00:00,31.0,38.80615735461802,38.14704868030489,-0.6591086743131314
4623,39726,2014-07-14 05:00:00,23.0,46.80615735461802,46.21673988547626,-0.5894174691417646
4624,39727,2014-07-14 06:00:00,21.0,48.80615735461802,44.87931689597809,-3.92684045863993
4625,39728,2014-07-14 07:00:00,24.0,45.80615735461802,40.516735259285056,-5.2894220953329665
4626,39729,2014-07-14 08:00:00,19.0,3.6875,21.252244535217343,17.564744535217343
4627,39730,2014-07-14 09:00:00,22.0,0.6875,12.76964010598045,12.08214010598045
4628,39731,2014-07-14 10:00:00,18.0,0.2391304347826093,10.990068175567114,10.750937740784504
4629,39732,2014-07-14 11:00:00,19.0,0.7608695652173907,7.750794612665487,6.9899250474480965
4630,39733,2014-07-14 12:00:00,21.0,2.7608695652173907,5.643345987524821,2.8824764223074304
4631,39734,2014-07-14 13:00:00,22.0,2.642857142857146,6.664356823673664,4.021499680816518
4632,39735,2014-07-14 14:00:00,29.0,4.357142857142854,1.3748370486755803,-2.9823058084672738
4633,39736,2014-07-14 15:00:00,36.0,11.357142857142854,5.338979290045518,-6.018163567097336
4634,39737,2014-07-14 16:00:00,39.0,14.357142857142854,8.019431821110931,-6.337711036031923
4635,39738,2014-07-14 17:00:00,36.0,11.357142857142854,4.890087233226122,-6.467055623916732
4636,39739,2014-07-14 18:00:00,42.0,17.357142857142854,10.890087233226122,-6.467055623916732
4637,39740,2014-07-14 19:00:00,38.0,21.770114942528743,19.156360851100146,-2.6137540914285964
4638,39741,2014-07-14 20:00:00,36.0,17.04411764705882,19.432707517326747,2.3885898702679285
4639,39742,2014-07-14 21:00:00,30.0,39.80615735461802,30.16385774441992,-9.642299610198101
4640,39743,2014-07-14 22:00:00,15.0,3.2391304347826093,13.275123285385035,10.035992850602426
4641,39744,2014-07-14 23:00:00,19.0,3.6875,19.104363375236723,15.416863375236723
4642,39745,2014-07-15 00:00:00,30.0,29.770114942528743,27.487726336314275,-2.282388606214468
4643,39746,2014-07-15 01:00:00,60.0,0.22988505747125743,1.7189991539987588,1.4891140965275014
4644,39747,2014-07-15 02:00:00,40.0,0.2727272727272734,0.3713400422079687,0.0986127694806953
4645,39748,2014-07-15 03:00:00,29.0,10.727272727272727,12.936345509523242,2.209072782250516
4646,39749,2014-07-15 04:00:00,35.0,4.727272727272727,6.552405606323816,1.8251328790510897
4647,39750,2014-07-15 05:00:00,40.0,23.454545454545453,14.241169654947605,-9.213375799597848
4648,39751,2014-07-15 06:00:00,42.0,11.044117647058819,16.605982855838434,5.561865208779615
4649,39752,2014-07-15 07:00:00,37.0,2.9166666666666643,6.101938817673776,3.185272151007112
4650,39753,2014-07-15 08:00:00,44.0,25.806157354618023,22.644295506301134,-3.1618618483168888
4651,39754,2014-07-15 09:00:00,49.0,4.044117647058819,6.5997741420035965,2.5556564949447775
4652,39755,2014-07-15 10:00:00,50.0,9.770114942528743,7.56752073419522,-2.2025942083335224
4653,39756,2014-07-15 11:00:00,52.0,7.770114942528743,4.873553481661652,-2.8965614608670904
4654,39757,2014-07-15 12:00:00,50.0,9.770114942528743,5.1405531498528845,-4.629561792675858
4655,39758,2014-07-15 13:00:00,52.0,7.770114942528743,3.1405531498528845,-4.629561792675858
4656,39759,2014-07-15 14:00:00,50.0,9.770114942528743,5.35075028246937,-4.419364660059372
4657,39760,2014-07-15 15:00:00,55.0,4.770114942528743,1.053033991350354,-3.7170809511783887
4658,39761,2014-07-15 16:00:00,57.0,2.7701149425287426,0.46748672033206873,-2.302628222196674
4659,39762,2014-07-15 17:00:00,45.0,14.770114942528743,11.71327414923315,-3.056840793295592
4660,39763,2014-07-15 18:00:00,51.0,8.770114942528743,6.01958285781722,-2.750532084711523
4661,39764,2014-07-15 19:00:00,49.0,10.770114942528743,8.284652405361811,-2.4854625371669314
4662,39765,2014-07-15 20:00:00,54.0,5.770114942528743,5.426131766779463,-0.3439831757492797
4663,39766,2014-07-15 21:00:00,62.0,15.611464968152873,28.147975134044643,12.53651016589177
4664,39767,2014-07-15 22:00:00,73.0,19.51590106007069,17.285301709718055,-2.230599350352634
4665,39768,2014-07-15 23:00:00,81.0,3.388535031847127,10.003978813648459,6.615443781801332
4666,39769,2014-07-16 00:00:00,93.0,15.388535031847127,13.474070280170054,-1.9144647516770732
4667,39770,2014-07-16 01:00:00,108.0,30.388535031847127,27.24107400822777,-3.147461023619357
4668,39771,2014-07-16 02:00:00,112.0,34.38853503184713,31.24107400822777,-3.147461023619357
4669,39772,2014-07-16 03:00:00,113.0,20.48409893992931,18.638614403670616,-1.8454845362586951
4670,39773,2014-07-16 04:00:00,85.0,7.515901060070689,9.972686748239283,2.456785688168594
4671,39774,2014-07-16 05:00:00,90.0,2.5159010600706893,4.658778633693046,2.142877573622357
4672,39775,2014-07-16 06:00:00,85.0,7.515901060070689,9.972686748239283,2.456785688168594
4673,39776,2014-07-16 07:00:00,121.0,28.48409893992931,27.138253495984443,-1.3458454439448673
4674,39777,2014-07-16 08:00:00,130.0,37.48409893992931,37.89849006331076,0.41439112338144923
4675,39778,2014-07-16 09:00:00,133.0,24.025948103792416,17.353035384261588,-6.672912719530828
4676,39779,2014-07-16 10:00:00,148.0,55.48409893992931,56.54619060013796,1.062091660208651
4677,39780,2014-07-16 11:00:00,160.0,51.025948103792416,44.76140231468635,-6.264545789106066
4678,39781,2014-07-16 12:00:00,159.0,66.48409893992931,68.74240907969029,2.2583101397609795
4679,39782,2014-07-16 13:00:00,172.0,52.44237918215613,65.90468872511414,13.46230954295801
4680,39783,2014-07-16 14:00:00,142.0,73.99090909090908,60.66339071504109,-13.327518375867996
4681,39784,2014-07-16 15:00:00,146.0,37.025948103792416,33.7842629149233,-3.2416851888691127
4682,39785,2014-07-16 16:00:00,134.0,25.025948103792416,21.784262914923303,-3.2416851888691127
4683,39786,2014-07-16 17:00:00,111.0,18.48409893992931,21.044219375782376,2.560120435853065
4684,39787,2014-07-16 18:00:00,90.0,12.388535031847127,10.217061499977603,-2.1714735318695233
4685,39788,2014-07-16 19:00:00,60.0,17.611464968152873,20.029639880851093,2.4181749126982197
4686,39789,2014-07-16 20:00:00,60.0,32.51590106007069,36.047115717170925,3.531214657100236
4687,39790,2014-07-16 21:00:00,70.0,7.611464968152873,11.52924543822644,3.9177804700735663
4688,39791,2014-07-16 22:00:00,80.0,12.51590106007069,14.972686748239283,2.456785688168594
4689,39792,2014-07-16 23:00:00,74.0,5.990909090909085,5.275249407287333,-0.7156596836217517
4690,39793,2014-07-17 00:00:00,64.0,10.955882352941181,0.6883900106215677,-10.267492342319613
4691,39794,2014-07-17 01:00:00,82.0,4.388535031847127,1.1658748509238137,-3.222660180923313
4692,39795,2014-07-17 02:00:00,111.0,33.38853503184713,29.616174404109884,-3.7723606277372426
4693,39796,2014-07-17 03:00:00,112.0,34.38853503184713,30.450299730953972,-3.9382353008931545
4694,39797,2014-07-17 04:00:00,128.0,50.38853503184713,46.56527706570684,-3.8232579661402895
4695,39798,2014-07-17 05:00:00,126.0,48.38853503184713,44.41234725903858,-3.9761877728085437
4696,39799,2014-07-17 06:00:00,147.0,54.48409893992931,52.02731325176072,-2.456785688168594
4697,39800,2014-07-17 07:00:00,135.0,57.38853503184713,53.86848181356015,-3.520053218286975
4698,39801,2014-07-17 08:00:00,142.0,49.48409893992931,47.638614403670616,-1.8454845362586951
4699,39802,2014-07-17 09:00:00,144.0,51.48409893992931,51.89849006331076,0.41439112338144923
4700,39803,2014-07-17 10:00:00,142.0,49.48409893992931,49.89849006331076,0.41439112338144923
4701,39804,2014-07-17 11:00:00,139.0,46.48409893992931,49.04164614467109,2.5575472047417804
4702,39805,2014-07-17 12:00:00,129.0,36.48409893992931,39.04164614467109,2.5575472047417804
4703,39806,2014-07-17 13:00:00,132.0,39.48409893992931,44.083616887724745,4.599517947795434
4704,39807,2014-07-17 14:00:00,130.0,21.025948103792416,12.47223764182921,-8.553710461963206
4705,39808,2014-07-17 15:00:00,162.0,53.025948103792416,46.715529215524924,-6.310418888267492
4706,39809,2014-07-17 16:00:00,162.0,53.025948103792416,46.715529215524924,-6.310418888267492
4707,39810,2014-07-17 17:00:00,163.0,54.025948103792416,46.487037971940694,-7.538910131851722
4708,39811,2014-07-17 18:00:00,152.0,43.025948103792416,35.487037971940694,-7.538910131851722
4709,39812,2014-07-17 19:00:00,150.0,30.44237918215613,26.78388186924255,-3.658497312913582
4710,39813,2014-07-17 20:00:00,160.0,51.025948103792416,40.737372118067285,-10.288575985725132
4711,39814,2014-07-17 21:00:00,172.0,52.44237918215613,49.22351412861104,-3.2188650535450876
4712,39815,2014-07-17 22:00:00,188.0,68.44237918215613,65.22351412861104,-3.2188650535450876
4713,39816,2014-07-17 23:00:00,195.0,75.44237918215613,72.22351412861104,-3.2188650535450876
4714,39817,2014-07-18 00:00:00,220.0,100.44237918215613,96.4664557821266,-3.9759234000295294
4715,39818,2014-07-18 01:00:00,191.0,71.44237918215613,68.3165389147483,-3.125840267407824
4716,39819,2014-07-18 02:00:00,154.0,45.025948103792416,34.737372118067285,-10.288575985725132
4717,39820,2014-07-18 03:00:00,158.0,65.48409893992931,63.82434538143818,-1.6597535584911327
4718,39821,2014-07-18 04:00:00,131.0,38.48409893992931,37.43564653334812,-1.048452406581191
4719,39822,2014-07-18 05:00:00,128.0,35.48409893992931,33.02731325176072,-2.456785688168594
4720,39823,2014-07-18 06:00:00,123.0,14.025948103792416,3.6351815724472942,-10.390766531345122
4721,39824,2014-07-18 07:00:00,112.0,19.48409893992931,17.592163284451203,-1.8919356554781075
4722,39825,2014-07-18 08:00:00,122.0,29.48409893992931,29.522038903394275,0.03793996346496442
4723,39826,2014-07-18 09:00:00,113.0,52.1782945736434,15.272346708803184,-36.905947864840215
4724,39827,2014-07-18 10:00:00,109.0,56.1782945736434,17.143408407510876,-39.03488616613252
4725,39828,2014-07-18 11:00:00,120.0,45.1782945736434,10.444743666237798,-34.7335509074056
4726,39829,2014-07-18 12:00:00,125.0,5.442379182156131,2.5746966736333405,-2.8676825085227904
4727,39830,2014-07-18 13:00:00,127.0,7.442379182156131,4.183906005800139,-3.2584731763559915
4728,39831,2014-07-18 14:00:00,143.0,23.44237918215613,19.735106647956414,-3.707272534199717
4729,39832,2014-07-18 15:00:00,109.0,10.557620817843869,15.325892756703126,4.768271938859257
4730,39833,2014-07-18 16:00:00,96.0,23.55762081784387,28.325892756703126,4.768271938859257
4731,39834,2014-07-18 17:00:00,80.0,28.974051896207584,36.685487665065,7.711435768857413
4732,39835,2014-07-18 18:00:00,96.0,12.974051896207584,19.633754267392888,6.659702371185304
4733,39836,2014-07-18 19:00:00,106.0,13.557620817843869,14.684505238047663,1.126884420203794
4734,39837,2014-07-18 20:00:00,103.0,16.55762081784387,17.684505238047663,1.126884420203794
4735,39838,2014-07-18 21:00:00,84.0,35.55762081784387,37.57522019374494,2.017599375901071
4736,39839,2014-07-18 22:00:00,80.0,39.55762081784387,41.57522019374494,2.017599375901071
4737,39840,2014-07-18 23:00:00,81.0,38.55762081784387,40.57522019374494,2.017599375901071
4738,39841,2014-07-19 00:00:00,87.0,32.55762081784387,36.341785436579755,3.784164618735886
4739,39842,2014-07-19 01:00:00,69.0,50.55762081784387,54.341785436579755,3.784164618735886
4740,39843,2014-07-19 02:00:00,73.0,92.1782945736434,59.89050893699027,-32.287785636653126
4741,39844,2014-07-19 03:00:00,72.0,93.1782945736434,61.33213599593762,-31.84615857770578
4742,39845,2014-07-19 04:00:00,77.0,88.1782945736434,56.818247185419864,-31.360047388223535
4743,39846,2014-07-19 05:00:00,77.0,88.1782945736434,54.99039722725692,-33.18789734638648
4744,39847,2014-07-19 06:00:00,75.0,90.1782945736434,65.31950637059515,-24.85878820304825
4745,39848,2014-07-19 07:00:00,72.0,93.1782945736434,68.72970323021238,-24.44859134343102
4746,39849,2014-07-19 08:00:00,68.0,97.1782945736434,70.39966858913505,-26.778625984508352
4747,39850,2014-07-19 09:00:00,60.0,105.1782945736434,81.5310586172373,-23.647235956406092
4748,39851,2014-07-19 10:00:00,48.0,117.1782945736434,89.42542489165606,-27.752869681987335
4749,39852,2014-07-19 11:00:00,52.0,113.1782945736434,85.35264551054334,-27.82564906310006
4750,39853,2014-07-19 12:00:00,66.0,99.1782945736434,67.68705955107916,-31.49123502256424
4751,39854,2014-07-19 13:00:00,57.0,108.1782945736434,76.30149039712256,-31.876804176520835
4752,39855,2014-07-19 14:00:00,51.0,114.1782945736434,81.82318885544498,-32.355105718198416
4753,39856,2014-07-19 15:00:00,45.0,74.55762081784387,79.41891754284045,4.861296724996578
4754,39857,2014-07-19 16:00:00,38.0,70.97405189620758,78.80496292131643,7.830911025108847
4755,39858,2014-07-19 17:00:00,45.0,63.974051896207584,70.76152105764322,6.787469161435638
4756,39859,2014-07-19 18:00:00,48.0,60.974051896207584,68.77582629772672,7.80177440151914
4757,39860,2014-07-19 19:00:00,53.0,55.974051896207584,62.811133849919514,6.83708195371193
4758,39861,2014-07-19 20:00:00,64.0,55.55762081784387,57.93806691830072,2.380446100456851
4759,39862,2014-07-19 21:00:00,72.0,20.442622950819683,50.34395451530493,29.901331564485247
4760,39863,2014-07-19 22:00:00,81.0,52.25,42.87452970968701,-9.37547029031299
4761,39864,2014-07-19 23:00:00,66.0,67.25,58.83861134234007,-8.411388657659927
4762,39865,2014-07-20 00:00:00,41.0,92.25,84.3082938820226,-7.941706117977404
4763,39866,2014-07-20 01:00:00,46.0,73.55762081784387,76.42530332636666,2.8676825085227904
4764,39867,2014-07-20 02:00:00,60.0,59.55762081784387,62.42530332636666,2.8676825085227904
4765,39868,2014-07-20 03:00:00,57.0,62.55762081784387,67.35245721572089,4.79483639787702
4766,39869,2014-07-20 04:00:00,65.0,54.55762081784387,59.46518534873009,4.907564530886219
4767,39870,2014-07-20 05:00:00,64.0,55.55762081784387,59.437749922018725,3.8801291041748556
4768,39871,2014-07-20 06:00:00,62.0,57.55762081784387,61.33956072477528,3.781939906931413
4769,39872,2014-07-20 07:00:00,55.0,64.55762081784387,68.34178543657976,3.784164618735886
4770,39873,2014-07-20 08:00:00,52.0,67.55762081784387,70.45794584605171,2.9003250282078454
4771,39874,2014-07-20 09:00:00,55.0,64.55762081784387,67.29552139817726,2.7379005803333882
4772,39875,2014-07-20 10:00:00,60.0,59.55762081784387,62.52073329871092,2.9631124808670535
4773,39876,2014-07-20 11:00:00,52.0,67.55762081784387,69.77517769881521,2.217556880971344
4774,39877,2014-07-20 12:00:00,55.0,64.55762081784387,67.11637213508136,2.558751317237494
4775,39878,2014-07-20 13:00:00,67.0,52.55762081784387,54.05155605688449,1.4939352390406242
4776,39879,2014-07-20 14:00:00,85.0,34.55762081784387,36.05155605688449,1.4939352390406242
4777,39880,2014-07-20 15:00:00,87.0,32.55762081784387,34.49286828429615,1.9352474664522816
4778,39881,2014-07-20 16:00:00,79.0,40.55762081784387,43.72896695830488,3.1713461404610115
4779,39882,2014-07-20 17:00:00,60.0,56.86666666666666,59.40412237440991,2.5374557077432485
4780,39883,2014-07-20 18:00:00,69.0,47.86666666666666,49.0250961621732,1.1584294955065388
4781,39884,2014-07-20 19:00:00,59.0,57.86666666666666,69.4647285341793,11.59806186751264
4782,39885,2014-07-20 20:00:00,53.0,63.86666666666666,76.09658714814705,12.229920481480391
4783,39886,2014-07-20 21:00:00,55.0,113.0,94.82559209965618,-18.174407900343823
4784,39887,2014-07-20 22:00:00,52.0,116.0,99.65925057837597,-16.340749421624025
4785,39888,2014-07-20 23:00:00,48.0,120.0,106.95894361508132,-13.041056384918676
4786,39889,2014-07-21 00:00:00,56.0,112.0,110.96349944813716,-1.0365005518628436
4787,39890,2014-07-21 01:00:00,59.0,109.0,107.69919031205185,-1.3008096879481457
4788,39891,2014-07-21 02:00:00,60.0,108.0,107.20108686377597,-0.79891313622403
4789,39892,2014-07-21 03:00:00,55.0,113.0,110.86692787760083,-2.13307212239917
4790,39893,2014-07-21 04:00:00,59.0,109.0,111.98926652948387,2.9892665294838707
4791,39894,2014-07-21 05:00:00,59.0,109.0,117.5049487379996,8.504948737999598
4792,39895,2014-07-21 06:00:00,53.0,16.806157354618023,12.82482863661285,-3.981328718005173
4793,39896,2014-07-21 07:00:00,20.0,49.80615735461802,46.92595264398594,-2.8802047106320856
4794,39897,2014-07-21 08:00:00,20.0,8.587301587301589,20.419005595935204,11.831704008633615
4795,39898,2014-07-21 09:00:00,20.0,8.587301587301589,21.13232305593064,12.545021468629052
4796,39899,2014-07-21 10:00:00,11.0,17.58730158730159,27.34830292125045,9.761001333948862
4797,39900,2014-07-21 11:00:00,15.0,13.587301587301589,20.735141209595696,7.147839622294107
4798,39901,2014-07-21 12:00:00,12.0,80.51590106007069,71.80218181264509,-8.713719247425601
4799,39902,2014-07-21 13:00:00,15.0,54.80615735461802,45.35956923105955,-9.44658812355847
4800,39903,2014-07-21 14:00:00,14.0,55.80615735461802,47.24698134229936,-8.559176012318666
4801,39904,2014-07-21 15:00:00,15.0,54.80615735461802,39.45841843915167,-15.347738915466351
4802,39905,2014-07-21 16:00:00,13.0,40.04411764705882,39.79736121889018,-0.24675642816863785
4803,39906,2014-07-21 17:00:00,11.0,42.04411764705882,41.79736121889018,-0.24675642816863785
4804,39907,2014-07-21 18:00:00,14.0,39.04411764705882,38.79736121889018,-0.24675642816863785
4805,39908,2014-07-21 19:00:00,15.0,38.04411764705882,38.650310959610856,0.6061933125520369
4806,39909,2014-07-21 20:00:00,17.0,1.2391304347826093,10.294052533313899,9.05492209853129
4807,39910,2014-07-21 21:00:00,14.0,8.6875,19.60434550014987,10.916845500149869
4808,39911,2014-07-21 22:00:00,11.0,58.80615735461802,51.011074093016326,-7.795083261601697
4809,39912,2014-07-21 23:00:00,9.0,60.80615735461802,48.103785679341705,-12.702371675276318
4810,39913,2014-07-22 00:00:00,6.0,63.80615735461802,56.037869338694726,-7.7682880159232965
4811,39914,2014-07-22 01:00:00,6.0,63.80615735461802,57.83166352686796,-5.974493827750059
4812,39915,2014-07-22 02:00:00,13.0,56.80615735461802,51.7293741311143,-5.076783223503725
4813,39916,2014-07-22 03:00:00,10.0,24.083333333333336,31.706809355355894,7.623476022022558
4814,39917,2014-07-22 04:00:00,16.0,53.80615735461802,49.62922047600368,-4.176936878614342
4815,39918,2014-07-22 05:00:00,16.0,53.80615735461802,49.94662849587921,-3.8595288587388126
4816,39919,2014-07-22 06:00:00,14.0,55.80615735461802,50.51489608815163,-5.2912612664663925
4817,39920,2014-07-22 07:00:00,18.0,51.80615735461802,45.714299100816824,-6.091858253801199
4818,39921,2014-07-22 08:00:00,19.0,50.80615735461802,41.95668155891634,-8.849475795701686
4819,39922,2014-07-22 09:00:00,15.0,8.47808764940239,29.956204798307688,21.478117148905298
4820,39923,2014-07-22 10:00:00,12.0,41.04411764705882,49.54124413974151,8.497126492682689
4821,39926,2014-07-22 13:00:00,18.0,51.80615735461802,46.41734685302555,-5.388810501592474
4822,39927,2014-07-22 14:00:00,17.0,52.80615735461802,46.878014640471754,-5.928142714146269
4823,39928,2014-07-22 15:00:00,16.0,7.47808764940239,22.265882060721886,14.787794411319496
4824,39929,2014-07-22 16:00:00,16.0,7.47808764940239,18.22356934055383,10.74548169115144
4825,39930,2014-07-22 17:00:00,11.0,12.47808764940239,23.16041340577248,10.68232575637009
4826,39931,2014-07-22 18:00:00,15.0,8.47808764940239,16.618971392893886,8.140883743491496
4827,39932,2014-07-22 19:00:00,8.0,45.04411764705882,50.1202738009923,5.076156153933482
4828,39933,2014-07-22 20:00:00,12.0,57.80615735461802,53.62922047600368,-4.176936878614342
4829,39934,2014-07-22 21:00:00,19.0,50.80615735461802,46.30946732371804,-4.496690030899984
4830,39935,2014-07-22 22:00:00,21.0,48.80615735461802,42.14389577175025,-6.662261582867771
4831,39936,2014-07-22 23:00:00,17.0,52.80615735461802,46.521309849116584,-6.284847505501439
4832,39937,2014-07-23 00:00:00,16.0,7.47808764940239,23.196263017167226,15.718175367764836
4833,39938,2014-07-23 01:00:00,20.0,3.47808764940239,14.181281415627048,10.703193766224658
4834,39939,2014-07-23 02:00:00,20.0,3.47808764940239,12.871865656222305,9.393778006819915
4835,39940,2014-07-23 03:00:00,21.0,2.47808764940239,13.73797524335965,11.25988759395726
4836,39941,2014-07-23 04:00:00,23.0,30.04411764705882,35.12120051644891,5.07708286939009
4837,39942,2014-07-23 05:00:00,12.0,41.04411764705882,46.54581987364029,5.501702226581472
4838,39943,2014-07-23 06:00:00,13.0,40.04411764705882,45.54581987364029,5.501702226581472
4839,39944,2014-07-23 07:00:00,19.0,49.009090909090915,57.26686549629447,8.257774587203556
4840,39945,2014-07-23 08:00:00,20.0,33.04411764705882,42.158766397495185,9.114648750436366
4841,39946,2014-07-23 09:00:00,16.0,52.009090909090915,60.59181419139135,8.582723282300435
4842,39947,2014-07-23 10:00:00,18.0,51.80615735461802,46.79562116987188,-5.010536184746144
4843,39948,2014-07-23 11:00:00,19.0,50.80615735461802,43.037869338694726,-7.7682880159232965
4844,39949,2014-07-23 12:00:00,13.0,56.80615735461802,47.11577126290886,-9.690386091709165
4845,39950,2014-07-23 13:00:00,22.0,2.642857142857146,6.4083021521110375,3.7654450092538916
4846,39951,2014-07-23 14:00:00,20.0,4.642857142857146,7.544553787861943,2.9016966450047974
4847,39952,2014-07-23 15:00:00,16.0,53.80615735461802,36.51579740042244,-17.29035995419558
4848,39953,2014-07-23 16:00:00,20.0,49.80615735461802,32.049938928198756,-17.756218426419267
4849,39954,2014-07-23 17:00:00,21.0,48.80615735461802,32.21508690685697,-16.591070447761055
4850,39955,2014-07-23 18:00:00,21.0,48.80615735461802,33.91432642042978,-14.891830934188242
4851,39956,2014-07-23 19:00:00,42.0,17.770114942528743,14.873553481661652,-2.8965614608670904
4852,39957,2014-07-23 20:00:00,46.0,13.770114942528743,11.56752073419522,-2.2025942083335224
4853,39958,2014-07-23 21:00:00,43.0,34.97560975609754,21.384753213919524,-13.590856542178017
4854,39959,2014-07-23 22:00:00,42.0,11.044117647058819,20.056434320369604,9.012316673310785
4855,39960,2014-07-23 23:00:00,41.0,36.61146496815287,38.525468529100294,1.914003560947421
4856,39961,2014-07-24 00:00:00,46.0,46.51590106007069,48.17565461856182,1.6597535584911327
4857,39962,2014-07-24 01:00:00,55.0,37.51590106007069,40.762913698593906,3.2470126385232163
4858,39963,2014-07-24 02:00:00,52.0,40.51590106007069,42.97268674823928,2.456785688168594
4859,39964,2014-07-24 03:00:00,50.0,42.51590106007069,44.97268674823928,2.456785688168594
4860,39965,2014-07-24 04:00:00,74.0,3.611464968152873,6.9532288896874945,3.3417639215346213
4861,39966,2014-07-24 05:00:00,73.0,13.047619047619044,22.147729607745475,9.100110560126431
4862,39967,2014-07-24 06:00:00,82.0,4.388535031847127,1.2803204060871423,-3.1082146257599845
4863,39968,2014-07-24 07:00:00,74.0,3.611464968152873,7.092271788580462,3.4808068204275884
4864,39969,2014-07-24 08:00:00,76.0,1.6114649681528732,3.8980607237679124,2.286595755615039
4865,39970,2014-07-24 09:00:00,82.0,10.51590106007069,10.10150993668924,-0.41439112338144923
4866,39971,2014-07-24 10:00:00,90.0,2.5159010600706893,2.0246547194752083,-0.491246340595481
4867,39972,2014-07-24 11:00:00,103.0,10.48409893992931,12.269591414128953,1.7854924741996427
4868,39973,2014-07-24 12:00:00,89.0,19.193842645381977,16.788907479190343,-2.4049351661916347
4869,39974,2014-07-24 13:00:00,67.0,2.8061573546180227,7.808377530140191,5.002220175522169
4870,39975,2014-07-24 14:00:00,85.0,7.388535031847127,7.606399551066218,0.21786451921909133
4871,39976,2014-07-24 15:00:00,62.0,15.611464968152873,15.393600448933782,-0.21786451921909133
4872,39977,2014-07-24 16:00:00,50.0,27.97560975609754,15.391289917518577,-12.584319838578963
4873,39978,2014-07-24 17:00:00,69.0,8.611464968152873,8.985591138195147,0.374126170042274
4874,39979,2014-07-24 18:00:00,51.0,26.97560975609754,14.188941292332103,-12.786668463765437
4875,39980,2014-07-24 19:00:00,24.0,35.77011494252874,35.547116070225144,-0.22299887230359872
4876,39981,2014-07-24 20:00:00,33.0,26.770114942528743,28.662851980146215,1.8927370376174721
4877,39982,2014-07-24 21:00:00,35.0,42.97560975609754,32.19028397026348,-10.785325785834061
4878,39983,2014-07-24 22:00:00,63.0,14.611464968152873,22.666526119611092,8.055061151458219
4879,39984,2014-07-24 23:00:00,104.0,50.95588235294118,33.52827223640742,-17.427610116533764
4880,39985,2014-07-25 00:00:00,136.0,107.1923076923077,72.03329580665397,-35.159011885653726
4881,39986,2014-07-25 01:00:00,146.0,68.38853503184713,67.10952899886367,-1.2790060329834603
4882,39987,2014-07-25 02:00:00,118.0,64.95588235294119,52.61094212601333,-12.34494022692786
4883,39988,2014-07-25 03:00:00,127.0,67.04761904761904,31.39064766498464,-35.656971382634396
4884,39989,2014-07-25 04:00:00,149.0,95.95588235294119,84.57546413773228,-11.380418215208906
4885,39990,2014-07-25 05:00:00,160.0,91.99090909090908,79.66635590118041,-12.324553189728675
4886,39991,2014-07-25 06:00:00,116.0,46.19384264538198,45.85329525576509,-0.34054738961688713
4887,39992,2014-07-25 07:00:00,91.0,21.193842645381977,22.076139153796163,0.8822965084141856
4888,39993,2014-07-25 08:00:00,97.0,27.193842645381977,27.489624946411,0.29578230102902126
4889,39994,2014-07-25 09:00:00,61.0,37.52191235059761,15.664547760150278,-21.857364590447332
4890,39995,2014-07-25 10:00:00,49.0,25.52191235059761,13.073921876084292,-12.447990474513318
4891,39996,2014-07-25 11:00:00,40.0,11.19230769230769,14.734302572742116,3.5419948804344266
4892,39997,2014-07-25 12:00:00,31.0,22.04411764705882,20.61942376673769,-1.4246938803211293
4893,39998,2014-07-25 13:00:00,27.0,32.77011494252874,29.084119726322356,-3.6859952162063863
4894,39999,2014-07-25 14:00:00,32.0,9.3125,2.17435604978148,-7.13814395021852
4895,40000,2014-07-25 15:00:00,28.0,31.770114942528743,27.140553149852884,-4.629561792675858
4896,40001,2014-07-25 16:00:00,31.0,28.770114942528743,24.140553149852884,-4.629561792675858
4897,40002,2014-07-25 17:00:00,38.0,2.916666666666657,0.0758396134890802,-2.840827053177577
4898,40003,2014-07-25 18:00:00,45.0,20.357142857142854,13.660934531516858,-6.696208325625996
4899,40004,2014-07-25 19:00:00,44.0,19.357142857142854,8.189161679411654,-11.1679811777312
4900,40005,2014-07-25 20:00:00,55.0,30.357142857142854,19.631522118159204,-10.72562073898365
4901,40006,2014-07-25 21:00:00,61.0,21.272727272727273,19.581398199799978,-1.6913290729272958
4902,40007,2014-07-25 22:00:00,69.0,29.272727272727273,26.01465194048219,-3.2580753322450846
4903,40008,2014-07-25 23:00:00,69.0,5.545454545454547,5.8040774699327,0.2586229244781535
4904,40009,2014-07-26 00:00:00,72.0,8.545454545454547,20.210548927015772,11.665094381561225
4905,40010,2014-07-26 01:00:00,87.0,27.229885057471257,22.34952391877043,-4.880361138700827
4906,40011,2014-07-26 02:00:00,91.0,37.95588235294118,30.965642601959544,-6.990239750981637
4907,40012,2014-07-26 03:00:00,116.0,38.02439024390246,47.69656256850371,9.672172324601249
4908,40013,2014-07-26 04:00:00,136.0,82.95588235294119,73.36567059946144,-9.59021175347975
4909,40014,2014-07-26 05:00:00,146.0,117.1923076923077,84.09047231383713,-33.10183537847057
4910,40015,2014-07-26 06:00:00,149.0,120.1923076923077,81.16087265144571,-39.03143504086198
4911,40016,2014-07-26 07:00:00,142.0,64.38853503184713,55.869641893180784,-8.518893138666343
4912,40017,2014-07-26 08:00:00,137.0,59.38853503184713,51.152387244947064,-8.236147786900062
4913,40018,2014-07-26 09:00:00,113.0,35.38853503184713,29.717645810843806,-5.670889221003321
4914,40019,2014-07-26 10:00:00,119.0,41.38853503184713,37.255572019893336,-4.132963011953791
4915,40020,2014-07-26 11:00:00,107.0,29.388535031847127,25.0857554452311,-4.302779586616026
4916,40021,2014-07-26 12:00:00,112.0,34.38853503184713,32.147020919893066,-2.2415141119540607
4917,40022,2014-07-26 13:00:00,80.0,51.19230769230769,13.134463161991022,-38.05784453031667
4918,40023,2014-07-26 14:00:00,62.0,2.2298850574712574,1.610838900469723,-0.6190461570015344
4919,40024,2014-07-26 15:00:00,67.0,7.229885057471257,5.363063969136618,-1.866821088334639
4920,40025,2014-07-26 16:00:00,62.0,21.083333333333343,7.883169647757676,-13.200163685575667
4921,40026,2014-07-26 17:00:00,76.0,35.08333333333334,22.074502981091,-13.008830352242342
4922,40027,2014-07-26 18:00:00,72.0,31.083333333333343,17.663374989577505,-13.419958343755837
4923,40028,2014-07-26 19:00:00,63.0,22.083333333333343,1.5500292135183429,-20.533304119815
4924,40029,2014-07-26 20:00:00,57.0,16.083333333333343,2.4867861368989352,-13.596547196434408
4925,40030,2014-07-26 21:00:00,62.0,2.2298850574712574,1.5236347601463862,-0.7062502973248712
4926,40031,2014-07-26 22:00:00,59.0,18.083333333333343,0.42408462025856153,-17.65924871307478
4927,40032,2014-07-26 23:00:00,57.0,32.357142857142854,8.821464728647463,-23.53567812849539
4928,40033,2014-07-27 00:00:00,60.0,3.4545454545454533,3.8048305427228186,0.35028508817736537
4929,40034,2014-07-27 01:00:00,68.0,4.545454545454547,4.076002790610524,-0.46945175484402313
4930,40035,2014-07-27 02:00:00,76.0,12.545454545454547,12.533053491850957,-0.012401053603589673
4931,40036,2014-07-27 03:00:00,86.0,22.545454545454547,21.85060252332795,-0.6948520221265966
4932,40037,2014-07-27 04:00:00,97.0,37.22988505747126,20.73892473424435,-16.490960323226908
4933,40038,2014-07-27 05:00:00,102.0,42.22988505747126,25.288924734244333,-16.940960323226925
4934,40039,2014-07-27 06:00:00,111.0,57.95588235294118,45.84975594887524,-12.10612640406594
4935,40040,2014-07-27 07:00:00,107.0,53.95588235294118,42.15956353233523,-11.796318820605954
4936,40041,2014-07-27 08:00:00,106.0,46.22988505747126,40.97669342581732,-5.253191631653941
4937,40042,2014-07-27 09:00:00,113.0,59.95588235294118,48.59899782672396,-11.356884526217222
4938,40043,2014-07-27 10:00:00,105.0,51.95588235294118,40.926426927179634,-11.029455425761547
4939,40044,2014-07-27 11:00:00,114.0,85.1923076923077,45.79789903594613,-39.39440865636156
4940,40045,2014-07-27 12:00:00,133.0,73.22988505747125,69.6910100536076,-3.5388750038636516
4941,40046,2014-07-27 13:00:00,120.0,60.22988505747126,56.41397666591514,-3.815908391556114
4942,40047,2014-07-27 14:00:00,99.0,58.08333333333334,43.9197283522111,-14.16360498112224
4943,40048,2014-07-27 15:00:00,87.0,27.229885057471257,28.990046935297443,1.7601618778261852
4944,40049,2014-07-27 16:00:00,93.0,33.22988505747126,34.93862155689872,1.7087364994274594
4945,40050,2014-07-27 17:00:00,85.0,25.229885057471257,27.555969128330936,2.326084070859679
4946,40051,2014-07-27 18:00:00,95.0,35.22988505747126,36.89326136056746,1.6633763030962
4947,40052,2014-07-27 19:00:00,98.0,38.22988505747126,39.58695265198337,1.3570675945121096
4948,40053,2014-07-27 20:00:00,99.0,21.02439024390246,29.104414766568482,8.080024522666022
4949,40054,2014-07-27 21:00:00,88.0,10.02439024390246,15.051946604073493,5.027556360171033
4950,40055,2014-07-27 22:00:00,83.0,5.0243902439024595,7.749955560899636,2.7255653169971765
4951,40056,2014-07-27 23:00:00,84.0,6.0243902439024595,7.946082938733326,1.9216926948308668
4952,40057,2014-07-28 00:00:00,93.0,15.388535031847127,2.045371563887045,-13.343163467960082
4953,40058,2014-07-28 01:00:00,95.0,17.388535031847127,4.045371563887045,-13.343163467960082
4954,40059,2014-07-28 02:00:00,113.0,20.48409893992931,20.021424976753266,-0.46267396317604437
4955,40060,2014-07-28 03:00:00,121.0,28.48409893992931,26.65258375826413,-1.831515181665182
4956,40061,2014-07-28 04:00:00,127.0,34.48409893992931,32.65258375826413,-1.831515181665182
4957,40062,2014-07-28 05:00:00,134.0,41.48409893992931,38.85555162858664,-2.628547311342672
4958,40063,2014-07-28 06:00:00,138.0,45.48409893992931,42.85555162858664,-2.628547311342672
4959,40064,2014-07-28 07:00:00,141.0,48.48409893992931,46.65258375826413,-1.831515181665182
4960,40065,2014-07-28 08:00:00,143.0,50.48409893992931,50.89177293329573,0.40767399336641574
4961,40066,2014-07-28 09:00:00,125.0,16.025948103792416,11.207383151902405,-4.818564951890011
4962,40067,2014-07-28 10:00:00,111.0,18.48409893992931,25.623318008006294,7.139219068076983
4963,40068,2014-07-28 11:00:00,118.0,40.38853503184713,44.06132084437405,3.672785812526925
4964,40069,2014-07-28 12:00:00,110.0,32.02439024390246,45.903701463033215,13.879311219130756
4965,40070,2014-07-28 13:00:00,101.0,41.22988505747126,44.246536281516335,3.016651224045077
4966,40071,2014-07-28 14:00:00,73.0,13.229885057471257,17.859446850147116,4.629561792675858
4967,40072,2014-07-28 15:00:00,61.0,1.2298850574712574,4.946966008649646,3.7170809511783887
4968,40073,2014-07-28 16:00:00,67.0,7.229885057471257,10.28672585076685,3.056840793295592
4969,40074,2014-07-28 17:00:00,80.0,20.229885057471257,23.09402585076686,2.8641407932956042
4970,40075,2014-07-28 18:00:00,81.0,21.229885057471257,23.642737357816202,2.4128523003449445
4971,40076,2014-07-28 19:00:00,77.0,0.6114649681528732,8.248963204889051,7.637498236736178
4972,40077,2014-07-28 20:00:00,89.0,11.02439024390246,14.93866927197412,3.914279028071661
4973,40078,2014-07-28 21:00:00,88.0,10.388535031847127,2.418893937968093,-7.969641093879034
4974,40079,2014-07-28 22:00:00,83.0,5.388535031847127,6.728714881588061,1.3401798497409345
4975,40080,2014-07-28 23:00:00,89.0,11.388535031847127,2.4354513245207983,-8.953083707326329
4976,40081,2014-07-29 00:00:00,96.0,3.4840989399293107,5.937412774777755,2.4533138348484442
4977,40082,2014-07-29 01:00:00,90.0,2.5159010600706893,1.3202366561969967,-1.1956644038736925
4978,40083,2014-07-29 02:00:00,99.0,6.484098939929311,8.937412774777755,2.4533138348484442
4979,40084,2014-07-29 03:00:00,101.0,8.48409893992931,10.401685187323594,1.9175862473942829
4980,40085,2014-07-29 04:00:00,114.0,21.48409893992931,21.30462027455887,-0.17947866537043922
4981,40086,2014-07-29 05:00:00,135.0,42.48409893992931,41.827669965160695,-0.6564289747686161
4982,40087,2014-07-29 06:00:00,155.0,62.48409893992931,61.827669965160695,-0.6564289747686161
4983,40088,2014-07-29 07:00:00,189.0,96.48409893992931,97.19651118364979,0.712412243720479
4984,40089,2014-07-29 08:00:00,179.0,86.48409893992931,87.7323030333146,1.248204093385283
4985,40090,2014-07-29 09:00:00,151.0,17.0,3.9865187883287376,-13.013481211671262
4986,40091,2014-07-29 10:00:00,125.0,43.0,31.253720214353706,-11.746279785646294
4987,40092,2014-07-29 11:00:00,101.0,8.48409893992931,15.458156021975142,6.974057082045832
4988,40093,2014-07-29 12:00:00,92.0,14.02439024390246,7.553198031447664,-6.471192212454795
4989,40094,2014-07-29 13:00:00,97.0,19.02439024390246,12.903198031447658,-6.121192212454801
4990,40095,2014-07-29 14:00:00,86.0,8.02439024390246,1.9031980314476584,-6.121192212454801
4991,40096,2014-07-29 15:00:00,84.0,24.229885057471257,8.990998286205851,-15.238886771265406
4992,40097,2014-07-29 16:00:00,89.0,29.229885057471257,13.79829828620585,-15.431586771265408
4993,40098,2014-07-29 17:00:00,89.0,11.388535031847127,2.463560604634779,-8.924974427212348
4994,40099,2014-07-29 18:00:00,86.0,8.388535031847127,0.5364393953652211,-7.852095636481906
4995,40100,2014-07-29 19:00:00,92.0,14.388535031847127,5.463560604634779,-8.924974427212348
4996,40101,2014-07-29 20:00:00,86.0,6.515901060070689,3.2231757137921306,-3.2927253462785586
4997,40102,2014-07-29 21:00:00,85.0,7.388535031847127,2.3707931665072977,-5.017741865339829
4998,40103,2014-07-29 22:00:00,83.0,85.0,75.75854325723404,-9.241456742765962
4999,40104,2014-07-29 23:00:00,82.0,86.0,78.07878441062437,-7.921215589375635
5000,40105,2014-07-30 00:00:00,78.0,90.0,66.3453886116001,-23.6546113883999
5001,40106,2014-07-30 01:00:00,69.0,99.0,78.15265917740834,-20.84734082259166
5002,40107,2014-07-30 02:00:00,52.0,40.51590106007069,23.385108528723762,-17.130792531346927
5003,40108,2014-07-30 03:00:00,53.0,0.8999999999999986,18.665772277243306,17.765772277243308
5004,40109,2014-07-30 04:00:00,88.0,20.974051896207584,30.36992398095836,9.395872084750778
5005,40110,2014-07-30 05:00:00,117.0,48.990909090909085,35.170423050082505,-13.82048604082658
5006,40111,2014-07-30 06:00:00,113.0,43.19384264538198,40.074380856084076,-3.119461789297901
5007,40112,2014-07-30 07:00:00,142.0,33.025948103792416,22.584387147562595,-10.441560956229821
5008,40113,2014-07-30 08:00:00,134.0,25.025948103792416,14.51160545613645,-10.514342647655965
5009,40114,2014-07-30 09:00:00,159.0,50.025948103792416,38.1125439732881,-11.913404130504318
5010,40115,2014-07-30 10:00:00,151.0,58.48409893992931,57.13825349598444,-1.3458454439448673
5011,40116,2014-07-30 11:00:00,149.0,56.48409893992931,57.195883100674436,0.7117841607451254
5012,40117,2014-07-30 12:00:00,148.0,55.48409893992931,56.195883100674436,0.7117841607451254
5013,40118,2014-07-30 13:00:00,132.0,39.48409893992931,41.066231057216925,1.582132117287614
5014,40119,2014-07-30 14:00:00,130.0,21.025948103792416,11.195643062503336,-9.83030504128908
5015,40120,2014-07-30 15:00:00,122.0,13.025948103792416,5.72267963086756,-7.303268472924856
5016,40121,2014-07-30 16:00:00,112.0,3.025948103792416,3.9204591958536383,0.8945110920612223
5017,40122,2014-07-30 17:00:00,130.0,37.48409893992931,40.34644865723577,2.862349717306458
5018,40123,2014-07-30 18:00:00,144.0,35.025948103792416,28.357927249000383,-6.668020854792033
5019,40124,2014-07-30 19:00:00,157.0,48.025948103792416,41.16824125866222,-6.8577068451301955
5020,40125,2014-07-30 20:00:00,185.0,76.02594810379242,68.30548329268808,-7.7204648111043355
5021,40126,2014-07-30 21:00:00,199.0,90.02594810379242,82.03025543398188,-7.995692669810538
5022,40127,2014-07-30 22:00:00,212.0,103.02594810379242,95.03025543398188,-7.995692669810538
5023,40128,2014-07-30 23:00:00,211.0,102.02594810379242,90.49045588399058,-11.535492219801839
5024,40129,2014-07-31 00:00:00,201.0,35.8217054263566,68.84801493272394,33.02630950636734
5025,40130,2014-07-31 01:00:00,193.0,27.8217054263566,61.910474575054735,34.088769148698134
5026,40131,2014-07-31 02:00:00,198.0,32.8217054263566,64.46480116814536,31.643095741788756
5027,40132,2014-07-31 03:00:00,187.0,21.8217054263566,53.66786400406238,31.84615857770578
5028,40133,2014-07-31 04:00:00,184.0,75.02594810379242,61.640695821814305,-13.385252281978111
5029,40134,2014-07-31 05:00:00,192.0,26.8217054263566,55.91292527709774,29.09121985074114
5030,40135,2014-07-31 06:00:00,208.0,42.8217054263566,75.0234541458627,32.2017487195061
5031,40136,2014-07-31 07:00:00,219.0,53.8217054263566,86.27902460761786,32.457319181261255
5032,40137,2014-07-31 08:00:00,250.0,84.8217054263566,116.91825800542571,32.09655257906911
5033,40138,2014-07-31 09:00:00,227.0,61.8217054263566,93.91825800542571,32.09655257906911
5034,40139,2014-07-31 10:00:00,210.0,44.8217054263566,77.10949106300973,32.287785636653126
5035,40140,2014-07-31 11:00:00,176.0,10.821705426356601,48.61484149766608,37.793136071309476
5036,40141,2014-07-31 12:00:00,180.0,71.02594810379242,65.71526940105049,-5.310678702741924
5037,40142,2014-07-31 13:00:00,164.0,55.025948103792416,50.49758148616068,-4.5283666176317325
5038,40143,2014-07-31 14:00:00,163.0,54.025948103792416,48.61228323154164,-5.413664872250777
5039,40144,2014-07-31 15:00:00,155.0,46.025948103792416,41.48431415912641,-4.541633944666003
5040,40145,2014-07-31 16:00:00,134.0,25.025948103792416,20.295589088010985,-4.730359015781431
5041,40146,2014-07-31 17:00:00,134.0,25.025948103792416,20.295589088010985,-4.730359015781431
5042,40147,2014-07-31 18:00:00,122.0,13.025948103792416,9.534759155419707,-3.4911889483727094
5043,40148,2014-07-31 19:00:00,125.0,16.025948103792416,11.271840782714563,-4.7541073210778535
5044,40149,2014-07-31 20:00:00,135.0,26.025948103792416,19.24966409282264,-6.776284010969775
5045,40150,2014-07-31 21:00:00,167.0,58.025948103792416,51.203148191811295,-6.822799911981122
5046,40151,2014-07-31 22:00:00,187.0,78.02594810379242,69.4171481928617,-8.608799910930713
5047,40152,2014-07-31 23:00:00,206.0,97.02594810379242,87.20718436313985,-9.818763740652571
5048,40153,2014-08-01 00:00:00,196.0,87.02594810379242,81.23144891922884,-5.794499184563577
5049,40154,2014-08-01 01:00:00,154.0,49.650000000000006,35.6579839786187,-13.992016021381303
5050,40155,2014-08-01 02:00:00,120.0,83.65,3.987722970233804,-79.6622770297662
5051,40156,2014-08-01 03:00:00,135.0,26.025948103792416,16.64668035017756,-9.379267753614855
5052,40157,2014-08-01 04:00:00,132.0,23.025948103792416,12.40991695640345,-10.616031147388966
5053,40158,2014-08-01 05:00:00,136.0,27.025948103792416,16.221830033027274,-10.804118070765142
5054,40159,2014-08-01 06:00:00,146.0,20.666666666666686,28.966513078458192,8.299846411791506
5055,40160,2014-08-01 07:00:00,159.0,39.44237918215613,37.86983080490364,-1.5725483772524882
5056,40161,2014-08-01 08:00:00,179.0,59.44237918215613,57.87998806824474,-1.5623911139113886
5057,40162,2014-08-01 09:00:00,185.0,56.43181818181819,60.35794265966574,3.9261244778475515
5058,40163,2014-08-01 10:00:00,152.0,32.44237918215613,31.93114736210312,-0.5112318200530126
5059,40164,2014-08-01 11:00:00,112.0,7.557620817843869,6.971311794903599,-0.5863090229402701
5060,40165,2014-08-01 12:00:00,123.0,14.025948103792416,10.598603865329594,-3.4273442384628225
5061,40166,2014-08-01 13:00:00,109.0,0.025948103792416077,3.537440052282946,3.51149194849053
5062,40167,2014-08-01 14:00:00,103.0,5.974051896207584,9.745700896830314,3.7716490006227303
5063,40168,2014-08-01 15:00:00,98.0,10.974051896207584,14.593045670704996,3.6189937744974117
5064,40169,2014-08-01 16:00:00,94.0,14.974051896207584,18.42561950868108,3.4515676124734966
5065,40170,2014-08-01 17:00:00,106.0,2.974051896207584,6.677361793406789,3.7033098971992047
5066,40171,2014-08-01 18:00:00,115.0,4.557620817843869,2.39050224641187,-2.167118571431999
5067,40172,2014-08-01 19:00:00,124.0,4.442379182156131,7.131321846127122,2.688942663970991
5068,40173,2014-08-01 20:00:00,134.0,14.442379182156131,17.700244534560568,3.257865352404437
5069,40174,2014-08-01 21:00:00,134.0,14.442379182156131,13.206198451615165,-1.2361807305409656
5070,40175,2014-08-01 22:00:00,137.0,17.44237918215613,16.38578885252636,-1.0565903296297705
5071,40176,2014-08-01 23:00:00,101.0,18.55762081784387,20.034208378788932,1.4765875609450632
5072,40177,2014-08-02 00:00:00,78.0,41.55762081784387,42.43852242030184,0.8809016024579677
5073,40178,2014-08-02 01:00:00,79.0,40.55762081784387,41.6198552937426,1.0622344758987339
5074,40179,2014-08-02 02:00:00,85.0,34.55762081784387,35.5427312831885,0.9851104653446328
5075,40180,2014-08-02 03:00:00,93.0,26.55762081784387,27.62569912252792,1.0680783046840503
5076,40181,2014-08-02 04:00:00,88.0,31.55762081784387,32.37318836616414,0.8155675483202742
5077,40182,2014-08-02 05:00:00,78.0,41.55762081784387,43.27781040836436,1.7201895905204907
5078,40183,2014-08-02 06:00:00,69.0,50.55762081784387,52.10870136221054,1.5510805443666698
5079,40184,2014-08-02 07:00:00,62.0,57.55762081784387,58.6198552937426,1.0622344758987339
5080,40185,2014-08-02 08:00:00,57.0,62.55762081784387,62.93178382562887,0.37416300778500045
5081,40186,2014-08-02 09:00:00,77.0,42.55762081784387,43.07575459549999,0.5181337776561179
5082,40187,2014-08-02 10:00:00,87.0,109.64285714285717,79.01454752752139,-30.62830961533578
5083,40188,2014-08-02 11:00:00,97.0,99.64285714285717,68.38953084002654,-31.25332630283063
5084,40189,2014-08-02 12:00:00,101.0,18.55762081784387,16.432024031992867,-2.125596785851002
5085,40190,2014-08-02 13:00:00,112.0,7.557620817843869,4.970716249701638,-2.5869045681422307
5086,40191,2014-08-02 14:00:00,109.0,10.557620817843869,7.970716249701638,-2.5869045681422307
5087,40192,2014-08-02 15:00:00,110.0,9.557620817843869,9.038954981116873,-0.5186658367269956
5088,40193,2014-08-02 16:00:00,104.0,15.557620817843869,15.239745653143842,-0.31787516470002686
5089,40194,2014-08-02 17:00:00,104.0,15.557620817843869,14.600531418945181,-0.9570893988986882
5090,40195,2014-08-02 18:00:00,101.0,18.55762081784387,14.941501209533712,-3.616119608310157
5091,40196,2014-08-02 19:00:00,100.0,19.55762081784387,15.701603852964197,-3.8560169648796716
5092,40197,2014-08-02 20:00:00,113.0,6.557620817843869,2.946357020491945,-3.611263797351924
5093,40198,2014-08-02 21:00:00,115.0,4.557620817843869,1.1053850026588776,-3.4522358151849915
5094,40199,2014-08-02 22:00:00,121.0,1.442379182156131,5.826320500278641,4.38394131812251
5095,40200,2014-08-02 23:00:00,119.0,0.5576208178438691,1.5280519343185546,0.9704311164746855
5096,40201,2014-08-03 00:00:00,138.0,18.44237918215613,20.379181215492707,1.9368020333365763
5097,40202,2014-08-03 01:00:00,146.0,26.44237918215613,28.528051934318555,2.0856727521624236
5098,40203,2014-08-03 02:00:00,158.0,8.800000000000011,21.25464766076351,12.454647660763499
5099,40204,2014-08-03 03:00:00,184.0,64.44237918215613,65.85766070163992,1.4152815194837842
5100,40205,2014-08-03 04:00:00,190.0,23.19999999999999,11.379056042940135,-11.820943957059853
5101,40206,2014-08-03 05:00:00,201.0,81.44237918215613,82.27257897547712,0.8301997933209861
5102,40207,2014-08-03 06:00:00,175.0,55.44237918215613,56.949026720836315,1.506647538680184
5103,40208,2014-08-03 07:00:00,132.0,12.442379182156131,14.528051934318555,2.0856727521624236
5104,40209,2014-08-03 08:00:00,102.0,64.80000000000001,63.968345677838414,-0.8316543221615973
5105,40210,2014-08-03 09:00:00,88.0,51.41176470588235,1.0178003520250911,-50.39396435385726
5106,40211,2014-08-03 10:00:00,74.0,45.55762081784387,40.53520719616655,-5.022413621677316
5107,40212,2014-08-03 11:00:00,74.0,45.55762081784387,44.87992699894993,-0.6776938188939425
5108,40213,2014-08-03 12:00:00,82.0,37.55762081784387,37.03895498111687,-0.5186658367269956
5109,40214,2014-08-03 13:00:00,73.0,46.55762081784387,46.12274615661535,-0.4348746612285197
5110,40215,2014-08-03 14:00:00,95.0,25.193842645381977,21.448984902285687,-3.74485774309629
5111,40216,2014-08-03 15:00:00,76.0,6.193842645381977,3.04654632388214,-3.1472963214998373
5112,40217,2014-08-03 16:00:00,102.0,32.19384264538198,32.51525857409712,0.32141592871514035
5113,40218,2014-08-03 17:00:00,72.0,47.55762081784387,42.96759701021759,-4.590023807626281
5114,40219,2014-08-03 18:00:00,69.0,50.55762081784387,47.94761304192535,-2.6100077759185183
5115,40220,2014-08-03 19:00:00,52.0,67.55762081784387,63.246992590222376,-4.310628227621493
5116,40221,2014-08-03 20:00:00,54.0,65.55762081784387,63.63097604784838,-1.926644769995491
5117,40222,2014-08-03 21:00:00,67.0,52.55762081784387,50.62081878450729,-1.9368020333365763
5118,40223,2014-08-03 22:00:00,63.0,56.55762081784387,54.35274454770888,-2.2048762701349887
5119,40224,2014-08-03 23:00:00,67.0,52.55762081784387,48.70265009320791,-3.8549707246359617
5120,40225,2014-08-04 00:00:00,74.0,45.55762081784387,43.89194529699677,-1.6656755208471026
5121,40226,2014-08-04 01:00:00,80.0,39.55762081784387,37.89194529699677,-1.6656755208471026
5122,40227,2014-08-04 02:00:00,92.0,27.55762081784387,24.682260208605726,-2.875360609238143
5123,40228,2014-08-04 03:00:00,89.0,30.55762081784387,27.93265420996906,-2.6249666078748106
5124,40229,2014-08-04 04:00:00,82.0,43.333333333333314,36.25322394966015,-7.080109383673161
5125,40230,2014-08-04 05:00:00,92.0,47.41176470588235,4.421299029368825,-42.99046567651352
5126,40231,2014-08-04 06:00:00,90.0,29.55762081784387,28.562124238905483,-0.9954965789383863
5127,40232,2014-08-04 07:00:00,90.0,18.974051896207584,24.23116876277456,5.2571168665669745
5128,40233,2014-08-04 08:00:00,59.0,6.324675324675326,16.3453138750848,10.020638550409473
5129,40234,2014-08-04 09:00:00,12.0,45.912698412698404,49.229724252456634,3.31702583975823
5130,40235,2014-08-04 10:00:00,10.0,47.912698412698404,50.616000114525576,2.703301701827172
5131,40236,2014-08-04 11:00:00,7.0,50.912698412698404,62.0651493376248,11.152450924926399
5132,40237,2014-08-04 12:00:00,5.0,52.912698412698404,57.36351181438877,4.450813401690368
5133,40238,2014-08-04 13:00:00,7.0,50.912698412698404,58.00252604678579,7.089827634087385
5134,40239,2014-08-04 14:00:00,7.0,62.80615735461802,67.65931141343094,4.853154058812919
5135,40240,2014-08-04 15:00:00,6.0,51.912698412698404,58.26668950405404,6.353991091355638
5136,40241,2014-08-04 16:00:00,4.0,53.912698412698404,68.65813080361771,14.745432390919305
5137,40242,2014-08-04 17:00:00,7.0,62.80615735461802,66.34184372518324,3.535686370565216
5138,40243,2014-08-04 18:00:00,7.0,62.80615735461802,66.49805844262052,3.6919010880024956
5139,40244,2014-08-04 19:00:00,4.0,53.912698412698404,68.64515454438036,14.732456131681957
5140,40245,2014-08-04 20:00:00,2.0,66.00909090909092,80.9531950049279,14.944104095836991
5141,40246,2014-08-04 21:00:00,2.0,67.80615735461802,71.7222360637032,3.916078709085184
5142,40247,2014-08-04 22:00:00,4.0,65.80615735461802,68.46771541194117,2.6615580573231483
5143,40248,2014-08-04 23:00:00,4.0,65.80615735461802,67.82506578778789,2.0189084331698695
5144,40249,2014-08-05 00:00:00,6.0,63.80615735461802,64.87614434654179,1.06998699192377
5145,40250,2014-08-05 01:00:00,14.0,65.72886297376094,53.62660546415711,-12.102257509603831
5146,40251,2014-08-05 02:00:00,13.0,44.912698412698404,60.580195347057455,15.66749693435905
5147,40252,2014-08-05 03:00:00,10.0,58.009090909090915,72.98187299691037,14.972782087819454
5148,40253,2014-08-05 04:00:00,8.0,61.80615735461802,66.2606065384005,4.454449183782472
5149,40254,2014-08-05 05:00:00,9.0,60.80615735461802,62.53886656429499,1.732709209676969
5150,40255,2014-08-05 06:00:00,11.0,58.80615735461802,60.33309456632607,1.526937211708045
5151,40256,2014-08-05 07:00:00,14.0,55.80615735461802,56.24183464195258,0.43567728733455624
5152,40257,2014-08-05 08:00:00,16.0,7.47808764940239,25.385199409520524,17.907111760118134
5153,40258,2014-08-05 09:00:00,14.0,14.587301587301589,27.18379119786676,12.596489610565172
5154,40259,2014-08-05 10:00:00,25.0,54.72886297376094,54.39098720217852,-0.3378757715824179
5155,40260,2014-08-05 11:00:00,25.0,54.72886297376094,54.516145993436766,-0.2127169803241742
5156,40261,2014-08-05 12:00:00,31.0,48.72886297376094,33.2875916559603,-15.441271317800641
5157,40262,2014-08-05 13:00:00,27.0,30.912698412698404,36.15264608978626,5.239947677087855
5158,40263,2014-08-05 14:00:00,26.0,38.32314923619272,9.263048407382868,-29.06010082880985
5159,40264,2014-08-05 15:00:00,28.0,29.912698412698404,21.216067170768106,-8.696631241930298
5160,40265,2014-08-05 16:00:00,32.0,25.912698412698404,20.305097478993247,-5.607600933705157
5161,40266,2014-08-05 17:00:00,51.0,6.912698412698404,14.800393167294772,7.887694754596367
5162,40267,2014-08-05 18:00:00,32.0,25.912698412698404,36.87327501416,10.960576601461597
5163,40268,2014-08-05 19:00:00,25.0,40.324675324675326,50.172269581363565,9.84759425668824
5164,40269,2014-08-05 20:00:00,23.0,34.912698412698404,48.62436701756701,13.711668604868606
5165,40270,2014-08-05 21:00:00,27.0,38.324675324675326,52.92468203118024,14.600006706504914
5166,40271,2014-08-05 22:00:00,28.0,37.324675324675326,51.92468203118024,14.600006706504914
5167,40272,2014-08-05 23:00:00,26.0,39.324675324675326,55.795991190675366,16.47131586600004
5168,40273,2014-08-06 00:00:00,32.0,33.324675324675326,49.795991190675366,16.47131586600004
5169,40274,2014-08-06 01:00:00,34.0,31.324675324675326,46.01206685975217,14.687391535076841
5170,40275,2014-08-06 02:00:00,48.0,17.324675324675326,31.92468203118024,14.600006706504914
5171,40276,2014-08-06 03:00:00,49.0,76.33333333333331,60.74664919057358,-15.586684142759736
5172,40277,2014-08-06 04:00:00,60.0,8.009090909090915,22.43526607988828,14.426175170797364
5173,40278,2014-08-06 05:00:00,63.0,6.806157354618023,10.13522523942595,3.3290678848079267
5174,40279,2014-08-06 06:00:00,62.0,7.806157354618023,10.15206814910573,2.3459107944877076
5175,40280,2014-08-06 07:00:00,68.0,1.8061573546180227,3.2154452174758887,1.409287862857866
5176,40281,2014-08-06 08:00:00,63.0,10.200000000000003,15.644730791752274,5.444730791752271
5177,40282,2014-08-06 09:00:00,50.0,5.663043478260867,2.2440218853111347,-3.4190215929497327
5178,40283,2014-08-06 10:00:00,23.0,46.80615735461802,39.997853686453546,-6.808303668164477
5179,40284,2014-08-06 11:00:00,16.0,48.32314923619272,17.354766237653443,-30.968382998539276
5180,40285,2014-08-06 12:00:00,8.0,56.32314923619272,24.171936820604074,-32.151212415588645
5181,40286,2014-08-06 13:00:00,6.0,58.32314923619272,26.7723199835361,-31.55082925265662
5182,40287,2014-08-06 14:00:00,3.0,61.32314923619272,27.883475082049788,-33.439674154142935
5183,40288,2014-08-06 15:00:00,2.0,62.32314923619272,28.416297397222465,-33.906851838970255
5184,40289,2014-08-06 16:00:00,5.0,59.32314923619272,29.145784772105692,-30.177364464087027
5185,40290,2014-08-06 17:00:00,4.0,60.32314923619272,33.27934408778085,-27.04380514841187
5186,40291,2014-08-06 18:00:00,8.0,56.32314923619272,39.82569652406948,-16.49745271212324
5187,40292,2014-08-06 19:00:00,15.0,42.912698412698404,53.61008738628027,10.697388973581866
5188,40293,2014-08-06 20:00:00,25.0,54.72886297376094,47.662051443005566,-7.066811530755373
5189,40294,2014-08-06 21:00:00,28.0,67.97222222222223,57.21724372186384,-10.75497850035839
5190,40295,2014-08-06 22:00:00,46.0,49.97222222222223,39.94669437786844,-10.025527844353789
5191,40296,2014-08-06 23:00:00,71.0,8.72886297376094,12.855883777004124,4.127020803243184
5192,40297,2014-08-07 00:00:00,125.0,45.27113702623906,39.69247773047839,-5.578659295760673
5193,40298,2014-08-07 01:00:00,142.0,62.27113702623906,56.8910435714171,-5.38009345482196
5194,40299,2014-08-07 02:00:00,105.0,25.27113702623906,19.692477730478387,-5.578659295760673
5195,40300,2014-08-07 03:00:00,101.0,21.27113702623906,15.8910435714171,-5.38009345482196
5196,40301,2014-08-07 04:00:00,89.0,9.27113702623906,3.8910435714171,-5.38009345482196
5197,40302,2014-08-07 05:00:00,93.0,23.193842645381977,19.16809079465142,-4.025751850730558
5198,40303,2014-08-07 06:00:00,85.0,15.193842645381977,12.920500229628033,-2.2733424157539446
5199,40304,2014-08-07 07:00:00,62.0,7.806157354618023,8.72484149797694,0.9186841433589166
5200,40305,2014-08-07 08:00:00,40.0,29.806157354618023,29.4437752046329,-0.3623821499851232
5201,40306,2014-08-07 09:00:00,52.0,28.52191235059761,0.28953528480989377,-28.232377065787716
5202,40307,2014-08-07 10:00:00,62.0,6.336956521739133,8.16655368077653,1.829597159037398
5203,40308,2014-08-07 11:00:00,55.0,9.32314923619272,19.108045531919643,9.784896295726924
5204,40309,2014-08-07 12:00:00,48.0,16.32314923619272,13.269429307774608,-3.0537199284181114
5205,40310,2014-08-07 13:00:00,41.0,14.663043478260867,4.422891225558331,-10.240152252702536
5206,40311,2014-08-07 14:00:00,39.0,16.663043478260867,10.946008705595176,-5.717034772665691
5207,40312,2014-08-07 15:00:00,43.0,12.663043478260867,6.946008705595176,-5.717034772665691
5208,40313,2014-08-07 16:00:00,43.0,21.32314923619272,6.309847505931344,-15.013301730261375
5209,40314,2014-08-07 17:00:00,44.0,11.663043478260867,6.639560697978418,-5.02348278028245
5210,40315,2014-08-07 18:00:00,37.0,18.663043478260867,16.606725641480807,-2.0563178367800603
5211,40316,2014-08-07 19:00:00,40.0,39.72886297376094,38.39471799356643,-1.334144980194509
5212,40317,2014-08-07 20:00:00,64.0,15.72886297376094,5.540346393204416,-10.188516580556524
5213,40318,2014-08-07 21:00:00,48.0,31.72886297376094,23.00781024761787,-8.721052726143071
5214,40319,2014-08-07 22:00:00,56.0,23.72886297376094,14.44773322409921,-9.28112974966173
5215,40320,2014-08-07 23:00:00,41.0,38.72886297376094,29.44773322409921,-9.28112974966173
5216,40321,2014-08-08 00:00:00,48.0,31.72886297376094,22.44773322409921,-9.28112974966173
5217,40322,2014-08-08 01:00:00,29.0,50.72886297376094,55.75944807491622,5.030585101155282
5218,40323,2014-08-08 02:00:00,40.0,39.72886297376094,44.68188593232513,4.9530229585641905
5219,40324,2014-08-08 03:00:00,42.0,37.72886297376094,42.75944807491622,5.030585101155282
5220,40325,2014-08-08 04:00:00,47.0,32.72886297376094,37.75944807491622,5.030585101155282
5221,40326,2014-08-08 05:00:00,51.0,28.72886297376094,34.158091360789,5.429228387028061
5222,40327,2014-08-08 06:00:00,69.0,10.72886297376094,15.838521821502653,5.109658847741713
5223,40328,2014-08-08 07:00:00,79.0,0.7288629737609398,6.689984854555661,5.961121880794721
5224,40329,2014-08-08 08:00:00,90.0,10.27113702623906,5.672430085040261,-4.598706941198799
5225,40330,2014-08-08 09:00:00,83.0,3.27113702623906,8.558827032717673,5.287690006478613
5226,40331,2014-08-08 10:00:00,76.0,3.72886297376094,6.823958845371195,3.095095871610255
5227,40332,2014-08-08 11:00:00,85.0,5.27113702623906,3.451921709175494,-1.8192153170635663
5228,40333,2014-08-08 12:00:00,72.0,7.72886297376094,1.3232762533051243,-6.4055867204558155
5229,40334,2014-08-08 13:00:00,56.0,0.3369565217391326,5.8233868988004005,5.486430377061268
5230,40335,2014-08-08 14:00:00,45.0,19.32314923619272,7.76221485229393,-11.56093438389879
5231,40336,2014-08-08 15:00:00,46.0,18.32314923619272,8.551513555212146,-9.771635680980573
5232,40337,2014-08-08 16:00:00,39.0,25.32314923619272,0.8641494473074403,-24.45899978888528
5233,40338,2014-08-08 17:00:00,49.0,15.32314923619272,9.56884225109063,-5.75430698510209
5234,40339,2014-08-08 18:00:00,49.0,8.912698412698404,5.338651855350044,-3.5740465573483604
5235,40340,2014-08-08 19:00:00,62.0,6.336956521739133,4.774845424655936,-1.5621110970831964
5236,40341,2014-08-08 20:00:00,59.0,3.3369565217391326,3.532233885275147,0.19527736353601455
5237,40342,2014-08-08 21:00:00,58.0,21.72886297376094,7.997226371204604,-13.731636602556335
5238,40343,2014-08-08 22:00:00,59.0,20.72886297376094,20.057881429369132,-0.6709815443918075
5239,40344,2014-08-08 23:00:00,60.0,19.72886297376094,19.057881429369132,-0.6709815443918075
5240,40345,2014-08-09 00:00:00,72.0,7.72886297376094,2.32539533854451,-5.40346763521643
5241,40346,2014-08-09 01:00:00,71.0,8.72886297376094,3.32539533854451,-5.40346763521643
5242,40347,2014-08-09 02:00:00,90.0,10.27113702623906,15.67460466145549,5.40346763521643
5243,40348,2014-08-09 03:00:00,120.0,40.27113702623906,45.67460466145549,5.40346763521643
5244,40349,2014-08-09 04:00:00,123.0,43.27113702623906,47.95369682525315,4.682559799014086
5245,40350,2014-08-09 05:00:00,132.0,52.27113702623906,56.95369682525315,4.682559799014086
5246,40351,2014-08-09 06:00:00,144.0,64.27113702623906,62.54876625062529,-1.7223707756137685
5247,40352,2014-08-09 07:00:00,154.0,58.02777777777777,67.42102934932804,9.393251571550266
5248,40353,2014-08-09 08:00:00,160.0,64.02777777777777,73.88366657051478,9.855888792737005
5249,40354,2014-08-09 09:00:00,124.0,58.675324675324674,48.4473926474287,-10.227932027895974
5250,40355,2014-08-09 10:00:00,95.0,15.27113702623906,16.18363852468491,0.9125014984458488
5251,40356,2014-08-09 11:00:00,80.0,0.2711370262390602,7.529774513638614,7.258637487399554
5252,40357,2014-08-09 12:00:00,72.0,14.087301587301596,1.4259954239743706,-12.661306163327225
5253,40358,2014-08-09 13:00:00,70.0,12.087301587301596,1.38991261371973,-10.697388973581866
5254,40359,2014-08-09 14:00:00,58.0,0.08730158730159587,6.198889263430999,6.111587676129403
5255,40360,2014-08-09 15:00:00,53.0,4.912698412698404,5.633306935482892,0.7206085227844881
5256,40361,2014-08-09 16:00:00,54.0,3.912698412698404,2.7048220947212585,-1.2078763179771457
5257,40362,2014-08-09 17:00:00,44.0,13.912698412698404,5.686663976755817,-8.226034435942587
5258,40363,2014-08-09 18:00:00,33.0,24.912698412698404,27.174635009719317,2.261936597020913
5259,40364,2014-08-09 19:00:00,46.0,11.912698412698404,6.82193575119625,-5.090762661502154
5260,40365,2014-08-09 20:00:00,42.0,15.912698412698404,19.197993480207607,3.285295067509203
5261,40366,2014-08-09 21:00:00,55.0,2.912698412698404,14.180884367440427,11.268185954742023
5262,40367,2014-08-09 22:00:00,15.0,54.80615735461802,56.32987662443868,1.5237192698206599
5263,40368,2014-08-09 23:00:00,18.0,39.912698412698404,45.594359059887964,5.68166064718956
5264,40369,2014-08-10 00:00:00,17.0,40.912698412698404,54.00142064865453,13.088722235956126
5265,40370,2014-08-10 01:00:00,22.0,46.009090909090915,60.854936722400566,14.845845813309651
5266,40371,2014-08-10 02:00:00,22.0,35.912698412698404,48.669482565160266,12.756784152461861
5267,40372,2014-08-10 03:00:00,24.0,33.912698412698404,47.604523367837345,13.69182495513894
5268,40373,2014-08-10 04:00:00,21.0,38.952380952380956,80.27780006666772,41.32541911428677
5269,40374,2014-08-10 05:00:00,28.0,40.009090909090915,55.67677981204555,15.667688902954637
5270,40375,2014-08-10 06:00:00,31.0,26.912698412698404,40.604523367837345,13.69182495513894
5271,40376,2014-08-10 07:00:00,31.0,37.009090909090915,50.74035926475308,13.731268355662166
5272,40377,2014-08-10 08:00:00,24.0,33.912698412698404,48.91068963925109,14.997991226552685
5273,40378,2014-08-10 09:00:00,25.0,32.912698412698404,45.38859370442695,12.475895291728548
5274,40379,2014-08-10 10:00:00,39.0,18.912698412698404,30.854354452160067,11.941656039461662
5275,40380,2014-08-10 11:00:00,38.0,19.912698412698404,29.59824181669798,9.685543403999574
5276,40381,2014-08-10 12:00:00,37.0,32.80615735461802,31.065557559655417,-1.7405997949626055
5277,40382,2014-08-10 13:00:00,36.0,21.912698412698404,22.521555749264536,0.6088573365661318
5278,40383,2014-08-10 14:00:00,32.0,25.912698412698404,25.588896492921492,-0.323801919776912
5279,40384,2014-08-10 15:00:00,30.0,27.912698412698404,17.482277825567095,-10.430420587131309
5280,40385,2014-08-10 16:00:00,23.0,18.22222222222222,27.622655141751224,9.400432919529003
5281,40386,2014-08-10 17:00:00,20.0,21.22222222222222,45.65512108714144,24.432898864919217
5282,40387,2014-08-10 18:00:00,28.0,13.222222222222221,30.39179671904069,17.16957449681847
5283,40388,2014-08-10 19:00:00,43.0,14.912698412698404,22.888197398747167,7.975498986048763
5284,40389,2014-08-10 20:00:00,53.0,4.912698412698404,16.168030465124602,11.255332052426198
5285,40390,2014-08-10 21:00:00,49.0,8.912698412698404,20.606735927187643,11.694037514489239
5286,40391,2014-08-10 22:00:00,53.0,12.324675324675326,22.40482086574295,10.080145541067623
5287,40392,2014-08-10 23:00:00,78.0,12.675324675324674,2.6825639628289935,-9.99276071249568
5288,40393,2014-08-11 00:00:00,86.0,17.990909090909085,4.042886024291931,-13.948023066617154
5289,40394,2014-08-11 01:00:00,65.0,4.806157354618023,8.452510695613839,3.646353340995816
5290,40395,2014-08-11 02:00:00,58.0,11.806157354618023,13.49999774686006,1.6938403922420378
5291,40396,2014-08-11 03:00:00,53.0,16.806157354618023,13.73766911847973,-3.0684882361382932
5292,40397,2014-08-11 04:00:00,26.0,2.52191235059761,12.989421395094503,10.467509044496893
5293,40398,2014-08-11 05:00:00,20.0,3.47808764940239,13.658677999383102,10.180590349980712
5294,40399,2014-08-11 06:00:00,12.0,11.47808764940239,22.99519900541597,11.51711135601358
5295,40400,2014-08-11 07:00:00,13.0,10.47808764940239,19.943872316174264,9.465784666771874
5296,40401,2014-08-11 08:00:00,12.0,11.47808764940239,20.3310160271622,8.85292837775981
5297,40402,2014-08-11 09:00:00,12.0,45.912698412698404,34.37281672702551,-11.539881685672896
5298,40403,2014-08-11 10:00:00,6.0,63.80615735461802,43.12256432165577,-20.68359303296225
5299,40404,2014-08-11 11:00:00,11.0,58.80615735461802,44.325182878927,-14.48097447569102
5300,40405,2014-08-11 12:00:00,6.0,58.32314923619272,24.754225446007943,-33.568923790184776
5301,40406,2014-08-11 13:00:00,6.0,58.32314923619272,24.64022872245073,-33.68292051374199
5302,40407,2014-08-11 14:00:00,11.0,53.32314923619272,19.30093965936328,-34.02220957682944
5303,40408,2014-08-11 15:00:00,10.0,54.32314923619272,33.66173397150755,-20.661415264685168
5304,40409,2014-08-11 16:00:00,9.0,55.32314923619272,35.897039928102075,-19.426109308090645
5305,40410,2014-08-11 17:00:00,9.0,55.32314923619272,28.75025093525992,-26.5728983009328
5306,40411,2014-08-11 18:00:00,14.0,50.32314923619272,19.40578900082518,-30.91736023536754
5307,40412,2014-08-11 19:00:00,21.0,36.912698412698404,28.607684016006232,-8.305014396692172
5308,40413,2014-08-11 20:00:00,22.0,35.912698412698404,28.019505039520922,-7.893193373177482
5309,40414,2014-08-11 21:00:00,23.0,45.009090909090915,34.83050602459929,-10.178584884491627
5310,40415,2014-08-11 22:00:00,27.0,37.32314923619272,8.289358729781775,-29.033790506410945
5311,40416,2014-08-11 23:00:00,42.0,26.009090909090915,33.31566682158258,7.306575912491667
5312,40417,2014-08-12 00:00:00,50.0,7.912698412698404,14.91970317014794,7.007004757449536
5313,40418,2014-08-12 01:00:00,57.0,0.9126984126984041,7.91970317014794,7.007004757449536
5314,40419,2014-08-12 02:00:00,29.0,39.009090909090915,43.19266858980997,4.183577680719054
5315,40420,2014-08-12 03:00:00,26.0,43.80615735461802,38.658589352538925,-5.1475680020790975
5316,40421,2014-08-12 04:00:00,23.0,46.80615735461802,40.96142724637187,-5.844730108246154
5317,40422,2014-08-12 05:00:00,18.0,46.32314923619272,21.844989413255185,-24.478159822937535
5318,40423,2014-08-12 06:00:00,15.0,54.80615735461802,49.658589352538925,-5.1475680020790975
5319,40424,2014-08-12 07:00:00,12.0,57.80615735461802,42.44855004590811,-15.357607308709916
5320,40425,2014-08-12 08:00:00,17.0,47.32314923619272,15.434109585515664,-31.889039650677056
5321,40426,2014-08-12 09:00:00,8.0,56.32314923619272,23.24673833319429,-33.07641090299843
5322,40427,2014-08-12 10:00:00,10.0,54.32314923619272,29.34518631124886,-24.97796292494386
5323,40428,2014-08-12 11:00:00,12.0,52.32314923619272,21.891345172772866,-30.431804063419854
5324,40429,2014-08-12 12:00:00,19.0,45.32314923619272,15.522441772141718,-29.800707464051
5325,40430,2014-08-12 13:00:00,21.0,43.32314923619272,14.549711595336902,-28.773437640855818
5326,40431,2014-08-12 14:00:00,30.0,34.32314923619272,4.297889559853964,-30.025259676338756
5327,40432,2014-08-12 15:00:00,33.0,31.32314923619272,1.5544063513189244,-29.768742884873795
5328,40433,2014-08-12 16:00:00,28.0,36.32314923619272,6.157309645082165,-30.165839591110554
5329,40434,2014-08-12 17:00:00,24.0,40.32314923619272,10.64043621018125,-29.68271302601147
5330,40435,2014-08-12 18:00:00,31.0,26.912698412698404,20.930534803659974,-5.98216360903843
5331,40436,2014-08-12 19:00:00,40.0,17.912698412698404,22.394724929632403,4.482026516933999
5332,40437,2014-08-12 20:00:00,29.0,28.912698412698404,43.35364426489882,14.440945852200414
5333,40438,2014-08-12 21:00:00,64.0,6.087301587301596,0.16315169645759653,-5.924149890843999
5334,40439,2014-08-12 22:00:00,38.0,31.806157354618023,30.5466739181836,-1.2594834364344223
5335,40440,2014-08-12 23:00:00,19.0,50.80615735461802,46.25263540851421,-4.553521946103814
5336,40441,2014-08-13 00:00:00,23.0,56.72886297376094,50.10715652174788,-6.621706452013058
5337,40442,2014-08-13 01:00:00,13.0,66.72886297376094,52.40302512875232,-14.325837845008621
5338,40443,2014-08-13 02:00:00,15.0,64.72886297376094,53.249521844515755,-11.479341129245185
5339,40444,2014-08-13 03:00:00,21.0,58.72886297376094,52.79230054781283,-5.936562425948111
5340,40445,2014-08-13 04:00:00,18.0,61.72886297376094,47.40302512875232,-14.325837845008621
5341,40446,2014-08-13 05:00:00,19.0,60.72886297376094,55.07326873686793,-5.655594236893009
5342,40447,2014-08-13 06:00:00,38.0,41.72886297376094,36.07110285636479,-5.657760117396151
5343,40448,2014-08-13 07:00:00,36.0,43.72886297376094,38.80368151009492,-4.925181463666021
5344,40449,2014-08-13 08:00:00,36.0,43.72886297376094,36.963768591029236,-6.765094382731704
5345,40450,2014-08-13 09:00:00,53.0,26.72886297376094,27.669677974841477,0.9408150010805372
5346,40451,2014-08-13 10:00:00,55.0,24.72886297376094,26.218990939284424,1.4901279655234845
5347,40452,2014-08-13 11:00:00,43.0,48.134146341463406,41.339265225355476,-6.7948811161079306
5348,40453,2014-08-13 12:00:00,38.0,31.806157354618023,34.427948462249304,2.6217911076312816
5349,40454,2014-08-13 13:00:00,26.0,43.80615735461802,45.41522735373451,1.6090699991164854
5350,40455,2014-08-13 14:00:00,17.0,62.72886297376094,55.472445127418,-7.256417846342941
5351,40456,2014-08-13 15:00:00,17.0,52.80615735461802,57.260606538400495,4.454449183782472
5352,40457,2014-08-13 16:00:00,15.0,54.80615735461802,57.46771541194117,2.6615580573231483
5353,40458,2014-08-13 17:00:00,19.0,60.72886297376094,62.02416325311695,1.295300279356013
5354,40459,2014-08-13 18:00:00,21.0,70.1341463414634,60.703124689901585,-9.43102165156182
5355,40460,2014-08-13 19:00:00,24.0,55.72886297376094,56.90315955476932,1.1742965810083774
5356,40461,2014-08-13 20:00:00,24.0,55.72886297376094,56.90315955476932,1.1742965810083774
5357,40462,2014-08-13 21:00:00,26.0,53.72886297376094,58.75944807491622,5.030585101155282
5358,40463,2014-08-13 22:00:00,24.0,55.72886297376094,48.81218058578507,-6.916682387975868
5359,40464,2014-08-13 23:00:00,21.0,58.72886297376094,54.34033916218631,-4.388523811574629
5360,40465,2014-08-14 00:00:00,29.0,62.134146341463406,55.29298220073757,-6.841164140725837
5361,40466,2014-08-14 01:00:00,19.0,36.66304347826087,47.92440738127955,11.261363903018683
5362,40467,2014-08-14 02:00:00,22.0,33.66304347826087,44.98514384089229,11.322100362631424
5363,40468,2014-08-14 03:00:00,22.0,85.45161290322581,62.38529596032866,-23.066316942897146
5364,40469,2014-08-14 04:00:00,16.0,53.80615735461802,53.48353169790636,-0.322625656711665
5365,40470,2014-08-14 05:00:00,28.0,27.663043478260867,60.366862360259546,32.70381888199868
5366,40471,2014-08-14 06:00:00,35.0,20.663043478260867,57.834774444077055,37.17173096581619
5367,40472,2014-08-14 07:00:00,17.0,52.80615735461802,56.60660611004316,3.800448755425137
5368,40473,2014-08-14 08:00:00,25.0,44.80615735461802,45.52397876588721,0.7178214112691848
5369,40474,2014-08-14 09:00:00,27.0,42.80615735461802,43.299276505783354,0.493119151165331
5370,40475,2014-08-14 10:00:00,26.0,53.72886297376094,57.77949572035435,4.050632746593408
5371,40476,2014-08-14 11:00:00,26.0,53.72886297376094,42.49601150460789,-11.232851469153047
5372,40477,2014-08-14 12:00:00,28.0,51.72886297376094,51.43110283530642,-0.297760138454521
5373,40478,2014-08-14 13:00:00,42.0,37.72886297376094,23.10066303044647,-14.62819994331447
5374,40479,2014-08-14 14:00:00,48.0,31.72886297376094,17.10066303044647,-14.62819994331447
5375,40480,2014-08-14 15:00:00,31.0,26.912698412698404,37.61008738628027,10.697388973581866
5376,40481,2014-08-14 16:00:00,27.0,30.912698412698404,33.47140986501668,2.5587114523182777
5377,40482,2014-08-14 17:00:00,26.0,31.912698412698404,35.95146008043444,4.038761667736033
5378,40483,2014-08-14 18:00:00,35.0,22.912698412698404,19.273773692833885,-3.6389247198645194
5379,40484,2014-08-14 19:00:00,32.0,25.912698412698404,33.383565846753186,7.470867434054782
5380,40485,2014-08-14 20:00:00,38.0,19.912698412698404,33.87599429837357,13.963295885675166
5381,40486,2014-08-14 21:00:00,37.0,32.80615735461802,31.5466739181836,-1.2594834364344223
5382,40487,2014-08-14 22:00:00,26.0,31.912698412698404,30.628100291527403,-1.2845981211710011
5383,40488,2014-08-14 23:00:00,17.0,62.72886297376094,51.249521844515755,-11.479341129245185
5384,40489,2014-08-15 00:00:00,32.0,25.912698412698404,34.72105949654633,8.808361083847927
5385,40490,2014-08-15 01:00:00,26.0,31.912698412698404,47.580195347057455,15.66749693435905
5386,40491,2014-08-15 02:00:00,34.0,23.912698412698404,39.580195347057455,15.66749693435905
5387,40492,2014-08-15 03:00:00,32.0,36.009090909090915,50.64425665491905,14.635165745828132
5388,40493,2014-08-15 04:00:00,23.0,34.912698412698404,47.50206201150709,12.589363598808688
5389,40494,2014-08-15 05:00:00,35.0,44.72886297376094,36.23248916376916,-8.49637380999178
5390,40495,2014-08-15 06:00:00,71.0,8.72886297376094,2.7504781554842452,-5.9783848182766945
5391,40496,2014-08-15 07:00:00,102.0,22.27113702623906,20.166303665591272,-2.1048333606477883
5392,40497,2014-08-15 08:00:00,121.0,41.27113702623906,39.427762552277656,-1.8433744739614042
5393,40498,2014-08-15 09:00:00,114.0,34.27113702623906,34.076755589543154,-0.19438143669590602
5394,40499,2014-08-15 10:00:00,64.0,15.72886297376094,15.93906139678387,0.21019842302293057
5395,40500,2014-08-15 11:00:00,47.0,32.72886297376094,17.2875916559603,-15.441271317800641
5396,40501,2014-08-15 12:00:00,26.0,29.663043478260867,21.217604225651577,-8.44543925260929
5397,40502,2014-08-15 13:00:00,17.0,47.32314923619272,18.43764412406884,-28.88550511212388
5398,40503,2014-08-15 14:00:00,12.0,52.32314923619272,22.554406351318924,-29.768742884873795
5399,40504,2014-08-15 15:00:00,17.0,47.32314923619272,18.15850174812583,-29.16464748806689
5400,40505,2014-08-15 16:00:00,34.0,30.32314923619272,2.595752315162848,-27.72739692102987
5401,40506,2014-08-15 17:00:00,48.0,9.912698412698404,1.6645869691362378,-8.248111443562166
5402,40507,2014-08-15 18:00:00,22.0,35.912698412698404,41.60894192780616,5.696243515107753
5403,40508,2014-08-15 19:00:00,30.0,27.912698412698404,41.604523367837345,13.69182495513894
5404,40509,2014-08-15 20:00:00,27.0,30.912698412698404,46.912133430551734,15.99943501785333
5405,40510,2014-08-15 21:00:00,24.0,33.912698412698404,48.97709262787464,15.064394215176236
5406,40511,2014-08-15 22:00:00,28.0,51.72886297376094,46.44320045556401,-5.285662518196929
5407,40512,2014-08-15 23:00:00,33.0,46.72886297376094,41.124238631307094,-5.604624342453846
5408,40513,2014-08-16 00:00:00,55.0,24.72886297376094,19.124238631307094,-5.604624342453846
5409,40514,2014-08-16 01:00:00,70.0,9.72886297376094,5.046303174746853,-4.682559799014086
5410,40515,2014-08-16 02:00:00,71.0,8.72886297376094,4.3782412582411325,-4.350621715519807
5411,40516,2014-08-16 03:00:00,88.0,19.990909090909085,5.018127003089631,-14.972782087819454
5412,40517,2014-08-16 04:00:00,82.0,12.193842645381977,7.909986163275789,-4.283856482106188
5413,40518,2014-08-16 05:00:00,52.0,17.806157354618023,19.53886656429499,1.732709209676969
5414,40519,2014-08-16 06:00:00,46.0,23.806157354618023,24.76928066563191,0.9631233110138879
5415,40520,2014-08-16 07:00:00,33.0,46.72886297376094,52.68998485455566,5.961121880794721
5416,40521,2014-08-16 08:00:00,37.0,42.72886297376094,48.22996012693051,5.501097153169567
5417,40522,2014-08-16 09:00:00,49.0,30.72886297376094,34.80043437443862,4.0715714006776835
5418,40523,2014-08-16 10:00:00,71.0,8.72886297376094,1.4459870407670081,-7.282875932993932
5419,40524,2014-08-16 11:00:00,68.0,11.72886297376094,11.50701328567169,-0.2218496880892502
5420,40525,2014-08-16 12:00:00,48.0,31.72886297376094,28.252733555622598,-3.476129418138342
5421,40526,2014-08-16 13:00:00,44.0,35.72886297376094,34.200848894885794,-1.5280140788751453
5422,40527,2014-08-16 14:00:00,38.0,41.72886297376094,31.304332667546433,-10.424530306214507
5423,40528,2014-08-16 15:00:00,28.0,29.912698412698404,24.951510911434433,-4.9611875012639715
5424,40529,2014-08-16 16:00:00,52.0,5.912698412698404,1.4554976538586928,-4.457200758839711
5425,40530,2014-08-16 17:00:00,63.0,5.087301587301596,0.14041480959301822,-4.946886777708578
5426,40531,2014-08-16 18:00:00,56.0,1.9126984126984041,12.61008738628027,10.697388973581866
5427,40532,2014-08-16 19:00:00,61.0,3.087301587301596,10.62436701756701,7.5370654302654145
5428,40533,2014-08-16 20:00:00,74.0,5.72886297376094,0.18216670610955532,-5.5466962676513845
5429,40534,2014-08-16 21:00:00,80.0,0.2711370262390602,4.6217587417588675,4.350621715519807
5430,40535,2014-08-16 22:00:00,89.0,6.9722222222222285,2.8836665705147766,-4.088555651707452
5431,40536,2014-08-16 23:00:00,97.0,1.0277777777777715,10.91728544029047,9.889507662512699
5432,40537,2014-08-17 00:00:00,172.0,43.43181818181819,48.864716130368976,5.432897948550789
5433,40538,2014-08-17 01:00:00,209.0,113.02777777777777,118.30634081532364,5.278563037545865
5434,40539,2014-08-17 02:00:00,72.0,23.97222222222223,18.693659184676363,-5.278563037545865
5435,40540,2014-08-17 03:00:00,19.0,60.72886297376094,61.53556237724325,0.8066994034823125
5436,40541,2014-08-17 04:00:00,23.0,56.72886297376094,49.67081023698495,-7.058052736775991
5437,40542,2014-08-17 05:00:00,31.0,48.72886297376094,44.05574368646049,-4.673119287300452
5438,40543,2014-08-17 06:00:00,27.0,52.72886297376094,48.84683224042227,-3.8820307333386666
5439,40544,2014-08-17 07:00:00,33.0,46.72886297376094,52.4195502474754,5.69068727371446
5440,40545,2014-08-17 08:00:00,38.0,41.72886297376094,36.73566207325051,-4.9932009005104305
5441,40546,2014-08-17 09:00:00,36.0,43.72886297376094,47.478084090874304,3.7492211171133647
5442,40547,2014-08-17 10:00:00,39.0,52.134146341463406,43.963012798063446,-8.17113354339996
5443,40548,2014-08-17 11:00:00,44.0,25.806157354618023,25.50573228298022,-0.30042507163780385
5444,40549,2014-08-17 12:00:00,37.0,42.72886297376094,35.34811183759169,-7.380751136169252
5445,40550,2014-08-17 13:00:00,36.0,43.72886297376094,36.131230884837265,-7.597632088923675
5446,40551,2014-08-17 14:00:00,28.0,27.663043478260867,25.988207502570923,-1.6748359756899447
5447,40552,2014-08-17 15:00:00,38.0,17.663043478260867,16.43012587049403,-1.2329176077668365
5448,40553,2014-08-17 16:00:00,23.0,32.66304347826087,31.93411261291827,-0.7289308653425977
5449,40554,2014-08-17 17:00:00,20.0,35.66304347826087,36.38194324082257,0.7188997625617048
5450,40555,2014-08-17 18:00:00,20.0,59.72886297376094,53.66069816330106,-6.068164810459876
5451,40556,2014-08-17 19:00:00,35.0,44.72886297376094,46.809387921890206,2.0805249481292662
5452,40557,2014-08-17 20:00:00,44.0,35.72886297376094,38.932943369152014,3.204080395391074
5453,40558,2014-08-17 21:00:00,55.0,24.72886297376094,30.6818230027137,5.952960028952759
5454,40559,2014-08-17 22:00:00,73.0,6.72886297376094,12.555093849361796,5.8262308756008565
5455,40560,2014-08-17 23:00:00,81.0,1.2711370262390602,4.753659690300509,3.482522664061449
5456,40561,2014-08-18 00:00:00,93.0,13.27113702623906,7.444906150638204,-5.8262308756008565
5457,40562,2014-08-18 01:00:00,91.0,11.27113702623906,5.444906150638204,-5.8262308756008565
5458,40563,2014-08-18 02:00:00,51.0,28.72886297376094,34.555093849361796,5.8262308756008565
5459,40564,2014-08-18 03:00:00,56.0,23.72886297376094,29.483257161775,5.754394188014061
5460,40565,2014-08-18 04:00:00,56.0,23.72886297376094,19.841849375532917,-3.887013598228023
5461,40566,2014-08-18 05:00:00,34.0,35.80615735461802,39.60660611004316,3.800448755425137
5462,40567,2014-08-18 06:00:00,35.0,34.80615735461802,36.79330054687907,1.987143192261044
5463,40568,2014-08-18 07:00:00,27.0,42.80615735461802,43.1755237505714,0.36936639595337795
5464,40569,2014-08-18 08:00:00,26.0,53.72886297376094,50.33495051444409,-3.3939124593168515
5465,40570,2014-08-18 09:00:00,39.0,40.72886297376094,34.88046812012874,-5.8483948536322
5466,40571,2014-08-18 10:00:00,35.0,44.72886297376094,50.18937100994033,5.460508036179391
5467,40572,2014-08-18 11:00:00,38.0,41.72886297376094,45.54053087323031,3.81166789946937
5468,40573,2014-08-18 12:00:00,59.0,20.72886297376094,24.528299593037076,3.799436619276136
5469,40574,2014-08-18 13:00:00,69.0,10.72886297376094,14.2589360483788,3.53007307461786
5470,40575,2014-08-18 14:00:00,80.0,0.2711370262390602,1.9806248224859502,1.70948779624689
5471,40576,2014-08-18 15:00:00,74.0,5.72886297376094,7.947028646833644,2.218165673072704
5472,40579,2014-08-18 18:00:00,65.0,14.72886297376094,16.236534443143256,1.5076714693823163
5473,40580,2014-08-18 19:00:00,71.0,8.72886297376094,11.344773805023692,2.6159108312627524
5474,40581,2014-08-18 20:00:00,71.0,8.72886297376094,11.14955134435435,2.4206883705934104
5475,40582,2014-08-18 21:00:00,74.0,5.72886297376094,8.62837145134381,2.89950847758287
5476,40583,2014-08-18 22:00:00,57.0,1.3369565217391326,0.9126445008450048,-0.4243120208941278
5477,40584,2014-08-18 23:00:00,60.0,4.336956521739133,2.087355499154995,-2.2496010225841374
5478,40585,2014-08-19 00:00:00,74.0,5.72886297376094,1.0786183224422672,-4.650244651318673
5479,40586,2014-08-19 01:00:00,61.0,18.72886297376094,22.60832380590567,3.87946083214473
5480,40587,2014-08-19 02:00:00,66.0,13.72886297376094,19.6818230027137,5.952960028952759
5481,40588,2014-08-19 03:00:00,74.0,5.72886297376094,11.60426086012265,5.875397886361711
5482,40589,2014-08-19 04:00:00,88.0,8.27113702623906,2.5167428382249994,-5.754394188014061
5483,40590,2014-08-19 05:00:00,94.0,14.27113702623906,8.318176997286301,-5.952960028952759
5484,40591,2014-08-19 06:00:00,97.0,17.27113702623906,11.444906150638204,-5.8262308756008565
5485,40592,2014-08-19 07:00:00,111.0,31.27113702623906,25.062443565604184,-6.208693460634876
5486,40593,2014-08-19 08:00:00,107.0,37.19384264538198,32.82547572032608,-4.368366925055895
5487,40594,2014-08-19 09:00:00,123.0,53.19384264538198,49.345679809329,-3.8481628360529783
5488,40595,2014-08-19 10:00:00,97.0,17.27113702623906,12.737121582485017,-4.534015443754043
5489,40596,2014-08-19 11:00:00,93.0,2.9722222222222285,3.3715060896273172,0.3992838674050887
5490,40597,2014-08-19 12:00:00,78.0,1.7288629737609398,4.978574213321735,3.2497112395607957
5491,40598,2014-08-19 13:00:00,69.0,10.72886297376094,13.71335541213179,2.98449243837085
5492,40599,2014-08-19 14:00:00,61.0,18.72886297376094,19.447377461517732,0.7185144877567922
5493,40600,2014-08-19 15:00:00,55.0,24.72886297376094,17.66143932523822,-7.06742364852272
5494,40601,2014-08-19 16:00:00,48.0,31.72886297376094,22.676723746694876,-9.052139227066064
5495,40602,2014-08-19 17:00:00,13.0,42.66304347826087,41.67850162806979,-0.9845418501910785
5496,40603,2014-08-19 18:00:00,59.0,20.72886297376094,12.126497406376757,-8.602365567384183
5497,40604,2014-08-19 19:00:00,74.0,5.72886297376094,2.8407529411465617,-2.888110032614378
5498,40605,2014-08-19 20:00:00,80.0,0.2711370262390602,1.9704730718315773,1.699336045592517
5499,40606,2014-08-19 21:00:00,84.0,4.27113702623906,2.0295269281684227,-2.2416100980706375
5500,40607,2014-08-19 22:00:00,78.0,1.7288629737609398,4.254070718151709,2.5252077443907694
5501,40608,2014-08-19 23:00:00,70.0,9.72886297376094,12.25407071815171,2.5252077443907694
5502,40609,2014-08-20 00:00:00,73.0,6.72886297376094,9.25407071815171,2.5252077443907694
5503,40610,2014-08-20 01:00:00,71.0,8.72886297376094,11.25407071815171,2.5252077443907694
5504,40611,2014-08-20 02:00:00,68.0,11.72886297376094,15.234023072713569,3.5051600989526293
5505,40612,2014-08-20 03:00:00,88.0,8.27113702623906,4.765976927286431,-3.5051600989526293
5506,40613,2014-08-20 04:00:00,99.0,19.27113702623906,15.765976927286431,-3.5051600989526293
5507,40614,2014-08-20 05:00:00,104.0,24.27113702623906,20.76597692728643,-3.5051600989526293
5508,40615,2014-08-20 06:00:00,106.0,26.27113702623906,22.76597692728643,-3.5051600989526293
5509,40616,2014-08-20 07:00:00,115.0,35.27113702623906,29.508580986383052,-5.762556039856008
5510,40617,2014-08-20 08:00:00,112.0,32.27113702623906,27.67243008504026,-4.598706941198799
5511,40618,2014-08-20 09:00:00,114.0,18.02777777777777,20.21314504026752,2.1853672624897484
5512,40619,2014-08-20 10:00:00,107.0,11.027777777777771,12.21250900566686,1.1847312278890882
5513,40620,2014-08-20 11:00:00,99.0,3.0277777777777715,6.127564409351081,3.099786631573309
5514,40621,2014-08-20 12:00:00,81.0,1.2711370262390602,1.4021533014135912,0.13101627517453096
5515,40622,2014-08-20 13:00:00,69.0,10.72886297376094,8.260272713147842,-2.468590260613098
5516,40623,2014-08-20 14:00:00,69.0,10.72886297376094,4.725786475914788,-6.003076497846152
5517,40624,2014-08-20 15:00:00,77.0,19.087301587301596,22.970400273720273,3.883098686418677
5518,40634,2014-08-21 01:00:00,99.0,19.27113702623906,25.73752329392265,6.466386267683589
5519,40635,2014-08-21 02:00:00,112.0,46.675324675324674,34.81525006899524,-11.860074606329434
5520,40636,2014-08-21 03:00:00,119.0,53.675324675324674,42.75029087167235,-10.925033803652326
5521,40637,2014-08-21 04:00:00,122.0,56.675324675324674,45.83767570024429,-10.837648975080384
5522,40638,2014-08-21 05:00:00,133.0,67.67532467532467,55.81525006899524,-11.860074606329434
5523,40639,2014-08-21 06:00:00,133.0,67.67532467532467,55.81525006899524,-11.860074606329434
5524,40640,2014-08-21 07:00:00,140.0,74.67532467532467,62.81525006899524,-11.860074606329434
5525,40641,2014-08-21 08:00:00,153.0,57.02777777777777,69.29182373522289,12.26404595744512
5526,40642,2014-08-21 09:00:00,173.0,77.02777777777777,82.04931693513493,5.021539157357154
5527,40643,2014-08-21 10:00:00,169.0,73.02777777777777,86.05611637115325,13.02833859337548
5528,40644,2014-08-21 11:00:00,163.0,67.02777777777777,78.26789106058024,11.240113282802469
5529,40645,2014-08-21 12:00:00,138.0,72.67532467532467,63.86123140950612,-8.814093265818556
5530,40646,2014-08-21 13:00:00,141.0,75.67532467532467,63.806232560881696,-11.869092114442978
5531,40647,2014-08-21 14:00:00,137.0,71.67532467532467,60.018341080955764,-11.65698359436891
5532,40648,2014-08-21 15:00:00,134.0,68.67532467532467,57.018341080955764,-11.65698359436891
5533,40649,2014-08-21 16:00:00,123.0,57.675324675324674,46.018341080955764,-11.65698359436891
5534,40650,2014-08-21 17:00:00,113.0,47.675324675324674,39.32289338086619,-8.352431294458484
5535,40651,2014-08-21 18:00:00,115.0,49.675324675324674,41.32289338086619,-8.352431294458484
5536,40652,2014-08-21 19:00:00,123.0,57.675324675324674,44.46485272668478,-13.210471948639892
5537,40653,2014-08-21 20:00:00,145.0,49.02777777777777,59.95648374062745,10.928705962849676
5538,40654,2014-08-21 21:00:00,69.0,10.72886297376094,3.2043754100855892,-7.5244875636753505
5539,40655,2014-08-21 22:00:00,19.0,36.66304347826087,36.007644057736066,-0.6553994205248017
5540,40656,2014-08-21 23:00:00,26.0,43.80615735461802,44.08395223138618,0.27779487676815506
5541,40657,2014-08-22 00:00:00,22.0,47.80615735461802,47.50921487457096,-0.2969424800470648
5542,40658,2014-08-22 01:00:00,23.0,56.72886297376094,58.02416325311695,1.295300279356013
5543,40659,2014-08-22 02:00:00,21.0,58.72886297376094,49.71138320035638,-9.01747977340456
5544,40660,2014-08-22 03:00:00,23.0,56.72886297376094,57.90315955476932,1.1742965810083774
5545,40661,2014-08-22 04:00:00,18.0,61.72886297376094,62.90315955476932,1.1742965810083774
5546,40662,2014-08-22 05:00:00,24.0,67.1341463414634,59.935014498213306,-7.1991318432501
5547,40663,2014-08-22 06:00:00,30.0,39.80615735461802,44.260606538400495,4.454449183782472
5548,40664,2014-08-22 07:00:00,19.0,50.80615735461802,54.358497062972006,3.5523397083539834
5549,40665,2014-08-22 08:00:00,23.0,56.72886297376094,62.22996012693051,5.501097153169567
5550,40666,2014-08-22 09:00:00,19.0,60.72886297376094,65.74503253589202,5.016169562131083
5551,40667,2014-08-22 10:00:00,22.0,57.72886297376094,62.32756991495974,4.598706941198799
5552,40668,2014-08-22 11:00:00,31.0,64.97222222222223,60.784155862801654,-4.188066359420574
5553,40669,2014-08-22 12:00:00,42.0,37.72886297376094,37.468389249010684,-0.26047372475025554
5554,40670,2014-08-22 13:00:00,41.0,38.72886297376094,32.031483840831655,-6.697379132929285
5555,40671,2014-08-22 14:00:00,56.0,23.72886297376094,16.662051443005566,-7.066811530755373
5556,40672,2014-08-22 15:00:00,72.0,14.087301587301596,0.25464211701623185,-13.832659470285364
5557,40673,2014-08-22 16:00:00,76.0,18.087301587301596,4.37563298243299,-13.711668604868606
5558,40674,2014-08-22 17:00:00,87.0,21.675324675324674,10.83248749119538,-10.842837184129294
5559,40675,2014-08-22 18:00:00,91.0,25.675324675324674,15.481301092476798,-10.194023582847876
5560,40676,2014-08-22 19:00:00,97.0,31.675324675324674,21.196428803648573,-10.478895871676102
5561,40677,2014-08-22 20:00:00,110.0,44.675324675324674,33.42496701617968,-11.250357659144996
5562,40678,2014-08-22 21:00:00,124.0,58.675324675324674,42.204008809324634,-16.47131586600004
5563,40679,2014-08-22 22:00:00,123.0,57.675324675324674,41.204008809324634,-16.47131586600004
5564,40680,2014-08-22 23:00:00,110.0,44.675324675324674,28.204008809324634,-16.47131586600004
5565,40681,2014-08-23 00:00:00,115.0,49.675324675324674,35.07531796881976,-14.600006706504914
5566,40682,2014-08-23 01:00:00,120.0,54.675324675324674,40.07531796881976,-14.600006706504914
5567,40683,2014-08-23 02:00:00,149.0,40.025948103792416,30.777310984483222,-9.248637119309194
5568,40684,2014-08-23 03:00:00,142.0,76.67532467532467,60.204008809324634,-16.47131586600004
5569,40685,2014-08-23 04:00:00,142.0,76.67532467532467,60.204008809324634,-16.47131586600004
5570,40686,2014-08-23 05:00:00,128.0,62.675324675324674,51.75029087167235,-10.925033803652326
5571,40687,2014-08-23 06:00:00,120.0,54.675324675324674,37.5338298674159,-17.14149480790877
5572,40688,2014-08-23 07:00:00,138.0,72.67532467532467,56.204008809324634,-16.47131586600004
5573,40689,2014-08-23 08:00:00,134.0,68.67532467532467,56.81525006899524,-11.860074606329434
5574,40690,2014-08-23 09:00:00,153.0,87.67532467532467,77.36000781885676,-10.315316856467916
5575,40691,2014-08-23 10:00:00,133.0,67.67532467532467,53.562563471710504,-14.11276120361417
5576,40692,2014-08-23 11:00:00,134.0,68.67532467532467,56.070328005060915,-12.604996670263759
5577,40693,2014-08-23 12:00:00,116.0,50.675324675324674,42.348072814958655,-8.327251860366019
5578,40694,2014-08-23 13:00:00,106.0,48.087301587301596,39.85060139080221,-8.236700196499385
5579,40695,2014-08-23 14:00:00,87.0,29.087301587301596,22.527431409723945,-6.5598701775776505
5580,40696,2014-08-23 15:00:00,83.0,25.087301587301596,15.53397257537685,-9.553329011924745
5581,40697,2014-08-23 16:00:00,108.0,50.087301587301596,40.53397257537685,-9.553329011924745
5582,40698,2014-08-23 17:00:00,95.0,29.675324675324674,21.51860975662747,-8.156714918697205
5583,40699,2014-08-23 18:00:00,104.0,38.675324675324674,27.214057456717057,-11.461267218607617
5584,40700,2014-08-23 19:00:00,118.0,52.675324675324674,41.21405745671706,-11.461267218607617
5585,40701,2014-08-23 20:00:00,133.0,24.025948103792416,19.925640548050282,-4.100307555742134
5586,40702,2014-08-23 21:00:00,151.0,31.44237918215613,30.981474811013484,-0.4609043711426466
5587,40703,2014-08-23 22:00:00,171.0,62.025948103792416,55.009269996156235,-7.0166781076361815
5588,40704,2014-08-23 23:00:00,35.0,34.80615735461802,36.14428407252176,1.3381267179037337
5589,40705,2014-08-24 00:00:00,26.0,43.80615735461802,45.76465871552105,1.9585013609030284
5590,40706,2014-08-24 01:00:00,20.0,37.912698412698404,44.255879125319865,6.343180712621461
5591,40707,2014-08-24 02:00:00,25.0,44.80615735461802,48.10406308038793,3.2979057257699083
5592,40708,2014-08-24 03:00:00,31.0,38.80615735461802,41.46141345623464,2.655256101616615
5593,40709,2014-08-24 04:00:00,35.0,30.324675324675326,42.18474993100476,11.860074606329434
5594,40710,2014-08-24 05:00:00,39.0,26.324675324675326,37.16232429975571,10.837648975080384
5595,40711,2014-08-24 06:00:00,45.0,20.324675324675326,31.16232429975571,10.837648975080384
5596,40712,2014-08-24 07:00:00,29.0,36.324675324675326,48.18474993100476,11.860074606329434
5597,40713,2014-08-24 08:00:00,3.0,66.80615735461802,70.6065046938442,3.800347339226178
5598,40714,2014-08-24 09:00:00,6.0,63.80615735461802,59.41082315246423,-4.395334202153791
5599,40715,2014-08-24 10:00:00,7.0,62.80615735461802,49.00609660898404,-13.800060745633985
5600,40716,2014-08-24 11:00:00,5.0,18.47808764940239,25.320808474569567,6.842720825167177
5601,40717,2014-08-24 12:00:00,4.0,60.32314923619272,29.22238479037702,-31.1007644458157
5602,40718,2014-08-24 13:00:00,8.0,56.32314923619272,23.6764769598042,-32.646672276388514
5603,40719,2014-08-24 14:00:00,6.0,58.32314923619272,25.77524025490327,-32.54790898128945
5604,40720,2014-08-24 15:00:00,10.0,54.32314923619272,21.67900513319437,-32.644144102998354
5605,40721,2014-08-24 16:00:00,7.0,57.32314923619272,25.487079950647065,-31.836069285545655
5606,40722,2014-08-24 17:00:00,6.0,58.32314923619272,28.37440380092633,-29.94874543526639
5607,40723,2014-08-24 18:00:00,7.0,50.912698412698404,42.902713624766605,-8.0099847879318
5608,40724,2014-08-24 19:00:00,12.0,67.72886297376094,53.16984974056871,-14.559013233192232
5609,40725,2014-08-24 20:00:00,17.0,62.72886297376094,62.923244410456846,0.19438143669590602
5610,40726,2014-08-24 21:00:00,46.0,33.72886297376094,36.875931422442264,3.147068448681324
5611,40727,2014-08-24 22:00:00,44.0,35.72886297376094,30.589308859561086,-5.1395541141998535
5612,40728,2014-08-24 23:00:00,38.0,41.72886297376094,47.03708766244138,5.30822468868044
5613,40729,2014-08-25 00:00:00,25.0,54.72886297376094,59.83852182150265,5.109658847741713
5614,40730,2014-08-25 01:00:00,16.0,63.72886297376094,68.83852182150265,5.109658847741713
5615,40731,2014-08-25 02:00:00,27.0,52.72886297376094,57.83852182150265,5.109658847741713
5616,40732,2014-08-25 03:00:00,24.0,67.1341463414634,60.158398072871975,-6.975748268591431
5617,40733,2014-08-25 04:00:00,27.0,42.80615735461802,44.16225313320483,1.3560957785868055
5618,40734,2014-08-25 05:00:00,19.0,50.80615735461802,50.48353169790636,-0.322625656711665
5619,40735,2014-08-25 06:00:00,15.0,54.80615735461802,53.71394579924326,-1.0922115553747602
5620,40736,2014-08-25 07:00:00,16.0,53.80615735461802,53.62936775654984,-0.17678959806818284
5621,40737,2014-08-25 08:00:00,17.0,47.32314923619272,27.698422505762316,-19.624726730430403
5622,40738,2014-08-25 09:00:00,17.0,52.80615735461802,43.066321199483845,-9.739836155134178
5623,40739,2014-08-25 10:00:00,10.0,59.80615735461802,41.53975541920236,-18.266401935415665
5624,40740,2014-08-25 11:00:00,7.0,57.32314923619272,23.878079564600768,-33.44506967159195
5625,40741,2014-08-25 12:00:00,7.0,62.80615735461802,43.82278327036749,-18.983374084250535
5626,40742,2014-08-25 13:00:00,9.0,19.768595041322317,25.529275310441754,5.760680269119437
5627,40743,2014-08-25 14:00:00,7.0,26.316498316498325,20.06247390894097,-6.254024407557356
5628,40744,2014-08-25 15:00:00,9.0,55.32314923619272,35.437086707403175,-19.886062528789545
5629,40745,2014-08-25 16:00:00,6.0,27.316498316498325,36.56580442622985,9.249306109731528
5630,40746,2014-08-25 17:00:00,6.0,58.32314923619272,41.56558954534593,-16.75755969084679
5631,40747,2014-08-25 18:00:00,8.0,56.32314923619272,41.289459724268674,-15.033689511924045
5632,40748,2014-08-25 19:00:00,11.0,53.32314923619272,44.140011804547775,-9.183137431644944
5633,40749,2014-08-25 20:00:00,18.0,46.32314923619272,37.82009719418992,-8.5030520420028
5634,40750,2014-08-25 21:00:00,21.0,43.32314923619272,23.452691546910664,-19.870457689282055
5635,40751,2014-08-25 22:00:00,30.0,34.32314923619272,15.05681202811229,-19.26633720808043
5636,40752,2014-08-25 23:00:00,26.0,38.32314923619272,16.2208062067292,-22.10234302946352
5637,40753,2014-08-26 00:00:00,26.0,38.32314923619272,19.202985807099374,-19.120163429093346
5638,40754,2014-08-26 01:00:00,41.0,14.663043478260867,13.643079212698147,-1.0199642655627201
5639,40755,2014-08-26 02:00:00,35.0,20.663043478260867,20.52541080987197,-0.1376326683888962
5640,40756,2014-08-26 03:00:00,39.0,52.134146341463406,38.00113031680692,-14.133016024656484
5641,40757,2014-08-26 04:00:00,40.0,29.806157354618023,26.003342390084015,-3.802814964534008
5642,40758,2014-08-26 05:00:00,23.0,46.80615735461802,45.44391475815114,-1.362242596466885
5643,40759,2014-08-26 06:00:00,27.0,42.80615735461802,38.816839436512055,-3.989317918105968
5644,40760,2014-08-26 07:00:00,15.0,54.80615735461802,47.46906831550221,-7.33708903911581
5645,40761,2014-08-26 08:00:00,19.0,118.58823529411765,47.41972795530586,-71.16850733881179
5646,40762,2014-08-26 09:00:00,19.0,0.07954545454545325,14.91736149615938,14.837816041613927
5647,40763,2014-08-26 10:00:00,17.0,1.9204545454545467,11.04795209278366,9.127497547329114
5648,40764,2014-08-26 11:00:00,17.0,47.32314923619272,14.144514989664632,-33.17863424652809
5649,40765,2014-08-26 12:00:00,13.0,51.32314923619272,17.78080128651709,-33.54234794967563
5650,40766,2014-08-26 13:00:00,10.0,23.316498316498325,16.61385264296984,-6.702645673528487
5651,40767,2014-08-26 14:00:00,6.0,27.316498316498325,21.305694470344434,-6.010803846153891
5652,40768,2014-08-26 15:00:00,8.0,25.316498316498325,18.769749127398047,-6.546749189100279
5653,40769,2014-08-26 16:00:00,10.0,23.316498316498325,17.693561843442154,-5.622936473056171
5654,40770,2014-08-26 17:00:00,6.0,27.316498316498325,24.445031692379235,-2.8714666241190905
5655,40771,2014-08-26 18:00:00,13.0,20.316498316498325,28.702965895482784,8.386467578984458
5656,40772,2014-08-26 19:00:00,19.0,14.316498316498325,22.861340149992287,8.544841833493962
5657,40773,2014-08-26 20:00:00,27.0,6.3164983164983255,25.184178012683383,18.867679696185057
5658,40774,2014-08-26 21:00:00,31.0,33.32314923619272,25.172320660727813,-8.150828575464907
5659,40775,2014-08-26 22:00:00,29.0,35.32314923619272,27.226763860856593,-8.096385375336126
5660,40776,2014-08-26 23:00:00,39.0,25.32314923619272,3.560867948266356,-21.762281287926363
5661,40777,2014-08-27 00:00:00,57.0,7.3231492361927195,13.145479871033643,5.822330634840924
5662,40778,2014-08-27 01:00:00,71.0,15.336956521739133,16.031194980850238,0.694238459111105
5663,40779,2014-08-27 02:00:00,68.0,12.336956521739133,13.356920787301853,1.0199642655627201
5664,40780,2014-08-27 03:00:00,79.0,14.67685076380728,30.673889167345116,15.997038403537836
5665,40781,2014-08-27 04:00:00,89.0,6.48671726755218,31.115462918316858,24.628745650764678
5666,40782,2014-08-27 05:00:00,45.0,50.48671726755218,39.7663017981108,-10.720415469441377
5667,40783,2014-08-27 06:00:00,31.0,76.45161290322581,48.05327634285189,-28.39833656037392
5668,40784,2014-08-27 07:00:00,21.0,48.80615735461802,48.336322772436816,-0.4698345821812069
5669,40785,2014-08-27 08:00:00,27.0,42.80615735461802,33.96178864599304,-8.844368708624984
5670,40786,2014-08-27 09:00:00,24.0,40.32314923619272,13.459133132895175,-26.864016103297544
5671,40787,2014-08-27 10:00:00,30.0,34.32314923619272,6.623694347217565,-27.699454888975154
5672,40788,2014-08-27 11:00:00,25.0,39.32314923619272,7.7358862563750534,-31.587262979817666
5673,40789,2014-08-27 12:00:00,38.0,26.32314923619272,2.7493172500595975,-23.573831986133122
5674,40790,2014-08-27 13:00:00,43.0,21.32314923619272,9.846773653692352,-11.476375582500367
5675,40791,2014-08-27 14:00:00,48.0,16.32314923619272,10.124286704233128,-6.198862531959591
5676,40792,2014-08-27 15:00:00,48.0,16.32314923619272,12.082066927736633,-4.241082308456086
5677,40793,2014-08-27 16:00:00,47.0,17.32314923619272,8.945731557120745,-8.377417679071975
5678,40794,2014-08-27 17:00:00,63.0,1.3231492361927195,24.945731557120745,23.622582320928025
5679,40795,2014-08-27 18:00:00,62.0,2.3231492361927195,23.592777512786213,21.269628276593494
5680,40796,2014-08-27 19:00:00,67.0,2.6768507638072805,28.101668977927787,25.424818214120506
5681,40797,2014-08-27 20:00:00,73.0,17.336956521739133,15.676497247620276,-1.6604592741188569
5682,40798,2014-08-27 21:00:00,82.0,2.27113702623906,5.9440512645987695,3.6729142383597093
5683,40799,2014-08-27 22:00:00,94.0,38.33695652173913,36.12329092326844,-2.2136655984706906
5684,40800,2014-08-27 23:00:00,93.0,37.33695652173913,35.12329092326844,-2.2136655984706906
5685,40801,2014-08-28 00:00:00,89.0,9.27113702623906,13.2630130888557,3.9918760626166403
5686,40802,2014-08-28 01:00:00,90.0,10.27113702623906,14.2630130888557,3.9918760626166403
5687,40803,2014-08-28 02:00:00,100.0,20.27113702623906,23.7965782619563,3.5254412357172384
5688,40804,2014-08-28 03:00:00,103.0,47.33695652173913,43.68965209533405,-3.6473044264050856
5689,40805,2014-08-28 04:00:00,108.0,28.27113702623906,20.72874501306913,-7.5423920131699305
5690,40806,2014-08-28 05:00:00,91.0,11.27113702623906,15.06593357437734,3.7947965481382795
5691,40807,2014-08-28 06:00:00,83.0,3.27113702623906,6.655207913156232,3.384070886917172
5692,40808,2014-08-28 07:00:00,69.0,10.72886297376094,18.85228341290359,8.123420439142649
5693,40809,2014-08-28 08:00:00,64.0,15.72886297376094,12.745676175665253,-2.983186798095687
5694,40810,2014-08-28 09:00:00,67.0,24.134146341463406,13.6979692624476,-10.436177079015806
5695,40811,2014-08-28 10:00:00,62.0,17.72886297376094,12.194447079496342,-5.534415894264598
5696,40812,2014-08-28 11:00:00,68.0,1.8061573546180227,2.2319684572544674,0.4258111026364446
5697,40813,2014-08-28 12:00:00,66.0,3.8061573546180227,0.4706720513253515,-3.3354853032926712
5698,40814,2014-08-28 13:00:00,60.0,4.336956521739133,0.979965501656828,-3.3569910200823045
5699,40815,2014-08-28 14:00:00,73.0,17.336956521739133,17.495486410902465,0.15852988916333288
5700,40816,2014-08-28 15:00:00,80.0,24.336956521739133,23.633242821158888,-0.703713700580245
5701,40817,2014-08-28 16:00:00,80.0,0.2711370262390602,3.265399415078022,2.994262388838962
5702,40818,2014-08-28 17:00:00,84.0,4.27113702623906,0.48576454707418293,-3.7853724791648773
5703,40819,2014-08-28 18:00:00,98.0,18.27113702623906,13.100498360612661,-5.170638665626399
5704,40820,2014-08-28 19:00:00,99.0,19.558823529411768,4.2852807215708,-15.273542807840968
5705,40821,2014-08-28 20:00:00,129.0,59.19384264538198,56.199394656231476,-2.994447989150501
5706,40822,2014-08-28 21:00:00,125.0,45.27113702623906,38.526693010067945,-6.744444016171116
5707,40823,2014-08-28 22:00:00,74.0,4.193842645381977,1.6947321033879348,-2.4991105419940425
5708,40824,2014-08-28 23:00:00,58.0,21.72886297376094,28.17782431308069,6.448961339319752
5709,40825,2014-08-29 00:00:00,79.0,0.7288629737609398,8.392258685278492,7.663395711517552
5710,40826,2014-08-29 01:00:00,77.0,14.134146341463406,5.559999476300831,-8.574146865162575
5711,40827,2014-08-29 02:00:00,80.0,0.2711370262390602,5.809228934260716,5.538091908021656
5712,40828,2014-08-29 03:00:00,85.0,5.27113702623906,1.2553864556717542,-4.015750570567306
5713,40829,2014-08-29 04:00:00,74.0,5.72886297376094,13.392258685278492,7.663395711517552
5714,40830,2014-08-29 05:00:00,78.0,13.134146341463406,4.559999476300831,-8.574146865162575
5715,40831,2014-08-29 06:00:00,90.0,10.27113702623906,2.6077413147215083,-7.663395711517552
5716,40832,2014-08-29 07:00:00,89.0,9.27113702623906,1.544240553944391,-7.726896472294669
5717,40833,2014-08-29 08:00:00,68.0,11.72886297376094,19.469820827869583,7.740957854108643
5718,40834,2014-08-29 09:00:00,71.0,8.72886297376094,16.88728344880188,8.158420475040941
5719,40835,2014-08-29 10:00:00,66.0,52.53846153846152,18.25753783897322,-34.2809236994883
5720,40836,2014-08-29 11:00:00,59.0,20.72886297376094,27.489868473307723,6.761005499546783
5721,40837,2014-08-29 12:00:00,49.0,30.72886297376094,37.29191034739843,6.563047373637488
5722,40838,2014-08-29 13:00:00,62.0,17.72886297376094,24.291910347398428,6.563047373637488
5723,40839,2014-08-29 14:00:00,74.0,5.72886297376094,12.786190637351055,7.057327663590115
5724,40840,2014-08-29 15:00:00,81.0,1.2711370262390602,5.489868473307723,4.218731447068663
5725,40841,2014-08-29 16:00:00,85.0,5.27113702623906,0.838057621957347,-4.433079404281713
5726,40842,2014-08-29 17:00:00,88.0,8.27113702623906,1.5876936692833397,-6.683443356955721
5727,40843,2014-08-29 18:00:00,87.0,7.27113702623906,0.5327711869059044,-6.738365839333156
5728,40844,2014-08-29 19:00:00,95.0,23.558823529411768,3.3388566297786895,-20.21996689963308
5729,40845,2014-08-29 20:00:00,121.0,2.441176470588232,22.694762239997004,20.253585769408772
5730,40846,2014-08-29 21:00:00,139.0,20.441176470588232,40.694762239997004,20.253585769408772
5731,40847,2014-08-29 22:00:00,132.0,13.441176470588232,29.92918873303077,16.48801226244254
5732,40848,2014-08-29 23:00:00,111.0,7.558823529411768,9.016573561602726,1.4577500321909582
5733,40849,2014-08-30 00:00:00,107.0,11.558823529411768,8.66114337022131,-2.8976801591904575
5734,40850,2014-08-30 01:00:00,102.0,16.558823529411768,3.5737585416493545,-12.985064987762414
5735,40851,2014-08-30 02:00:00,125.0,6.441176470588232,26.694762239997004,20.253585769408772
5736,40852,2014-08-30 03:00:00,174.0,55.44117647058823,75.694762239997,20.253585769408772
5737,40853,2014-08-30 04:00:00,151.0,32.44117647058823,52.86339968997477,20.422223219386538
5738,40854,2014-08-30 05:00:00,154.0,35.44117647058823,55.86339968997477,20.422223219386538
5739,40855,2014-08-30 06:00:00,163.0,44.44117647058823,64.66114337022131,20.21996689963308
5740,40856,2014-08-30 07:00:00,148.0,29.441176470588232,51.10122863590544,21.66005216531721
5741,40857,2014-08-30 08:00:00,152.0,33.46153846153848,68.2598207594827,34.79828229794421
5742,40858,2014-08-30 09:00:00,151.0,32.44117647058823,51.666377633249155,19.225201162660923
5743,40859,2014-08-30 10:00:00,160.0,41.44117647058823,61.694762239997004,20.253585769408772
5744,40860,2014-08-30 11:00:00,173.0,54.44117647058823,70.92918873303077,16.48801226244254
5745,40861,2014-08-30 12:00:00,196.0,77.44117647058823,94.01657356160273,16.575397091014494
5746,40862,2014-08-30 13:00:00,181.0,62.44117647058823,79.61656343269225,17.175386962104014
5747,40863,2014-08-30 14:00:00,183.0,64.44117647058823,82.54649527200077,18.105318801412537
5748,40864,2014-08-30 15:00:00,130.0,11.441176470588232,30.92594426389492,19.484767793306688
5749,40865,2014-08-30 16:00:00,158.0,29.431818181818187,30.25492386252195,0.8231056807037618
5750,40866,2014-08-30 17:00:00,164.0,35.43181818181819,36.4553263870268,1.0235082052086142
5751,40867,2014-08-30 18:00:00,149.0,53.02777777777777,52.45677670375706,-0.5710010740207139
5752,40868,2014-08-30 19:00:00,141.0,22.441176470588232,39.731230613530315,17.290054142942083
5753,40869,2014-08-30 20:00:00,143.0,24.441176470588232,45.756243985452016,21.315067514863784
5754,40870,2014-08-30 21:00:00,143.0,24.441176470588232,44.66114337022131,20.21996689963308
5755,40871,2014-08-30 22:00:00,138.0,19.441176470588232,36.731230613530315,17.290054142942083
5756,40872,2014-08-30 23:00:00,102.0,16.558823529411768,5.067609766129721,-11.491213763282047
5757,40873,2014-08-31 00:00:00,100.0,18.558823529411768,3.269866085883166,-15.288957443528602
5758,40874,2014-08-31 01:00:00,107.0,11.558823529411768,11.156957719177697,-0.40186581023407086
5759,40875,2014-08-31 02:00:00,131.0,12.441176470588232,34.045885133777375,21.604708663189143
5760,40876,2014-08-31 03:00:00,139.0,20.441176470588232,42.045885133777375,21.604708663189143
5761,40877,2014-08-31 04:00:00,121.0,25.02777777777777,27.929364436474202,2.9015866586964307
5762,40878,2014-08-31 05:00:00,97.0,21.53846153846152,11.941058804750057,-9.597402733711462
5763,40879,2014-08-31 06:00:00,86.0,16.193842645381977,10.929505414477191,-5.264337230904786
5764,40880,2014-08-31 07:00:00,85.0,33.55882352941177,11.954114866222625,-21.604708663189143
5765,40881,2014-08-31 08:00:00,79.0,39.55882352941177,17.954114866222625,-21.604708663189143
5766,40882,2014-08-31 09:00:00,80.0,38.55882352941177,23.099195873717065,-15.459627655694703
5767,40883,2014-08-31 10:00:00,105.0,13.558823529411768,4.546495272000769,-9.012328257411
5768,40884,2014-08-31 11:00:00,61.0,57.55882352941177,35.67738501323416,-21.88143851617761
5769,40885,2014-08-31 12:00:00,58.0,21.72886297376094,28.215066167925144,6.486203194164204
5770,40886,2014-08-31 13:00:00,55.0,63.55882352941177,42.169947127110774,-21.388876402300994
5771,40887,2014-08-31 14:00:00,65.0,30.97222222222223,29.556060746259305,-1.416161475962923
5772,40888,2014-08-31 15:00:00,78.0,17.97222222222223,13.820708452071443,-4.151513770150785
5773,40889,2014-08-31 16:00:00,79.0,16.97222222222223,12.820708452071443,-4.151513770150785
5774,40890,2014-08-31 17:00:00,71.0,24.97222222222223,19.062317958869826,-5.909904263352402
5775,40891,2014-08-31 18:00:00,72.0,23.97222222222223,18.216736952987006,-5.755485269235223
5776,40892,2014-08-31 19:00:00,75.0,43.55882352941177,25.54088955657116,-18.01793397284061
5777,40893,2014-08-31 20:00:00,93.0,81.84210526315792,34.861253609944384,-46.980851653213534
5778,40894,2014-08-31 21:00:00,99.0,19.53846153846152,11.481909115630586,-8.056552422830933
5779,40895,2014-08-31 22:00:00,104.0,34.19384264538198,28.916086545628573,-5.277756099753404
5780,40896,2014-08-31 23:00:00,104.0,14.558823529411768,5.984403388322406,-8.574420141089362
5781,40897,2014-09-01 00:00:00,103.0,42.750967741935455,36.78717805238796,-5.963789689547497
5782,40898,2014-09-01 01:00:00,96.0,49.750967741935455,45.31247508786882,-4.438492654066636
5783,40899,2014-09-01 02:00:00,95.0,50.750967741935455,49.36919644578606,-1.3817712961493953
5784,40900,2014-09-01 03:00:00,87.0,58.750967741935455,58.48354802672145,-0.2674197152140039
5785,40901,2014-09-01 04:00:00,96.0,49.750967741935455,48.36919644578606,-1.3817712961493953
5786,40902,2014-09-01 05:00:00,102.0,43.750967741935455,39.61818753973017,-4.132780202205282
5787,40903,2014-09-01 06:00:00,101.0,44.750967741935455,38.78717805238796,-5.963789689547497
5788,40904,2014-09-01 07:00:00,106.0,39.750967741935455,34.1981235069334,-5.5528442350020555
5789,40905,2014-09-01 08:00:00,109.0,36.750967741935455,33.224935377904615,-3.52603236403084
5790,40906,2014-09-01 09:00:00,123.0,22.750967741935455,28.226592626364805,5.475624884429351
5791,40907,2014-09-01 10:00:00,132.0,13.750967741935455,16.713345959722744,2.9623782177872897
5792,40908,2014-09-01 11:00:00,139.0,6.750967741935455,14.880221363429769,8.129253621494314
5793,40909,2014-09-01 12:00:00,144.0,1.7509677419354546,4.4313821367372555,2.680414394801801
5794,40910,2014-09-01 13:00:00,153.0,7.249032258064545,3.584956757029204,-3.6640755010353416
5795,40911,2014-09-01 14:00:00,146.0,0.24903225806454543,3.481316132863469,3.2322838747989238
5796,40912,2014-09-01 15:00:00,163.0,65.93023255813955,27.66651047819542,-38.26372207994413
5797,40913,2014-09-01 16:00:00,95.0,2.0697674418604493,30.67932966884979,28.60956222698934
5798,40914,2014-09-01 17:00:00,149.0,16.1782945736434,14.964027516262377,-1.2142670573810221
5799,40915,2014-09-01 18:00:00,157.0,8.178294573643399,6.4857259745847955,-1.6925685990586032
5800,40916,2014-09-01 19:00:00,163.0,44.46153846153848,72.75864695595766,28.297108494419177
5801,40917,2014-09-01 20:00:00,175.0,77.93023255813955,44.37782833089355,-33.552404227246
5802,40918,2014-09-01 21:00:00,84.0,14.193842645381977,7.033505255324911,-7.160337390057066
5803,40919,2014-09-01 22:00:00,25.0,120.75096774193545,109.01820105444179,-11.732766687493665
5804,40920,2014-09-01 23:00:00,21.0,124.75096774193545,113.01820105444179,-11.732766687493665
5805,40921,2014-09-02 00:00:00,36.0,109.75096774193545,99.76968288491582,-9.98128485701963
5806,40922,2014-09-02 01:00:00,50.0,95.75096774193545,82.89338807850044,-12.857579663435018
5807,40923,2014-09-02 02:00:00,59.0,86.75096774193545,77.82105202197857,-8.929915719956881
5808,40924,2014-09-02 03:00:00,49.0,48.06976744186045,77.5526668800523,29.48289943819185
5809,40925,2014-09-02 04:00:00,30.0,88.53846153846152,59.73115356344074,-28.807307975020777
5810,40926,2014-09-02 05:00:00,28.0,69.06976744186045,89.66947152106657,20.59970407920612
5811,40927,2014-09-02 06:00:00,27.0,91.53846153846152,62.73115356344074,-28.807307975020777
5812,40928,2014-09-02 07:00:00,21.0,48.80615735461802,57.742765218392066,8.936607863774043
5813,40929,2014-09-02 08:00:00,21.0,76.06976744186045,95.98504983805961,19.91528239619916
5814,40930,2014-09-02 09:00:00,25.0,72.06976744186045,97.53713842955378,25.46737098769333
5815,40931,2014-09-02 10:00:00,34.0,111.75096774193545,107.42208619938185,-4.328881542553603
5816,40932,2014-09-02 11:00:00,37.0,108.75096774193545,108.07501760458956,-0.6759501373458932
5817,40933,2014-09-02 12:00:00,39.0,106.75096774193545,96.76968288491582,-9.98128485701963
5818,40934,2014-09-02 13:00:00,36.0,109.75096774193545,98.72009312589665,-11.030874616038801
5819,40935,2014-09-02 14:00:00,19.0,126.75096774193545,129.59740126172738,2.8464335197919297
5820,40936,2014-09-02 15:00:00,23.0,122.75096774193545,111.72009312589665,-11.030874616038801
5821,40937,2014-09-02 16:00:00,24.0,121.75096774193545,108.29262302067656,-13.458344721258896
5822,40938,2014-09-02 17:00:00,25.0,120.75096774193545,107.34060177837893,-13.41036596355653
5823,40939,2014-09-02 18:00:00,12.0,72.3840579710145,101.28560472270864,28.90154675169414
5824,40940,2014-09-02 19:00:00,9.0,60.80615735461802,70.44939039116845,9.643233036550427
5825,40941,2014-09-02 20:00:00,8.0,105.55922215674721,104.27504054411571,-1.2841816126314995
5826,40942,2014-09-02 21:00:00,10.0,103.55922215674721,95.01438498521242,-8.544837171534795
5827,40943,2014-09-02 22:00:00,6.0,85.1341463414634,82.18118308815409,-2.9529632533093206
5828,40944,2014-09-02 23:00:00,11.0,58.80615735461802,67.28431401980238,8.478156665184358
5829,40945,2014-09-03 00:00:00,10.0,103.55922215674721,98.15227785734292,-5.406944299404287
5830,40946,2014-09-03 01:00:00,9.0,60.80615735461802,70.2585452357187,9.452387881100677
5831,40947,2014-09-03 02:00:00,9.0,60.80615735461802,70.03554037045444,9.229383015836419
5832,40948,2014-09-03 03:00:00,12.0,101.55922215674721,103.03766265489112,1.478440498143911
5833,40949,2014-09-03 04:00:00,9.0,98.45161290322581,81.20338234646181,-17.248230556764
5834,40950,2014-09-03 05:00:00,7.0,62.80615735461802,70.30203507659104,7.495877721973017
5835,40951,2014-09-03 06:00:00,6.0,63.80615735461802,73.42090772061357,9.614750365995548
5836,40952,2014-09-03 07:00:00,14.0,55.80615735461802,58.98573385908419,3.1795765044661692
5837,40953,2014-09-03 08:00:00,11.0,12.47808764940239,33.65282339876918,21.17473574936679
5838,40954,2014-09-03 09:00:00,17.0,6.47808764940239,24.486866625518296,18.008778976115906
5839,40955,2014-09-03 10:00:00,16.0,7.47808764940239,24.303869711447355,16.825782062044965
5840,40956,2014-09-03 11:00:00,13.0,51.32314923619272,79.5658592623058,28.242710026113087
5841,40957,2014-09-03 12:00:00,8.0,56.32314923619272,78.81070535336895,22.487556117176226
5842,40958,2014-09-03 13:00:00,12.0,79.1341463414634,59.81822917372929,-19.315917167734113
5843,40959,2014-09-03 14:00:00,10.0,54.32314923619272,69.4853958302848,15.162246594092082
5844,40960,2014-09-03 15:00:00,12.0,52.32314923619272,28.778978232365702,-23.544171003827017
5845,40961,2014-09-03 16:00:00,11.0,53.32314923619272,67.88142829267919,14.55827905648647
5846,40962,2014-09-03 17:00:00,16.0,48.32314923619272,72.79078683517004,24.46763759897732
5847,40963,2014-09-03 18:00:00,12.0,52.32314923619272,79.88322352575877,27.560074289566046
5848,40964,2014-09-03 19:00:00,11.0,53.32314923619272,82.63900395048132,29.315854714288605
5849,40965,2014-09-03 20:00:00,15.0,49.32314923619272,79.76836040199993,30.44521116580721
5850,40966,2014-09-03 21:00:00,21.0,43.32314923619272,73.76836040199993,30.44521116580721
5851,40967,2014-09-03 22:00:00,19.0,94.55922215674721,85.08258336169962,-9.476638795047592
5852,40968,2014-09-03 23:00:00,23.0,90.55922215674721,83.28967571112145,-7.269546445625764
5853,40969,2014-09-04 00:00:00,23.0,90.55922215674721,84.29061394893697,-6.268608207810246
5854,40970,2014-09-04 01:00:00,51.0,62.55922215674721,63.86770824187285,1.3084860851256366
5855,40971,2014-09-04 02:00:00,38.0,75.55922215674721,76.56856943149047,1.0093472747432628
5856,40972,2014-09-04 03:00:00,47.0,66.55922215674721,71.8516661735076,5.292444016760385
5857,40973,2014-09-04 04:00:00,50.0,63.55922215674721,69.92929437863579,6.370072221888577
5858,40974,2014-09-04 05:00:00,54.0,45.25,42.881662292200275,-2.368337707799725
5859,40975,2014-09-04 06:00:00,53.0,54.45161290322581,28.110235123702495,-26.341377779523313
5860,40976,2014-09-04 07:00:00,56.0,13.806157354618023,21.58643102865051,7.780273674032486
5861,40977,2014-09-04 08:00:00,81.0,11.193842645381977,6.26835441446066,-4.925488230921317
5862,40978,2014-09-04 09:00:00,48.0,65.55922215674721,56.01469471498571,-9.544527441761502
5863,40979,2014-09-04 10:00:00,44.0,69.55922215674721,57.28927179350633,-12.26995036324088
5864,40980,2014-09-04 11:00:00,27.0,86.55922215674721,74.05545649479255,-12.50376566195466
5865,40981,2014-09-04 12:00:00,31.0,33.32314923619272,58.988270662856564,25.665121426663845
5866,40982,2014-09-04 13:00:00,45.0,19.32314923619272,47.91467800142857,28.59152876523585
5867,40983,2014-09-04 14:00:00,33.0,31.32314923619272,55.26402003666679,23.940870800474073
5868,40984,2014-09-04 15:00:00,17.0,47.32314923619272,71.0605785018367,23.737429265643982
5869,40985,2014-09-04 16:00:00,15.0,49.32314923619272,77.81868519896663,28.495535962773914
5870,40986,2014-09-04 17:00:00,27.0,86.55922215674721,74.07436031627769,-12.48486184046952
5871,40987,2014-09-04 18:00:00,35.0,78.55922215674721,67.37213463255397,-11.187087524193245
5872,40988,2014-09-04 19:00:00,31.0,82.55922215674721,77.56046266301405,-4.998759493733161
5873,40989,2014-09-04 20:00:00,38.0,107.75096774193545,96.58282140967134,-11.168146332264115
5874,40990,2014-09-04 21:00:00,60.0,53.55922215674721,55.97678349553249,2.4175613387852763
5875,40991,2014-09-04 22:00:00,49.0,64.55922215674721,63.0868989199444,-1.4723232368028079
5876,40992,2014-09-04 23:00:00,52.0,61.55922215674721,60.27504054411571,-1.2841816126314995
5877,40993,2014-09-05 00:00:00,60.0,53.55922215674721,52.01583071509165,-1.543391441655558
5878,40994,2014-09-05 01:00:00,61.0,52.55922215674721,44.014384985212416,-8.544837171534795
5879,40995,2014-09-05 02:00:00,64.0,49.55922215674721,42.28967571112145,-7.269546445625764
5880,40996,2014-09-05 03:00:00,74.0,39.55922215674721,32.28967571112145,-7.269546445625764
5881,40997,2014-09-05 04:00:00,80.0,33.55922215674721,26.289675711121447,-7.269546445625764
5882,40998,2014-09-05 05:00:00,76.0,37.55922215674721,31.290613948936965,-6.268608207810246
5883,40999,2014-09-05 06:00:00,70.0,43.55922215674721,37.14467159228731,-6.414550564459901
5884,41000,2014-09-05 07:00:00,73.0,40.55922215674721,39.27504054411571,-1.2841816126314995
5885,41001,2014-09-05 08:00:00,86.0,27.55922215674721,19.014384985212416,-8.544837171534795
5886,41002,2014-09-05 09:00:00,93.0,20.55922215674721,20.17017178524405,-0.3890503715031599
5887,41003,2014-09-05 10:00:00,96.0,17.55922215674721,19.15310044928421,1.5938782925369992
5888,41004,2014-09-05 11:00:00,109.0,36.750967741935455,28.433051233353694,-8.31791650858176
5889,41005,2014-09-05 12:00:00,109.0,36.750967741935455,26.523026767942042,-10.227940973993412
5890,41006,2014-09-05 13:00:00,114.0,31.750967741935455,33.02216348376601,1.271195741830553
5891,41007,2014-09-05 14:00:00,90.0,55.750967741935455,43.958689784163084,-11.79227795777237
5892,41008,2014-09-05 15:00:00,74.0,71.75096774193545,59.958689784163084,-11.79227795777237
5893,41009,2014-09-05 16:00:00,75.0,70.75096774193545,58.958689784163084,-11.79227795777237
5894,41010,2014-09-05 17:00:00,68.0,77.75096774193545,68.05378925863576,-9.697178483299695
5895,41011,2014-09-05 18:00:00,70.0,75.75096774193545,66.38092756159284,-9.370040180342613
5896,41012,2014-09-05 19:00:00,88.0,57.750967741935455,64.62041618030202,6.869448438366561
5897,41013,2014-09-05 20:00:00,143.0,2.7509677419354546,14.264912370943023,11.513944629007568
5898,41014,2014-09-05 21:00:00,155.0,9.249032258064545,0.3038621613611667,-8.945170096703379
5899,41015,2014-09-05 22:00:00,147.0,67.75675675675674,12.02363469125578,-55.733122065500964
5900,41016,2014-09-05 23:00:00,143.0,71.75675675675674,21.110900831997753,-50.64585592475899
5901,41017,2014-09-06 00:00:00,148.0,2.2490322580645454,5.685558452266832,3.436526194202287
5902,41018,2014-09-06 01:00:00,157.0,11.249032258064545,14.685558452266832,3.436526194202287
5903,41019,2014-09-06 02:00:00,152.0,6.249032258064545,4.369324007500751,-1.8797082505637945
5904,41020,2014-09-06 03:00:00,152.0,6.249032258064545,8.40264720816026,2.153614950095715
5905,41021,2014-09-06 04:00:00,147.0,1.2490322580645454,4.695243027763553,3.4462107696990074
5906,41022,2014-09-06 05:00:00,143.0,2.7509677419354546,0.6952430277635528,-2.0557247141719017
5907,41023,2014-09-06 06:00:00,139.0,6.750967741935455,3.304756972236447,-3.4462107696990074
5908,41024,2014-09-06 07:00:00,142.0,3.7509677419354546,0.567208817324655,-3.1837589246107996
5909,41025,2014-09-06 08:00:00,139.0,6.750967741935455,2.3854863238526036,-4.365481418082851
5910,41026,2014-09-06 09:00:00,133.0,12.750967741935455,17.491668119410633,4.740700377475179
5911,41027,2014-09-06 10:00:00,137.0,8.750967741935455,12.37643534088238,3.6254675989469263
5912,41028,2014-09-06 11:00:00,138.0,7.750967741935455,17.317708659856294,9.56674091792084
5913,41029,2014-09-06 12:00:00,138.0,7.750967741935455,10.793737022417304,3.042769280481849
5914,41030,2014-09-06 13:00:00,132.0,13.750967741935455,16.545628022946573,2.7946602810111187
5915,41031,2014-09-06 14:00:00,135.0,10.750967741935455,13.857035342899366,3.106067600963911
5916,41032,2014-09-06 15:00:00,127.0,18.750967741935455,21.471564545540275,2.7205968036048205
5917,41033,2014-09-06 16:00:00,109.0,36.750967741935455,39.683766926492694,2.93279918455724
5918,41034,2014-09-06 17:00:00,94.0,51.750967741935455,54.683766926492694,2.93279918455724
5919,41035,2014-09-06 18:00:00,100.0,45.750967741935455,35.73522914889443,-10.015738593041021
5920,41036,2014-09-06 19:00:00,110.0,3.559222156747211,4.680713053836996,1.1214908970897852
5921,41037,2014-09-06 20:00:00,123.0,22.750967741935455,26.62724562392316,3.876277881987704
5922,41038,2014-09-06 21:00:00,132.0,13.750967741935455,17.62724562392316,3.876277881987704
5923,41039,2014-09-06 22:00:00,138.0,7.750967741935455,2.544704120283484,-5.206263621651971
5924,41040,2014-09-06 23:00:00,151.0,5.249032258064545,14.049055670587649,8.800023412523103
5925,41041,2014-09-07 00:00:00,162.0,16.249032258064545,24.012416222644163,7.763383964579617
5926,41042,2014-09-07 01:00:00,155.0,9.249032258064545,17.012416222644163,7.763383964579617
5927,41043,2014-09-07 02:00:00,143.0,71.75675675675674,1.0596226433560503,-70.6971341134007
5928,41044,2014-09-07 03:00:00,145.0,69.75675675675674,13.584622749560992,-56.17213400719575
5929,41045,2014-09-07 04:00:00,147.0,67.75675675675674,14.273513786585113,-53.48324297017163
5930,41046,2014-09-07 05:00:00,154.0,60.756756756756744,3.097454018265239,-57.659302738491505
5931,41047,2014-09-07 06:00:00,163.0,17.249032258064545,25.15378440363898,7.9047521455744345
5932,41048,2014-09-07 07:00:00,170.0,24.249032258064545,23.30228313246178,-0.9467491256027643
5933,41049,2014-09-07 08:00:00,174.0,28.249032258064545,22.038759809837842,-6.2102724482267035
5934,41050,2014-09-07 09:00:00,196.0,50.249032258064545,43.62475169222833,-6.624280565836216
5935,41051,2014-09-07 10:00:00,207.0,61.249032258064545,57.57355748201903,-3.675474776045519
5936,41052,2014-09-07 11:00:00,198.0,52.249032258064545,39.28349383745052,-12.965538420614024
5937,41053,2014-09-07 12:00:00,176.0,30.249032258064545,24.924996522210847,-5.324035735853698
5938,41054,2014-09-07 13:00:00,111.0,34.750967741935455,36.91773591340814,2.1667681714726825
5939,41055,2014-09-07 14:00:00,85.0,28.55922215674721,22.742664946669194,-5.816557210078017
5940,41056,2014-09-07 15:00:00,79.0,34.55922215674721,26.412988513066637,-8.146233643680574
5941,41057,2014-09-07 16:00:00,100.0,13.55922215674721,9.68291152087373,-3.8763106358734802
5942,41058,2014-09-07 17:00:00,105.0,40.750967741935455,26.220995349784715,-14.52997239215074
5943,41059,2014-09-07 18:00:00,110.0,35.750967741935455,38.63257651219274,2.8816087702572872
5944,41060,2014-09-07 19:00:00,123.0,22.750967741935455,11.614614207313366,-11.136353534622089
5945,41061,2014-09-07 20:00:00,124.0,21.750967741935455,24.42329700797967,2.6723292660442155
5946,41062,2014-09-07 21:00:00,129.0,10.461538461538481,40.729095316187596,30.267556854649115
5947,41063,2014-09-07 22:00:00,140.0,21.46153846153848,50.50917553523969,29.04763707370121
5948,41064,2014-09-07 23:00:00,156.0,86.19384264538198,75.78920165492106,-10.40464099046092
5949,41065,2014-09-08 00:00:00,104.0,34.19384264538198,25.886359275469033,-8.307483369912944
5950,41066,2014-09-08 01:00:00,2.0,67.80615735461802,69.31468328017411,1.5085259255560857
5951,41067,2014-09-08 02:00:00,2.0,21.47808764940239,26.20456720033349,4.726479550931099
5952,41068,2014-09-08 03:00:00,6.0,17.47808764940239,21.635406498123285,4.1573188487208945
5953,41069,2014-09-08 04:00:00,5.0,90.48671726755218,68.85611248041373,-21.630604787138452
5954,41070,2014-09-08 05:00:00,5.0,23.768595041322317,37.761182205303356,13.992587163981039
5955,41071,2014-09-08 06:00:00,6.0,22.768595041322317,35.844016799622075,13.075421758299758
5956,41072,2014-09-08 07:00:00,3.0,25.768595041322317,40.31840346099183,14.549808419669514
5957,41073,2014-09-08 08:00:00,3.0,25.768595041322317,36.28791242175647,10.519317380434149
5958,41074,2014-09-08 09:00:00,7.0,16.47808764940239,21.295428186482678,4.8173405370802875
5959,41075,2014-09-08 10:00:00,7.0,26.316498316498325,30.37819913052312,4.061700814024796
5960,41076,2014-09-08 11:00:00,3.0,25.768595041322317,33.72132556097653,7.952730519654214
5961,41077,2014-09-08 12:00:00,3.0,25.768595041322317,29.325172341960666,3.5565773006383488
5962,41078,2014-09-08 13:00:00,4.0,29.316498316498325,22.100026868247227,-7.216471448251099
5963,41079,2014-09-08 14:00:00,6.0,13.181818181818183,33.65469346670411,20.472875284885927
5964,41080,2014-09-08 15:00:00,6.0,27.316498316498325,19.553787411607644,-7.762710904890682
5965,41081,2014-09-08 16:00:00,4.0,29.316498316498325,34.135014256089995,4.81851593959167
5966,41082,2014-09-08 17:00:00,10.0,23.316498316498325,37.55334131657465,14.236843000076327
5967,41083,2014-09-08 18:00:00,15.0,49.32314923619272,48.09474751114645,-1.2284017250462682
5968,41084,2014-09-08 19:00:00,12.0,21.316498316498325,47.803434389795534,26.48693607329721
5969,41085,2014-09-08 20:00:00,14.0,19.316498316498325,45.86585357983815,26.549355263339827
5970,41086,2014-09-08 21:00:00,20.0,44.32314923619272,77.73600548556679,33.41285624937407
5971,41087,2014-09-08 22:00:00,19.0,76.48671726755218,78.83974388903036,2.353026621478179
5972,41088,2014-09-08 23:00:00,22.0,73.48671726755218,83.22725581050017,9.740538542947988
5973,41089,2014-09-09 00:00:00,30.0,65.48671726755218,74.5436834049769,9.056966137424723
5974,41090,2014-09-09 01:00:00,37.0,58.48671726755218,67.38328004409244,8.896562776540264
5975,41091,2014-09-09 02:00:00,39.0,56.48671726755218,65.76937272512848,9.282655457576297
5976,41092,2014-09-09 03:00:00,45.0,54.25,65.66908138352751,11.419081383527512
5977,41093,2014-09-09 04:00:00,42.0,57.25,77.77619698085688,20.52619698085688
5978,41094,2014-09-09 05:00:00,39.0,56.48671726755218,66.22269309503734,9.735975827485163
5979,41095,2014-09-09 06:00:00,25.0,82.45161290322581,54.94908436983242,-27.502528533393388
5980,41096,2014-09-09 07:00:00,23.0,46.80615735461802,47.92651225747366,1.120354902855638
5981,41097,2014-09-09 08:00:00,17.0,52.80615735461802,52.378871489852244,-0.42728586476577846
5982,41098,2014-09-09 09:00:00,27.0,42.80615735461802,38.65579387099679,-4.150363483621234
5983,41099,2014-09-09 10:00:00,19.0,45.32314923619272,67.35685658844262,22.033707352249905
5984,41100,2014-09-09 11:00:00,22.0,42.32314923619272,69.06652003598542,26.7433707997927
5985,41101,2014-09-09 12:00:00,31.0,33.32314923619272,62.52379385926659,29.20064462307387
5986,41102,2014-09-09 13:00:00,43.0,21.32314923619272,48.523307782795314,27.200158546602594
5987,41103,2014-09-09 14:00:00,54.0,10.32314923619272,38.38226800172451,28.059118765531792
5988,41104,2014-09-09 15:00:00,45.0,19.32314923619272,46.08557967212849,26.76243043593577
5989,41105,2014-09-09 16:00:00,44.0,20.32314923619272,47.18434296722755,26.86119373103483
5990,41106,2014-09-09 17:00:00,35.0,29.32314923619272,56.883223525758766,27.560074289566046
5991,41107,2014-09-09 18:00:00,41.0,23.32314923619272,55.12606809036144,31.802918854168723
5992,41108,2014-09-09 19:00:00,46.0,18.32314923619272,51.58827018769364,33.26512095150092
5993,41109,2014-09-09 20:00:00,47.0,66.55922215674721,65.01583071509165,-1.543391441655558
5994,41110,2014-09-09 21:00:00,61.0,52.55922215674721,41.76870733758793,-10.790514819159284
5995,41111,2014-09-09 22:00:00,80.0,33.55922215674721,22.83659598430181,-10.722626172445402
5996,41112,2014-09-09 23:00:00,52.0,12.32314923619272,43.70958422586584,31.38643498967312
5997,41113,2014-09-10 00:00:00,41.0,72.55922215674721,61.86589933281306,-10.693322823934153
5998,41114,2014-09-10 01:00:00,46.0,67.55922215674721,57.01184168946271,-10.547380467284498
5999,41115,2014-09-10 02:00:00,44.0,69.55922215674721,63.14467159228731,-6.414550564459901
6000,41116,2014-09-10 03:00:00,54.0,59.55922215674721,52.333722586750355,-7.225499569996856
6001,41117,2014-09-10 04:00:00,59.0,54.55922215674721,48.290613948936965,-6.268608207810246
6002,41118,2014-09-10 05:00:00,79.0,34.55922215674721,26.32611632169477,-8.233105835052442
6003,41119,2014-09-10 06:00:00,115.0,1.4407778432527891,0.03766265489112186,-1.4031151883616673
6004,41120,2014-09-10 07:00:00,96.0,17.55922215674721,10.289675711121447,-7.269546445625764
6005,41121,2014-09-10 08:00:00,108.0,5.559222156747211,3.917416638300381,-1.64180551844683
6006,41122,2014-09-10 09:00:00,112.0,1.5592221567472109,6.839672658137914,5.280450501390703
6007,41123,2014-09-10 10:00:00,118.0,4.440777843252789,13.053503661501509,8.61272581824872
6008,41124,2014-09-10 11:00:00,92.0,21.55922215674721,12.88009005744702,-8.67913209930019
6009,41125,2014-09-10 12:00:00,74.0,39.55922215674721,30.011936363280043,-9.547285793467168
6010,41126,2014-09-10 13:00:00,50.0,14.32314923619272,44.37028766563887,30.04713842944615
6011,41127,2014-09-10 14:00:00,36.0,28.32314923619272,55.883223525758766,27.560074289566046
6012,41128,2014-09-10 15:00:00,30.0,34.32314923619272,61.883223525758766,27.560074289566046
6013,41129,2014-09-10 16:00:00,38.0,26.32314923619272,56.37028766563887,30.04713842944615
6014,41130,2014-09-10 17:00:00,36.0,28.32314923619272,58.37028766563887,30.04713842944615
6015,41131,2014-09-10 18:00:00,43.0,21.32314923619272,54.58827018769364,33.26512095150092
6016,41132,2014-09-10 19:00:00,48.0,65.55922215674721,56.734147700797365,-8.825074455949846
6017,41133,2014-09-10 20:00:00,57.0,56.55922215674721,48.014384985212416,-8.544837171534795
6018,41134,2014-09-10 21:00:00,65.0,48.55922215674721,37.83659598430181,-10.722626172445402
6019,41135,2014-09-10 22:00:00,83.0,30.55922215674721,21.08258336169962,-9.476638795047592
6020,41136,2014-09-10 23:00:00,95.0,18.55922215674721,10.160327341862086,-8.398894814885125
6021,41137,2014-09-11 00:00:00,82.0,31.55922215674721,20.83659598430181,-10.722626172445402
6022,41138,2014-09-11 01:00:00,61.0,52.55922215674721,41.86589933281306,-10.693322823934153
6023,41139,2014-09-11 02:00:00,73.0,40.55922215674721,31.11188671021084,-9.447335446536371
6024,41140,2014-09-11 03:00:00,77.0,36.55922215674721,27.11188671021084,-9.447335446536371
6025,41141,2014-09-11 04:00:00,86.0,27.55922215674721,17.011841689462713,-10.547380467284498
6026,41142,2014-09-11 05:00:00,81.0,32.55922215674721,21.865899332813058,-10.693322823934153
6027,41143,2014-09-11 06:00:00,81.0,32.55922215674721,21.865899332813058,-10.693322823934153
6028,41144,2014-09-11 07:00:00,89.0,24.55922215674721,16.043688333723637,-8.515533823023574
6029,41145,2014-09-11 08:00:00,91.0,22.55922215674721,11.836595984301809,-10.722626172445402
6030,41146,2014-09-11 09:00:00,94.0,19.55922215674721,8.982538340951479,-10.576683815795732
6031,41147,2014-09-11 10:00:00,108.0,5.559222156747211,2.2882090495416207,-3.27101310720559
6032,41148,2014-09-11 11:00:00,101.0,12.55922215674721,10.126506746498066,-2.432715410249145
6033,41149,2014-09-11 12:00:00,93.0,20.55922215674721,19.4289839285144,-1.1302382282328125
6034,41150,2014-09-11 13:00:00,88.0,25.55922215674721,24.219209485142557,-1.3400126716046543
6035,41151,2014-09-11 14:00:00,84.0,29.55922215674721,28.07326712849293,-1.4859550282542813
6036,41152,2014-09-11 15:00:00,91.0,22.55922215674721,21.07326712849293,-1.4859550282542813
6037,41153,2014-09-11 16:00:00,92.0,21.55922215674721,24.323267066102346,2.7640449093551354
6038,41154,2014-09-11 17:00:00,88.0,57.750967741935455,49.70187368125994,-8.049094060675515
6039,41155,2014-09-11 18:00:00,116.0,29.750967741935455,17.25728784965949,-12.493679892275964
6040,41156,2014-09-11 19:00:00,120.0,50.19384264538198,40.04764731318494,-10.146195332197038
6041,41157,2014-09-11 20:00:00,124.0,54.19384264538198,44.16451392270794,-10.029328722674038
6042,41158,2014-09-11 21:00:00,113.0,32.750967741935455,18.820707069973167,-13.930260671962287
6043,41159,2014-09-11 22:00:00,104.0,34.19384264538198,23.322077390297963,-10.871765255084014
6044,41160,2014-09-11 23:00:00,106.0,36.19384264538198,27.850467091752847,-8.34337555362913
6045,41161,2014-09-12 00:00:00,121.0,51.19384264538198,40.77628144837122,-10.417561197010755
6046,41162,2014-09-12 01:00:00,124.0,21.750967741935455,10.697001876388555,-11.0539658655469
6047,41163,2014-09-12 02:00:00,135.0,10.750967741935455,0.3029981236114452,-10.44796961832401
6048,41164,2014-09-12 03:00:00,147.0,1.2490322580645454,13.352587882630644,12.103555624566098
6049,41165,2014-09-12 04:00:00,82.0,36.53846153846152,7.887902752948534,-28.650558785512985
6050,41166,2014-09-12 05:00:00,60.0,85.75096774193545,71.26792076985168,-14.48304697208377
6051,41167,2014-09-12 06:00:00,60.0,24.3840579710145,52.1920920979812,27.808034126966703
6052,41168,2014-09-12 07:00:00,52.0,61.55922215674721,60.96391536950816,-0.5953067872390534
6053,41169,2014-09-12 08:00:00,54.0,59.55922215674721,59.98813962967668,0.42891747292947
6054,41170,2014-09-12 09:00:00,59.0,54.55922215674721,53.470752385227456,-1.0884697715197547
6055,41171,2014-09-12 10:00:00,59.0,54.55922215674721,53.470752385227456,-1.0884697715197547
6056,41172,2014-09-12 11:00:00,74.0,39.55922215674721,37.38619041441855,-2.1730317423286607
6057,41173,2014-09-12 12:00:00,68.0,45.55922215674721,42.28820904954162,-3.27101310720559
6058,41174,2014-09-12 13:00:00,65.0,48.55922215674721,45.22916044441048,-3.330061712336729
6059,41175,2014-09-12 14:00:00,68.0,45.55922215674721,43.126506746498066,-2.432715410249145
6060,41176,2014-09-12 15:00:00,45.0,68.55922215674721,60.09243869514816,-8.46678346159905
6061,41177,2014-09-12 16:00:00,36.0,77.55922215674721,68.94649633849849,-8.61272581824872
6062,41178,2014-09-12 17:00:00,63.0,50.55922215674721,41.94649633849849,-8.61272581824872
6063,41179,2014-09-12 18:00:00,54.0,59.55922215674721,51.014384985212416,-8.544837171534795
6064,41180,2014-09-12 19:00:00,48.0,65.55922215674721,63.20138089829494,-2.357841258452268
6065,41181,2014-09-12 20:00:00,57.0,56.55922215674721,53.30403459620736,-3.255187560539852
6066,41182,2014-09-12 21:00:00,58.0,55.55922215674721,52.30403459620736,-3.255187560539852
6067,41183,2014-09-12 22:00:00,63.0,50.55922215674721,42.014384985212416,-8.544837171534795
6068,41184,2014-09-12 23:00:00,51.0,62.55922215674721,60.733411042049596,-1.8258111146976148
6069,41185,2014-09-13 00:00:00,52.0,61.55922215674721,61.98813962967668,0.42891747292947
6070,41186,2014-09-13 01:00:00,50.0,63.55922215674721,63.98813962967668,0.42891747292947
6071,41187,2014-09-13 02:00:00,54.0,59.55922215674721,59.98813962967668,0.42891747292947
6072,41188,2014-09-13 03:00:00,62.0,51.55922215674721,51.98813962967668,0.42891747292947
6073,41189,2014-09-13 04:00:00,64.0,49.55922215674721,49.98813962967668,0.42891747292947
6074,41190,2014-09-13 05:00:00,108.0,23.6159420289855,4.391209872093697,-19.224732156891804
6075,41191,2014-09-13 06:00:00,95.0,18.55922215674721,18.98813962967668,0.42891747292947
6076,41192,2014-09-13 07:00:00,93.0,20.55922215674721,20.98813962967668,0.42891747292947
6077,41193,2014-09-13 08:00:00,94.0,19.55922215674721,19.640919002045635,0.08169684529842414
6078,41194,2014-09-13 09:00:00,96.0,17.55922215674721,16.61669474187711,-0.9425274148700993
6079,41195,2014-09-13 10:00:00,51.0,62.55922215674721,53.94649633849849,-8.61272581824872
6080,41196,2014-09-13 11:00:00,60.0,4.3231492361927195,37.58827018769364,33.26512095150092
6081,41197,2014-09-13 12:00:00,50.0,14.32314923619272,47.58827018769364,33.26512095150092
6082,41198,2014-09-13 13:00:00,46.0,18.32314923619272,51.58827018769364,33.26512095150092
6083,41199,2014-09-13 14:00:00,39.0,25.32314923619272,54.639003950481325,29.315854714288605
6084,41200,2014-09-13 15:00:00,38.0,26.32314923619272,55.639003950481325,29.315854714288605
6085,41201,2014-09-13 16:00:00,47.0,17.32314923619272,46.639003950481325,29.315854714288605
6086,41202,2014-09-13 17:00:00,46.0,18.32314923619272,48.76836040199993,30.44521116580721
6087,41203,2014-09-13 18:00:00,48.0,16.32314923619272,46.76836040199993,30.44521116580721
6088,41204,2014-09-13 19:00:00,53.0,11.32314923619272,45.37068582839096,34.04753659219824
6089,41205,2014-09-13 20:00:00,67.0,2.6768507638072805,28.64169557915193,25.964844815344648
6090,41206,2014-09-13 21:00:00,61.0,3.3231492361927195,37.37068582839096,34.04753659219824
6091,41207,2014-09-13 22:00:00,73.0,40.55922215674721,33.28967571112145,-7.269546445625764
6092,41208,2014-09-13 23:00:00,79.0,34.55922215674721,29.152277857342924,-5.406944299404287
6093,41209,2014-09-14 00:00:00,74.0,39.55922215674721,37.6065330839687,-1.9526890727785116
6094,41210,2014-09-14 01:00:00,71.0,42.55922215674721,35.28967571112145,-7.269546445625764
6095,41211,2014-09-14 02:00:00,76.0,37.55922215674721,32.15227785734292,-5.406944299404287
6096,41212,2014-09-14 03:00:00,75.0,38.55922215674721,31.289675711121447,-7.269546445625764
6097,41213,2014-09-14 04:00:00,78.0,35.55922215674721,33.6065330839687,-1.9526890727785116
6098,41214,2014-09-14 05:00:00,86.0,27.55922215674721,19.043688333723637,-8.515533823023574
6099,41215,2014-09-14 06:00:00,95.0,18.55922215674721,11.289675711121447,-7.269546445625764
6100,41216,2014-09-14 07:00:00,106.0,36.19384264538198,27.953325990875953,-8.240516654506024
6101,41217,2014-09-14 08:00:00,79.0,9.193842645381977,1.6570697261096825,-7.536772919272295
6102,41218,2014-09-14 09:00:00,63.0,1.3231492361927195,15.415738463901334,14.092589227708615
6103,41219,2014-09-14 10:00:00,49.0,15.683501683501675,6.2044034706099325,-9.479098212891742
6104,41220,2014-09-14 11:00:00,27.0,6.3164983164983255,4.003654075125876,-2.3128442413724493
6105,41221,2014-09-14 12:00:00,11.0,22.316498316498325,19.477165356102557,-2.839332960395769
6106,41222,2014-09-14 13:00:00,10.0,23.316498316498325,22.49082938172932,-0.8256689347690056
6107,41223,2014-09-14 14:00:00,6.0,27.316498316498325,28.67578477785571,1.3592864613573852
6108,41224,2014-09-14 15:00:00,11.0,17.768595041322317,18.160512302757354,0.3919172614350366
6109,41225,2014-09-14 16:00:00,12.0,16.768595041322317,22.721099286644375,5.952504245322057
6110,41226,2014-09-14 17:00:00,13.0,20.316498316498325,24.762334820865505,4.445836504367179
6111,41227,2014-09-14 18:00:00,10.0,54.32314923619272,75.73074715696103,21.40759792076831
6112,41228,2014-09-14 19:00:00,15.0,80.48671726755218,81.59540356815077,1.1086863005985919
6113,41229,2014-09-14 20:00:00,23.0,72.48671726755218,72.9690299764533,0.48231270890111944
6114,41230,2014-09-14 21:00:00,34.0,61.48671726755218,67.11669869713695,5.629981429584774
6115,41231,2014-09-14 22:00:00,36.0,59.48671726755218,69.41401830716559,9.927301039613411
6116,41232,2014-09-14 23:00:00,42.0,53.48671726755218,60.066831575266306,6.580114307714126
6117,41233,2014-09-15 00:00:00,42.0,29.66666666666667,50.126438499965204,20.459771833298532
6118,41234,2014-09-15 01:00:00,47.0,48.48671726755218,53.506738348908485,5.020021081356305
6119,41235,2014-09-15 02:00:00,47.0,24.66666666666667,59.10000901668795,34.43334235002128
6120,41236,2014-09-15 03:00:00,28.0,0.7685950413223175,14.287617500648345,13.519022459326028
6121,41237,2014-09-15 04:00:00,20.0,8.768595041322317,19.430008739430612,10.661413698108294
6122,41238,2014-09-15 05:00:00,23.0,5.7685950413223175,16.98290162633601,11.214306585013691
6123,41239,2014-09-15 06:00:00,16.0,12.768595041322317,25.860884063579576,13.092289022257258
6124,41240,2014-09-15 07:00:00,16.0,22.288288288288285,24.316959667623614,2.0286713793353286
6125,41241,2014-09-15 08:00:00,15.0,3.9204545454545467,13.682507919004372,9.762053373549826
6126,41242,2014-09-15 09:00:00,11.0,22.316498316498325,42.52124197148451,20.20474365498618
6127,41243,2014-09-15 10:00:00,11.0,17.768595041322317,17.978476585199147,0.2098815438768291
6128,41244,2014-09-15 11:00:00,7.0,21.768595041322317,19.29280421115357,-2.475790830168748
6129,41245,2014-09-15 12:00:00,4.0,7.0476190476190474,14.687338475709247,7.639719428090199
6130,41246,2014-09-15 13:00:00,3.0,30.316498316498325,19.373780290658086,-10.94271802584024
6131,41247,2014-09-15 14:00:00,6.0,5.0476190476190474,14.48169000012522,9.434070952506172
6132,41248,2014-09-15 15:00:00,8.0,3.0476190476190474,10.918748500861891,7.871129453242844
6133,41249,2014-09-15 16:00:00,6.0,5.0476190476190474,12.642280618606161,7.594661570987114
6134,41250,2014-09-15 17:00:00,11.0,22.316498316498325,16.527851253056692,-5.788647063441633
6135,41251,2014-09-15 18:00:00,16.0,17.316498316498325,20.705496530034814,3.388998213536489
6136,41252,2014-09-15 19:00:00,18.0,15.316498316498325,25.999657006080113,10.683158689581788
6137,41253,2014-09-15 20:00:00,20.0,13.316498316498325,24.84077621610914,11.524277899610816
6138,41254,2014-09-15 21:00:00,25.0,8.316498316498325,23.931419739196812,15.614921422698487
6139,41255,2014-09-15 22:00:00,20.0,13.316498316498325,28.931419739196812,15.614921422698487
6140,41256,2014-09-15 23:00:00,26.0,69.48671726755218,67.91895314978085,-1.5677641177713326
6141,41257,2014-09-16 00:00:00,30.0,65.48671726755218,70.58804178808336,5.101324520531179
6142,41258,2014-09-16 01:00:00,34.0,61.48671726755218,64.65193692858385,3.1652196610316707
6143,41259,2014-09-16 02:00:00,30.0,65.48671726755218,73.35086965002151,7.864152382469328
6144,41260,2014-09-16 03:00:00,53.0,42.48671726755218,52.43006965002151,9.943352382469328
6145,41261,2014-09-16 04:00:00,49.0,58.45161290322581,13.705883551205787,-44.74572935202002
6146,41262,2014-09-16 05:00:00,33.0,4.2314049586776825,11.402684754144481,7.171279795466798
6147,41263,2014-09-16 06:00:00,18.0,10.768595041322317,26.13149497169934,15.362899930377022
6148,41265,2014-09-16 08:00:00,15.0,13.768595041322317,23.576547777855097,9.80795273653278
6149,41266,2014-09-16 09:00:00,20.0,13.316498316498325,34.9049715531501,21.588473236651772
6150,41267,2014-09-16 10:00:00,25.0,8.316498316498325,26.294577698532187,17.97807938203386
6151,41268,2014-09-16 11:00:00,19.0,14.316498316498325,30.00616687418252,15.689668557684193
6152,41269,2014-09-16 12:00:00,22.0,42.32314923619272,60.79152629228004,18.46837705608732
6153,41270,2014-09-16 13:00:00,30.0,34.32314923619272,23.88269563276019,-10.44045360343253
6154,41271,2014-09-16 14:00:00,45.0,19.32314923619272,46.49658594341963,27.173436707226912
6155,41272,2014-09-16 15:00:00,69.0,4.6768507638072805,20.01965149975601,15.342800735948728
6156,41273,2014-09-16 16:00:00,90.0,25.67685076380728,6.914245769969924,-18.762604993837357
6157,41274,2014-09-16 17:00:00,98.0,33.67685076380728,1.0857542300300764,-32.591096533777204
6158,41275,2014-09-16 18:00:00,93.0,28.67685076380728,4.025151613512918,-24.651699150294363
6159,41276,2014-09-16 19:00:00,64.0,31.48671726755218,35.04367679717207,3.5569595296198884
6160,41278,2014-09-16 21:00:00,56.0,8.32314923619272,38.75292103915069,30.429771802957973
6161,41279,2014-09-16 22:00:00,56.0,8.32314923619272,38.75292103915069,30.429771802957973
6162,41280,2014-09-16 23:00:00,68.0,27.48671726755218,31.086633468573794,3.599916201021614
6163,41281,2014-09-17 00:00:00,56.0,8.32314923619272,34.549069439631694,26.225920203438974
6164,41282,2014-09-17 01:00:00,30.0,34.32314923619272,45.90744866804914,11.584299431856422
6165,41283,2014-09-17 02:00:00,25.0,70.48671726755218,72.73104808325115,2.244330815698973
6166,41284,2014-09-17 03:00:00,16.0,79.48671726755218,82.35050712664804,2.86378985909586
6167,41285,2014-09-17 04:00:00,10.0,85.48671726755218,92.42652329514502,6.939806027592837
6168,41286,2014-09-17 05:00:00,13.0,82.48671726755218,87.38844730168707,4.901730034134886
6169,41287,2014-09-17 06:00:00,19.0,76.48671726755218,77.58425823270076,1.097540965148582
6170,41288,2014-09-17 07:00:00,25.0,70.48671726755218,72.533349837788,2.046632570235815
6171,41289,2014-09-17 08:00:00,22.0,73.48671726755218,43.33781091150678,-30.1489063560454
6172,41290,2014-09-17 09:00:00,18.0,46.32314923619272,66.26026636767348,19.93711713148076
6173,41291,2014-09-17 10:00:00,19.0,45.32314923619272,64.6796673657718,19.356518129579086
6174,41292,2014-09-17 11:00:00,29.0,35.32314923619272,55.62971003024593,20.306560794053212
6175,41293,2014-09-17 12:00:00,44.0,20.32314923619272,49.517738596023406,29.194589359830687
6176,41294,2014-09-17 13:00:00,75.0,10.67685076380728,19.450182088485562,8.773331324678281
6177,41295,2014-09-17 14:00:00,60.0,4.3231492361927195,32.46083871660747,28.13768948041475
6178,41296,2014-09-17 15:00:00,60.0,4.3231492361927195,35.70958422586584,31.38643498967312
6179,41297,2014-09-17 16:00:00,60.0,4.3231492361927195,34.972854614933496,30.649705378740776
6180,41298,2014-09-17 17:00:00,38.0,26.32314923619272,55.49427244028476,29.17112320409204
6181,41299,2014-09-17 18:00:00,35.0,29.32314923619272,59.6420151956077,30.31886595941498
6182,41300,2014-09-17 19:00:00,32.0,63.48671726755218,67.64758568388893,4.160868416336754
6183,41301,2014-09-17 20:00:00,41.0,23.32314923619272,53.75292103915069,30.429771802957973
6184,41302,2014-09-17 21:00:00,49.0,46.48671726755218,54.42547665628055,7.938759388728371
6185,41303,2014-09-17 22:00:00,49.0,46.48671726755218,52.30921183009309,5.822494562540911
6186,41304,2014-09-17 23:00:00,55.0,40.48671726755218,46.76784872234563,6.281131454793453
6187,41305,2014-09-18 00:00:00,56.0,39.48671726755218,48.668709511290956,9.181992243738776
6188,41306,2014-09-18 01:00:00,62.0,33.48671726755218,35.86266960405243,2.375952336500248
6189,41307,2014-09-18 02:00:00,80.0,15.48671726755218,20.728402128976484,5.241684861424304
6190,41308,2014-09-18 03:00:00,99.0,3.51328273244782,1.5574124159431335,-1.9558703165046865
6191,41309,2014-09-18 04:00:00,104.0,34.19384264538198,49.66949834357582,15.47565569819384
6192,41310,2014-09-18 05:00:00,99.0,29.193842645381977,46.2741404868556,17.080297841473623
6193,41311,2014-09-18 06:00:00,97.0,27.193842645381977,44.18059985437855,16.986757208996572
6194,41312,2014-09-18 07:00:00,108.0,38.19384264538198,48.794974838116644,10.601132192734667
6195,41313,2014-09-18 08:00:00,99.0,80.07954545454545,51.58419654053464,-28.495348914010812
6196,41314,2014-09-18 09:00:00,119.0,100.07954545454545,77.09430201914654,-22.985243435398914
6197,41315,2014-09-18 10:00:00,93.0,74.07954545454545,51.347574549437105,-22.731970905108348
6198,41316,2014-09-18 11:00:00,78.0,13.67685076380728,31.254542964179755,17.577692200372475
6199,41317,2014-09-18 12:00:00,67.0,24.134146341463406,4.447425726462313,-19.686720615001093
6200,41318,2014-09-18 13:00:00,69.0,4.6768507638072805,20.993877946891715,16.317027183084434
6201,41319,2014-09-18 14:00:00,51.0,13.32314923619272,7.607571887643182,-5.715577348549537
6202,41320,2014-09-18 15:00:00,41.0,7.6835016835016745,1.7748685206691022,-5.908633162832572
6203,41321,2014-09-18 16:00:00,34.0,0.6835016835016745,8.148012746376637,7.464511062874962
6204,41322,2014-09-18 17:00:00,21.0,12.316498316498325,30.94660324947506,18.630104932976735
6205,41323,2014-09-18 18:00:00,27.0,6.3164983164983255,24.985726737870436,18.66922842137211
6206,41324,2014-09-18 19:00:00,34.0,30.32314923619272,39.275514553255874,8.952365317063155
6207,41325,2014-09-18 20:00:00,37.0,27.32314923619272,39.65719348090282,12.3340442447101
6208,41326,2014-09-18 21:00:00,51.0,13.32314923619272,25.57709398885177,12.253944752659052
6209,41327,2014-09-18 22:00:00,61.0,3.3231492361927195,10.873606143377145,7.550456907184426
6210,41328,2014-09-18 23:00:00,63.0,1.3231492361927195,10.15728160205964,8.834132365866921
6211,41329,2014-09-19 00:00:00,59.0,36.48671726755218,41.494467825217214,5.007750557665034
6212,41330,2014-09-19 01:00:00,70.0,25.48671726755218,30.465417774217144,4.978700506664964
6213,41331,2014-09-19 02:00:00,78.0,17.48671726755218,22.594103147467735,5.1073858799155545
6214,41332,2014-09-19 03:00:00,84.0,11.48671726755218,19.986357883693046,8.499640616140866
6215,41333,2014-09-19 04:00:00,97.0,1.51328273244782,4.01862086017141,2.50533812772359
6216,41334,2014-09-19 05:00:00,110.0,14.51328273244782,3.915135400149282,-10.598147332298538
6217,41335,2014-09-19 06:00:00,106.0,10.51328273244782,3.109940068176954,-7.403342664270866
6218,41336,2014-09-19 07:00:00,92.0,3.48671726755218,5.281532152406697,1.7948148848545173
6219,41337,2014-09-19 08:00:00,110.0,14.51328273244782,3.899772489750845,-10.613510242696975
6220,41338,2014-09-19 09:00:00,121.0,7.440777843252789,15.67388367830523,8.233105835052442
6221,41339,2014-09-19 10:00:00,136.0,22.44077784325279,33.13410066718694,10.693322823934153
6222,41340,2014-09-19 11:00:00,150.0,36.44077784325279,47.01746165904852,10.576683815795732
6223,41341,2014-09-19 12:00:00,118.0,53.67685076380728,19.75654411376115,-33.92030665004613
6224,41342,2014-09-19 13:00:00,91.0,26.67685076380728,7.30279718167705,-19.37405358213023
6225,41343,2014-09-19 14:00:00,86.0,21.67685076380728,12.30279718167705,-9.37405358213023
6226,41344,2014-09-19 15:00:00,67.0,2.6768507638072805,30.588270187693638,27.911419423886358
6227,41345,2014-09-19 16:00:00,60.0,53.55922215674721,42.76870733758793,-10.790514819159284
6228,41346,2014-09-19 17:00:00,53.0,11.32314923619272,45.30279718167705,33.97964794548433
6229,41347,2014-09-19 18:00:00,53.0,60.55922215674721,49.83659598430181,-10.722626172445402
6230,41349,2014-09-19 20:00:00,97.0,12.6159420289855,14.369993946816308,1.7540519178308074
6231,41350,2014-09-19 21:00:00,105.0,8.55922215674721,8.445207160933876,-0.11401499581333496
6232,41351,2014-09-19 22:00:00,119.0,5.440777843252789,5.150554468007698,-0.2902233752450911
6233,41352,2014-09-19 23:00:00,140.0,26.44077784325279,32.709386051063035,6.268608207810246
6234,41353,2014-09-20 00:00:00,144.0,30.44077784325279,35.84772214265708,5.406944299404287
6235,41354,2014-09-20 01:00:00,141.0,27.44077784325279,32.84772214265708,5.406944299404287
6236,41355,2014-09-20 02:00:00,145.0,31.44077784325279,31.150554468007698,-0.2902233752450911
6237,41356,2014-09-20 03:00:00,142.0,28.44077784325279,28.150554468007698,-0.2902233752450911
6238,41357,2014-09-20 04:00:00,141.0,27.44077784325279,28.28214833654478,0.8413704932919899
6239,41358,2014-09-20 05:00:00,136.0,22.44077784325279,21.68055564701605,-0.7602221962367395
6240,41359,2014-09-20 06:00:00,128.0,58.19384264538198,48.7414547642813,-9.452387881100677
6241,41360,2014-09-20 07:00:00,110.0,3.559222156747211,5.510685593235834,1.9514634364886234
6242,41361,2014-09-20 08:00:00,116.0,24.865853658536594,27.818816911845914,2.9529632533093206
6243,41362,2014-09-20 09:00:00,123.0,53.19384264538198,44.71568598019762,-8.478156665184358
6244,41363,2014-09-20 10:00:00,127.0,13.44077784325279,13.554792839066124,0.11401499581333496
6245,41364,2014-09-20 11:00:00,124.0,10.44077784325279,8.492338676841243,-1.9484391664115464
6246,41365,2014-09-20 12:00:00,115.0,1.4407778432527891,10.053503661501509,8.61272581824872
6247,41366,2014-09-20 13:00:00,117.0,3.440777843252789,4.92673287150707,1.4859550282542813
6248,41367,2014-09-20 14:00:00,113.0,0.5592221567472109,9.094808165316195,8.535586008568984
6249,41368,2014-09-20 15:00:00,89.0,24.55922215674721,14.530433758736137,-10.028788398011073
6250,41369,2014-09-20 16:00:00,95.0,30.67685076380728,0.013333627585410568,-30.66351713622187
6251,41370,2014-09-20 17:00:00,78.0,13.67685076380728,19.734212544343293,6.057361780536013
6252,41371,2014-09-20 18:00:00,140.0,26.44077784325279,33.73962763738979,7.2988497941369985
6253,41372,2014-09-20 19:00:00,153.0,39.44077784325279,47.839672658137914,8.398894814885125
6254,41373,2014-09-20 20:00:00,159.0,45.44077784325279,45.554792839066124,0.11401499581333496
6255,41374,2014-09-20 21:00:00,180.0,66.44077784325279,67.57901709923462,1.13823925598183
6256,41375,2014-09-20 22:00:00,200.0,86.44077784325279,84.91834774559584,-1.522430097656951
6257,41376,2014-09-20 23:00:00,228.0,114.44077784325279,112.91834774559584,-1.522430097656951
6258,41377,2014-09-21 00:00:00,229.0,115.44077784325279,126.16340401569819,10.722626172445402
6259,41378,2014-09-21 01:00:00,200.0,135.6768507638073,101.12300638920077,-34.55384437460653
6260,41379,2014-09-21 02:00:00,146.0,81.67685076380728,47.12300638920077,-34.55384437460651
6261,41380,2014-09-21 03:00:00,133.0,68.67685076380728,33.079562147440484,-35.5972886163668
6262,41381,2014-09-21 04:00:00,125.0,60.67685076380728,25.079562147440484,-35.5972886163668
6263,41382,2014-09-21 05:00:00,79.0,14.67685076380728,20.133841810991896,5.456991047184616
6264,41383,2014-09-21 06:00:00,80.0,15.48671726755218,19.24116669035135,3.754449422799169
6265,41384,2014-09-21 07:00:00,72.0,7.6768507638072805,27.920437852559516,20.243587088752236
6266,41385,2014-09-21 08:00:00,59.0,5.3231492361927195,40.133841810991896,34.81069257479918
6267,41386,2014-09-21 09:00:00,63.0,1.3231492361927195,36.80953200901651,35.48638277282379
6268,41387,2014-09-21 10:00:00,64.0,0.3231492361927195,35.24388293117005,34.92073369497733
6269,41388,2014-09-21 11:00:00,52.0,12.32314923619272,42.05206262302136,29.728913386828637
6270,41389,2014-09-21 12:00:00,67.0,2.6768507638072805,31.37068582839096,28.69383506458368
6271,41390,2014-09-21 13:00:00,78.0,13.67685076380728,20.30279718167705,6.62594641786977
6272,41391,2014-09-21 14:00:00,89.0,24.55922215674721,15.946496338498491,-8.61272581824872
6273,41392,2014-09-21 15:00:00,88.0,25.55922215674721,21.75504055295349,-3.8041816037937224
6274,41393,2014-09-21 16:00:00,96.0,17.55922215674721,8.734147700797365,-8.825074455949846
6275,41394,2014-09-21 17:00:00,100.0,13.55922215674721,4.946496338498491,-8.61272581824872
6276,41395,2014-09-21 18:00:00,93.0,20.55922215674721,16.681778592886488,-3.877443563860723
6277,41396,2014-09-21 19:00:00,85.0,28.55922215674721,24.9568139685763,-3.6024081881709122
6278,41397,2014-09-21 20:00:00,88.0,25.55922215674721,21.9568139685763,-3.6024081881709122
6279,41398,2014-09-21 21:00:00,82.0,31.55922215674721,30.211542556203383,-1.3476796005438274
6280,41399,2014-09-21 22:00:00,80.0,33.55922215674721,29.9568139685763,-3.6024081881709122
6281,41400,2014-09-21 23:00:00,59.0,54.55922215674721,50.9568139685763,-3.6024081881709122
6282,41401,2014-09-22 00:00:00,75.0,38.55922215674721,30.014384985212416,-8.544837171534795
6283,41402,2014-09-22 01:00:00,77.0,36.55922215674721,34.38619041441855,-2.1730317423286607
6284,41403,2014-09-22 02:00:00,70.0,43.55922215674721,41.38619041441855,-2.1730317423286607
6285,41404,2014-09-22 03:00:00,80.0,33.55922215674721,30.361966154250055,-3.1972560024971557
6286,41405,2014-09-22 04:00:00,81.0,32.55922215674721,24.043688333723637,-8.515533823023574
6287,41406,2014-09-22 05:00:00,79.0,34.55922215674721,26.043688333723637,-8.515533823023574
6288,41407,2014-09-22 06:00:00,89.0,24.55922215674721,17.289675711121447,-7.269546445625764
6289,41408,2014-09-22 07:00:00,106.0,7.559222156747211,0.28967571112144697,-7.269546445625764
6290,41409,2014-09-22 08:00:00,112.0,1.5592221567472109,6.810369309626708,5.251147152879497
6291,41410,2014-09-22 09:00:00,118.0,4.440777843252789,7.638033845749945,3.1972560024971557
6292,41411,2014-09-22 10:00:00,120.0,6.440777843252789,9.638033845749945,3.1972560024971557
6293,41412,2014-09-22 11:00:00,119.0,5.440777843252789,8.783976202399629,3.3431983591468395
6294,41413,2014-09-22 12:00:00,127.0,13.44077784325279,16.78397620239963,3.3431983591468395
6295,41414,2014-09-22 13:00:00,128.0,14.44077784325279,18.0431860314237,3.6024081881709122
6296,41415,2014-09-22 14:00:00,135.0,21.44077784325279,25.0431860314237,3.6024081881709122
6297,41416,2014-09-22 15:00:00,133.0,19.44077784325279,23.0431860314237,3.6024081881709122
6298,41417,2014-09-22 16:00:00,124.0,10.44077784325279,14.043186031423701,3.6024081881709122
6299,41418,2014-09-22 17:00:00,112.0,20.865853658536594,27.381894674270157,6.516041015733563
6300,41419,2014-09-22 18:00:00,107.0,37.19384264538198,27.549041208268576,-9.6448014371134
6301,41420,2014-09-22 19:00:00,109.0,24.6159420289855,2.0197649842940706,-22.59617704469143
6302,41421,2014-09-22 20:00:00,108.0,38.19384264538198,28.991125155942484,-9.202717489439493
6303,41422,2014-09-22 21:00:00,119.0,49.19384264538198,41.2094605932604,-7.984382052121575
6304,41423,2014-09-22 22:00:00,117.0,47.19384264538198,38.78255623194062,-8.41128641344136
6305,41424,2014-09-22 23:00:00,120.0,35.6159420289855,7.95601075553742,-27.65993127344808
6306,41425,2014-09-23 00:00:00,123.0,38.6159420289855,11.98023501570593,-26.63570701327957
6307,41426,2014-09-23 01:00:00,114.0,29.6159420289855,3.3252951464680507,-26.29064688251745
6308,41427,2014-09-23 02:00:00,109.0,37.33333333333333,18.885604144201167,-18.44772918913216
6309,41428,2014-09-23 03:00:00,96.0,26.193842645381977,17.94015741400699,-8.253685231374988
6310,41429,2014-09-23 04:00:00,102.0,32.19384264538198,24.209460593260403,-7.984382052121575
6311,41430,2014-09-23 05:00:00,95.0,25.193842645381977,16.29048136678513,-8.903361278596847
6312,41431,2014-09-23 06:00:00,81.0,11.193842645381977,2.7450341053588403,-8.448808540023137
6313,41432,2014-09-23 07:00:00,73.0,3.1938426453819773,6.903828551010804,3.7099859056288267
6314,41433,2014-09-23 08:00:00,63.0,11.142857142857139,11.208755922733104,0.06589877987596537
6315,41434,2014-09-23 09:00:00,45.0,4.454545454545453,32.43994041141718,27.98539495687173
6316,41435,2014-09-23 10:00:00,51.0,23.14285714285714,33.77925574150645,10.636398598649308
6317,41436,2014-09-23 11:00:00,40.0,44.3840579710145,63.88237882023468,19.49832084922018
6318,41437,2014-09-23 12:00:00,36.0,33.80615735461802,42.753489990833856,8.947332636215833
6319,41438,2014-09-23 13:00:00,34.0,50.3840579710145,69.88237882023468,19.49832084922018
6320,41439,2014-09-23 14:00:00,24.0,60.3840579710145,80.91609911656909,20.532041145554587
6321,41440,2014-09-23 15:00:00,27.0,57.3840579710145,81.850861705022,24.4668037340075
6322,41442,2014-09-23 17:00:00,38.0,46.3840579710145,69.22093450315157,22.83687653213707
6323,41443,2014-09-23 18:00:00,42.0,42.3840579710145,66.850861705022,24.4668037340075
6324,41445,2014-09-23 20:00:00,56.0,28.3840579710145,24.512878276667863,-3.871179694346637
6325,41446,2014-09-23 21:00:00,75.0,9.3840579710145,5.77997573489327,-3.6040822361212292
6326,41447,2014-09-23 22:00:00,68.0,45.55922215674721,46.12042182827338,0.5611996715261682
6327,41448,2014-09-23 23:00:00,88.0,3.6159420289855007,0.11657858760885631,-3.4993634413766443
6328,41449,2014-09-24 00:00:00,50.0,34.3840579710145,38.241497765745805,3.857439794731306
6329,41450,2014-09-24 01:00:00,38.0,46.3840579710145,47.86526428230654,1.4812063112920413
6330,41451,2014-09-24 02:00:00,38.0,46.3840579710145,47.66098859232358,1.2769306213090772
6331,41452,2014-09-24 03:00:00,46.0,38.3840579710145,39.62558210509101,1.2415241340765135
6332,41453,2014-09-24 04:00:00,35.0,49.3840579710145,41.32004045126452,-8.064017519749981
6333,41454,2014-09-24 05:00:00,20.0,51.66666666666667,97.08061174194972,45.41394507528305
6334,41455,2014-09-24 06:00:00,9.0,104.55922215674721,107.30684468414495,2.7476225273977377
6335,41456,2014-09-24 07:00:00,11.0,96.45161290322581,78.24815920512926,-18.203453698096553
6336,41457,2014-09-24 08:00:00,17.0,52.80615735461802,62.01317271219153,9.20701535757351
6337,41458,2014-09-24 09:00:00,22.0,47.80615735461802,55.34293027389032,7.536772919272295
6338,41459,2014-09-24 10:00:00,13.0,100.55922215674721,97.36196615425006,-3.1972560024971557
6339,41460,2014-09-24 11:00:00,17.0,96.55922215674721,88.16032734186209,-8.398894814885125
6340,41461,2014-09-24 12:00:00,14.0,99.55922215674721,88.91464969423758,-10.644572462509629
6341,41462,2014-09-24 13:00:00,16.0,48.32314923619272,82.24345588623885,33.92030665004613
6342,41463,2014-09-24 14:00:00,14.0,50.32314923619272,83.33980367710913,33.01665444091641
6343,41464,2014-09-24 15:00:00,11.0,53.32314923619272,86.7342125443433,33.411063308150574
6344,41465,2014-09-24 16:00:00,10.0,54.32314923619272,84.29163705289758,29.968487816704865
6345,41466,2014-09-24 17:00:00,10.0,103.55922215674721,92.76870733758793,-10.790514819159284
6346,41467,2014-09-24 18:00:00,31.0,82.55922215674721,71.83659598430181,-10.722626172445402
6347,41468,2014-09-24 19:00:00,39.0,74.55922215674721,66.01438498521242,-8.544837171534795
6348,41469,2014-09-24 20:00:00,56.0,57.55922215674721,49.04368833372364,-8.515533823023574
6349,41470,2014-09-24 21:00:00,61.0,52.55922215674721,44.04368833372364,-8.515533823023574
6350,41471,2014-09-24 22:00:00,64.0,49.55922215674721,50.7377373228138,1.178515166066589
6351,41472,2014-09-24 23:00:00,101.0,12.55922215674721,15.306844684144949,2.7476225273977377
6352,41473,2014-09-25 00:00:00,111.0,2.559222156747211,3.5936303422782885,1.0344081855310776
6353,41474,2014-09-25 01:00:00,82.0,31.55922215674721,33.3647285223996,1.8055063656523913
6354,41475,2014-09-25 02:00:00,84.0,29.55922215674721,34.280253180414775,4.721031023667564
6355,41476,2014-09-25 03:00:00,89.0,24.55922215674721,30.979628212544313,6.420406055797102
6356,41477,2014-09-25 04:00:00,91.0,22.55922215674721,31.141256417672523,8.582034260925312
6357,41478,2014-09-25 05:00:00,81.0,14.48671726755218,33.94982201644014,19.463104748887957
6358,41479,2014-09-25 06:00:00,103.0,10.55922215674721,16.647825264416696,6.088603107669485
6359,41480,2014-09-25 07:00:00,99.0,14.55922215674721,23.198722755580917,8.639500598833706
6360,41481,2014-09-25 08:00:00,105.0,8.55922215674721,15.624198724213485,7.064976567466275
6361,41482,2014-09-25 09:00:00,121.0,7.440777843252789,9.899840158775234,2.459062315522445
6362,41483,2014-09-25 10:00:00,139.0,25.44077784325279,27.61380958558145,2.1730317423286607
6363,41484,2014-09-25 11:00:00,141.0,27.44077784325279,30.638033845749945,3.1972560024971557
6364,41485,2014-09-25 12:00:00,148.0,34.44077784325279,37.78397620239963,3.3431983591468395
6365,41486,2014-09-25 13:00:00,168.0,54.44077784325279,57.78397620239963,3.3431983591468395
6366,41487,2014-09-25 14:00:00,157.0,43.44077784325279,47.0431860314237,3.6024081881709122
6367,41488,2014-09-25 15:00:00,159.0,45.44077784325279,48.638033845749945,3.1972560024971557
6368,41489,2014-09-25 16:00:00,151.0,37.44077784325279,40.29081321811891,2.850035374866124
6369,41490,2014-09-25 17:00:00,137.0,23.44077784325279,25.539409272680956,2.098631429428167
6370,41491,2014-09-25 18:00:00,128.0,14.44077784325279,14.284680685053857,-0.1560971581989321
6371,41492,2014-09-25 19:00:00,144.0,30.44077784325279,32.539409272680956,2.098631429428167
6372,41493,2014-09-25 20:00:00,147.0,33.44077784325279,34.36924265586279,0.9284648126100024
6373,41494,2014-09-25 21:00:00,157.0,43.44077784325279,45.3934669160313,1.9526890727785116
6374,41495,2014-09-25 22:00:00,145.0,31.44077784325279,33.539409272680956,2.098631429428167
6375,41496,2014-09-25 23:00:00,74.0,39.55922215674721,31.043688333723637,-8.515533823023574
6376,41497,2014-09-26 00:00:00,60.0,53.55922215674721,45.04368833372364,-8.515533823023574
6377,41498,2014-09-26 01:00:00,75.0,38.55922215674721,32.333570620338705,-6.225651536408506
6378,41499,2014-09-26 02:00:00,86.0,27.55922215674721,21.333570620338705,-6.225651536408506
6379,41500,2014-09-26 03:00:00,87.0,26.55922215674721,21.152277857342924,-5.406944299404287
6380,41501,2014-09-26 04:00:00,99.0,14.55922215674721,8.290613948936965,-6.268608207810246
6381,41502,2014-09-26 05:00:00,96.0,17.55922215674721,18.02030554260159,0.4610833858543799
6382,41503,2014-09-26 06:00:00,107.0,6.559222156747211,7.332012537285294,0.7727903805380834
6383,41504,2014-09-26 07:00:00,111.0,2.559222156747211,3.3320125372852942,0.7727903805380834
6384,41505,2014-09-26 08:00:00,120.0,6.440777843252789,12.666429379661295,6.225651536408506
6385,41506,2014-09-26 09:00:00,121.0,7.440777843252789,15.956311666276363,8.515533823023574
6386,41507,2014-09-26 10:00:00,126.0,12.44077784325279,20.956311666276363,8.515533823023574
6387,41508,2014-09-26 11:00:00,130.0,16.44077784325279,24.956311666276363,8.515533823023574
6388,41509,2014-09-26 12:00:00,123.0,9.44077784325279,17.985615014787584,8.544837171534795
6389,41510,2014-09-26 13:00:00,129.0,15.44077784325279,23.985615014787584,8.544837171534795
6390,41511,2014-09-26 14:00:00,146.0,32.44077784325279,33.85405247492443,1.4132746316716407
6391,41512,2014-09-26 15:00:00,155.0,70.6159420289855,43.77594840983332,-26.83999361915218
6392,41513,2014-09-26 16:00:00,193.0,79.44077784325279,80.72495945588429,1.2841816126314995
6393,41514,2014-09-26 17:00:00,194.0,80.44077784325279,77.74818112877769,-2.6925967144751013
6394,41515,2014-09-26 18:00:00,203.0,133.19384264538198,125.1591349887654,-8.034707656616575
6395,41516,2014-09-26 19:00:00,217.0,147.19384264538198,138.1156597911745,-9.078182854207483
6396,41517,2014-09-26 20:00:00,219.0,149.19384264538198,141.6866595606312,-7.507183084750778
6397,41518,2014-09-26 21:00:00,196.0,82.44077784325279,78.47935044983052,-3.9614273934222695
6398,41519,2014-09-26 22:00:00,166.0,74.8658536585366,77.91543177218112,3.049578113644529
6399,41520,2014-09-26 23:00:00,149.0,79.19384264538198,70.70445962954557,-8.48938301583641
6400,41521,2014-09-27 00:00:00,119.0,5.440777843252789,1.3885252300143094,-4.05225261323848
6401,41522,2014-09-27 01:00:00,132.0,36.51328273244782,18.387647855760434,-18.125634876687386
6402,41523,2014-09-27 02:00:00,61.0,8.806157354618023,21.048408683291512,12.24225132867349
6403,41524,2014-09-27 03:00:00,9.0,60.80615735461802,68.62304198126887,7.816884626650847
6404,41525,2014-09-27 04:00:00,9.0,86.48671726755218,93.90621829541128,7.4195010278590985
6405,41526,2014-09-27 05:00:00,42.0,65.45161290322581,30.89762037099206,-34.55399253223375
6406,41527,2014-09-27 06:00:00,43.0,26.806157354618023,19.831038803601132,-6.975118551016891
6407,41528,2014-09-27 07:00:00,51.0,18.806157354618023,18.41137710685082,-0.39478024776720133
6408,41529,2014-09-27 08:00:00,28.0,41.80615735461802,45.3320546472433,3.525897292625274
6409,41530,2014-09-27 09:00:00,26.0,38.32314923619272,31.535877650582407,-6.787271585610313
6410,41531,2014-09-27 10:00:00,14.0,50.32314923619272,32.90804962666961,-17.41509960952311
6411,41532,2014-09-27 11:00:00,15.0,49.32314923619272,28.465616510655224,-20.857532725537496
6412,41533,2014-09-27 12:00:00,10.0,54.32314923619272,33.36577352720931,-20.957375708983406
6413,41534,2014-09-27 13:00:00,6.0,27.316498316498325,25.485720042342823,-1.8307782741555023
6414,41535,2014-09-27 14:00:00,10.0,23.316498316498325,29.64233910551534,6.325840789017015
6415,41536,2014-09-27 15:00:00,10.0,23.316498316498325,20.470654748390174,-2.845843568108151
6416,41537,2014-09-27 16:00:00,17.0,16.316498316498325,30.620271906580903,14.303773590082578
6417,41538,2014-09-27 17:00:00,16.0,17.316498316498325,35.35001131806664,18.033513001568316
6418,41539,2014-09-27 18:00:00,22.0,42.32314923619272,74.91424576996992,32.591096533777204
6419,41540,2014-09-27 19:00:00,32.0,63.48671726755218,67.24116669035135,3.754449422799169
6420,41541,2014-09-27 20:00:00,54.0,41.48671726755218,50.52433072003227,9.037613452480088
6421,41542,2014-09-27 21:00:00,52.0,43.48671726755218,54.22530248781885,10.738585220266671
6422,41543,2014-09-27 22:00:00,59.0,36.48671726755218,54.79493064121806,18.30821337366588
6423,41544,2014-09-27 23:00:00,59.0,36.48671726755218,43.866166340326885,7.379449072774705
6424,41545,2014-09-28 00:00:00,77.0,18.48671726755218,28.57520430560608,10.088487038053898
6425,41546,2014-09-28 01:00:00,83.0,12.48671726755218,21.411768814054,8.92505154650182
6426,41547,2014-09-28 02:00:00,83.0,12.48671726755218,20.031946693482567,7.545229425930387
6427,41548,2014-09-28 03:00:00,66.0,29.48671726755218,34.86278890663894,5.37607163908676
6428,41549,2014-09-28 04:00:00,59.0,36.48671726755218,43.11833927191479,6.631622004362612
6429,41550,2014-09-28 05:00:00,49.0,46.48671726755218,52.787934505117946,6.301217237565766
6430,41551,2014-09-28 06:00:00,58.0,37.48671726755218,48.56753251670591,11.08081524915373
6431,41552,2014-09-28 07:00:00,61.0,34.48671726755218,41.246007673704725,6.7592904061525445
6432,41553,2014-09-28 08:00:00,63.0,8.666666666666671,31.39772834605394,22.731061679387267
6433,41554,2014-09-28 09:00:00,71.0,24.48671726755218,28.24116669035135,3.754449422799169
6434,41555,2014-09-28 10:00:00,82.0,17.67685076380728,17.809532009016507,0.13268124520922697
6435,41556,2014-09-28 11:00:00,87.0,22.67685076380728,12.022935967448888,-10.653914796358393
6436,41557,2014-09-28 12:00:00,98.0,15.55922215674721,4.836595984301809,-10.722626172445402
6437,41558,2014-09-28 13:00:00,101.0,12.55922215674721,4.014384985212416,-8.544837171534795
6438,41559,2014-09-28 14:00:00,69.0,44.55922215674721,33.83659598430181,-10.722626172445402
6439,41560,2014-09-28 15:00:00,62.0,2.3231492361927195,36.37068582839096,34.04753659219824
6440,41561,2014-09-28 16:00:00,45.0,68.55922215674721,57.83659598430181,-10.722626172445402
6441,41562,2014-09-28 17:00:00,53.0,60.55922215674721,49.83659598430181,-10.722626172445402
6442,41563,2014-09-28 18:00:00,46.0,67.55922215674721,56.86589933281306,-10.693322823934153
6443,41564,2014-09-28 19:00:00,57.0,56.55922215674721,45.86589933281306,-10.693322823934153
6444,41565,2014-09-28 20:00:00,53.0,60.55922215674721,54.333570620338705,-6.225651536408506
6445,41566,2014-09-28 21:00:00,51.0,62.55922215674721,61.72491669404256,-0.8343054627046484
6446,41567,2014-09-28 22:00:00,58.0,55.55922215674721,56.6918348213662,1.1326126646189891
6447,41568,2014-09-28 23:00:00,75.0,38.55922215674721,43.57295866049776,5.01373650375055
6448,41569,2014-09-29 00:00:00,75.0,38.55922215674721,42.94327771811331,4.384055561366097
6449,41570,2014-09-29 01:00:00,79.0,34.55922215674721,39.54049177027224,4.981269613525029
6450,41571,2014-09-29 02:00:00,97.0,16.55922215674721,22.183469121635227,5.624246964888016
6451,41572,2014-09-29 03:00:00,105.0,9.51328273244782,1.7399124574504299,-7.77337027499739
6452,41573,2014-09-29 04:00:00,105.0,9.51328273244782,10.866226684256233,1.3529439518084132
6453,41574,2014-09-29 05:00:00,107.0,26.68421052631578,18.117610606739234,-8.566599919576547
6454,41575,2014-09-29 06:00:00,103.0,7.51328273244782,14.26168557691193,6.74840284446411
6455,41576,2014-09-29 07:00:00,102.0,5.451612903225808,18.39627776226294,12.944664859037132
6456,41577,2014-09-29 08:00:00,97.0,16.55922215674721,8.472058678344396,-8.087163478402815
6457,41578,2014-09-29 09:00:00,99.0,29.193842645381977,23.159498025405753,-6.034344619976224
6458,41579,2014-09-29 10:00:00,85.0,20.67685076380728,35.698767123047254,15.021916359239974
6459,41580,2014-09-29 11:00:00,77.0,12.67685076380728,36.415491807399576,23.738641043592295
6460,41581,2014-09-29 12:00:00,17.0,16.316498316498325,21.334635641419055,5.01813732492073
6461,41582,2014-09-29 13:00:00,13.0,20.316498316498325,24.24286188053037,3.9263635640320445
6462,41583,2014-09-29 14:00:00,10.0,23.316498316498325,24.438591126480567,1.1220928099822416
6463,41584,2014-09-29 15:00:00,10.0,23.316498316498325,31.694526819151065,8.37802850265274
6464,41585,2014-09-29 16:00:00,12.0,21.316498316498325,18.09434899316258,-3.2221493233357457
6465,41586,2014-09-29 17:00:00,13.0,20.316498316498325,16.249645460662283,-4.066852855836043
6466,41587,2014-09-29 18:00:00,12.0,21.316498316498325,16.65269945091918,-4.663798865579146
6467,41588,2014-09-29 19:00:00,12.0,8.285714285714285,49.65711516599271,41.37140088027842
6468,41589,2014-09-29 20:00:00,14.0,81.48671726755218,73.32434086005202,-8.162376407500162
6469,41590,2014-09-29 21:00:00,21.0,74.48671726755218,65.7472745368598,-8.739442730692375
6470,41591,2014-09-29 22:00:00,17.0,78.48671726755218,70.53897624271515,-7.947741024837029
6471,41592,2014-09-29 23:00:00,23.0,2.7142857142857153,59.280105265582904,56.56581955129719
6472,41593,2014-09-30 00:00:00,26.0,69.48671726755218,59.52309334791268,-9.963623919639502
6473,41594,2014-09-30 01:00:00,20.0,75.48671726755218,65.52309334791268,-9.963623919639502
6474,41595,2014-09-30 02:00:00,24.0,71.48671726755218,61.32124552182573,-10.16547174572645
6475,41596,2014-09-30 03:00:00,22.0,73.48671726755218,63.37535666329272,-10.11136060425946
6476,41597,2014-09-30 04:00:00,17.0,3.2857142857142847,64.62082614102222,61.335111855307936
6477,41598,2014-09-30 05:00:00,17.0,3.2857142857142847,63.98544941834061,60.69973513262632
6478,41599,2014-09-30 06:00:00,20.0,0.2857142857142847,60.98544941834061,60.69973513262632
6479,41600,2014-09-30 07:00:00,13.0,7.285714285714285,63.46804858733117,56.18233430161688
6480,41601,2014-09-30 08:00:00,18.0,2.2857142857142847,61.27649547570812,58.99078118999383
6481,41602,2014-09-30 09:00:00,15.0,5.285714285714285,64.25896430318525,58.97325001747097
6482,41603,2014-09-30 10:00:00,17.0,3.2857142857142847,59.29183880305307,56.00612451733878
6483,41604,2014-09-30 11:00:00,23.0,2.7142857142857153,53.389089420565455,50.67480370627974
6484,41605,2014-09-30 12:00:00,22.0,1.7142857142857153,42.46150217381633,40.74721645953061
6485,41606,2014-09-30 13:00:00,16.0,4.285714285714285,46.48750844817911,42.20179416246483
6486,41607,2014-09-30 14:00:00,22.0,1.7142857142857153,41.72910328239642,40.01481756811071
6487,41608,2014-09-30 15:00:00,21.0,0.7142857142857153,41.65699752946158,40.94271181517586
6488,41609,2014-09-30 16:00:00,23.0,2.7142857142857153,40.36643461767645,37.65214890339073
6489,41610,2014-09-30 17:00:00,20.0,0.2857142857142847,54.717240506052065,54.43152622033778
6490,41611,2014-09-30 18:00:00,26.0,69.48671726755218,58.18220251318661,-11.30451475436557
6491,41612,2014-09-30 19:00:00,31.0,64.48671726755218,53.61413707527498,-10.872580192277198
6492,41613,2014-09-30 20:00:00,44.0,51.48671726755218,43.21391163046087,-8.27280563709131
6493,41614,2014-09-30 21:00:00,53.0,42.48671726755218,31.195799572353806,-11.290917695198374
6494,41615,2014-09-30 22:00:00,57.0,38.48671726755218,27.754228485454533,-10.732488782097647
6495,41616,2014-09-30 23:00:00,60.0,35.48671726755218,23.927285242446303,-11.559432025105878
6496,41617,2014-10-01 00:00:00,78.0,36.400696864111495,44.668045486646406,8.26734862253491
6497,41618,2014-10-01 01:00:00,85.0,29.400696864111495,31.653245850065588,2.2525489859540926
6498,41619,2014-10-01 02:00:00,83.0,31.400696864111495,30.136510119640775,-1.2641867444707202
6499,41620,2014-10-01 03:00:00,89.0,25.400696864111495,21.85297534433286,-3.5477215197786336
6500,41621,2014-10-01 04:00:00,80.0,34.400696864111495,39.85821139398914,5.457514529877642
6501,41622,2014-10-01 05:00:00,80.0,34.400696864111495,35.98976587263577,1.5890690085242767
6502,41623,2014-10-01 06:00:00,69.0,45.400696864111495,50.7302485025085,5.329551638397007
6503,41624,2014-10-01 07:00:00,58.0,56.400696864111495,55.399204738898504,-1.001492125212991
6504,41625,2014-10-01 08:00:00,62.0,52.400696864111495,56.08505908931788,3.6843622252063852
6505,41626,2014-10-01 09:00:00,73.0,11.899999999999999,35.03150476401056,23.131504764010565
6506,41627,2014-10-01 10:00:00,77.0,2.4285714285714306,40.6728922580172,38.24432082944577
6507,41628,2014-10-01 11:00:00,90.0,39.1,0.9106802064598725,-38.18931979354013
6508,41629,2014-10-01 12:00:00,91.0,41.54545454545455,8.821852943022762,-32.723601602431785
6509,41630,2014-10-01 13:00:00,96.0,45.1,5.287982586335062,-39.81201741366494
6510,41631,2014-10-01 14:00:00,71.0,94.63636363636363,45.12525436396986,-49.51110927239377
6511,41632,2014-10-01 15:00:00,77.0,88.63636363636363,32.54318370560472,-56.09317993075891
6512,41633,2014-10-01 16:00:00,76.0,89.63636363636363,27.320468683046457,-62.31589495331717
6513,41634,2014-10-01 17:00:00,100.0,14.019607843137251,33.10163836007814,19.08203051694089
6514,41635,2014-10-01 18:00:00,100.0,14.019607843137251,45.69416367576892,31.67455583263167
6515,41636,2014-10-01 19:00:00,97.0,174.8,144.28562024572238,-30.514379754277627
6516,41637,2014-10-01 20:00:00,93.0,72.63636363636363,32.679763496632845,-39.95660013973078
6517,41638,2014-10-01 21:00:00,88.0,63.636363636363626,20.224843639630123,-43.4115199967335
6518,41639,2014-10-01 22:00:00,82.0,24.416666666666686,55.93015671576251,31.51349004909582
6519,41640,2014-10-01 23:00:00,86.0,101.77142857142857,45.37726418507535,-56.394164386353225
6520,41641,2014-10-02 00:00:00,82.0,16.272727272727266,88.02351412567842,71.75078685295115
6521,41642,2014-10-02 01:00:00,69.0,96.63636363636363,55.554884202145715,-41.08147943421791
6522,41643,2014-10-02 02:00:00,66.0,19.461538461538467,34.478780310344945,15.017241848806478
6523,41644,2014-10-02 03:00:00,59.0,106.63636363636363,50.55636394291405,-56.07999969344958
6524,41645,2014-10-02 04:00:00,62.0,103.63636363636363,46.180855186298345,-57.45550845006528
6525,41646,2014-10-02 05:00:00,73.0,6.5,10.98607852899407,4.486078528994071
6526,41647,2014-10-02 06:00:00,80.0,13.5,16.4442817632656,2.9442817632656
6527,41648,2014-10-02 07:00:00,74.0,7.5,22.13867389843663,14.638673898436629
6528,41649,2014-10-02 08:00:00,79.0,55.52191235059761,15.192642728212725,-40.329269622384885
6529,41650,2014-10-02 09:00:00,64.0,212.8,217.4146744068849,4.6146744068848875
6530,41651,2014-10-02 10:00:00,61.0,126.77142857142857,104.7745813083817,-21.996847263046874
6531,41652,2014-10-02 11:00:00,75.0,95.71428571428572,85.21587962752332,-10.498406086762401
6532,41653,2014-10-02 12:00:00,64.0,27.134146341463406,99.30601036337575,72.17186402191234
6533,41654,2014-10-02 13:00:00,39.0,131.71428571428572,95.62128629574136,-36.092999418544366
6534,41655,2014-10-02 14:00:00,31.0,315.8,241.26604912896306,-74.53395087103695
6535,41656,2014-10-02 15:00:00,27.0,139.21428571428572,196.13820617491533,56.9239204606296
6536,41657,2014-10-02 16:00:00,21.0,227.0769230769231,213.79437908180248,-13.28254399512062
6537,41658,2014-10-02 17:00:00,27.0,221.0769230769231,208.3980208807993,-12.6789021961238
6538,41659,2014-10-02 18:00:00,33.0,215.0769230769231,247.57317266250203,32.49624958557894
6539,41660,2014-10-02 19:00:00,60.0,238.8888888888889,224.29812037122065,-14.590768517668266
6540,41661,2014-10-02 20:00:00,79.0,298.86666666666673,255.48175955550965,-43.38490711115708
6541,41662,2014-10-02 21:00:00,93.0,276.29411764705884,221.19577893612131,-55.098338710937526
6542,41663,2014-10-02 22:00:00,129.0,82.05405405405412,141.90126779505312,59.847213740998995
6543,41664,2014-10-02 23:00:00,132.0,79.05405405405412,149.45041180734125,70.39635775328713
6544,41665,2014-10-03 00:00:00,121.0,90.05405405405412,175.08460208793207,85.03054803387795
6545,41666,2014-10-03 01:00:00,115.0,175.06666666666666,143.301618338109,-31.76504832855767
6546,41667,2014-10-03 02:00:00,113.0,96.55555555555557,193.3331007226921,96.77754516713654
6547,41668,2014-10-03 03:00:00,135.0,104.94736842105263,203.9901995350644,99.04283111401176
6548,41669,2014-10-03 04:00:00,115.0,175.06666666666666,135.81375627751385,-39.25291038915282
6549,41670,2014-10-03 05:00:00,149.0,62.05405405405412,141.25550643500384,79.20145238094972
6550,41671,2014-10-03 06:00:00,109.0,156.15384615384613,152.35690619423656,-3.796939959609574
6551,41672,2014-10-03 07:00:00,73.0,114.77142857142857,160.99261869031685,46.22119011888827
6552,41673,2014-10-03 08:00:00,57.0,170.53333333333333,150.29712636539398,-20.236206967939353
6553,41674,2014-10-03 09:00:00,53.0,158.05405405405412,177.48519220469598,19.431138150641857
6554,41675,2014-10-03 10:00:00,59.0,128.77142857142857,134.63419287689186,5.862764305463287
6555,41676,2014-10-03 11:00:00,57.0,90.5625,120.19996219510983,29.637462195109833
6556,41677,2014-10-03 12:00:00,84.0,127.05405405405412,144.03996012906208,16.98590607500796
6557,41678,2014-10-03 13:00:00,91.0,105.0,208.33718735916733,103.33718735916733
6558,41679,2014-10-03 14:00:00,133.0,165.8888888888889,163.1518808374605,-2.737008051428404
6559,41680,2014-10-03 15:00:00,172.0,126.88888888888891,84.08601433353505,-42.80287455535387
6560,41681,2014-10-03 16:00:00,182.0,116.88888888888891,92.62480245324213,-24.26408643564679
6561,41682,2014-10-03 17:00:00,201.0,97.88888888888891,108.56002854640968,10.671139657520769
6562,41683,2014-10-03 18:00:00,207.0,57.292682926829286,112.13811415676702,54.84543122993773
6563,41684,2014-10-03 19:00:00,199.0,65.29268292682929,116.86768819081328,51.575005263983996
6564,41685,2014-10-03 20:00:00,177.0,87.29268292682929,135.64088011000524,48.348197183175955
6565,41686,2014-10-03 21:00:00,161.0,57.230769230769226,67.82873382804382,10.597964597274597
6566,41687,2014-10-03 22:00:00,156.0,62.230769230769226,61.00856308858468,-1.2222061421845467
6567,41688,2014-10-03 23:00:00,152.0,66.23076923076923,71.14409716966281,4.9133279388935875
6568,41689,2014-10-04 00:00:00,130.0,239.29411764705884,59.300639101163455,-179.99347854589539
6569,41690,2014-10-04 01:00:00,94.0,275.29411764705884,58.45679855426633,-216.8373190927925
6570,41691,2014-10-04 02:00:00,81.0,288.29411764705884,51.86715859018088,-236.42695905687796
6571,41692,2014-10-04 03:00:00,81.0,288.29411764705884,47.83264399248284,-240.461473654576
6572,41693,2014-10-04 04:00:00,78.0,291.29411764705884,44.39078312468688,-246.90333452237195
6573,41694,2014-10-04 05:00:00,69.0,308.86666666666673,76.09662654607524,-232.7700401205915
6574,41695,2014-10-04 06:00:00,59.0,269.8333333333333,176.1336249631585,-93.69970837017482
6575,41696,2014-10-04 07:00:00,55.0,273.8333333333333,207.05475866607054,-66.77857466726277
6576,41697,2014-10-04 08:00:00,54.0,274.8333333333333,212.55403752389685,-62.27929580943646
6577,41698,2014-10-04 09:00:00,58.0,270.8333333333333,208.75323041380602,-62.08010291952729
6578,41699,2014-10-04 10:00:00,61.0,140.2,164.3469797052956,24.14697970529562
6579,41700,2014-10-04 11:00:00,75.0,143.23076923076923,147.8268970301833,4.596127799414063
6580,41701,2014-10-04 12:00:00,78.0,162.0909090909091,148.4891929105745,-13.601716180334591
6581,41702,2014-10-04 13:00:00,97.0,143.0909090909091,134.3648682412072,-8.726040849701889
6582,41703,2014-10-04 14:00:00,105.0,113.23076923076923,130.79124724888496,17.56047801811573
6583,41704,2014-10-04 15:00:00,103.0,115.23076923076923,129.4572502480632,14.226481017293963
6584,41705,2014-10-04 16:00:00,100.0,140.0909090909091,123.31117499926395,-16.77973409164514
6585,41706,2014-10-04 17:00:00,107.0,111.23076923076923,121.88063192460746,10.64986269383823
6586,41707,2014-10-04 18:00:00,109.0,61.099999999999994,110.34659465885082,49.246594658850825
6587,41708,2014-10-04 19:00:00,116.0,54.099999999999994,102.39323565437059,48.29323565437059
6588,41709,2014-10-04 20:00:00,112.0,58.099999999999994,109.21937700600611,51.11937700600612
6589,41710,2014-10-04 21:00:00,101.0,227.83333333333331,119.27360674834614,-108.55972658498717
6590,41711,2014-10-04 22:00:00,80.0,248.83333333333331,154.78264957589852,-94.0506837574348
6591,41712,2014-10-04 23:00:00,77.0,183.0,171.4628256441584,-11.537174355841586
6592,41713,2014-10-05 00:00:00,79.0,156.5,176.06592310388714,19.565923103887144
6593,41714,2014-10-05 01:00:00,86.0,174.0,167.9470792460693,-6.052920753930692
6594,41715,2014-10-05 02:00:00,72.0,167.94736842105263,176.57143029914045,8.624061878087815
6595,41716,2014-10-05 03:00:00,70.0,139.55555555555557,178.6464516382513,39.090896082695735
6596,41717,2014-10-05 04:00:00,64.0,145.55555555555557,196.5498516051295,50.99429604957393
6597,41718,2014-10-05 05:00:00,67.0,141.05882352941174,107.71246365668947,-33.346359872722275
6598,41719,2014-10-05 06:00:00,63.0,202.15384615384613,119.64982602405067,-82.50402012979546
6599,41720,2014-10-05 07:00:00,54.0,97.88,83.77866361367515,-14.101336386324846
6600,41721,2014-10-05 08:00:00,50.0,20.272727272727266,38.14991754352583,17.877190270798565
6601,41722,2014-10-05 09:00:00,21.0,49.272727272727266,56.455630714657815,7.182903441930549
6602,41723,2014-10-05 10:00:00,11.0,21.725490196078432,20.79768160191228,-0.9278085941661516
6603,41724,2014-10-05 11:00:00,10.0,22.725490196078432,20.610678048342,-2.1148121477364334
6604,41725,2014-10-05 12:00:00,8.0,24.725490196078432,28.571664453287703,3.8461742572092703
6605,41726,2014-10-05 13:00:00,7.0,25.725490196078432,25.42682154662746,-0.29866864945097404
6606,41727,2014-10-05 14:00:00,10.0,22.725490196078432,16.389449293195874,-6.336040902882559
6607,41728,2014-10-05 15:00:00,12.0,27.846153846153854,34.19383487257365,6.347681026419799
6608,41729,2014-10-05 16:00:00,8.0,31.846153846153854,37.934426415306426,6.088272569152572
6609,41730,2014-10-05 17:00:00,6.0,33.846153846153854,38.76413224423004,4.917978398076187
6610,41731,2014-10-05 18:00:00,11.0,28.846153846153854,63.85416901379013,35.00801516763627
6611,41732,2014-10-05 19:00:00,17.0,155.078947368421,85.22276181818884,-69.85618555023217
6612,41733,2014-10-05 20:00:00,22.0,147.0909090909091,84.21626115051343,-62.87464794039566
6613,41734,2014-10-05 21:00:00,27.0,87.4006968641115,81.92241530907843,-5.478281555033064
6614,41735,2014-10-05 22:00:00,43.0,126.0909090909091,97.45069362271994,-28.640215468189155
6615,41736,2014-10-05 23:00:00,34.0,80.4006968641115,70.43133680346868,-9.969360060642813
6616,41737,2014-10-06 00:00:00,39.0,75.4006968641115,75.37261234116743,-0.028084522944070045
6617,41738,2014-10-06 01:00:00,32.0,53.76470588235293,63.41010798059128,9.64540209823835
6618,41739,2014-10-06 02:00:00,28.0,86.4006968641115,86.04147259960888,-0.3592242645026147
6619,41740,2014-10-06 03:00:00,28.0,110.75,50.410892307489306,-60.339107692510694
6620,41741,2014-10-06 04:00:00,22.0,92.4006968641115,96.08560849282371,3.6849116287122143
6621,41742,2014-10-06 05:00:00,27.0,58.76470588235293,58.50621325689079,-0.25849262546213936
6622,41743,2014-10-06 06:00:00,22.0,50.19230769230771,51.986979213143755,1.7946715208360473
6623,41744,2014-10-06 07:00:00,22.0,116.75,54.86564306032241,-61.88435693967759
6624,41745,2014-10-06 08:00:00,25.0,113.75,74.26668993104131,-39.48331006895869
6625,41746,2014-10-06 09:00:00,21.0,49.272727272727266,22.420941973553546,-26.85178529917372
6626,41747,2014-10-06 10:00:00,22.0,27.454545454545453,67.05938382427101,39.604838369725556
6627,41748,2014-10-06 11:00:00,18.0,47.31818181818181,46.699985240531646,-0.618196577650167
6628,41749,2014-10-06 12:00:00,18.0,72.4,31.887186468759396,-40.51281353124061
6629,41750,2014-10-06 13:00:00,22.0,38.78947368421053,28.620976276277005,-10.168497407933522
6630,41751,2014-10-06 14:00:00,20.0,22.4375,32.695566769864676,10.258066769864676
6631,41752,2014-10-06 15:00:00,25.0,17.4375,24.158852906693028,6.721352906693028
6632,41753,2014-10-06 16:00:00,22.0,20.4375,34.94529622402301,14.50779622402301
6633,41754,2014-10-06 17:00:00,25.0,114.5263157894737,61.12371871031313,-53.40259707916057
6634,41755,2014-10-06 18:00:00,33.0,143.4,84.5178407642588,-58.8821592357412
6635,41756,2014-10-06 19:00:00,50.0,76.2608695652174,78.12455926304494,1.8636896978275388
6636,41757,2014-10-06 20:00:00,61.0,111.07894736842101,82.19738031984042,-28.881567048580592
6637,41758,2014-10-06 21:00:00,74.0,40.400696864111495,49.67656088837684,9.275864024265346
6638,41759,2014-10-06 22:00:00,79.0,35.400696864111495,39.52764076101326,4.126943896901764
6639,41760,2014-10-06 23:00:00,77.0,37.400696864111495,51.259014178222856,13.85831731411136
6640,41761,2014-10-07 00:00:00,91.0,23.400696864111495,34.55099246302916,11.150295598917666
6641,41762,2014-10-07 01:00:00,94.0,20.400696864111495,30.669556565593282,10.268859701481787
6642,41763,2014-10-07 02:00:00,107.0,7.400696864111495,13.87486536396959,6.474168499858095
6643,41764,2014-10-07 03:00:00,114.0,0.4006968641114952,4.928952431202788,4.528255567091293
6644,41765,2014-10-07 04:00:00,104.0,23.733333333333334,3.991783289095153,-19.74155004423818
6645,41766,2014-10-07 05:00:00,93.0,12.733333333333334,22.871295660547702,10.137962327214368
6646,41767,2014-10-07 06:00:00,85.0,15.204545454545453,18.138258193937943,2.93371273939249
6647,41768,2014-10-07 07:00:00,75.0,39.400696864111495,50.11277465418215,10.712077790070651
6648,41769,2014-10-07 08:00:00,75.0,5.204545454545453,30.104130184434922,24.89958472988947
6649,41770,2014-10-07 09:00:00,66.0,48.400696864111495,40.451492408069996,-7.9492044560415
6650,41771,2014-10-07 10:00:00,66.0,16.545454545454547,25.03700625452649,8.491551709071942
6651,41772,2014-10-07 11:00:00,82.0,4.525000000000006,16.475921001710873,11.950921001710867
6652,41773,2014-10-07 12:00:00,104.0,38.68181818181819,25.232580238164502,-13.449237943653685
6653,41774,2014-10-07 13:00:00,118.0,52.68181818181819,43.90678063430272,-8.775037547515467
6654,41775,2014-10-07 14:00:00,140.0,74.68181818181819,62.22624460309066,-12.455573578727524
6655,41776,2014-10-07 15:00:00,158.0,47.08,70.77183497153044,23.69183497153044
6656,41777,2014-10-07 16:00:00,179.0,68.08,71.19711353945151,3.117113539451509
6657,41778,2014-10-07 17:00:00,182.0,55.739130434782595,74.69837314599094,18.959242711208347
6658,41779,2014-10-07 18:00:00,189.0,41.4375,51.273277489471496,9.835777489471496
6659,41780,2014-10-07 19:00:00,220.0,8.94594594594588,0.21330947301319725,-8.732636472932683
6660,41781,2014-10-07 20:00:00,245.0,15.0,7.07253834613536,-7.92746165386464
6661,41782,2014-10-07 21:00:00,255.0,45.44444444444443,25.647616461636858,-19.79682798280757
6662,41783,2014-10-07 22:00:00,284.0,44.05263157894737,74.53849897254383,30.485867393596465
6663,41784,2014-10-07 23:00:00,326.0,35.93333333333334,87.51361145161911,51.580278118285776
6664,41785,2014-10-08 00:00:00,301.0,10.933333333333337,51.98518621853677,41.05185288520343
6665,41786,2014-10-08 01:00:00,289.0,1.0666666666666629,35.73555139910218,34.668884732435515
6666,41787,2014-10-08 02:00:00,269.0,21.066666666666663,5.903804671491116,-15.162861995175547
6667,41788,2014-10-08 03:00:00,249.0,61.22857142857143,99.39438845682085,38.16581702824942
6668,41789,2014-10-08 04:00:00,232.0,44.22857142857143,36.046798159291114,-8.181773269280313
6669,41790,2014-10-08 05:00:00,222.0,56.363636363636374,79.99811189112896,23.634475527492583
6670,41791,2014-10-08 06:00:00,217.0,65.12,60.002493756187135,-5.117506243812869
6671,41792,2014-10-08 07:00:00,215.0,50.15384615384613,5.544402349879846,-44.609443803966286
6672,41793,2014-10-08 08:00:00,243.0,55.22857142857143,54.40349524524697,-0.8250761833244553
6673,41794,2014-10-08 09:00:00,224.0,3.5333333333333314,31.183504188797997,27.650170855464665
6674,41795,2014-10-08 10:00:00,236.0,88.4375,86.40233806353638,-2.0351619364636235
6675,41796,2014-10-08 11:00:00,256.0,108.4375,74.52061624748157,-33.91688375251843
6676,41797,2014-10-08 12:00:00,272.0,60.94594594594588,51.59669309385657,-9.349252852089307
6677,41798,2014-10-08 13:00:00,266.0,99.78571428571428,47.02169585549126,-52.76401843022302
6678,41799,2014-10-08 14:00:00,280.0,61.769230769230774,41.00561303938969,-20.763617729841087
6679,41800,2014-10-08 15:00:00,320.0,21.111111111111086,56.44600240335774,35.33489129224665
6680,41801,2014-10-08 16:00:00,364.0,99.70731707317071,115.95413894469559,16.246821871524872
6681,41802,2014-10-08 17:00:00,383.0,118.70731707317071,139.21148935028708,20.504172277116368
6682,41803,2014-10-08 18:00:00,402.0,137.7073170731707,80.1143535795095,-57.592963493661216
6683,41804,2014-10-08 19:00:00,396.0,177.76923076923077,173.57830326514832,-4.1909275040824525
6684,41805,2014-10-08 20:00:00,419.0,178.9090909090909,183.66188952200199,4.752798612911079
6685,41806,2014-10-08 21:00:00,432.0,191.9090909090909,207.94228000134706,16.03318909225615
6686,41807,2014-10-08 22:00:00,432.0,191.9090909090909,206.73112262039467,14.822031711303765
6687,41808,2014-10-08 23:00:00,406.0,187.76923076923077,174.74670231739086,-13.022528451839918
6688,41809,2014-10-09 00:00:00,388.0,176.94594594594588,159.29290685901586,-17.653039086930022
6689,41810,2014-10-09 01:00:00,368.0,128.05263157894737,118.3521209398751,-9.700510639072263
6690,41811,2014-10-09 02:00:00,355.0,95.0,106.22701831352245,11.22701831352245
6691,41812,2014-10-09 03:00:00,349.0,89.0,103.54229336092712,14.542293360927118
6692,41813,2014-10-09 04:00:00,353.0,143.44444444444443,121.53140434414595,-21.913040100298474
6693,41814,2014-10-09 05:00:00,345.0,135.44444444444443,118.52746682691327,-16.91697761753116
6694,41815,2014-10-09 06:00:00,341.0,75.84615384615387,124.56688478297818,48.72073093682431
6695,41816,2014-10-09 07:00:00,337.0,97.05263157894737,119.47703954178391,22.42440796283654
6696,41817,2014-10-09 08:00:00,342.0,76.84615384615387,86.84857887396785,10.002425027813985
6697,41818,2014-10-09 09:00:00,342.0,106.5,112.47999442407001,5.979994424070014
6698,41819,2014-10-09 10:00:00,334.0,98.5,114.37714050976098,15.877140509760977
6699,41820,2014-10-09 11:00:00,337.0,135.8,125.83604587428084,-9.96395412571917
6700,41821,2014-10-09 12:00:00,343.0,102.9090909090909,117.24656179461144,14.337470885520531
6701,41822,2014-10-09 13:00:00,350.0,131.76923076923077,119.84283235610425,-11.92639841312652
6702,41823,2014-10-09 14:00:00,364.0,145.76923076923077,83.05025981439508,-62.7189709548357
6703,41824,2014-10-09 15:00:00,373.0,154.76923076923077,87.00511644974654,-67.76411431948424
6704,41825,2014-10-09 16:00:00,385.0,144.9090909090909,124.9562635154503,-19.952827393640604
6705,41826,2014-10-09 17:00:00,398.0,179.76923076923077,136.15327656088436,-43.61595420834641
6706,41827,2014-10-09 18:00:00,430.0,211.76923076923077,139.7414708072415,-72.02775996198926
6707,41828,2014-10-09 19:00:00,442.0,223.76923076923077,172.17301664403402,-51.59621412519675
6708,41829,2014-10-09 20:00:00,443.0,177.84615384615387,205.62758760950612,27.781433763352254
6709,41830,2014-10-09 21:00:00,438.0,172.84615384615387,199.375595639111,26.52944179295713
6710,41831,2014-10-09 22:00:00,420.0,184.5,190.67898149399,6.178981493989994
6711,41832,2014-10-09 23:00:00,454.0,252.8,244.86389457613987,-7.936105423860141
6712,41833,2014-10-10 00:00:00,430.0,228.8,203.89309705376243,-24.90690294623758
6713,41834,2014-10-10 01:00:00,396.0,322.75,179.57172065819213,-143.17827934180787
6714,41835,2014-10-10 02:00:00,386.0,150.5,155.14242657966338,4.642426579663379
6715,41836,2014-10-10 03:00:00,375.0,135.05263157894737,128.82799530027137,-6.224636278676002
6716,41837,2014-10-10 04:00:00,344.0,84.0,91.40769422320881,7.407694223208807
6717,41838,2014-10-10 05:00:00,348.0,108.05263157894737,97.35227329571575,-10.700358283231623
6718,41839,2014-10-10 06:00:00,338.0,72.84615384615387,127.78736052673545,54.94120668058159
6719,41840,2014-10-10 07:00:00,319.0,83.5,66.98156000756578,-16.518439992434224
6720,41841,2014-10-10 08:00:00,324.0,88.5,101.23474755030097,12.734747550300966
6721,41842,2014-10-10 09:00:00,323.0,121.80000000000001,93.25863483954441,-28.541365160455598
6722,41843,2014-10-10 10:00:00,331.0,129.8,69.86950724194685,-59.93049275805316
6723,41844,2014-10-10 11:00:00,332.0,161.9,71.14569197573553,-90.75430802426447
6724,41845,2014-10-10 12:00:00,328.0,92.5,63.64762203764917,-28.85237796235083
6725,41846,2014-10-10 13:00:00,310.0,139.9,23.300357193812545,-116.59964280618746
6726,41847,2014-10-10 14:00:00,298.0,127.9,6.876347320644754,-121.02365267935525
6727,41848,2014-10-10 15:00:00,267.0,61.833333333333314,24.30256944802113,-37.53076388531218
6728,41849,2014-10-10 16:00:00,261.0,67.83333333333331,44.592510692298106,-23.24082264103521
6729,41850,2014-10-10 17:00:00,243.0,85.83333333333331,63.3305762037636,-22.502757129569716
6730,41851,2014-10-10 18:00:00,263.0,22.909090909090907,37.234619073690794,14.325528164599888
6731,41852,2014-10-10 19:00:00,302.0,100.80000000000001,9.269995476120698,-91.53000452387931
6732,41853,2014-10-10 20:00:00,331.0,160.9,15.809429654726046,-145.09057034527396
6733,41854,2014-10-10 21:00:00,330.0,159.9,30.25431372802018,-129.64568627197983
6734,41855,2014-10-10 22:00:00,308.0,72.5,87.77656217982295,15.276562179822946
6735,41856,2014-10-10 23:00:00,322.0,120.80000000000001,115.40634338624943,-5.393656613750579
6736,41857,2014-10-11 00:00:00,328.0,92.5,103.85861904413068,11.358619044130677
6737,41858,2014-10-11 01:00:00,303.0,132.9,14.508962997823176,-118.39103700217683
6738,41859,2014-10-11 02:00:00,290.0,54.5,60.22547201843474,5.725472018434743
6739,41860,2014-10-11 03:00:00,317.0,115.80000000000001,120.9707547096701,5.170754709670092
6740,41861,2014-10-11 04:00:00,314.0,112.80000000000001,91.45926491791991,-21.3407350820801
6741,41862,2014-10-11 05:00:00,269.0,98.9,38.89018130919089,-60.00981869080911
6742,41863,2014-10-11 06:00:00,204.0,31.5,82.19382496158971,50.69382496158971
6743,41864,2014-10-11 07:00:00,217.0,15.800000000000011,79.08548354676344,63.28548354676343
6744,41865,2014-10-11 08:00:00,202.0,31.900000000000006,92.45203736527196,60.55203736527196
6745,41866,2014-10-11 09:00:00,196.0,25.900000000000006,100.2652195781572,74.3652195781572
6746,41867,2014-10-11 10:00:00,230.0,59.900000000000006,64.33632045535006,4.436320455350057
6747,41868,2014-10-11 11:00:00,256.0,72.83333333333331,40.6221435985633,-32.21118973477002
6748,41869,2014-10-11 12:00:00,246.0,82.83333333333331,73.93440671468517,-8.898926618648147
6749,41870,2014-10-11 13:00:00,243.0,2.9090909090909065,21.26630006421172,18.357209155120813
6750,41871,2014-10-11 14:00:00,237.0,35.80000000000001,44.07409940991556,8.27409940991555
6751,41872,2014-10-11 15:00:00,233.0,141.8658536585366,14.44394807273602,-127.42190558580057
6752,41873,2014-10-11 16:00:00,239.0,11.466666666666669,0.5926048592809536,-10.874061807385715
6753,41874,2014-10-11 17:00:00,253.0,25.46666666666667,29.865493638239172,4.398826971572504
6754,41875,2014-10-11 18:00:00,108.0,75.27450980392157,62.74449207326334,-12.530017730658237
6755,41876,2014-10-11 19:00:00,21.0,11.725490196078432,16.40430786305653,4.678817666978098
6756,41877,2014-10-11 20:00:00,18.0,14.725490196078432,15.624451192084734,0.8989609960063021
6757,41878,2014-10-11 21:00:00,5.0,27.725490196078432,25.683505681944407,-2.0419845141340254
6758,41879,2014-10-11 22:00:00,6.0,14.272727272727273,20.447778501371776,6.175051228644502
6759,41880,2014-10-11 23:00:00,7.0,5.684210526315789,14.674577622441568,8.990367096125778
6760,41881,2014-10-12 00:00:00,8.0,24.185185185185176,16.088625470287976,-8.0965597148972
6761,41882,2014-10-12 01:00:00,5.0,17.0,20.53623177081493,3.536231770814929
6762,41883,2014-10-12 02:00:00,7.0,15.0,19.183998975339012,4.183998975339012
6763,41884,2014-10-12 03:00:00,9.0,105.4006968641115,93.50811739849716,-11.892579465614332
6764,41885,2014-10-12 04:00:00,9.0,61.272727272727266,91.2327755134014,29.96004824067414
6765,41886,2014-10-12 05:00:00,9.0,61.272727272727266,90.39836527570186,29.125638002974597
6766,41887,2014-10-12 06:00:00,8.0,62.272727272727266,36.71754645760242,-25.55518081512485
6767,41888,2014-10-12 07:00:00,7.0,25.725490196078432,26.52368827579639,0.798198079717956
6768,41889,2014-10-12 08:00:00,4.0,81.98039215686275,42.46985710830885,-39.5105350485539
6769,41890,2014-10-12 09:00:00,3.0,46.45454545454545,79.22500500295901,32.770459548413555
6770,41891,2014-10-12 10:00:00,4.0,21.4,45.092153457860746,23.692153457860748
6771,41892,2014-10-12 11:00:00,6.0,22.07142857142857,45.20754884862586,23.136120277197293
6772,41893,2014-10-12 12:00:00,3.0,22.4,33.90219690614771,11.50219690614771
6773,41894,2014-10-12 13:00:00,5.0,59.83333333333333,24.633739827895266,-35.19959350543806
6774,41895,2014-10-12 14:00:00,6.0,28.473429951690825,26.28786830699738,-2.1855616446934434
6775,41896,2014-10-12 15:00:00,6.0,28.473429951690825,25.760577041899275,-2.7128529097915504
6776,41897,2014-10-12 16:00:00,4.0,30.473429951690825,28.315374269953878,-2.158055681736947
6777,41898,2014-10-12 17:00:00,7.0,25.725490196078432,27.00359086273388,1.2781006666554475
6778,41899,2014-10-12 18:00:00,6.0,26.725490196078432,28.214371285663425,1.4888810895849929
6779,41900,2014-10-12 19:00:00,7.0,78.98039215686275,41.348592221970094,-37.631799934892655
6780,41901,2014-10-12 20:00:00,13.0,72.98039215686275,33.337140668927795,-39.643251487934954
6781,41902,2014-10-12 21:00:00,8.0,77.98039215686275,41.2756420975383,-36.70475005932445
6782,41903,2014-10-12 22:00:00,10.0,75.98039215686275,27.51751550509117,-48.46287665177158
6783,41904,2014-10-12 23:00:00,10.0,10.272727272727273,19.3668736631519,9.094146390424626
6784,41905,2014-10-13 00:00:00,7.0,13.272727272727273,22.843114618236772,9.570387345509499
6785,41906,2014-10-13 01:00:00,5.0,7.684210526315789,20.08667413883896,12.402463612523169
6786,41907,2014-10-13 02:00:00,3.0,9.68421052631579,21.929077895873032,12.244867369557243
6787,41908,2014-10-13 03:00:00,3.0,9.68421052631579,26.64734027906432,16.96312975274853
6788,41909,2014-10-13 04:00:00,7.0,5.684210526315789,23.5721977212732,17.88798719495741
6789,41910,2014-10-13 05:00:00,9.0,16.47368421052632,37.36808573170331,20.89440152117699
6790,41911,2014-10-13 06:00:00,7.0,57.92857142857143,53.417068468602594,-4.511502959968837
6791,41912,2014-10-13 07:00:00,5.0,59.92857142857143,50.08529293982487,-9.843278488746563
6792,41913,2014-10-13 08:00:00,5.0,29.473429951690825,32.996202826312114,3.522772874621289
6793,41914,2014-10-13 09:00:00,7.0,27.473429951690825,24.656044939579647,-2.8173850121111776
6794,41915,2014-10-13 10:00:00,9.0,25.473429951690825,22.451427748897,-3.022002202793825
6795,41916,2014-10-13 11:00:00,8.0,77.98039215686275,29.855236648280474,-48.125155508582274
6796,41917,2014-10-13 12:00:00,9.0,23.725490196078432,27.822495185341978,4.097004989263546
6797,41918,2014-10-13 13:00:00,9.0,23.725490196078432,21.580313753487406,-2.1451764425910262
6798,41919,2014-10-13 14:00:00,8.0,11.80952380952381,16.939296076680765,5.129772267156955
6799,41920,2014-10-13 15:00:00,10.0,9.80952380952381,14.480767313864263,4.6712435043404525
6800,41921,2014-10-13 16:00:00,10.0,14.052631578947373,17.704100832288518,3.651469253341144
6801,41922,2014-10-13 17:00:00,8.0,31.272727272727273,37.362059908676045,6.089332635948772
6802,41923,2014-10-13 18:00:00,13.0,44.89473684210525,92.42265918374628,47.52792234164102
6803,41924,2014-10-13 19:00:00,24.0,33.89473684210525,83.23866458979036,49.34392774768511
6804,41925,2014-10-13 20:00:00,35.0,22.894736842105253,80.9715387494173,58.07680190731205
6805,41926,2014-10-13 21:00:00,35.0,79.4006968641115,82.45184264053837,3.0511457764268783
6806,41927,2014-10-13 22:00:00,51.0,165.88888888888889,73.84058705307169,-92.0483018358172
6807,41928,2014-10-13 23:00:00,59.0,88.5,76.72276484252745,-11.777235157472546
6808,41929,2014-10-14 00:00:00,61.0,155.88888888888889,70.860030214371,-85.02885867451789
6809,41930,2014-10-14 01:00:00,47.0,169.88888888888889,101.5585298086987,-68.33035908019019
6810,41931,2014-10-14 02:00:00,42.0,9.363636363636367,90.69107910639678,81.32744274276041
6811,41932,2014-10-14 03:00:00,45.0,12.363636363636367,66.82292935937193,54.45929299573556
6812,41933,2014-10-14 04:00:00,47.0,14.363636363636367,44.33450106777019,29.970864704133824
6813,41934,2014-10-14 05:00:00,33.0,0.36363636363636687,46.28005222142845,45.91641585779208
6814,41935,2014-10-14 06:00:00,20.0,12.636363636363633,70.096084761325,57.45972112496137
6815,41936,2014-10-14 07:00:00,25.0,7.636363636363633,70.87512616729063,63.238762530927
6816,41937,2014-10-14 08:00:00,22.0,12.473429951690825,22.204904519756795,9.73147456806597
6817,41938,2014-10-14 09:00:00,17.0,17.473429951690825,23.189247905292454,5.715817953601629
6818,41939,2014-10-14 10:00:00,26.0,27.923076923076927,31.71264460560549,3.7895676825285634
6819,41940,2014-10-14 11:00:00,28.0,62.400000000000006,65.36524299070005,2.965242990700048
6820,41941,2014-10-14 12:00:00,31.0,11.4375,23.940313902198774,12.502813902198774
6821,41942,2014-10-14 13:00:00,46.0,19.0,4.639032933646938,-14.360967066353062
6822,41943,2014-10-14 14:00:00,49.0,6.5625,0.06989533430239447,-6.4926046656976055
6823,41944,2014-10-14 15:00:00,37.0,5.4375,12.016997874020078,6.579497874020078
6824,41945,2014-10-14 16:00:00,31.0,25.633333333333333,18.336715093731613,-7.29661823960172
6825,41946,2014-10-14 17:00:00,31.0,11.4375,21.45688778317485,10.01938778317485
6826,41947,2014-10-14 18:00:00,54.0,11.5625,4.9491607954968515,-6.6133392045031485
6827,41948,2014-10-14 19:00:00,67.0,28.64285714285714,11.587526145803693,-17.055330997053446
6828,41949,2014-10-14 20:00:00,75.0,20.64285714285714,27.92385287086546,7.280995728008321
6829,41950,2014-10-14 21:00:00,88.0,32.125,2.2292977184337985,-29.8957022815662
6830,41951,2014-10-14 22:00:00,114.0,0.4006968641114952,0.5365122682506325,0.13581540413913729
6831,41952,2014-10-14 23:00:00,128.0,13.599303135888505,9.741449383790354,-3.8578537520981513
6832,41953,2014-10-15 00:00:00,141.0,26.599303135888505,22.195408723563517,-4.403894412324988
6833,41954,2014-10-15 01:00:00,149.0,34.599303135888505,29.26236875181992,-5.336934384068584
6834,41955,2014-10-15 02:00:00,149.0,68.91666666666663,29.152705551351005,-39.763961115315624
6835,41956,2014-10-15 03:00:00,125.0,27.055555555555557,2.8476066041528725,-24.207948951402685
6836,41957,2014-10-15 04:00:00,92.0,5.944444444444443,29.76225254257716,23.817808098132716
6837,41958,2014-10-15 05:00:00,110.0,12.055555555555557,8.235854703207366,-3.8197008523481912
6838,41959,2014-10-15 06:00:00,89.0,44.0,56.56183078984881,12.561830789848813
6839,41960,2014-10-15 07:00:00,84.0,30.400696864111495,36.29562016209809,5.894923297986594
6840,41961,2014-10-15 08:00:00,95.0,25.204545454545453,0.20031650760547848,-25.004228946939975
6841,41962,2014-10-15 09:00:00,62.0,52.400696864111495,40.028889382485644,-12.37180748162585
6842,41963,2014-10-15 10:00:00,23.0,11.473429951690825,5.0510376127600765,-6.422392338930749
6843,41964,2014-10-15 11:00:00,11.0,21.725490196078432,14.89347963171484,-6.832010564363593
6844,41965,2014-10-15 12:00:00,13.0,19.725490196078432,10.11688807051517,-9.608602125563262
6845,41966,2014-10-15 13:00:00,9.0,23.725490196078432,13.166099442916664,-10.559390753161768
6846,41967,2014-10-15 14:00:00,12.0,0.6842105263157894,4.156677172253698,3.4724666459379083
6847,41968,2014-10-15 15:00:00,9.0,8.082386363636363,6.41818937160919,-1.6641969920271737
6848,41969,2014-10-15 16:00:00,8.0,9.082386363636363,7.5942920798875715,-1.4880942837487918
6849,41970,2014-10-15 17:00:00,9.0,8.082386363636363,5.269976825465061,-2.812409538171302
6850,41971,2014-10-15 18:00:00,8.0,9.082386363636363,6.805946249536193,-2.27644011410017
6851,41972,2014-10-15 19:00:00,7.0,10.082386363636363,7.830892670765472,-2.2514936928708913
6852,41973,2014-10-15 20:00:00,16.0,1.0823863636363633,0.17453782973782594,-0.9078485338985374
6853,41974,2014-10-15 21:00:00,20.0,2.9176136363636367,3.7817234068984042,0.8641097705347676
6854,41975,2014-10-15 22:00:00,17.0,2.80952380952381,31.385309598011553,28.575785788487742
6855,41976,2014-10-15 23:00:00,20.0,26.42857142857143,37.409534297625854,10.980962869054423
6856,41977,2014-10-16 00:00:00,40.0,13.923076923076927,23.335449383675353,9.412372460598426
6857,41978,2014-10-16 01:00:00,27.0,12.272727272727273,38.54061220708468,26.267884934357404
6858,41979,2014-10-16 02:00:00,27.0,63.400000000000006,60.41218933986279,-2.987810660137214
6859,41980,2014-10-16 03:00:00,29.0,118.5,93.43342232113848,-25.06657767886152
6860,41981,2014-10-16 04:00:00,31.0,1.6363636363636331,52.03779905894649,50.40143542258286
6861,41982,2014-10-16 05:00:00,37.0,4.363636363636367,30.974255283624203,26.610618919987836
6862,41983,2014-10-16 06:00:00,36.0,3.363636363636367,31.99302412671696,28.629387763080594
6863,41984,2014-10-16 07:00:00,43.0,10.363636363636367,29.14257245331035,18.778936089673984
6864,41985,2014-10-16 08:00:00,44.0,43.47058823529413,59.6569560219376,16.186367786643473
6865,41986,2014-10-16 09:00:00,44.0,43.47058823529413,51.76438355904371,8.293795323749578
6866,41987,2014-10-16 10:00:00,25.0,95.125,57.356457391102424,-37.768542608897576
6867,41988,2014-10-16 11:00:00,17.0,10.0,20.43202627500696,10.432026275006962
6868,41989,2014-10-16 12:00:00,17.0,7.0526315789473735,26.91034395233857,19.857712373391198
6869,41990,2014-10-16 13:00:00,27.0,12.200000000000003,20.742352639891216,8.542352639891213
6870,41991,2014-10-16 14:00:00,29.0,10.200000000000003,20.438205873097417,10.238205873097414
6871,41992,2014-10-16 15:00:00,29.0,10.200000000000003,18.51634403523473,8.316344035234728
6872,41993,2014-10-16 16:00:00,36.0,20.633333333333333,14.42451769101676,-6.208815642316573
6873,41994,2014-10-16 17:00:00,59.0,2.366666666666667,9.232303648174423,6.865636981507755
6874,41995,2014-10-16 18:00:00,59.0,2.366666666666667,3.449306261045294,1.0826395943786267
6875,41996,2014-10-16 19:00:00,57.0,0.36666666666666714,5.737532269703252,5.3708656030365844
6876,41997,2014-10-16 20:00:00,55.0,1.6333333333333329,9.969485640497638,8.336152307164305
6877,41998,2014-10-16 21:00:00,60.0,17.5625,8.72568983807146,-8.83681016192854
6878,41999,2014-10-16 22:00:00,70.0,44.400696864111495,42.176516634097,-2.224180230014497
6879,42000,2014-10-16 23:00:00,80.0,34.400696864111495,37.56948401517431,3.1687871510628156
6880,42001,2014-10-17 00:00:00,85.0,29.400696864111495,30.441785010041926,1.0410881459304306
6881,42002,2014-10-17 01:00:00,88.0,26.400696864111495,26.61274994435574,0.21205308024424596
6882,42003,2014-10-17 02:00:00,91.0,126.91666666666663,109.12214798648503,-17.794518680181596
6883,42004,2014-10-17 03:00:00,98.0,0.055555555555557135,27.64279113976947,27.587235584213914
6884,42005,2014-10-17 04:00:00,103.0,114.91666666666663,62.58764319840989,-52.329023468256736
6885,42006,2014-10-17 05:00:00,101.0,8.27272727272728,11.529760421939912,3.2570331492126314
6886,42007,2014-10-17 06:00:00,98.0,48.41666666666666,55.630395805452395,7.213729138785737
6887,42008,2014-10-17 07:00:00,99.0,1.0555555555555571,20.958234746140633,19.902679190585076
6888,42009,2014-10-17 08:00:00,95.0,14.733333333333334,1.5684252178259896,-13.164908115507345
6889,42010,2014-10-17 09:00:00,76.0,6.204545454545453,17.379111239804907,11.174565785259453
6890,42011,2014-10-17 10:00:00,80.0,45.526570048309175,50.200645426341424,4.674075378032249
6891,42012,2014-10-17 11:00:00,87.0,21.681818181818187,15.52079747699294,-6.161020704825248
6892,42013,2014-10-17 12:00:00,87.0,21.681818181818187,17.034141442769723,-4.647676739048464
6893,42014,2014-10-17 13:00:00,82.0,45.625,32.82427616886339,-12.800723831136608
6894,42015,2014-10-17 14:00:00,105.0,64.23529411764706,56.956049555557634,-7.279244562089424
6895,42016,2014-10-17 15:00:00,116.0,75.23529411764706,71.80085183840438,-3.434442279242674
6896,42017,2014-10-17 16:00:00,103.0,62.23529411764706,45.932185625529186,-16.30310849211787
6897,42018,2014-10-17 17:00:00,109.0,38.25,31.055858191362987,-7.1941418086370135
6898,42019,2014-10-17 18:00:00,118.0,40.525000000000006,23.065950979721777,-17.45904902027823
6899,42020,2014-10-17 19:00:00,127.0,12.599303135888505,1.5799683707950152,-11.01933476509349
6900,42021,2014-10-17 20:00:00,144.0,17.739130434782595,23.4641584385743,5.7250280037917065
6901,42022,2014-10-17 21:00:00,189.0,74.5993031358885,66.08635818715368,-8.512944948734827
6902,42023,2014-10-17 22:00:00,190.0,75.5993031358885,80.45326226645058,4.853959130562075
6903,42024,2014-10-17 23:00:00,225.0,110.5993031358885,102.44805704635746,-8.151246089531043
6904,42025,2014-10-18 00:00:00,211.0,130.73333333333335,112.8132238533577,-17.92010947997565
6905,42026,2014-10-18 01:00:00,197.0,127.20454545454545,98.47841101491994,-28.72613443962551
6906,42027,2014-10-18 02:00:00,200.0,85.5993031358885,82.15737990803447,-3.4419232278540335
6907,42028,2014-10-18 03:00:00,197.0,127.20454545454545,96.76842234885855,-30.436123105686903
6908,42029,2014-10-18 04:00:00,193.0,78.5993031358885,69.4857145332758,-9.113588602612708
6909,42030,2014-10-18 05:00:00,180.0,110.20454545454545,80.148240830574,-30.056304623971457
6910,42031,2014-10-18 06:00:00,117.0,31.538461538461533,25.48179710948871,-6.056664428972823
6911,42032,2014-10-18 07:00:00,110.0,24.538461538461533,33.701948211244684,9.16348667278315
6912,42033,2014-10-18 08:00:00,111.0,25.538461538461533,29.844310832014983,4.30584929355345
6913,42034,2014-10-18 09:00:00,94.0,44.54545454545455,1.4300509152877652,-43.11540363016678
6914,42035,2014-10-18 10:00:00,112.0,34.525000000000006,20.255757736848437,-14.269242263151568
6915,42036,2014-10-18 11:00:00,110.0,44.68181818181819,44.4016618146522,-0.28015636716598635
6916,42037,2014-10-18 12:00:00,155.0,118.625,97.61954227097064,-21.00545772902936
6917,42038,2014-10-18 13:00:00,186.0,149.625,141.23857892286563,-8.386421077134372
6918,42039,2014-10-18 14:00:00,194.0,157.625,155.05026250377904,-2.574737496220962
6919,42040,2014-10-18 15:00:00,210.0,169.23529411764707,161.0995177363805,-8.135776381266567
6920,42041,2014-10-18 16:00:00,215.0,174.23529411764707,151.90322751045252,-22.332066607194548
6921,42042,2014-10-18 17:00:00,230.0,159.25,137.13407945512944,-22.115920544870562
6922,42043,2014-10-18 18:00:00,239.0,37.80000000000001,35.905133080114354,-1.8948669198856578
6923,42044,2014-10-18 19:00:00,272.0,4.800000000000011,14.529503945971271,9.72950394597126
6924,42045,2014-10-18 20:00:00,296.0,199.0,184.70950650847988,-14.290493491520124
6925,42046,2014-10-18 21:00:00,315.0,43.19999999999999,85.68864051296842,42.48864051296843
6926,42047,2014-10-18 22:00:00,357.0,85.19999999999999,149.9938348386464,64.7938348386464
6927,42048,2014-10-18 23:00:00,382.0,170.94594594594588,86.26834182334898,-84.6776041225969
6928,42049,2014-10-19 00:00:00,406.0,235.28571428571428,242.65250112968252,7.366786843968242
6929,42050,2014-10-19 01:00:00,405.0,234.28571428571428,254.22716441019026,19.941450124475978
6930,42051,2014-10-19 02:00:00,389.0,112.19999999999999,88.91522845937135,-23.28477154062864
6931,42052,2014-10-19 03:00:00,397.0,120.19999999999999,110.17313948970565,-10.026860510294341
6932,42053,2014-10-19 04:00:00,413.0,35.0,70.96404328473233,35.96404328473233
6933,42054,2014-10-19 05:00:00,373.0,5.0,38.5414433112781,33.5414433112781
6934,42055,2014-10-19 06:00:00,362.0,16.0,28.097476960533697,12.097476960533697
6935,42056,2014-10-19 07:00:00,356.0,84.19999999999999,115.20630477383656,31.006304773836575
6936,42057,2014-10-19 08:00:00,344.0,67.19999999999999,83.99548404176215,16.795484041762165
6937,42058,2014-10-19 09:00:00,352.0,75.19999999999999,72.24276531748473,-2.9572346825152636
6938,42059,2014-10-19 10:00:00,357.0,80.19999999999999,83.7514807823955,3.5514807823955152
6939,42060,2014-10-19 11:00:00,353.0,76.19999999999999,133.25984080300162,57.059840803001634
6940,42061,2014-10-19 12:00:00,292.0,195.0,146.98371877210676,-48.016281227893245
6941,42062,2014-10-19 13:00:00,213.0,116.0,70.86488254910503,-45.13511745089497
6942,42063,2014-10-19 14:00:00,210.0,2.8461538461538396,4.530009831797571,1.6838559856437314
6943,42064,2014-10-19 15:00:00,183.0,24.15384615384616,44.17472601059009,20.02087985674393
6944,42065,2014-10-19 16:00:00,161.0,46.15384615384616,57.764276842006694,11.610430688160534
6945,42066,2014-10-19 17:00:00,153.0,54.15384615384616,73.21295492038934,19.059108766543176
6946,42067,2014-10-19 18:00:00,169.0,95.29268292682929,129.47702741877418,34.1843444919449
6947,42068,2014-10-19 19:00:00,196.0,68.29268292682929,96.13197180436799,27.839288877538706
6948,42069,2014-10-19 20:00:00,200.0,98.88888888888891,102.43928821679799,3.5503993279090764
6949,42070,2014-10-19 21:00:00,197.0,101.88888888888891,102.81517713267436,0.92628824378545
6950,42071,2014-10-19 22:00:00,178.0,120.88888888888891,113.9106504318595,-6.97823845702942
6951,42072,2014-10-19 23:00:00,161.0,137.8888888888889,131.42517307436367,-6.463715814525244
6952,42073,2014-10-20 00:00:00,161.0,137.8888888888889,130.8811175188082,-7.007771370080718
6953,42074,2014-10-20 01:00:00,166.0,203.29411764705884,133.13006231423105,-70.16405533282779
6954,42075,2014-10-20 02:00:00,171.0,198.29411764705884,124.61285748037005,-73.68126016668879
6955,42076,2014-10-20 03:00:00,177.0,201.0,174.63518605165422,-26.364813948345784
6956,42077,2014-10-20 04:00:00,177.0,162.0,181.8283031534894,19.8283031534894
6957,42078,2014-10-20 05:00:00,189.0,82.80000000000001,128.9104840693285,46.11048406932849
6958,42079,2014-10-20 06:00:00,187.0,84.80000000000001,145.08942798325762,60.28942798325761
6959,42080,2014-10-20 07:00:00,192.0,68.0,138.82513628987743,70.82513628987743
6960,42081,2014-10-20 08:00:00,203.0,36.94736842105263,119.13568600256463,82.188317581512
6961,42082,2014-10-20 09:00:00,234.0,15.769230769230774,4.269615675651323,-11.49961509357945
6962,42083,2014-10-20 10:00:00,261.0,49.94594594594588,39.501118751336975,-10.444827194608905
6963,42084,2014-10-20 11:00:00,265.0,46.769230769230774,43.077368466676916,-3.691862302553858
6964,42085,2014-10-20 12:00:00,268.0,60.833333333333314,45.59101987201913,-15.242313461314183
6965,42086,2014-10-20 13:00:00,285.0,43.833333333333314,66.02222429792684,22.188890964593526
6966,42087,2014-10-20 14:00:00,264.0,64.83333333333331,29.861946639239818,-34.971386694093496
6967,42088,2014-10-20 15:00:00,253.0,75.83333333333331,32.456128085610885,-43.37720524772243
6968,42090,2014-10-20 17:00:00,239.0,89.83333333333331,13.659955046570275,-76.17337828676304
6969,42091,2014-10-20 18:00:00,256.0,15.909090909090907,24.68866447877255,8.779573569681645
6970,42092,2014-10-20 19:00:00,253.0,17.5,43.57458706751183,26.07458706751183
6971,42093,2014-10-20 20:00:00,262.0,91.9,47.80723352171901,-44.09276647828099
6972,42094,2014-10-20 21:00:00,239.0,68.9,32.80499476607602,-36.095005233923985
6973,42095,2014-10-20 22:00:00,143.0,16.739130434782595,9.831986383671023,-6.9071440511115725
6974,42096,2014-10-20 23:00:00,71.0,55.260869565217405,63.63153137698447,8.370661811767064
6975,42097,2014-10-21 00:00:00,61.0,65.2608695652174,59.52169692298948,-5.739172642227928
6976,42098,2014-10-21 01:00:00,34.0,138.078947368421,87.51571121079502,-50.563236157625994
6977,42099,2014-10-21 02:00:00,36.0,136.078947368421,77.77540325804743,-58.30354411037358
6978,42100,2014-10-21 03:00:00,33.0,139.078947368421,81.71829633841223,-57.36065103000878
6979,42101,2014-10-21 04:00:00,31.0,141.078947368421,91.06187425441247,-50.01707311400854
6980,42102,2014-10-21 05:00:00,24.0,63.47058823529413,93.69809837173072,30.227510136436592
6981,42103,2014-10-21 06:00:00,31.0,56.47058823529413,77.58049296487856,21.10990472958443
6982,42104,2014-10-21 07:00:00,38.0,22.789473684210527,27.30480252862884,4.515328844418313
6983,42105,2014-10-21 08:00:00,38.0,18.633333333333333,21.321415658041687,2.688082324708354
6984,42106,2014-10-21 09:00:00,38.0,18.633333333333333,16.961730208789476,-1.6716031245438572
6985,42107,2014-10-21 10:00:00,38.0,18.633333333333333,21.910569948470723,3.27723661513739
6986,42108,2014-10-21 11:00:00,36.0,20.633333333333333,19.493384499218514,-1.1399488341148185
6987,42109,2014-10-21 12:00:00,38.0,18.633333333333333,10.092702442360412,-8.54063089097292
6988,42110,2014-10-21 13:00:00,37.0,19.633333333333333,26.48325518686513,6.8499218535317965
6989,42111,2014-10-21 14:00:00,36.0,10.600000000000001,21.89355885599744,11.29355885599744
6990,42112,2014-10-21 15:00:00,35.0,35.5,16.00891214693,-19.49108785307
6991,42113,2014-10-21 16:00:00,33.0,6.272727272727273,28.549467445462348,22.276740172735074
6992,42114,2014-10-21 17:00:00,41.0,15.633333333333333,19.615023101158464,3.981689767825131
6993,42115,2014-10-21 18:00:00,38.0,52.400000000000006,36.548781502465445,-15.85121849753456
6994,42116,2014-10-21 19:00:00,51.0,63.400696864111495,59.84635871126429,-3.554338152847208
6995,42117,2014-10-21 20:00:00,67.0,20.47058823529413,48.5329749325053,28.062386697211167
6996,42118,2014-10-21 21:00:00,84.0,30.400696864111495,36.41602447641024,6.015327612298748
6997,42119,2014-10-21 22:00:00,91.0,3.52941176470587,18.968790605838223,15.439378841132353
6998,42120,2014-10-21 23:00:00,97.0,119.88888888888889,40.8172263579423,-79.07166253094658
6999,42121,2014-10-22 00:00:00,60.0,156.88888888888889,69.22027736937514,-87.66861151951375
7000,42122,2014-10-22 01:00:00,50.0,64.4006968641115,66.68941032171259,2.288713457601091
7001,42123,2014-10-22 02:00:00,47.0,169.88888888888889,76.721029872285,-93.16785901660388
7002,42124,2014-10-22 03:00:00,52.0,62.400696864111495,68.47209865068542,6.071401786573929
7003,42125,2014-10-22 04:00:00,73.0,41.400696864111495,47.23813000818829,5.8374331440767975
7004,42126,2014-10-22 05:00:00,111.0,3.400696864111495,0.028018278519923,-3.372678585591572
7005,42127,2014-10-22 06:00:00,104.0,10.400696864111495,7.5509151709685085,-2.8497816931429867
7006,42128,2014-10-22 07:00:00,90.0,24.400696864111495,19.653788088262914,-4.746908775848581
7007,42129,2014-10-22 08:00:00,84.0,30.400696864111495,25.130445916211343,-5.270250947900152
7008,42130,2014-10-22 09:00:00,79.0,8.47058823529413,24.585917627522235,16.115329392228105
7009,42131,2014-10-22 10:00:00,83.0,31.400696864111495,26.622215570498525,-4.77848129361297
7010,42132,2014-10-22 11:00:00,92.0,22.400696864111495,18.92037208310356,-3.480324781007937
7011,42133,2014-10-22 12:00:00,104.0,10.400696864111495,13.531102023071881,3.130405158960386
7012,42134,2014-10-22 13:00:00,100.0,14.400696864111495,23.1441350892557,8.743438225144203
7013,42135,2014-10-22 14:00:00,101.0,13.400696864111495,29.084674051931955,15.68397718782046
7014,42136,2014-10-22 15:00:00,86.0,86.07894736842101,44.17598780093752,-41.90295956748349
7015,42137,2014-10-22 16:00:00,85.0,87.07894736842101,47.275990444694855,-39.80295692372616
7016,42138,2014-10-22 17:00:00,83.0,89.07894736842101,47.710238570161806,-41.368708798259206
7017,42139,2014-10-22 18:00:00,97.0,17.400696864111495,17.102705521046644,-0.29799134306485087
7018,42140,2014-10-22 19:00:00,117.0,2.599303135888505,0.766509280058628,-1.8327938558298769
7019,42141,2014-10-22 20:00:00,124.0,9.599303135888505,5.7857428245335,-3.8135603113550047
7020,42142,2014-10-22 21:00:00,127.0,12.599303135888505,9.15747752161873,-3.4418256142697743
7021,42143,2014-10-22 22:00:00,132.0,17.599303135888505,15.482086694863,-2.117216441025505
7022,42144,2014-10-22 23:00:00,130.0,15.599303135888505,14.874343255093152,-0.7249598807953532
7023,42145,2014-10-23 00:00:00,126.0,11.599303135888505,4.791152330001424,-6.808150805887081
7024,42146,2014-10-23 01:00:00,119.0,4.599303135888505,3.6501112147825268,-0.949191921105978
7025,42147,2014-10-23 02:00:00,108.0,6.400696864111495,14.000160316363164,7.599463452251669
7026,42148,2014-10-23 03:00:00,108.0,6.400696864111495,5.677409360011865,-0.7232875040996305
7027,42149,2014-10-23 04:00:00,102.0,21.733333333333334,5.681133648988379,-16.052199684344956
7028,42150,2014-10-23 05:00:00,110.0,29.733333333333334,8.874176833091411,-20.859156500241923
7029,42151,2014-10-23 06:00:00,113.0,1.4006968641114952,8.093307892996975,6.69261102888548
7030,42152,2014-10-23 07:00:00,108.0,6.400696864111495,9.780784648771075,3.3800877846595796
7031,42153,2014-10-23 08:00:00,116.0,1.5993031358885048,1.9242073382980749,0.3249042024095701
7032,42154,2014-10-23 09:00:00,130.0,79.1,51.70578998607037,-27.394210013929623
7033,42155,2014-10-23 10:00:00,134.0,84.54545454545455,38.17485797309095,-46.370596572363596
7034,42156,2014-10-23 11:00:00,136.0,58.525000000000006,39.111308178571946,-19.41369182142806
7035,42157,2014-10-23 12:00:00,145.0,67.525,51.282990698078436,-16.24200930192157
7036,42158,2014-10-23 13:00:00,149.0,71.525,47.889807878437196,-23.63519212156281
7037,42159,2014-10-23 14:00:00,133.0,55.525000000000006,29.448006863754713,-26.076993136245292
7038,42160,2014-10-23 15:00:00,143.0,68.42857142857143,16.474795972444042,-51.95377545612739
7039,42161,2014-10-23 16:00:00,149.0,22.739130434782595,24.076354716979907,1.3372242821973117
7040,42162,2014-10-23 17:00:00,164.0,37.739130434782595,40.15330807438566,2.414177639603068
7041,42163,2014-10-23 18:00:00,170.0,108.9,43.018457559755646,-65.88154244024436
7042,42164,2014-10-23 19:00:00,174.0,112.9,56.15423544487355,-56.745764555126456
7043,42165,2014-10-23 20:00:00,191.0,129.9,69.19719211657251,-60.7028078834275
7044,42166,2014-10-23 21:00:00,196.0,134.9,67.34918474289478,-67.55081525710523
7045,42167,2014-10-23 22:00:00,195.0,80.5993031358885,66.61917999369459,-13.980123142193918
7046,42168,2014-10-23 23:00:00,214.0,99.5993031358885,88.18681756538663,-11.412485570501872
7047,42169,2014-10-24 00:00:00,227.0,146.73333333333335,106.02987369580893,-40.70345963752442
7048,42170,2014-10-24 01:00:00,217.0,155.9,95.77213725457311,-60.127862745426896
7049,42171,2014-10-24 02:00:00,195.0,125.20454545454545,84.34924612703269,-40.85529932751277
7050,42172,2014-10-24 03:00:00,183.0,97.53846153846153,73.32653557982084,-24.21192595864069
7051,42173,2014-10-24 04:00:00,179.0,93.53846153846153,73.37346786930486,-20.164993669156672
7052,42174,2014-10-24 05:00:00,191.0,105.53846153846153,103.44097807825962,-2.0974834602019143
7053,42175,2014-10-24 06:00:00,178.0,92.53846153846153,96.82518741290076,4.286725874439227
7054,42176,2014-10-24 07:00:00,183.0,97.53846153846153,100.63697114878696,3.098509610325422
7055,42177,2014-10-24 08:00:00,185.0,99.53846153846153,105.98499885141129,6.446537312949758
7056,42178,2014-10-24 09:00:00,192.0,168.5219123505976,115.09626385812084,-53.42564849247677
7057,42179,2014-10-24 10:00:00,199.0,175.5219123505976,146.0454691395076,-29.476443211090015
7058,42180,2014-10-24 11:00:00,231.0,60.28571428571428,63.84495891244282,3.5592446267285425
7059,42181,2014-10-24 12:00:00,253.0,23.80000000000001,34.165949840040525,10.365949840040514
7060,42182,2014-10-24 13:00:00,281.0,4.199999999999989,13.037131814427312,8.837131814427323
7061,42183,2014-10-24 14:00:00,294.0,17.19999999999999,56.969693972654454,39.769693972654466
7062,42184,2014-10-24 15:00:00,317.0,40.19999999999999,23.527770361860803,-16.672229638139186
7063,42185,2014-10-24 16:00:00,318.0,41.19999999999999,31.87544321845911,-9.324556781540878
7064,42186,2014-10-24 17:00:00,323.0,46.19999999999999,24.800975475396683,-21.399024524603306
7065,42187,2014-10-24 18:00:00,339.0,67.19999999999999,102.07688116754372,34.87688116754373
7066,42188,2014-10-24 19:00:00,341.0,37.0,15.350878687939371,-21.64912131206063
7067,42189,2014-10-24 20:00:00,346.0,74.19999999999999,110.7117784694016,36.511778469401605
7068,42190,2014-10-24 21:00:00,356.0,249.58333333333331,212.89061267635506,-36.69272065697825
7069,42191,2014-10-24 22:00:00,383.0,276.5833333333333,245.69873157610243,-30.884601757230882
7070,42192,2014-10-24 23:00:00,363.0,256.5833333333333,208.35418971096274,-48.22914362237057
7071,42193,2014-10-25 00:00:00,381.0,274.5833333333333,240.26887429708728,-34.314459036246035
7072,42194,2014-10-25 01:00:00,352.0,164.22857142857143,199.7205329181067,35.49196148953527
7073,42195,2014-10-25 02:00:00,319.0,233.53846153846155,200.6502450626162,-32.888216475845354
7074,42196,2014-10-25 03:00:00,310.0,203.58333333333331,173.06860373882554,-30.51472959450777
7075,42197,2014-10-25 04:00:00,331.0,143.22857142857143,203.9021585949975,60.673587166426074
7076,42198,2014-10-25 05:00:00,332.0,246.53846153846155,227.62809054827957,-18.910370990181974
7077,42199,2014-10-25 06:00:00,315.0,229.53846153846155,211.24043548097677,-18.298026057484776
7078,42200,2014-10-25 07:00:00,312.0,146.36363636363637,186.66923265848283,40.30559629484645
7079,42201,2014-10-25 08:00:00,310.0,244.27272727272725,186.84697167740327,-57.42575559532398
7080,42202,2014-10-25 09:00:00,324.0,258.27272727272725,231.7140502662503,-26.558677006476955
7081,42203,2014-10-25 10:00:00,330.0,264.27272727272725,234.22839764246072,-30.04432963026653
7082,42204,2014-10-25 11:00:00,324.0,59.707317073170714,34.83885029886568,-24.868466774305034
7083,42205,2014-10-25 12:00:00,331.0,54.19999999999999,43.834050159959475,-10.365949840040514
7084,42206,2014-10-25 13:00:00,346.0,0.8000000000000114,54.49672858728189,53.69672858728188
7085,42207,2014-10-25 14:00:00,352.0,22.5,34.2896863188854,11.789686318885401
7086,42208,2014-10-25 15:00:00,376.0,1.5,56.10269195549017,54.60269195549017
7087,42209,2014-10-25 16:00:00,402.0,27.5,86.57933467053374,59.07933467053374
7088,42210,2014-10-25 17:00:00,423.0,48.5,103.18109001689976,54.68109001689976
7089,42211,2014-10-25 18:00:00,440.0,93.19999999999999,105.74785225847597,12.547852258475984
7090,42212,2014-10-25 19:00:00,449.0,71.0,87.91740150710513,16.917401507105126
7091,42213,2014-10-25 20:00:00,472.0,226.6,155.75973309926763,-70.84026690073236
7092,42214,2014-10-25 21:00:00,453.0,75.0,117.17975883077185,42.179758830771846
7093,42215,2014-10-25 22:00:00,413.0,74.0,70.58710208075973,-3.4128979192402653
7094,42216,2014-10-25 23:00:00,396.0,18.13333333333327,55.64044481347963,37.507111480146364
7095,42217,2014-10-26 00:00:00,395.0,207.22857142857143,156.7757650413036,-50.45280638726783
7096,42218,2014-10-26 01:00:00,379.0,170.9,163.1682149042548,-7.7317850957452094
7097,42219,2014-10-26 02:00:00,341.0,275.27272727272725,139.2184594183313,-136.05426785439596
7098,42220,2014-10-26 03:00:00,312.0,146.36363636363637,195.95943499354485,49.59579862990847
7099,42221,2014-10-26 04:00:00,257.0,195.9,136.149326582274,-59.750673417726006
7100,42222,2014-10-26 05:00:00,183.0,148.52657004830917,150.58183689694187,2.055266848632698
7101,42223,2014-10-26 06:00:00,39.0,4.526570048309175,7.682449733477391,3.155879685168216
7102,42224,2014-10-26 07:00:00,16.0,9.399999999999999,41.659827246418274,32.259827246418276
7103,42225,2014-10-26 08:00:00,14.0,5.80952380952381,28.232022393931004,22.422498584407194
7104,42226,2014-10-26 09:00:00,16.0,3.80952380952381,20.816928999628097,17.007405190104286
7105,42227,2014-10-26 10:00:00,10.0,3.6799999999999997,9.86511210588056,6.18511210588056
7106,42228,2014-10-26 11:00:00,10.0,3.6799999999999997,9.498740412758863,5.818740412758864
7107,42229,2014-10-26 12:00:00,9.0,4.68,15.084982372154645,10.404982372154645
7108,42230,2014-10-26 13:00:00,7.0,12.80952380952381,18.038212454655728,5.228688645131918
7109,42231,2014-10-26 14:00:00,9.0,14.670103092783503,26.276518113720186,11.606415020936684
7110,42232,2014-10-26 15:00:00,9.0,10.80952380952381,19.544875602483216,8.735351792959406
7111,42233,2014-10-26 16:00:00,10.0,13.670103092783503,29.651327517925743,15.98122442514224
7112,42234,2014-10-26 17:00:00,8.0,11.80952380952381,14.593180176907104,2.783656367383294
7113,42235,2014-10-26 18:00:00,9.0,4.68,11.474937047237454,6.794937047237454
7114,42236,2014-10-26 19:00:00,17.0,14.75,7.297236190228315,-7.452763809771685
7115,42237,2014-10-26 20:00:00,15.0,0.35714285714285765,12.373766778766665,12.016623921623808
7116,42238,2014-10-26 21:00:00,15.0,0.35714285714285765,4.40872913935932,4.051586282216462
7117,42239,2014-10-26 22:00:00,12.0,6.53846153846154,12.287744279880595,5.749282741419055
7118,42240,2014-10-26 23:00:00,9.0,23.6,13.586382382423292,-10.01361761757671
7119,42241,2014-10-27 00:00:00,10.0,20.5,18.322377209138537,-2.177622790861463
7120,42242,2014-10-27 01:00:00,9.0,2.928571428571427,16.794015764765405,13.865444336193978
7121,42243,2014-10-27 02:00:00,12.0,4.53846153846154,12.71192684551064,8.1734653070491
7122,42244,2014-10-27 03:00:00,9.0,58.71428571428571,17.246339034056085,-41.46794668022962
7123,42245,2014-10-27 04:00:00,13.0,5.53846153846154,12.769333325697346,7.230871787235806
7124,42246,2014-10-27 05:00:00,14.0,32.42857142857143,15.111161381427433,-17.317410047143998
7125,42247,2014-10-27 06:00:00,12.0,2.375,8.080403103781286,5.705403103781286
7126,42248,2014-10-27 07:00:00,24.0,9.625,1.633387726441132,-7.991612273558868
7127,42249,2014-10-27 08:00:00,23.0,23.42857142857143,11.097806735793391,-12.33076469277804
7128,42250,2014-10-27 09:00:00,31.0,15.42857142857143,1.0980691919946715,-14.33050223657676
7129,42251,2014-10-27 10:00:00,57.0,43.32,28.337988145865154,-14.982011854134846
7130,42252,2014-10-27 11:00:00,43.0,29.32,14.274868736460181,-15.045131263539819
7131,42253,2014-10-27 12:00:00,35.0,10.947368421052627,10.574178093216961,-0.3731903278356654
7132,42254,2014-10-27 13:00:00,31.0,6.9473684210526265,0.17463012669911393,-6.772738294353513
7133,42255,2014-10-27 14:00:00,30.0,5.9473684210526265,0.5024988542512858,-5.444869566801341
7134,42256,2014-10-27 15:00:00,25.0,0.9473684210526265,6.216638223151193,5.269269802098567
7135,42257,2014-10-27 16:00:00,33.0,23.633333333333333,16.067387628381773,-7.5659457049515595
7136,42258,2014-10-27 17:00:00,39.0,14.947368421052627,5.723348918324525,-9.224019502728101
7137,42259,2014-10-27 18:00:00,40.0,15.947368421052627,6.158628085344112,-9.788740335708514
7138,42260,2014-10-27 19:00:00,60.0,35.94736842105263,14.160680169619319,-21.78668825143331
7139,42261,2014-10-27 20:00:00,68.0,11.366666666666667,17.352747490677004,5.986080824010337
7140,42262,2014-10-27 21:00:00,57.0,0.36666666666666714,1.5195019776694423,1.1528353110027751
7141,42263,2014-10-27 22:00:00,51.0,9.789473684210527,9.416709585401144,-0.3727640988093839
7142,42264,2014-10-27 23:00:00,26.0,121.5,91.92494978599674,-29.575050214003255
7143,42265,2014-10-28 00:00:00,50.0,97.5,57.79046560399229,-39.70953439600771
7144,42266,2014-10-28 01:00:00,42.0,48.400000000000006,39.108823326997666,-9.29117667300234
7145,42267,2014-10-28 02:00:00,43.0,104.5,78.37868148037757,-26.121318519622434
7146,42268,2014-10-28 03:00:00,74.0,73.5,43.17686820670937,-30.323131793290628
7147,42269,2014-10-28 04:00:00,87.0,22.07142857142857,0.9042372399603096,-21.16719133146826
7148,42270,2014-10-28 05:00:00,78.0,13.07142857142857,7.300904478900961,-5.770524092527609
7149,42271,2014-10-28 06:00:00,77.0,35.92307692307692,12.961287163925462,-22.961789759151458
7150,42272,2014-10-28 07:00:00,91.0,49.92307692307692,19.493557322617292,-30.429519600459628
7151,42273,2014-10-28 08:00:00,99.0,117.88888888888889,19.676988182322276,-98.21190070656661
7152,42274,2014-10-28 09:00:00,92.0,4.52941176470587,7.135719211185204,2.6063074464793345
7153,42275,2014-10-28 10:00:00,83.0,4.47058823529413,18.982248233723737,14.511659998429607
7154,42276,2014-10-28 11:00:00,94.0,20.400696864111495,12.841897579022344,-7.558799285089151
7155,42277,2014-10-28 12:00:00,90.0,24.400696864111495,11.906962809640845,-12.49373405447065
7156,42278,2014-10-28 13:00:00,68.0,52.125,30.444612651874365,-21.680387348125635
7157,42279,2014-10-28 14:00:00,60.0,79.5263157894737,58.201637368527415,-21.324678420946285
7158,42280,2014-10-28 15:00:00,53.0,67.125,45.80403327014601,-21.320966729853993
7159,42281,2014-10-28 16:00:00,51.0,88.5263157894737,67.42974448067123,-21.096571308802467
7160,42282,2014-10-28 17:00:00,52.0,87.5263157894737,67.71283263437624,-19.813483155097458
7161,42283,2014-10-28 18:00:00,51.0,36.47058823529413,56.780363674692836,20.309775439398706
7162,42284,2014-10-28 19:00:00,47.0,92.5263157894737,70.10348800831648,-22.422827781157224
7163,42285,2014-10-28 20:00:00,47.0,67.4006968641115,62.810809473698356,-4.589887390413139
7164,42286,2014-10-28 21:00:00,59.0,55.400696864111495,56.357748141839124,0.9570512777276292
7165,42287,2014-10-28 22:00:00,59.0,55.400696864111495,55.263980133450715,-0.13671673066077972
7166,42288,2014-10-28 23:00:00,74.0,40.400696864111495,38.398768952343445,-2.0019279117680497
7167,42289,2014-10-29 00:00:00,93.0,21.400696864111495,23.410919520423846,2.010222656312351
7168,42290,2014-10-29 01:00:00,101.0,13.400696864111495,12.87724960049465,-0.5234472636168448
7169,42291,2014-10-29 02:00:00,111.0,3.400696864111495,2.9796157905938685,-0.4210810735176267
7170,42292,2014-10-29 03:00:00,139.0,24.599303135888505,24.024107259663126,-0.5751958762253793
7171,42293,2014-10-29 04:00:00,129.0,88.91666666666663,1.9990848197580533,-86.91758184690858
7172,42294,2014-10-29 05:00:00,127.0,90.91666666666663,32.39764941151992,-58.51901725514671
7173,42295,2014-10-29 06:00:00,114.0,24.75,18.829362800312197,-5.920637199687803
7174,42296,2014-10-29 07:00:00,98.0,25.807692307692292,8.378004114125162,-17.42968819356713
7175,42297,2014-10-29 08:00:00,102.0,36.75,33.08230514615977,-3.6676948538402314
7176,42298,2014-10-29 09:00:00,106.0,32.75,6.078752036136493,-26.671247963863507
7177,42299,2014-10-29 10:00:00,111.0,27.75,42.494974082123534,14.744974082123534
7178,42300,2014-10-29 11:00:00,106.0,14.125,5.726248760267509,-8.39875123973249
7179,42301,2014-10-29 12:00:00,105.0,15.125,10.60644513266763,-4.518554867332369
7180,42302,2014-10-29 13:00:00,108.0,12.125,10.087368530979802,-2.037631469020198
7181,42303,2014-10-29 14:00:00,107.0,13.125,9.652830725987727,-3.4721692740122734
7182,42304,2014-10-29 15:00:00,113.0,7.125,16.850251403119685,9.725251403119685
7183,42305,2014-10-29 16:00:00,126.0,50.400000000000006,0.9742881704541162,-49.42571182954589
7184,42306,2014-10-29 17:00:00,141.0,91.54545454545455,47.405556103264956,-44.13989844218959
7185,42307,2014-10-29 18:00:00,158.0,43.599303135888505,31.108189595116087,-12.491113540772417
7186,42308,2014-10-29 19:00:00,170.0,55.599303135888505,43.1191706667001,-12.480132469188405
7187,42309,2014-10-29 20:00:00,176.0,61.599303135888505,51.68744132102394,-9.911861814864565
7188,42310,2014-10-29 21:00:00,183.0,68.5993031358885,59.81890418965378,-8.780398946234726
7189,42311,2014-10-29 22:00:00,193.0,78.5993031358885,75.23618095832178,-3.363122177566723
7190,42312,2014-10-29 23:00:00,215.0,100.5993031358885,89.84795474108248,-10.75134839480603
7191,42313,2014-10-30 00:00:00,215.0,100.5993031358885,90.83366148194841,-9.765641653940094
7192,42314,2014-10-30 01:00:00,210.0,95.5993031358885,86.72711714907189,-8.872185986816618
7193,42315,2014-10-30 02:00:00,214.0,99.5993031358885,90.81890418965378,-8.780398946234726
7194,42316,2014-10-30 03:00:00,214.0,99.5993031358885,103.59767662993956,3.9983734940510516
7195,42317,2014-10-30 04:00:00,272.0,157.5993031358885,153.7170501520639,-3.8822529838246
7196,42318,2014-10-30 05:00:00,198.0,112.23529411764707,94.66394005371973,-17.571354063927345
7197,42319,2014-10-30 06:00:00,176.0,61.599303135888505,49.23317459076296,-12.366128545125548
7198,42320,2014-10-30 07:00:00,159.0,44.599303135888505,38.62713164616824,-5.972171489720267
7199,42321,2014-10-30 08:00:00,158.0,43.599303135888505,37.730940351049085,-5.8683627848394195
7200,42322,2014-10-30 09:00:00,137.0,22.599303135888505,23.38594261920713,0.7866394833186234
7201,42323,2014-10-30 10:00:00,156.0,41.599303135888505,42.882560763101154,1.2832576272126488
7202,42324,2014-10-30 11:00:00,161.0,46.599303135888505,54.06845169320623,7.469148557317723
7203,42325,2014-10-30 12:00:00,163.0,85.525,67.15828801416971,-18.366711985830293
7204,42326,2014-10-30 13:00:00,178.0,128.54545454545456,80.05165843256032,-48.493796112894245
7205,42327,2014-10-30 14:00:00,180.0,102.525,80.32363624702141,-22.201363752978594
7206,42328,2014-10-30 15:00:00,179.0,104.42857142857143,51.20320891799999,-53.22536251057144
7207,42329,2014-10-30 16:00:00,182.0,104.525,88.00358791568277,-16.521412084317234
7208,42330,2014-10-30 17:00:00,192.0,114.525,94.2766927102932,-20.2483072897068
7209,42331,2014-10-30 18:00:00,199.0,84.5993031358885,84.75362885489085,0.15432571900234393
7210,42332,2014-10-30 19:00:00,208.0,93.5993031358885,82.6699118367817,-10.929391299106811
7211,42333,2014-10-30 20:00:00,212.0,42.90909090909091,116.0198106438668,73.1107197347759
7212,42334,2014-10-30 21:00:00,193.0,78.5993031358885,72.62172949564079,-5.977573640247712
7213,42335,2014-10-30 22:00:00,205.0,90.5993031358885,84.12473638505251,-6.47456675083599
7214,42336,2014-10-30 23:00:00,206.0,54.120000000000005,70.60735611051834,16.487356110518334
7215,42337,2014-10-31 00:00:00,212.0,3.9411764705882604,43.86775619975651,39.92657972916825
7216,42338,2014-10-31 01:00:00,216.0,7.94117647058826,67.75059750221124,59.809421031622975
7217,42339,2014-10-31 02:00:00,232.0,117.5993031358885,108.35393687849424,-9.245366257394267
7218,42340,2014-10-31 03:00:00,223.0,88.0,80.61459640675855,-7.385403593241449
7219,42341,2014-10-31 04:00:00,229.0,82.10000000000002,70.05907435885337,-12.040925641146657
7220,42342,2014-10-31 05:00:00,206.0,71.0,83.81193220843352,12.811932208433518
7221,42343,2014-10-31 06:00:00,194.0,14.05882352941174,45.750597502211235,31.691773972799496
7222,42344,2014-10-31 07:00:00,211.0,59.120000000000005,66.28423811686332,7.1642381168633165
7223,42345,2014-10-31 08:00:00,225.0,73.12,70.41530781295711,-2.7046921870428946
7224,42346,2014-10-31 09:00:00,169.0,91.525,61.76845223571077,-29.756547764289238
7225,42347,2014-10-31 10:00:00,144.0,66.525,25.42732507947396,-41.097674920526046
7226,42348,2014-10-31 11:00:00,150.0,72.525,34.90232410802855,-37.622675891971454
7227,42349,2014-10-31 12:00:00,144.0,69.42857142857143,17.64886715762556,-51.77970427094587
7228,42350,2014-10-31 13:00:00,143.0,16.739130434782595,2.7530255141072644,-13.98610492067533
7229,42351,2014-10-31 14:00:00,143.0,16.739130434782595,10.785855503541597,-5.953274931240998
7230,42352,2014-10-31 15:00:00,145.0,18.739130434782595,10.685206768109424,-8.053923666673171
7231,42353,2014-10-31 16:00:00,152.0,25.739130434782595,25.26961041519762,-0.46952001958497647
7232,42354,2014-10-31 17:00:00,165.0,87.525,60.59035383552879,-26.934646164471218
7233,42355,2014-10-31 18:00:00,176.0,98.525,73.79681122800551,-24.728188771994496
7234,42356,2014-10-31 19:00:00,209.0,57.120000000000005,77.64534332121042,20.525343321210414
7235,42357,2014-10-31 20:00:00,224.0,72.12,80.37816977150504,8.258169771505038
7236,42358,2014-10-31 21:00:00,200.0,125.42857142857143,72.43310433440418,-52.99546709416725
7237,42359,2014-10-31 22:00:00,188.0,61.739130434782595,50.39491734792378,-11.344213086858815
7238,42360,2014-10-31 23:00:00,184.0,14.416666666666629,18.069996541729665,3.6533298750630365
7239,42361,2014-11-01 00:00:00,180.0,72.54838709677419,79.17483188024914,6.626444783474952
7240,42362,2014-11-01 01:00:00,189.0,22.60174418604649,8.830554932108981,-13.771189253937507
7241,42363,2014-11-01 02:00:00,215.0,3.3982558139535115,17.16944506789102,13.771189253937507
7242,42364,2014-11-01 03:00:00,180.0,110.20454545454545,69.07902336914505,-41.125522085400405
7243,42365,2014-11-01 04:00:00,81.0,130.6017441860465,118.69332934302486,-11.908414843021632
7244,42366,2014-11-01 05:00:00,78.0,209.10000000000002,116.80429076321153,-92.2957092367885
7245,42367,2014-11-01 06:00:00,24.0,187.6017441860465,179.22063921533882,-8.381104970707668
7246,42368,2014-11-01 07:00:00,26.0,185.6017441860465,173.50864884660817,-12.093095339438321
7247,42369,2014-11-01 08:00:00,29.0,182.6017441860465,172.16570577067853,-10.43603841536796
7248,42370,2014-11-01 09:00:00,22.0,73.48671726755218,144.7690827186502,71.28236545109802
7249,42371,2014-11-01 10:00:00,14.0,71.70588235294117,51.44457839401284,-20.261303958928337
7250,42372,2014-11-01 11:00:00,11.0,74.70588235294117,54.293813254868724,-20.41206909807245
7251,42373,2014-11-01 12:00:00,12.0,26.288288288288285,29.79389899122473,3.505610702936444
7252,42374,2014-11-01 13:00:00,11.0,27.288288288288285,24.530085255185107,-2.758203033103179
7253,42375,2014-11-01 14:00:00,13.0,5.920454545454547,18.983306158799547,13.062851613345
7254,42376,2014-11-01 15:00:00,12.0,6.920454545454547,20.127835288489685,13.207380743035138
7255,42377,2014-11-01 16:00:00,9.0,29.035714285714285,13.416669647850828,-15.619044637863457
7256,42378,2014-11-01 17:00:00,10.0,28.035714285714285,10.96383251204216,-17.071881773672125
7257,42379,2014-11-01 18:00:00,10.0,7.082386363636363,11.587023904270342,4.504637540633979
7258,42380,2014-11-01 19:00:00,15.0,2.0823863636363633,6.851663085998439,4.769276722362076
7259,42381,2014-11-01 20:00:00,18.0,0.9176136363636367,3.359307883474198,2.4416942471105614
7260,42382,2014-11-01 21:00:00,18.0,0.9176136363636367,2.5169096478145327,1.599296011450896
7261,42383,2014-11-01 22:00:00,14.0,3.0823863636363633,5.15694495681829,2.0745585931819264
7262,42384,2014-11-01 23:00:00,16.0,1.0823863636363633,2.5356296949440704,1.453243331307707
7263,42385,2014-11-02 00:00:00,10.0,1.148648648648651,7.712480398695114,6.563831750046463
7264,42386,2014-11-02 01:00:00,9.0,2.148648648648651,8.712480398695114,6.563831750046463
7265,42387,2014-11-02 02:00:00,6.0,5.148648648648651,11.640461934803497,6.491813286154846
7266,42388,2014-11-02 03:00:00,8.0,3.148648648648651,7.203143704943356,4.054495056294705
7267,42389,2014-11-02 04:00:00,6.0,5.148648648648651,11.403922721989385,6.255274073340734
7268,42390,2014-11-02 05:00:00,3.0,8.148648648648651,14.403922721989385,6.255274073340734
7269,42391,2014-11-02 06:00:00,2.0,9.148648648648651,16.005079794186283,6.856431145537632
7270,42392,2014-11-02 07:00:00,8.0,3.148648648648651,9.475941185881005,6.3272925372323545
7271,42393,2014-11-02 08:00:00,8.0,3.148648648648651,9.561784161087616,6.413135512438965
7272,42394,2014-11-02 09:00:00,7.0,10.7,10.683922399855852,-0.016077600144146942
7273,42395,2014-11-02 10:00:00,6.0,5.148648648648651,11.561784161087616,6.413135512438965
7274,42396,2014-11-02 11:00:00,8.0,3.148648648648651,9.561784161087616,6.413135512438965
7275,42397,2014-11-02 12:00:00,6.0,5.148648648648651,12.218282468176305,7.069633819527654
7276,42398,2014-11-02 13:00:00,9.0,2.148648648648651,7.094537427136618,4.9458887784879675
7277,42399,2014-11-02 14:00:00,8.0,3.148648648648651,8.216677449262733,5.068028800614082
7278,42400,2014-11-02 15:00:00,7.0,4.148648648648651,8.890459545597146,4.741810896948495
7279,42401,2014-11-02 16:00:00,10.0,1.148648648648651,6.097349440016455,4.948700791367804
7280,42402,2014-11-02 17:00:00,10.0,1.148648648648651,6.243861796701221,5.09521314805257
7281,42403,2014-11-02 18:00:00,11.0,0.1486486486486509,7.256629714048604,7.107981065399953
7282,42404,2014-11-02 19:00:00,10.0,1.148648648648651,8.133767594460828,6.985118945812177
7283,42405,2014-11-02 20:00:00,7.0,4.148648648648651,10.555479898515447,6.406831249866796
7284,42406,2014-11-02 21:00:00,8.0,3.148648648648651,10.24082971487842,7.092181066229768
7285,42407,2014-11-02 22:00:00,7.0,204.6017441860465,148.29716689393646,-56.304577292110025
7286,42408,2014-11-02 23:00:00,10.0,201.6017441860465,146.2593939724104,-55.34235021363608
7287,42409,2014-11-03 00:00:00,17.0,117.11666666666667,156.41174086648542,39.29507419981874
7288,42410,2014-11-03 01:00:00,22.0,112.11666666666667,150.09909621969481,37.98242955302814
7289,42411,2014-11-03 02:00:00,28.0,106.11666666666667,122.38346071597832,16.266794049311642
7290,42412,2014-11-03 03:00:00,28.0,163.7,150.22142812535046,-13.478571874649532
7291,42413,2014-11-03 04:00:00,26.0,165.7,161.20345343140968,-4.496546568590304
7292,42414,2014-11-03 05:00:00,25.0,201.6551724137931,191.8058213674968,-9.849351046296306
7293,42415,2014-11-03 06:00:00,20.0,206.6551724137931,201.67308449469812,-4.982087919094994
7294,42416,2014-11-03 07:00:00,11.0,215.6551724137931,216.28400607861232,0.6288336648192114
7295,42417,2014-11-03 08:00:00,28.0,96.0,116.34293308745521,20.342933087455208
7296,42418,2014-11-03 09:00:00,39.0,45.04736129905277,62.5179391504592,17.470577851406432
7297,42419,2014-11-03 10:00:00,38.0,54.900000000000006,28.220972401936592,-26.679027598063414
7298,42420,2014-11-03 11:00:00,14.0,70.04736129905277,75.57864527696667,5.531283977913901
7299,42421,2014-11-03 12:00:00,11.0,73.04736129905277,74.71148883206321,1.6641275330104435
7300,42422,2014-11-03 13:00:00,18.0,66.04736129905277,47.16429433519441,-18.883066963858354
7301,42423,2014-11-03 14:00:00,8.0,25.316498316498325,46.226957317532396,20.91045900103407
7302,42424,2014-11-03 15:00:00,10.0,23.316498316498325,46.806446400854966,23.48994808435664
7303,42425,2014-11-03 16:00:00,10.0,23.316498316498325,46.527821336061365,23.21132301956304
7304,42426,2014-11-03 17:00:00,11.0,22.316498316498325,45.249771471551334,22.93327315505301
7305,42427,2014-11-03 18:00:00,23.0,10.316498316498325,33.249771471551334,22.93327315505301
7306,42428,2014-11-03 19:00:00,34.0,50.04736129905277,57.726305520624294,7.678944221571527
7307,42429,2014-11-03 20:00:00,40.0,171.6017441860465,154.095531383286,-17.5062128027605
7308,42430,2014-11-03 21:00:00,43.0,151.76388888888889,145.2321032615646,-6.531785627324297
7309,42431,2014-11-03 22:00:00,48.0,146.76388888888889,140.15361802171157,-6.61027086717732
7310,42432,2014-11-03 23:00:00,57.0,137.76388888888889,128.4897505002209,-9.274138388667978
7311,42433,2014-11-04 00:00:00,61.0,133.76388888888889,125.28969302451588,-8.474195864373002
7312,42434,2014-11-04 01:00:00,60.0,134.76388888888889,124.88521826014986,-9.87867062873903
7313,42435,2014-11-04 02:00:00,68.0,126.76388888888889,134.9102253234919,8.146336434603
7314,42436,2014-11-04 03:00:00,76.0,118.76388888888889,132.0156907491177,13.251801860228824
7315,42437,2014-11-04 04:00:00,72.0,122.76388888888889,137.51301287131318,14.749123982424294
7316,42438,2014-11-04 05:00:00,80.0,159.1296296296296,143.61704576101243,-15.512583868617156
7317,42439,2014-11-04 06:00:00,80.0,159.1296296296296,119.83449891122447,-39.29513071840512
7318,42440,2014-11-04 07:00:00,66.0,173.1296296296296,156.69709396070937,-16.432535668920224
7319,42441,2014-11-04 08:00:00,64.0,223.10000000000002,147.27037115838417,-75.82962884161586
7320,42442,2014-11-04 09:00:00,85.0,126.60174418604649,102.02319339220239,-24.5785507938441
7321,42443,2014-11-04 10:00:00,96.0,11.952638700947233,47.85221301849157,35.899574317544335
7322,42444,2014-11-04 11:00:00,109.0,24.952638700947233,32.449024899399916,7.496386198452683
7323,42445,2014-11-04 12:00:00,118.0,33.95263870094723,23.072242347908627,-10.880396353038606
7324,42446,2014-11-04 13:00:00,141.0,56.95263870094723,15.83524525291736,-41.11739344802987
7325,42447,2014-11-04 14:00:00,159.0,74.95263870094723,43.9583663933292,-30.994272307618033
7326,42448,2014-11-04 15:00:00,153.0,68.95263870094723,31.958853858162215,-36.99378484278502
7327,42449,2014-11-04 16:00:00,153.0,68.95263870094723,31.50116808432972,-37.45147061661751
7328,42450,2014-11-04 17:00:00,152.0,67.95263870094723,3.6771552397773064,-64.27548346116993
7329,42451,2014-11-04 18:00:00,157.0,54.60174418604649,53.3813915402726,-1.220352645773886
7330,42452,2014-11-04 19:00:00,159.0,52.60174418604649,49.44708062114083,-3.154663564905661
7331,42453,2014-11-04 20:00:00,196.0,15.601744186046488,15.4159158363301,-0.18582834971638817
7332,42454,2014-11-04 21:00:00,208.0,3.6017441860464885,6.247706490863919,2.6459623048174308
7333,42455,2014-11-04 22:00:00,215.0,3.3982558139535115,2.684900099849017,-0.7133557141044946
7334,42456,2014-11-04 23:00:00,255.0,32.10000000000002,30.250356554651916,-1.8496434453481072
7335,42457,2014-11-05 00:00:00,239.0,48.10000000000002,21.920815940339708,-26.179184059660315
7336,42458,2014-11-05 01:00:00,232.0,55.10000000000002,12.414487772367579,-42.685512227632444
7337,42459,2014-11-05 02:00:00,210.0,77.10000000000002,15.801802714716274,-61.29819728528375
7338,42460,2014-11-05 03:00:00,184.0,10.763888888888886,36.13932281655957,25.375433927670684
7339,42461,2014-11-05 04:00:00,174.0,20.763888888888886,21.35424008449641,0.5903511956075249
7340,42462,2014-11-05 05:00:00,164.0,30.763888888888886,38.119693620895845,7.355804732006959
7341,42463,2014-11-05 06:00:00,147.0,47.763888888888886,46.35877732925567,-1.4051115596332124
7342,42464,2014-11-05 07:00:00,98.0,96.76388888888889,96.19768960768997,-0.5661992811989194
7343,42465,2014-11-05 08:00:00,136.0,65.18181818181819,35.946119950878455,-29.235698230939732
7344,42466,2014-11-05 09:00:00,137.0,40.599999999999994,40.593678555075314,-0.006321444924680009
7345,42467,2014-11-05 10:00:00,90.0,5.952638700947233,36.04201603108727,30.08937733014004
7346,42468,2014-11-05 11:00:00,14.0,55.79545454545455,52.73319806135089,-3.0622564841036564
7347,42469,2014-11-05 12:00:00,8.0,124.45454545454547,72.8502667013373,-51.60427875320816
7348,42470,2014-11-05 13:00:00,8.0,124.45454545454547,86.15355044571587,-38.3009950088296
7349,42471,2014-11-05 14:00:00,11.0,7.920454545454547,15.30243425317503,7.3819797077204825
7350,42472,2014-11-05 15:00:00,9.0,9.920454545454547,20.797419237042387,10.87696469158784
7351,42473,2014-11-05 16:00:00,6.0,12.920454545454547,18.692682855197386,5.7722283097428395
7352,42474,2014-11-05 17:00:00,6.0,32.035714285714285,19.23578996393959,-12.799924321774693
7353,42475,2014-11-05 18:00:00,10.0,28.035714285714285,11.1322703720916,-16.903443913622684
7354,42476,2014-11-05 19:00:00,10.0,28.035714285714285,10.561161687856679,-17.474552597857606
7355,42477,2014-11-05 20:00:00,7.0,77.04736129905277,89.14560007902334,12.098238779970572
7356,42478,2014-11-05 21:00:00,6.0,79.70588235294117,55.310096112326754,-24.39578624061442
7357,42479,2014-11-05 22:00:00,5.0,24.66666666666667,51.99160244102667,27.32493577436
7358,42480,2014-11-05 23:00:00,6.0,106.33333333333331,97.96371360256576,-8.369619730767553
7359,42481,2014-11-06 00:00:00,4.0,89.73684210526315,55.319287832879525,-34.417554272383626
7360,42482,2014-11-06 01:00:00,5.0,88.73684210526315,71.36094663849805,-17.3758954667651
7361,42483,2014-11-06 02:00:00,4.0,89.73684210526315,46.87532349384122,-42.86151861142193
7362,42484,2014-11-06 03:00:00,3.0,42.91666666666666,75.03644281614638,32.11977614947972
7363,42485,2014-11-06 04:00:00,8.0,104.33333333333331,108.74473291331283,4.411399579979516
7364,42486,2014-11-06 05:00:00,9.0,103.33333333333331,94.05391151478727,-9.27942181854604
7365,42487,2014-11-06 06:00:00,7.0,194.57142857142856,96.3259829971173,-98.24544557431126
7366,42488,2014-11-06 07:00:00,7.0,194.57142857142856,97.28905712134822,-97.28237145008033
7367,42489,2014-11-06 08:00:00,9.0,79.96,90.64380430826007,10.683804308260079
7368,42490,2014-11-06 09:00:00,11.0,190.57142857142856,80.12631926619804,-110.44510930523052
7369,42492,2014-11-06 11:00:00,9.0,75.04736129905277,64.45471580991853,-10.592645489134242
7370,42493,2014-11-06 12:00:00,7.0,77.04736129905277,41.16198374295485,-35.885377556097914
7371,42494,2014-11-06 13:00:00,4.0,11.3,12.741001790554993,1.4410017905549921
7372,42495,2014-11-06 14:00:00,3.0,12.3,11.984330393989026,-0.3156696060109745
7373,42496,2014-11-06 15:00:00,4.0,11.3,10.574191420213433,-0.7258085797865679
7374,42497,2014-11-06 16:00:00,7.0,8.3,7.964080086298006,-0.3359199137019946
7375,42498,2014-11-06 17:00:00,6.0,9.3,23.947339799511784,14.647339799511784
7376,42499,2014-11-06 18:00:00,6.0,106.33333333333331,90.37643977000823,-15.956893563325082
7377,42500,2014-11-06 19:00:00,33.0,79.33333333333331,65.5695199695777,-13.763813363755617
7378,42501,2014-11-06 20:00:00,40.0,20.363636363636367,56.78077857241543,36.41714220877906
7379,42502,2014-11-06 21:00:00,40.0,20.363636363636367,46.492488259829045,26.12885189619268
7380,42503,2014-11-06 22:00:00,48.0,12.363636363636367,45.81175694290144,33.44812057926507
7381,42504,2014-11-06 23:00:00,44.0,16.363636363636367,45.511000771402934,29.147364407766567
7382,42505,2014-11-07 00:00:00,41.0,19.363636363636367,36.34044748400402,16.97681112036765
7383,42506,2014-11-07 01:00:00,44.0,16.363636363636367,44.547466054161134,28.183829690524767
7384,42507,2014-11-07 02:00:00,45.0,15.363636363636367,43.99611795671335,28.63248159307698
7385,42508,2014-11-07 03:00:00,79.0,57.66666666666666,51.236132877540484,-6.430533789126173
7386,42509,2014-11-07 04:00:00,76.0,5.5,18.487091590893684,12.987091590893684
7387,42510,2014-11-07 05:00:00,79.0,57.66666666666666,53.83033084960806,-3.836335817058597
7388,42511,2014-11-07 06:00:00,90.0,46.66666666666666,45.067831268475004,-1.5988353981916532
7389,42512,2014-11-07 07:00:00,73.0,2.5,24.24565910111241,21.74565910111241
7390,42513,2014-11-07 08:00:00,70.0,0.5,19.950211665150235,19.450211665150235
7391,42514,2014-11-07 09:00:00,66.0,58.0,36.222214930357396,-21.777785069642604
7392,42515,2014-11-07 10:00:00,59.0,53.333333333333314,40.74497589802161,-12.588357435311707
7393,42516,2014-11-07 11:00:00,62.0,50.333333333333314,38.424833315649764,-11.90850001768355
7394,42517,2014-11-07 12:00:00,60.0,28.959999999999994,42.703601993795516,13.743601993795522
7395,42518,2014-11-07 13:00:00,41.0,47.959999999999994,62.02138586912548,14.061385869125488
7396,42519,2014-11-07 14:00:00,38.0,50.959999999999994,64.60635399318888,13.646353993188882
7397,42520,2014-11-07 15:00:00,33.0,55.959999999999994,69.16211469589182,13.202114695891822
7398,42521,2014-11-07 16:00:00,18.0,70.96,82.45972902825636,11.499729028256368
7399,42522,2014-11-07 17:00:00,28.0,60.959999999999994,77.61726608112856,16.65726608112857
7400,42523,2014-11-07 18:00:00,46.0,78.0,56.325882465640404,-21.674117534359596
7401,42524,2014-11-07 19:00:00,51.0,37.959999999999994,49.05888411443668,11.098884114436686
7402,42525,2014-11-07 20:00:00,57.0,31.959999999999994,45.53130979751984,13.571309797519845
7403,42526,2014-11-07 21:00:00,37.0,87.0,73.83699213721522,-13.16300786278478
7404,42527,2014-11-07 22:00:00,35.0,25.363636363636367,66.55627631290228,41.19263994926592
7405,42528,2014-11-07 23:00:00,41.0,19.363636363636367,52.4792371312776,33.11560076764123
7406,42529,2014-11-08 00:00:00,46.0,24.5,51.71527938947676,27.215279389476763
7407,42530,2014-11-08 01:00:00,56.0,80.66666666666666,107.87407472210609,27.20740805543943
7408,42531,2014-11-08 02:00:00,69.0,67.66666666666666,70.88267831204843,3.2160116453817693
7409,42532,2014-11-08 03:00:00,79.0,92.47126436781608,80.5616372724059,-11.909627095410173
7410,42533,2014-11-08 04:00:00,76.0,95.47126436781608,90.24236002757655,-5.228904340239524
7411,42534,2014-11-08 05:00:00,65.0,196.88235294117646,113.8385290071028,-83.04382393407366
7412,42535,2014-11-08 06:00:00,69.0,100.72340425531911,80.00714042144335,-20.716263833875757
7413,42536,2014-11-08 07:00:00,74.0,97.47126436781608,68.33757381253798,-29.133690555278093
7414,42537,2014-11-08 08:00:00,79.0,33.08333333333334,12.877968509826275,-20.205364823507068
7415,42538,2014-11-08 09:00:00,78.0,15.73684210526315,7.221537028593829,-8.515305076669321
7416,42539,2014-11-08 10:00:00,87.0,43.384615384615394,14.561672931670032,-28.822942452945362
7417,42540,2014-11-08 11:00:00,82.0,43.711711711711715,8.09035795264306,-35.621353759068654
7418,42541,2014-11-08 12:00:00,74.0,10.047361299052767,19.08405933099327,9.036698031940503
7419,42542,2014-11-08 13:00:00,77.0,7.047361299052767,13.866708285131153,6.819346986078386
7420,42543,2014-11-08 14:00:00,84.0,0.04736129905276698,8.811860535363792,8.764499236311025
7421,42544,2014-11-08 15:00:00,87.0,2.952638700947233,2.183882646295686,-0.7687560546515471
7422,42545,2014-11-08 16:00:00,91.0,6.952638700947233,2.487964173954694,-4.464674526992539
7423,42546,2014-11-08 17:00:00,77.0,7.047361299052767,24.184559819384802,17.137198520332035
7424,42547,2014-11-08 18:00:00,74.0,10.047361299052767,28.787494971339072,18.740133672286305
7425,42548,2014-11-08 19:00:00,84.0,40.0,41.228672414959405,1.228672414959405
7426,42549,2014-11-08 20:00:00,89.0,82.47126436781608,83.60291213741988,1.131647769603802
7427,42550,2014-11-08 21:00:00,94.0,77.47126436781608,92.63216126312142,15.160896895305342
7428,42551,2014-11-08 22:00:00,92.0,79.47126436781608,96.65049527908607,17.179230911269997
7429,42552,2014-11-08 23:00:00,97.0,74.47126436781608,102.89461114760559,28.42334677978951
7430,42553,2014-11-09 00:00:00,92.0,79.47126436781608,100.86281076494416,21.39154639712808
7431,42554,2014-11-09 01:00:00,98.0,163.88235294117646,102.01885001708942,-61.863502924087044
7432,42555,2014-11-09 02:00:00,116.0,55.471264367816076,83.2594350684605,27.78817070064443
7433,42556,2014-11-09 03:00:00,113.0,148.88235294117646,99.12291939778831,-49.759433543388155
7434,42557,2014-11-09 04:00:00,101.0,160.88235294117646,97.28722709581533,-63.59512584536114
7435,42558,2014-11-09 05:00:00,87.0,174.88235294117646,86.9541759679837,-87.92817697319276
7436,42559,2014-11-09 06:00:00,54.0,42.0,86.11611025616662,44.11611025616662
7437,42560,2014-11-09 07:00:00,50.0,46.0,69.18074715634205,23.18074715634205
7438,42561,2014-11-09 08:00:00,42.0,3.916666666666657,33.39475611684526,29.4780894501786
7439,42562,2014-11-09 09:00:00,38.0,5.615384615384606,29.09137754508103,23.475992929696424
7440,42563,2014-11-09 10:00:00,38.0,0.28828828828828534,6.761431164492166,6.47314287620388
7441,42564,2014-11-09 11:00:00,39.0,0.7117117117117147,1.0018504237073884,0.29013871199567376
7442,42565,2014-11-09 12:00:00,33.0,51.04736129905277,31.37119899448048,-19.676162304572287
7443,42566,2014-11-09 13:00:00,34.0,13.700000000000003,14.169036175130117,0.469036175130114
7444,42567,2014-11-09 14:00:00,40.0,44.04736129905277,30.238575260585492,-13.808786038467275
7445,42568,2014-11-09 15:00:00,48.0,36.04736129905277,29.56456452832586,-6.482796770726907
7446,42569,2014-11-09 16:00:00,45.0,39.04736129905277,33.243773080484075,-5.803588218568692
7447,42570,2014-11-09 17:00:00,39.0,45.04736129905277,38.6924947397397,-6.354866559313066
7448,42571,2014-11-09 18:00:00,44.0,44.959999999999994,80.92020343908999,35.960203439089995
7449,42572,2014-11-09 19:00:00,57.0,67.0,78.4117383538387,11.4117383538387
7450,42573,2014-11-09 20:00:00,77.0,47.0,72.45659505160319,25.456595051603188
7451,42574,2014-11-09 21:00:00,76.0,95.47126436781608,102.613370758288,7.142106390471923
7452,42575,2014-11-09 22:00:00,98.0,73.47126436781608,80.07791448851353,6.606650120697452
7453,42576,2014-11-09 23:00:00,101.0,70.47126436781608,98.43741305972617,27.966148691910092
7454,42577,2014-11-10 00:00:00,104.0,67.47126436781608,79.89948439636768,12.428220028551607
7455,42578,2014-11-10 01:00:00,106.0,65.47126436781608,89.9689749774657,24.49771060964963
7456,42579,2014-11-10 02:00:00,108.0,153.88235294117646,104.1411004499046,-49.741252491271865
7457,42580,2014-11-10 03:00:00,98.0,73.47126436781608,60.21954463434318,-13.251719733472896
7458,42581,2014-11-10 04:00:00,79.0,21.740740740740762,66.66712593430162,44.92638519356086
7459,42582,2014-11-10 05:00:00,44.0,56.74074074074076,88.2486549490603,31.507914208319534
7460,42583,2014-11-10 06:00:00,33.0,63.0,98.4716549080938,35.4716549080938
7461,42584,2014-11-10 07:00:00,45.0,51.0,85.21650080366936,34.21650080366936
7462,42585,2014-11-10 08:00:00,53.0,40.73684210526315,36.57390818154488,-4.1629339237182705
7463,42586,2014-11-10 09:00:00,47.0,17.33333333333333,18.164316974087143,0.8309836407538143
7464,42587,2014-11-10 10:00:00,42.0,3.7117117117117147,4.74139632007082,1.029684608359105
7465,42588,2014-11-10 11:00:00,34.0,50.04736129905277,46.57666551031302,-3.4706957887397465
7466,42589,2014-11-10 12:00:00,38.0,46.04736129905277,44.03610305814804,-2.0112582409047235
7467,42590,2014-11-10 13:00:00,41.0,43.04736129905277,51.91179909068278,8.86443779163001
7468,42591,2014-11-10 14:00:00,56.0,28.047361299052767,34.00964562166199,5.9622843226092215
7469,42592,2014-11-10 15:00:00,59.0,25.047361299052767,32.95767934585669,7.910318046803923
7470,42593,2014-11-10 16:00:00,68.0,16.047361299052767,23.200271208159847,7.1529099091070805
7471,42594,2014-11-10 17:00:00,79.0,5.047361299052767,29.088166621879864,24.040805322827097
7472,42595,2014-11-10 18:00:00,79.0,132.6017441860465,101.6497632602557,-30.951980925790792
7473,42596,2014-11-10 19:00:00,111.0,26.952638700947233,28.241570956922743,1.28893225597551
7474,42597,2014-11-10 20:00:00,147.0,64.60174418604649,41.494918551204904,-23.106825634841584
7475,42598,2014-11-10 21:00:00,153.0,58.60174418604649,40.14479295951159,-18.456951226534898
7476,42599,2014-11-10 22:00:00,145.0,49.763888888888886,56.09769858777767,6.3338096988887855
7477,42600,2014-11-10 23:00:00,143.0,144.10000000000002,57.045317118411816,-87.0546828815882
7478,42601,2014-11-11 00:00:00,144.0,143.10000000000002,43.406950793809955,-99.69304920619007
7479,42602,2014-11-11 01:00:00,200.0,5.236111111111114,12.535332012539442,7.299220901428328
7480,42603,2014-11-11 02:00:00,239.0,102.75,32.6792741595616,-70.0707258404384
7481,42604,2014-11-11 03:00:00,185.0,9.763888888888886,31.43666341838008,21.672774529491193
7482,42605,2014-11-11 04:00:00,163.0,31.763888888888886,56.87495570850868,25.111066819619793
7483,42606,2014-11-11 05:00:00,28.0,118.41666666666666,98.50961215237402,-19.90705451429264
7484,42607,2014-11-11 06:00:00,12.0,189.1818181818182,154.8448234150049,-34.33699476681329
7485,42608,2014-11-11 07:00:00,9.0,123.45454545454547,84.40321524852672,-39.05133020601875
7486,42609,2014-11-11 08:00:00,9.0,29.288288288288285,45.92302948873349,16.634741200445205
7487,42610,2014-11-11 09:00:00,11.0,27.288288288288285,31.361831680396826,4.07354339210854
7488,42611,2014-11-11 10:00:00,15.0,23.288288288288285,20.99204035306382,-2.2962479352244642
7489,42612,2014-11-11 11:00:00,13.0,25.035714285714285,12.05201974396136,-12.983694541752925
7490,42613,2014-11-11 12:00:00,14.0,24.035714285714285,9.150181718444767,-14.885532567269518
7491,42614,2014-11-11 13:00:00,17.0,0.08238636363636331,3.5406392081035243,3.458252844467161
7492,42615,2014-11-11 14:00:00,18.0,0.9176136363636367,2.317998375496984,1.4003847391333473
7493,42616,2014-11-11 15:00:00,16.0,1.0823863636363633,3.8900373510918484,2.807650987455485
7494,42617,2014-11-11 16:00:00,11.0,6.082386363636363,8.303661923223654,2.2212755595872906
7495,42618,2014-11-11 17:00:00,7.0,10.082386363636363,12.201339655805175,2.1189532921688112
7496,42619,2014-11-11 18:00:00,9.0,8.082386363636363,11.49310397474246,3.4107176111060973
7497,42620,2014-11-11 19:00:00,13.0,4.082386363636363,6.584705359282772,2.5023189956464087
7498,42621,2014-11-11 20:00:00,16.0,1.0823863636363633,3.192933876414891,2.1105475127785276
7499,42622,2014-11-11 21:00:00,8.0,9.082386363636363,10.862436933691626,1.7800505700552627
7500,42623,2014-11-11 22:00:00,19.0,17.299999999999997,3.8033530628789443,-13.496646937121053
7501,42624,2014-11-11 23:00:00,8.0,13.137168141592923,11.110611518171453,-2.0265566234214702
7502,42625,2014-11-12 00:00:00,9.0,2.883720930232556,3.91825151954618,1.0345305893136238
7503,42626,2014-11-12 01:00:00,5.0,6.883720930232556,10.85741907539515,3.9736981451625937
7504,42627,2014-11-12 02:00:00,2.0,9.883720930232556,11.122823179738727,1.2391022495061712
7505,42628,2014-11-12 03:00:00,2.0,9.883720930232556,10.931521303333636,1.0478003731010794
7506,42629,2014-11-12 04:00:00,3.0,8.883720930232556,9.487991951515731,0.604271021283175
7507,42630,2014-11-12 05:00:00,3.0,8.883720930232556,10.069872638982254,1.1861517087496978
7508,42631,2014-11-12 06:00:00,6.0,5.883720930232556,7.146574018429687,1.2628530881971312
7509,42632,2014-11-12 07:00:00,4.0,7.883720930232556,9.162199986568524,1.2784790563359678
7510,42633,2014-11-12 08:00:00,4.0,5.199999999999999,6.321011912197168,1.1210119121971687
7511,42634,2014-11-12 09:00:00,5.0,4.199999999999999,5.690368187733553,1.4903681877335533
7512,42635,2014-11-12 10:00:00,6.0,7.333333333333336,5.383010372103765,-1.9503229612295705
7513,42636,2014-11-12 11:00:00,6.0,7.333333333333336,4.494929934525667,-2.838403398807669
7514,42637,2014-11-12 12:00:00,5.0,8.333333333333336,5.588941777089236,-2.7443915562441
7515,42638,2014-11-12 13:00:00,4.0,9.333333333333336,8.148634153732445,-1.1846991796008908
7516,42639,2014-11-12 14:00:00,6.0,7.333333333333336,6.606071334513599,-0.7272619988197366
7517,42640,2014-11-12 15:00:00,5.0,2.4666666666666677,6.5864511474764775,4.11978448080981
7518,42641,2014-11-12 16:00:00,3.0,4.466666666666668,8.719632068592745,4.252965401926077
7519,42642,2014-11-12 17:00:00,5.0,2.4666666666666677,6.532407185179654,4.065740518512986
7520,42643,2014-11-12 18:00:00,7.0,6.333333333333336,5.807288160458365,-0.5260451728749711
7521,42644,2014-11-12 19:00:00,9.0,4.333333333333336,8.384048813578573,4.050715480245238
7522,42645,2014-11-12 20:00:00,11.0,2.3333333333333357,1.8344163016255948,-0.49891703170774093
7523,42646,2014-11-12 21:00:00,12.0,1.3333333333333357,0.6476919489307527,-0.685641384402583
7524,42647,2014-11-12 22:00:00,15.0,21.799999999999997,41.3063497023486,19.5063497023486
7525,42648,2014-11-12 23:00:00,17.0,11.372549019607838,23.714615813569424,12.342066793961585
7526,42649,2014-11-13 00:00:00,12.0,16.37254901960784,21.49426283095577,5.121713811347931
7527,42650,2014-11-13 01:00:00,11.0,17.37254901960784,20.54030186828514,3.167752848677303
7528,42651,2014-11-13 02:00:00,12.0,58.8888888888889,47.24534003232872,-11.64354885656018
7529,42652,2014-11-13 03:00:00,12.0,32.45652173913044,34.61153021566143,2.1550084765309947
7530,42653,2014-11-13 04:00:00,11.0,14.3,50.738748038892965,36.43874803889297
7531,42654,2014-11-13 05:00:00,13.0,57.8888888888889,108.99964537700872,51.11075648811982
7532,42655,2014-11-13 06:00:00,15.0,55.8888888888889,77.9445472089262,22.055658320037296
7533,42656,2014-11-13 07:00:00,21.0,170.40740740740745,113.4199158832192,-56.98749152418824
7534,42657,2014-11-13 08:00:00,21.0,148.7234042553191,132.30868994356456,-16.41471431175455
7535,42658,2014-11-13 09:00:00,40.0,36.02439024390246,22.483972794948826,-13.540417448953633
7536,42659,2014-11-13 10:00:00,40.0,7.942307692307693,27.880750904564962,19.93844321225727
7537,42660,2014-11-13 11:00:00,20.0,5.357142857142858,14.559448769185764,9.202305912042906
7538,42661,2014-11-13 12:00:00,16.0,3.1000000000000014,14.467245897955713,11.367245897955712
7539,42662,2014-11-13 13:00:00,26.0,4.5,0.8814274972886231,-3.618572502711377
7540,42663,2014-11-13 14:00:00,25.0,13.071428571428573,2.4670392772025913,-10.604389294225982
7541,42664,2014-11-13 15:00:00,25.0,4.172413793103448,1.1420803650913705,-3.030333428012078
7542,42665,2014-11-13 16:00:00,35.0,18.54054054054054,12.204147685543184,-6.3363928549973565
7543,42667,2014-11-13 18:00:00,31.0,12.225806451612904,13.688982283264998,1.4631758316520944
7544,42668,2014-11-13 19:00:00,30.0,54.04736129905277,24.680702016656788,-29.36665928239598
7545,42669,2014-11-13 20:00:00,33.0,14.942307692307693,22.832696635701723,7.890388943394029
7546,42670,2014-11-13 21:00:00,45.0,2.9423076923076934,12.342065697371815,9.399758005064122
7547,42671,2014-11-13 22:00:00,53.0,5.057692307692307,11.78451283672591,6.726820529033603
7548,42672,2014-11-13 23:00:00,44.0,73.10344827586206,53.754718117196006,-19.348730158666058
7549,42673,2014-11-14 00:00:00,43.0,23.8888888888889,64.41342309756796,40.52453420867906
7550,42674,2014-11-14 01:00:00,52.0,14.8888888888889,62.66223422906178,47.77334534017288
7551,42675,2014-11-14 02:00:00,52.0,14.8888888888889,65.13243774298107,50.24354885409217
7552,42676,2014-11-14 03:00:00,52.0,14.8888888888889,57.7952965255467,42.9064076366578
7553,42677,2014-11-14 04:00:00,54.0,49.69230769230771,60.751377579707054,11.059069887399346
7554,42678,2014-11-14 05:00:00,52.0,51.69230769230771,64.51522982798357,12.822922135675867
7555,42679,2014-11-14 06:00:00,49.0,54.69230769230771,80.23850757825087,25.546199885943167
7556,42680,2014-11-14 07:00:00,49.0,54.69230769230771,58.84082831806488,4.148520625757172
7557,42681,2014-11-14 08:00:00,40.0,30.0,49.02542910477017,19.02542910477017
7558,42682,2014-11-14 09:00:00,41.0,31.34693877551021,23.954500570776943,-7.392438204733267
7559,42683,2014-11-14 10:00:00,24.0,23.942307692307693,44.192405668573656,20.250097976265963
7560,42684,2014-11-14 11:00:00,30.0,15.357142857142858,2.204413537388035,-13.152729319754823
7561,42685,2014-11-14 12:00:00,21.0,11.600000000000001,15.252961177957786,3.652961177957785
7562,42686,2014-11-14 13:00:00,22.0,62.04736129905277,34.99928505644818,-27.048076242604587
7563,42687,2014-11-14 14:00:00,20.0,12.600000000000001,21.04014483283958,8.440144832839579
7564,42688,2014-11-14 15:00:00,21.0,6.357142857142858,17.64808352461978,11.29094066747692
7565,42689,2014-11-14 16:00:00,21.0,6.357142857142858,19.524120907467243,13.166978050324385
7566,42690,2014-11-14 17:00:00,25.0,10.357142857142858,17.12997319366081,6.772830336517952
7567,42691,2014-11-14 18:00:00,32.0,15.942307692307693,23.130859894945218,7.188552202637524
7568,42692,2014-11-14 19:00:00,35.0,37.34693877551021,52.20309954303448,14.856160767524273
7569,42693,2014-11-14 20:00:00,50.0,20.0,29.626287175686898,9.626287175686898
7570,42694,2014-11-14 21:00:00,74.0,95.72340425531911,66.09960318044347,-29.623801074875644
7571,42695,2014-11-14 22:00:00,64.0,6.0,39.67437290858874,33.67437290858874
7572,42696,2014-11-14 23:00:00,90.0,20.0,7.307471402916349,-12.692528597083651
7573,42697,2014-11-15 00:00:00,138.0,68.0,59.167119043407595,-8.832880956592405
7574,42698,2014-11-15 01:00:00,182.0,12.27659574468089,59.525845980278376,47.249250235597486
7575,42699,2014-11-15 02:00:00,210.0,40.27659574468089,88.00452646779655,47.72793072311566
7576,42700,2014-11-15 03:00:00,208.0,38.27659574468089,83.6963502409198,45.41975449623891
7577,42701,2014-11-15 04:00:00,152.0,17.72340425531911,28.247879273066104,10.524475017746994
7578,42702,2014-11-15 05:00:00,122.0,47.72340425531911,32.98963767438218,-14.73376658093693
7579,42703,2014-11-15 06:00:00,87.0,82.72340425531911,62.71144026899515,-20.011963986323963
7580,42704,2014-11-15 07:00:00,62.0,107.72340425531911,89.02600415018958,-18.69740010512953
7581,42705,2014-11-15 08:00:00,52.0,117.72340425531911,99.7546520595489,-17.968752195770207
7582,42706,2014-11-15 09:00:00,52.0,117.72340425531911,62.01766062269286,-55.70574363262625
7583,42707,2014-11-15 10:00:00,59.0,53.333333333333314,48.28969004749996,-5.043643285833355
7584,42708,2014-11-15 11:00:00,96.0,16.333333333333314,0.844757189120088,-15.488576144213226
7585,42709,2014-11-15 12:00:00,128.0,39.040000000000006,18.42465569522392,-20.615344304776087
7586,42710,2014-11-15 13:00:00,141.0,52.040000000000006,30.142169065092162,-21.897830934907844
7587,42711,2014-11-15 14:00:00,167.0,78.04,53.65905001281271,-24.380949987187293
7588,42712,2014-11-15 15:00:00,206.0,117.04,93.88064746131016,-23.159352538689845
7589,42713,2014-11-15 16:00:00,227.0,179.3,160.58285929521324,-18.71714070478677
7590,42714,2014-11-15 17:00:00,246.0,198.3,167.5148543986509,-30.785145601349114
7591,42715,2014-11-15 18:00:00,230.0,136.26315789473685,132.20159084776736,-4.061567046969486
7592,42716,2014-11-15 19:00:00,239.0,67.52873563218392,126.10684488502159,58.57810925283766
7593,42717,2014-11-15 20:00:00,238.0,144.26315789473685,154.24529927247573,9.982141377738884
7594,42718,2014-11-15 21:00:00,250.0,156.26315789473685,178.26785331798436,22.00469542324751
7595,42719,2014-11-15 22:00:00,261.0,215.08333333333334,179.78636725384922,-35.29696607948412
7596,42720,2014-11-15 23:00:00,283.0,113.27659574468089,132.95339235953838,19.676796614857494
7597,42721,2014-11-16 00:00:00,273.0,101.52873563218392,88.12841773530869,-13.400317896875237
7598,42722,2014-11-16 01:00:00,281.0,109.52873563218392,86.59142424494877,-22.937311387235155
7599,42723,2014-11-16 02:00:00,218.0,48.27659574468089,73.14654297093585,24.869947226254965
7600,42724,2014-11-16 03:00:00,222.0,50.528735632183924,52.56346179545886,2.0347261632749394
7601,42725,2014-11-16 04:00:00,206.0,34.528735632183924,10.813694315733102,-23.715041316450822
7602,42726,2014-11-16 05:00:00,304.0,132.52873563218392,108.52867293171172,-24.0000627004722
7603,42727,2014-11-16 06:00:00,299.0,37.117647058823536,83.30679319273762,46.18914613391408
7604,42728,2014-11-16 07:00:00,284.0,22.117647058823536,73.37314484020226,51.25549778137872
7605,42729,2014-11-16 08:00:00,266.0,94.52873563218392,68.3651898480727,-26.16354578411122
7606,42730,2014-11-16 09:00:00,256.0,208.3,116.7942387907213,-91.50576120927872
7607,42731,2014-11-16 10:00:00,79.0,14.73684210526315,6.1770949634475585,-8.559747141815592
7608,42732,2014-11-16 11:00:00,38.0,8.333333333333329,25.52422351053834,17.190890177205013
7609,42733,2014-11-16 12:00:00,22.0,7.666666666666671,44.99820656733668,37.33153990067001
7610,42734,2014-11-16 13:00:00,15.0,23.288288288288285,23.009294378876284,-0.27899390941200153
7611,42735,2014-11-16 14:00:00,21.0,17.288288288288285,16.129609752291202,-1.1586785359970833
7612,42736,2014-11-16 15:00:00,18.0,20.288288288288285,19.484430774360334,-0.8038575139279516
7613,42737,2014-11-16 16:00:00,19.0,1.1739130434782616,2.901603087905773,1.7276900444275114
7614,42738,2014-11-16 17:00:00,16.0,4.173913043478262,4.53999165397644,0.36607861049817814
7615,42739,2014-11-16 18:00:00,17.0,0.6999999999999993,4.23340226580218,3.533402265802181
7616,42740,2014-11-16 19:00:00,15.0,2.6999999999999993,4.931961299061289,2.2319612990612896
7617,42741,2014-11-16 20:00:00,24.0,6.300000000000001,3.2974923097347997,-3.002507690265201
7618,42742,2014-11-16 21:00:00,12.0,5.699999999999999,7.950187142038946,2.2501871420389463
7619,42743,2014-11-16 22:00:00,19.0,1.3000000000000007,0.16020815574746194,-1.1397918442525388
7620,42744,2014-11-16 23:00:00,13.0,4.699999999999999,5.01278397352111,0.3127839735211104
7621,42745,2014-11-17 00:00:00,12.0,5.699999999999999,5.926320198152748,0.22632019815274873
7622,42746,2014-11-17 01:00:00,13.0,4.699999999999999,4.758660044896047,0.05866004489604748
7623,42747,2014-11-17 02:00:00,12.0,5.699999999999999,5.758660044896047,0.05866004489604748
7624,42748,2014-11-17 03:00:00,13.0,4.699999999999999,4.758660044896047,0.05866004489604748
7625,42749,2014-11-17 04:00:00,11.0,6.699999999999999,5.9460625242039455,-0.7539374757960537
7626,42750,2014-11-17 05:00:00,11.0,85.85,75.86492956863621,-9.98507043136378
7627,42751,2014-11-17 06:00:00,9.0,87.85,62.046250736979204,-25.80374926302079
7628,42752,2014-11-17 07:00:00,11.0,125.66666666666666,130.3195987249573,4.652932058290645
7629,42753,2014-11-17 08:00:00,17.0,43.36363636363637,66.84392665335551,23.480290289719143
7630,42754,2014-11-17 09:00:00,19.0,10.666666666666671,35.16357821947352,24.49691155280685
7631,42755,2014-11-17 10:00:00,19.0,10.666666666666671,41.49427709696955,30.827610430302876
7632,42756,2014-11-17 11:00:00,16.0,13.666666666666671,44.96158991890768,31.294923252241006
7633,42757,2014-11-17 12:00:00,14.0,15.666666666666671,36.07139084949666,20.404724182829987
7634,42758,2014-11-17 13:00:00,15.0,23.288288288288285,24.244416647469727,0.9561283591814416
7635,42759,2014-11-17 14:00:00,15.0,23.288288288288285,23.934332106066357,0.6460438177780716
7636,42760,2014-11-17 15:00:00,8.0,30.288288288288285,30.38895940322881,0.10067111494052483
7637,42761,2014-11-17 16:00:00,13.0,33.22222222222222,10.791420978413658,-22.430801243808563
7638,42762,2014-11-17 17:00:00,16.0,5.375,3.441553672548963,-1.933446327451037
7639,42763,2014-11-17 18:00:00,27.0,45.34693877551021,34.943905107942534,-10.403033667567676
7640,42764,2014-11-17 19:00:00,47.0,49.849999999999994,30.004662930526663,-19.84533706947333
7641,42765,2014-11-17 20:00:00,54.0,6.363636363636367,41.61464403601835,35.25100767238198
7642,42766,2014-11-17 21:00:00,62.0,1.6363636363636331,37.15117357164104,35.514809935277405
7643,42767,2014-11-17 22:00:00,66.0,4.5,28.228812319694498,23.728812319694498
7644,42768,2014-11-17 23:00:00,72.0,1.5,25.55211008035073,24.05211008035073
7645,42769,2014-11-18 00:00:00,81.0,55.66666666666666,53.7435368277132,-1.9231298389534572
7646,42770,2014-11-18 01:00:00,138.0,1.3333333333333428,28.63674594417185,27.303412610838507
7647,42771,2014-11-18 02:00:00,121.0,15.666666666666657,24.064011217537683,8.397344550871026
7648,42772,2014-11-18 03:00:00,78.0,58.66666666666666,54.117755336278236,-4.548911330388421
7649,42773,2014-11-18 04:00:00,78.0,93.69999999999999,74.27573914658203,-19.424260853417962
7650,42774,2014-11-18 05:00:00,63.0,7.0,48.44767371322877,41.44767371322877
7651,42775,2014-11-18 06:00:00,45.0,25.0,64.64599051344301,39.64599051344301
7652,42776,2014-11-18 07:00:00,39.0,57.0,77.532056497285,20.532056497284998
7653,42777,2014-11-18 08:00:00,40.0,56.0,36.673561742551,-19.326438257449
7654,42778,2014-11-18 09:00:00,42.0,3.916666666666657,47.8557237608068,43.93905709414014
7655,42779,2014-11-18 10:00:00,41.0,1.7692307692307736,14.572411626760406,12.803180857529632
7656,42780,2014-11-18 11:00:00,53.0,31.047361299052767,28.246802753980802,-2.800558545071965
7657,42781,2014-11-18 12:00:00,52.0,32.04736129905277,29.28575483435236,-2.7616064647004066
7658,42782,2014-11-18 13:00:00,61.0,23.047361299052767,19.111551184141433,-3.935810114911334
7659,42783,2014-11-18 14:00:00,59.0,25.047361299052767,22.68035809353266,-2.3670032055201062
7660,42784,2014-11-18 15:00:00,53.0,31.047361299052767,23.9524150247982,-7.094946274254568
7661,42785,2014-11-18 16:00:00,59.0,25.047361299052767,23.386258415799162,-1.661102883253605
7662,42786,2014-11-18 17:00:00,63.0,21.047361299052767,21.363243158852,0.31588185979923367
7663,42787,2014-11-18 18:00:00,86.0,38.0,32.7118969658688,-5.288103034131197
7664,42788,2014-11-18 19:00:00,106.0,18.0,26.768049281777735,8.768049281777735
7665,42789,2014-11-18 20:00:00,136.0,33.72340425531911,11.4766800080709,-22.24672424724821
7666,42790,2014-11-18 21:00:00,158.0,11.72340425531911,5.585669185618002,-6.137735069701108
7667,42791,2014-11-18 22:00:00,189.0,19.27659574468089,34.805401959036516,15.528806214355626
7668,42792,2014-11-18 23:00:00,203.0,33.27659574468089,33.7515799675254,0.4749842228445118
7669,42793,2014-11-19 00:00:00,221.0,51.27659574468089,40.90125955769898,-10.375336186981912
7670,42794,2014-11-19 01:00:00,257.0,87.27659574468089,77.93884996034797,-9.337745784332924
7671,42795,2014-11-19 02:00:00,333.0,163.2765957446809,168.70903895626213,5.432443211581244
7672,42796,2014-11-19 03:00:00,371.0,199.52873563218392,174.3665171840741,-25.162218448109826
7673,42797,2014-11-19 04:00:00,354.0,184.2765957446809,194.9310164869893,10.654420742308417
7674,42798,2014-11-19 05:00:00,273.0,11.117647058823536,57.06882345855962,45.951176399736084
7675,42799,2014-11-19 06:00:00,255.0,6.882352941176464,42.94125574675289,36.05890280557642
7676,42800,2014-11-19 07:00:00,165.0,96.88235294117646,49.53941822622383,-47.342934714952634
7677,42801,2014-11-19 08:00:00,198.0,26.528735632183924,4.012645055946422,-22.516090576237502
7678,42802,2014-11-19 09:00:00,275.0,103.52873563218392,121.13091032338838,17.602174691204453
7679,42803,2014-11-19 10:00:00,320.0,148.52873563218392,153.40349639392437,4.874760761740447
7680,42804,2014-11-19 11:00:00,284.0,160.0,147.21946573892808,-12.78053426107192
7681,42805,2014-11-19 12:00:00,346.0,222.0,208.53006024155428,-13.469939758445719
7682,42806,2014-11-19 13:00:00,311.0,99.39825581395351,128.74310966712105,29.344853853167535
7683,42807,2014-11-19 14:00:00,372.0,160.3982558139535,191.28343991379677,30.885184099843258
7684,42808,2014-11-19 15:00:00,399.0,187.3982558139535,218.3130337410625,30.914777927108986
7685,42809,2014-11-19 16:00:00,370.0,158.3982558139535,180.33153089335937,21.93327507940586
7686,42810,2014-11-19 17:00:00,327.0,115.39825581395351,139.31859333852955,23.92033752457604
7687,42811,2014-11-19 18:00:00,346.0,154.3,164.91723999201488,10.617239992014873
7688,42812,2014-11-19 19:00:00,351.0,216.88333333333333,180.7578295148368,-36.125503818496526
7689,42813,2014-11-19 20:00:00,362.0,227.88333333333333,175.4988020518415,-52.38453128149183
7690,42814,2014-11-19 21:00:00,394.0,154.8703703703704,176.72583941202114,21.855469041650736
7691,42815,2014-11-19 22:00:00,409.0,169.8703703703704,196.1900172809763,26.319646910605883
7692,42816,2014-11-19 23:00:00,384.0,144.8703703703704,143.2465144487542,-1.6238559216162116
7693,42817,2014-11-20 00:00:00,393.0,153.8703703703704,183.85490992292227,29.984539552551865
7694,42818,2014-11-20 01:00:00,380.0,140.8703703703704,164.58592333160118,23.71555296123077
7695,42819,2014-11-20 02:00:00,330.0,135.23611111111111,101.35544805806191,-33.880663053049204
7696,42820,2014-11-20 03:00:00,324.0,84.87037037037041,92.2235138428066,7.353143472436187
7697,42821,2014-11-20 04:00:00,334.0,94.87037037037041,99.06414399172593,4.193773621355518
7698,42822,2014-11-20 05:00:00,334.0,94.87037037037041,118.10233781800957,23.231967447639164
7699,42823,2014-11-20 06:00:00,368.0,128.8703703703704,152.51945792558737,23.649087555216965
7700,42824,2014-11-20 07:00:00,360.0,120.87037037037041,136.36079126274387,15.490420892373464
7701,42825,2014-11-20 08:00:00,324.0,84.87037037037041,97.93723764767651,13.066867277306102
7702,42826,2014-11-20 09:00:00,299.0,59.87037037037041,82.2744672115067,22.404096841136294
7703,42827,2014-11-20 10:00:00,305.0,17.899999999999977,69.15737819353626,51.25737819353628
7704,42828,2014-11-20 11:00:00,290.0,78.39825581395351,75.99893880922355,-2.3993170047299657
7705,42829,2014-11-20 12:00:00,314.0,102.39825581395351,128.6416330308365,26.243377216882976
7706,42830,2014-11-20 13:00:00,315.0,103.39825581395351,133.19878155847186,29.800525744518353
7707,42831,2014-11-20 14:00:00,306.0,94.39825581395351,123.54337377771782,29.145117963764307
7708,42832,2014-11-20 15:00:00,292.0,80.39825581395351,116.45840258723962,36.06014677328611
7709,42833,2014-11-20 16:00:00,315.0,103.39825581395351,137.51704689045238,34.118791076498866
7710,42834,2014-11-20 17:00:00,332.0,120.39825581395351,155.7365340840628,35.3382782701093
7711,42835,2014-11-20 18:00:00,342.0,147.23611111111111,149.88879997216972,2.652688861058607
7712,42836,2014-11-20 19:00:00,338.0,143.23611111111111,137.38996236357812,-5.846148747532993
7713,42837,2014-11-20 20:00:00,375.0,180.23611111111111,159.04666416914196,-21.189446941969152
7714,42850,2014-11-21 09:00:00,287.0,95.30000000000001,102.17045246482326,6.870452464823245
7715,42851,2014-11-21 10:00:00,177.0,66.46666666666667,31.995360845301633,-34.471305821365036
7716,42852,2014-11-21 11:00:00,133.0,78.60174418604649,35.58987725434491,-43.011866931701576
7717,42853,2014-11-21 12:00:00,93.0,8.952638700947233,19.400648671596542,10.44800997064931
7718,42854,2014-11-21 13:00:00,82.0,2.047361299052767,26.696390671587082,24.649029372534315
7719,42855,2014-11-21 14:00:00,86.0,1.952638700947233,21.94043485137965,19.987796150432416
7720,42856,2014-11-21 15:00:00,88.0,44.45454545454547,0.27174901824515985,-44.18279643630031
7721,42857,2014-11-21 16:00:00,33.0,26.82352941176471,1.8507123961275909,-24.97281701563712
7722,42858,2014-11-21 17:00:00,16.0,4.827586206896552,7.940786661530801,3.1132004546342493
7723,42859,2014-11-21 18:00:00,19.0,2.46153846153846,16.025131763254073,13.563593301715613
7724,42860,2014-11-21 19:00:00,22.0,25.942307692307693,30.168177457332966,4.225869765025273
7725,42861,2014-11-21 20:00:00,31.0,61.900000000000006,49.82655267788044,-12.073447322119563
7726,42862,2014-11-21 21:00:00,37.0,56.73684210526315,27.03322524059547,-29.70361686466768
7727,42863,2014-11-21 22:00:00,38.0,28.8888888888889,29.365914786328872,0.47702589743997237
7728,42864,2014-11-21 23:00:00,30.0,63.73684210526315,16.406904389879216,-47.329937715383934
7729,42865,2014-11-22 00:00:00,17.0,49.8888888888889,33.48558031164314,-16.40330857724576
7730,42866,2014-11-22 01:00:00,9.0,21.5,29.829496344852203,8.329496344852203
7731,42867,2014-11-22 02:00:00,9.0,61.0,64.26770810360475,3.267708103604747
7732,42868,2014-11-22 03:00:00,12.0,58.0,67.77625235634858,9.776252356348579
7733,42869,2014-11-22 04:00:00,8.0,161.7234042553191,139.85381521737594,-21.86958903794317
7734,42870,2014-11-22 05:00:00,10.0,15.3,50.46829095855268,35.168290958552674
7735,42871,2014-11-22 06:00:00,13.0,57.0,102.49358126423685,45.49358126423685
7736,42872,2014-11-22 07:00:00,15.0,55.0,90.33997270727751,35.33997270727751
7737,42873,2014-11-22 08:00:00,29.0,41.0,54.35951697917616,13.359516979176163
7738,42874,2014-11-22 09:00:00,31.0,8.230769230769226,29.33948843237019,21.108719201600962
7739,42875,2014-11-22 10:00:00,37.0,2.2307692307692264,17.35458171628381,15.123812485514584
7740,42876,2014-11-22 11:00:00,36.0,2.2882882882882853,4.700359735015532,2.4120714467272464
7741,42877,2014-11-22 12:00:00,31.0,7.288288288288285,15.31003020204978,8.021741913761495
7742,42878,2014-11-22 13:00:00,26.0,58.04736129905277,23.838856057529703,-34.20850524152306
7743,42879,2014-11-22 14:00:00,28.0,56.04736129905277,33.09201806672841,-22.95534323232436
7744,42880,2014-11-22 15:00:00,26.0,11.357142857142858,16.25385326085422,4.896710403711364
7745,42881,2014-11-22 16:00:00,38.0,46.04736129905277,15.690440409444427,-30.35692088960834
7746,42882,2014-11-22 17:00:00,48.0,0.0576923076923066,16.917249287090215,16.859556979397908
7747,42883,2014-11-22 18:00:00,65.0,7.3469387755102105,5.90223126899798,-1.4447075065122306
7748,42884,2014-11-22 19:00:00,79.0,6.6530612244897895,9.38497654214116,2.731915317651371
7749,42885,2014-11-22 20:00:00,101.0,23.0,13.71842173713192,-9.28157826286808
7750,42886,2014-11-22 21:00:00,123.0,1.0,1.478593328763239,0.4785933287632389
7751,42887,2014-11-22 22:00:00,146.0,21.291666666666657,16.1212348910085,-5.170431775658159
7752,42888,2014-11-22 23:00:00,127.0,81.08333333333334,24.41673311639623,-56.66660021693711
7753,42889,2014-11-23 00:00:00,107.0,77.0,7.68702203136931,-69.31297796863069
7754,42890,2014-11-23 01:00:00,106.0,78.0,7.786869792931768,-70.21313020706823
7755,42891,2014-11-23 02:00:00,116.0,55.471264367816076,70.0239625295564,14.552698161740324
7756,42892,2014-11-23 03:00:00,100.0,71.47126436781608,83.01952287872868,11.548258510912603
7757,42893,2014-11-23 04:00:00,91.0,80.47126436781608,106.0093123896136,25.538048021797522
7758,42894,2014-11-23 05:00:00,91.0,80.47126436781608,102.58250430880551,22.111239940989435
7759,42895,2014-11-23 06:00:00,99.0,72.47126436781608,90.08272446444974,17.611460096633664
7760,42896,2014-11-23 07:00:00,110.0,61.471264367816076,69.1408211193399,7.669556751523828
7761,42897,2014-11-23 08:00:00,111.0,60.471264367816076,29.171424531154088,-31.299839836661988
7762,42898,2014-11-23 09:00:00,113.0,19.26315789473685,4.157213688928721,-15.105944205808129
7763,42899,2014-11-23 10:00:00,101.0,7.26315789473685,14.79224100724899,7.52908311251214
7764,42900,2014-11-23 11:00:00,101.0,23.0,27.35863972696299,4.358639726962991
7765,42901,2014-11-23 12:00:00,111.0,56.29166666666666,20.36674190819582,-35.92492475847084
7766,42902,2014-11-23 13:00:00,114.0,14.25454545454545,14.472880409085548,0.21833495454009721
7767,42903,2014-11-23 14:00:00,119.0,9.25454545454545,20.33481899684142,11.08027354229597
7768,42904,2014-11-23 15:00:00,141.0,12.74545454545455,0.9170131344333754,-11.828441411021174
7769,42905,2014-11-23 16:00:00,149.0,18.291666666666657,12.924151926654787,-5.36751474001187
7770,42906,2014-11-23 17:00:00,134.0,5.74545454545455,10.649030964606965,4.903576419152415
7771,42907,2014-11-23 18:00:00,143.0,28.471264367816076,31.56057417907502,3.0893098112589428
7772,42908,2014-11-23 19:00:00,174.0,2.528735632183924,2.602692247561748,0.07395661537782416
7773,42909,2014-11-23 20:00:00,182.0,10.528735632183924,0.9811201591883787,-9.547615472995545
7774,42910,2014-11-23 21:00:00,181.0,9.528735632183924,7.672593212668573,-1.8561424195153506
7775,42911,2014-11-23 22:00:00,186.0,14.528735632183924,8.833577748320721,-5.695157883863203
7776,42912,2014-11-23 23:00:00,193.0,21.528735632183924,7.941568685681574,-13.58716694650235
7777,42913,2014-11-24 00:00:00,240.0,21.882352941176464,28.29226823384448,6.409915292668018
7778,42914,2014-11-24 01:00:00,289.0,27.117647058823536,114.43444457631878,87.31679751749525
7779,42915,2014-11-24 02:00:00,282.0,236.08333333333334,184.4647967510328,-51.61853658230055
7780,42916,2014-11-24 03:00:00,188.0,92.0,39.50116763853478,-52.49883236146522
7781,42917,2014-11-24 04:00:00,175.0,79.0,45.57721958210925,-33.42278041789075
7782,42918,2014-11-24 05:00:00,150.0,54.0,8.01164830867404,-45.98835169132596
7783,42919,2014-11-24 06:00:00,116.0,20.0,25.84964071070968,5.849640710709679
7784,42920,2014-11-24 07:00:00,100.0,74.52631578947368,9.98384385335008,-64.5424719361236
7785,42921,2014-11-24 08:00:00,42.0,28.0,33.25420339943672,5.254203399436719
7786,42922,2014-11-24 09:00:00,41.0,52.73684210526315,37.34478117295508,-15.39206093230807
7787,42923,2014-11-24 10:00:00,30.0,42.34693877551021,40.14776699488624,-2.1991717806239706
7788,42924,2014-11-24 11:00:00,28.0,19.942307692307693,21.090508373163395,1.1482006808557017
7789,42925,2014-11-24 12:00:00,19.0,13.600000000000001,17.279915874781757,3.6799158747817557
7790,42926,2014-11-24 13:00:00,22.0,7.357142857142858,21.59488521375244,14.237742356609584
7791,42927,2014-11-24 14:00:00,22.0,7.357142857142858,14.32016932829847,6.963026471155612
7792,42928,2014-11-24 15:00:00,22.0,7.357142857142858,18.098915192749487,10.74177233560663
7793,42929,2014-11-24 16:00:00,31.0,53.04736129905277,40.260780764158795,-12.786580534893972
7794,42930,2014-11-24 17:00:00,31.0,41.34693877551021,60.5507850352313,19.20384625972109
7795,42931,2014-11-24 18:00:00,44.0,157.57142857142856,65.581006448032,-91.99042212339656
7796,42932,2014-11-24 19:00:00,46.0,155.57142857142856,62.35871412620321,-93.21271444522534
7797,42933,2014-11-24 20:00:00,62.0,16.083333333333343,29.839269735545443,13.7559364022121
7798,42934,2014-11-24 21:00:00,80.0,89.72340425531911,80.51456511854303,-9.208839136776078
7799,42935,2014-11-24 22:00:00,129.0,40.72340425531911,30.606213157691883,-10.117191097627227
7800,42936,2014-11-24 23:00:00,118.0,53.471264367816076,59.21622278874898,5.744958420932903
7801,42937,2014-11-25 00:00:00,90.0,81.47126436781608,108.95753899893157,27.486274631115492
7802,42938,2014-11-25 01:00:00,78.0,93.47126436781608,121.87201115721612,28.400746789400046
7803,42939,2014-11-25 02:00:00,86.0,175.88235294117646,120.21378593795453,-55.66856700322194
7804,42940,2014-11-25 03:00:00,111.0,60.471264367816076,87.42159972406935,26.950335356253277
7805,42941,2014-11-25 04:00:00,144.0,117.88235294117646,71.62945016816244,-46.25290277301403
7806,42942,2014-11-25 05:00:00,121.0,50.471264367816076,68.27088668130278,17.799622313486708
7807,42943,2014-11-25 06:00:00,112.0,11.259259259259238,37.48020572952842,26.220946470269183
7808,42944,2014-11-25 07:00:00,111.0,150.88235294117646,94.230565034184,-56.65178790699247
7809,42945,2014-11-25 08:00:00,146.0,25.471264367816076,37.86268729010223,12.391422922286154
7810,42946,2014-11-25 09:00:00,159.0,12.471264367816076,11.638646267557533,-0.8326181002585429
7811,42947,2014-11-25 10:00:00,151.0,20.471264367816076,7.127057273399316,-13.34420709441676
7812,42948,2014-11-25 11:00:00,143.0,68.60174418604649,19.734180503613374,-48.867563682433115
7813,42949,2014-11-25 12:00:00,157.0,54.60174418604649,22.589761582564535,-32.011982603481954
7814,42950,2014-11-25 13:00:00,174.0,37.60174418604649,1.455951115799337,-36.14579307024715
7815,42951,2014-11-25 14:00:00,199.0,12.601744186046488,22.578968202210092,9.977224016163603
7816,42952,2014-11-25 15:00:00,192.0,19.60174418604649,1.134836820488431,-18.466907365558058
7817,42953,2014-11-25 16:00:00,189.0,22.60174418604649,0.5819776612422629,-22.019766524804226
7818,42954,2014-11-25 17:00:00,159.0,52.60174418604649,36.51060620565801,-16.09113798038848
7819,42955,2014-11-25 18:00:00,205.0,6.6017441860464885,11.643191654570614,5.041447468524126
7820,42956,2014-11-25 19:00:00,230.0,57.10000000000002,13.868343355028486,-43.23165664497154
7821,42957,2014-11-25 20:00:00,280.0,7.100000000000023,60.765566834593585,53.66556683459356
7822,42958,2014-11-25 21:00:00,266.0,21.100000000000023,59.62376220644259,38.52376220644257
7823,42959,2014-11-25 22:00:00,311.0,116.23611111111111,103.10177237865662,-13.134338732454495
7824,42960,2014-11-25 23:00:00,342.0,147.23611111111111,124.5502097474994,-22.68590136361172
7825,42961,2014-11-26 00:00:00,323.0,128.23611111111111,79.63281647012786,-48.60329464098325
7826,42962,2014-11-26 01:00:00,299.0,59.87037037037041,89.50800656388424,29.637636193513828
7827,42963,2014-11-26 02:00:00,283.0,43.87037037037041,63.257816565121686,19.387446194751277
7828,42964,2014-11-26 03:00:00,258.0,18.87037037037041,27.073934784264566,8.203564413894156
7829,42965,2014-11-26 04:00:00,239.0,0.12962962962959068,21.178872243014837,21.049242613385246
7830,42966,2014-11-26 05:00:00,236.0,3.1296296296295907,10.907613259143915,7.777983629514324
7831,42967,2014-11-26 06:00:00,241.0,1.8703703703704093,28.597897288425372,26.727526918054963
7832,42968,2014-11-26 07:00:00,226.0,13.12962962962959,6.0936408152898025,-7.035988814339788
7833,42969,2014-11-26 08:00:00,215.0,24.12962962962959,9.509732399926634,-14.619897229702957
7834,42970,2014-11-26 09:00:00,201.0,38.12962962962959,19.09765812162476,-19.03197150800483
7835,42971,2014-11-26 10:00:00,201.0,6.236111111111114,1.0152212961226326,-5.220889814988482
7836,42972,2014-11-26 11:00:00,234.0,22.39825581395351,43.913401442660756,21.515145628707245
7837,42973,2014-11-26 12:00:00,241.0,29.39825581395351,57.867285201992956,28.469029388039445
7838,42974,2014-11-26 13:00:00,250.0,38.39825581395351,63.95035675859714,25.552100944643627
7839,42975,2014-11-26 14:00:00,259.0,47.39825581395351,72.08381063391892,24.685554819965404
7840,42976,2014-11-26 15:00:00,289.0,77.39825581395351,101.43859116779399,24.040335353840476
7841,42977,2014-11-26 16:00:00,330.0,118.39825581395351,144.9010142389121,26.502758424958586
7842,42978,2014-11-26 17:00:00,350.0,138.3982558139535,154.95298401239518,16.554728198441666
7843,42979,2014-11-26 18:00:00,350.0,138.3982558139535,148.4327462709255,10.03449045697198
7844,42980,2014-11-26 19:00:00,388.0,176.3982558139535,183.76922557514175,7.370969761188235
7845,42981,2014-11-26 20:00:00,379.0,91.89999999999998,191.2577278500183,99.35772785001834
7846,42982,2014-11-26 21:00:00,436.0,244.3,250.1434071636409,5.843407163640876
7847,42983,2014-11-26 22:00:00,502.0,310.3,320.882885767595,10.582885767594973
7848,42984,2014-11-26 23:00:00,522.0,387.8833333333333,344.02547901683715,-43.85785431649617
7849,42985,2014-11-27 00:00:00,470.0,335.8833333333333,301.70297443644284,-34.18035889689048
7850,42986,2014-11-27 01:00:00,439.0,304.8833333333333,271.5783454792658,-33.30498785406752
7851,42987,2014-11-27 02:00:00,362.0,227.88333333333333,198.63663862744772,-29.246694705885602
7852,42988,2014-11-27 03:00:00,176.0,63.666666666666686,70.05661429922512,6.389947632558432
7853,42989,2014-11-27 04:00:00,98.0,25.65306122448979,32.89691480903994,7.243853584550152
7854,42990,2014-11-27 05:00:00,24.0,6.5,20.34917836237112,13.84917836237112
7855,42991,2014-11-27 06:00:00,20.0,12.299999999999997,7.032476950310809,-5.2675230496891885
7856,42992,2014-11-27 07:00:00,11.0,16.176470588235286,15.771035010485889,-0.4054355777493974
7857,42993,2014-11-27 08:00:00,11.0,25.90625,17.409057065605644,-8.497192934394356
7858,42994,2014-11-27 09:00:00,14.0,22.90625,17.022084754937115,-5.884165245062885
7859,42995,2014-11-27 10:00:00,14.0,22.90625,17.4506724671305,-5.455577532869501
7860,42996,2014-11-27 11:00:00,16.0,16.299999999999997,11.949958415349464,-4.350041584650533
7861,42997,2014-11-27 12:00:00,13.0,23.90625,18.227147823453173,-5.679102176546827
7862,42998,2014-11-27 13:00:00,13.0,23.90625,16.415479138440446,-7.490770861559554
7863,42999,2014-11-27 14:00:00,14.0,22.90625,13.988496849323827,-8.917753150676173
7864,43000,2014-11-27 15:00:00,18.0,6.071428571428573,7.839405066333235,1.7679764949046621
7865,43001,2014-11-27 16:00:00,17.0,5.071428571428573,9.98580199149955,4.9143734200709766
7866,43002,2014-11-27 17:00:00,16.0,16.299999999999997,13.0702449081354,-3.2297550918645967
7867,43003,2014-11-27 18:00:00,20.0,12.299999999999997,11.35871146311673,-0.9412885368832669
7868,43004,2014-11-27 19:00:00,30.0,6.799999999999997,49.22488204251283,42.424882042512834
7869,43005,2014-11-27 20:00:00,24.0,69.73684210526315,42.18168834831147,-27.555153756951682
7870,43006,2014-11-27 21:00:00,34.0,59.73684210526315,42.64896207849685,-17.0878800267663
7871,43007,2014-11-27 22:00:00,37.0,39.02439024390246,22.875126152511164,-16.149264091391295
7872,43008,2014-11-27 23:00:00,39.0,54.73684210526315,35.07085629942351,-19.66598580583964
7873,43009,2014-11-28 00:00:00,34.0,32.8888888888889,58.76813433092596,25.87924544203706
7874,43010,2014-11-28 01:00:00,39.0,27.8888888888889,57.6930971062702,29.8042082173813
7875,43011,2014-11-28 02:00:00,49.0,17.8888888888889,57.84062261712255,39.95173372823365
7876,43012,2014-11-28 03:00:00,51.0,15.8888888888889,44.80776092176485,28.918872032875953
7877,43013,2014-11-28 04:00:00,52.0,14.8888888888889,78.78741880366334,63.89852991477444
7878,43014,2014-11-28 05:00:00,70.0,156.6551724137931,110.24254027488536,-46.41263213890775
7879,43015,2014-11-28 06:00:00,83.0,143.6551724137931,93.69524483264999,-49.95992758114312
7880,43016,2014-11-28 07:00:00,92.0,134.6551724137931,81.37318465118815,-53.281987762604956
7881,43017,2014-11-28 08:00:00,95.0,131.6551724137931,37.19425160562977,-94.46092080816334
7882,43018,2014-11-28 09:00:00,83.0,43.769230769230774,19.909184034713896,-23.860046734516878
7883,43019,2014-11-28 10:00:00,66.0,26.769230769230774,12.248253465534411,-14.520977303696363
7884,43020,2014-11-28 11:00:00,66.0,46.333333333333314,51.78043346237969,5.447100129046376
7885,43021,2014-11-28 12:00:00,77.0,134.6017441860465,61.04884998083634,-73.55289420521015
7886,43022,2014-11-28 13:00:00,74.0,137.6017441860465,66.64846926487209,-70.9532749211744
7887,43023,2014-11-28 14:00:00,70.0,14.047361299052767,41.32903066868866,27.281669369635893
7888,43024,2014-11-28 15:00:00,86.0,1.952638700947233,27.158351426469423,25.20571272552219
7889,43025,2014-11-28 16:00:00,90.0,121.60174418604649,52.26428730787353,-69.33745687817296
7890,43026,2014-11-28 17:00:00,91.0,120.60174418604649,51.561260852747125,-69.04048333329936
7891,43027,2014-11-28 18:00:00,99.0,112.60174418604649,59.73946843289562,-52.86227575315087
7892,43028,2014-11-28 19:00:00,129.0,82.60174418604649,33.70028658065044,-48.90145760539605
7893,43029,2014-11-28 20:00:00,168.0,33.883333333333326,28.798146998697376,-5.085186334635949
7894,43030,2014-11-28 21:00:00,200.0,91.90909090909093,37.41167111179942,-54.49741979729151
7895,43031,2014-11-28 22:00:00,214.0,77.90909090909093,86.5603533213692,8.651262412278271
7896,43032,2014-11-28 23:00:00,211.0,80.90909090909093,98.3453091626049,17.43621825351397
7897,43033,2014-11-29 00:00:00,219.0,128.33333333333331,131.67894025280785,3.345606919474534
7898,43034,2014-11-29 01:00:00,237.0,2.1296296296295907,0.8232498233935246,-1.306379806236066
7899,43035,2014-11-29 02:00:00,248.0,8.87037037037041,3.386061864094046,-5.4843085062763635
7900,43036,2014-11-29 03:00:00,254.0,27.34482758620689,15.835282212666982,-11.509545373539908
7901,43037,2014-11-29 04:00:00,254.0,14.87037037037041,12.585877787482303,-2.284492582888106
7902,43038,2014-11-29 05:00:00,252.0,25.34482758620689,18.34397277568229,-7.000854810524601
7903,43039,2014-11-29 06:00:00,277.0,50.34482758620689,52.327374605994265,1.9825470197873756
7904,43040,2014-11-29 07:00:00,291.0,51.87037037037041,55.524554447390585,3.654184077020176
7905,43041,2014-11-29 08:00:00,287.0,47.87037037037041,75.52790929709698,27.657538926726573
7906,43042,2014-11-29 09:00:00,295.0,160.88333333333333,113.62922420922118,-47.25410912411215
7907,43043,2014-11-29 10:00:00,287.0,95.30000000000001,112.51667799831745,17.216677998317437
7908,43044,2014-11-29 11:00:00,325.0,133.3,152.1507995886893,18.850799588689284
7909,43045,2014-11-29 12:00:00,301.0,166.88333333333333,118.97153245064109,-47.91180088269223
7910,43046,2014-11-29 13:00:00,311.0,176.88333333333333,133.97214523528157,-42.91118809805175
7911,43047,2014-11-29 14:00:00,369.0,177.3,183.61802456765,6.318024567649985
7912,43048,2014-11-29 15:00:00,380.0,92.89999999999998,176.35142528530233,83.45142528530235
7913,43049,2014-11-29 16:00:00,393.0,105.89999999999998,185.1395849525999,79.23958495259993
7914,43050,2014-11-29 17:00:00,344.0,56.89999999999998,146.2434048418043,89.34340484180433
7915,43051,2014-11-29 18:00:00,343.0,151.3,151.9321890682616,0.6321890682615958
7916,43052,2014-11-29 19:00:00,343.0,208.88333333333333,155.09715285982844,-53.786180473504885
7917,43053,2014-11-29 20:00:00,323.0,188.88333333333333,158.0335447404807,-30.849788592852633
7918,43054,2014-11-29 21:00:00,328.0,193.88333333333333,161.7039503036199,-32.17938302971342
7919,43055,2014-11-29 22:00:00,312.0,177.88333333333333,151.07235067661333,-26.81098265672
7920,43056,2014-11-29 23:00:00,264.0,129.88333333333333,120.49206720418303,-9.391266129150296
7921,43057,2014-11-30 00:00:00,242.0,50.30000000000001,47.26668027075348,-3.0333197292465286
7922,43058,2014-11-30 01:00:00,254.0,62.30000000000001,65.54726048681255,3.247260486812536
7923,43059,2014-11-30 02:00:00,204.0,69.88333333333333,24.802871900132743,-45.08046143320058
7924,43060,2014-11-30 03:00:00,194.0,59.883333333333326,40.131694441875254,-19.75163889145807
7925,43061,2014-11-30 04:00:00,227.0,92.88333333333333,82.05290530840404,-10.83042802492929
7926,43062,2014-11-30 05:00:00,242.0,107.88333333333333,95.1138404594196,-12.76949287391372
7927,43063,2014-11-30 06:00:00,235.0,100.88333333333333,91.71260703638961,-9.170726296943712
7928,43064,2014-11-30 07:00:00,168.0,33.883333333333326,32.7253095560541,-1.158023777279226
7929,43065,2014-11-30 08:00:00,20.0,113.16666666666666,54.28669978827914,-58.87996687838752
7930,43066,2014-11-30 09:00:00,18.0,115.16666666666666,59.52662446808195,-55.64004219858471
7931,43067,2014-11-30 10:00:00,16.0,117.16666666666666,27.731457524116507,-89.43520914255015
7932,43068,2014-11-30 11:00:00,24.0,3.8260869565217384,3.5306817100001275,-0.2954052465216108
7933,43069,2014-11-30 12:00:00,23.0,1.8628318584070769,4.323617617859174,2.460785759452097
7934,43070,2014-11-30 13:00:00,36.0,14.862831858407077,17.830731974118038,2.967900115710961
7935,43071,2014-11-30 14:00:00,43.0,21.862831858407077,25.170037288367453,3.3072054299603764
7936,43072,2014-11-30 15:00:00,30.0,8.862831858407077,12.751025773606202,3.8881939151991247
7937,43073,2014-11-30 16:00:00,19.0,2.137168141592923,2.0467058434118997,-0.09046229818102347
7938,43074,2014-11-30 17:00:00,14.0,7.137168141592923,0.7066966173956626,-6.4304715241972605
7939,43075,2014-11-30 18:00:00,18.0,12.785714285714285,10.036084897810188,-2.749629387904097
7940,43076,2014-11-30 19:00:00,27.0,21.785714285714285,17.629524435683727,-4.156189850030557
7941,43077,2014-11-30 20:00:00,31.0,25.785714285714285,23.017521383354243,-2.768192902360042
7942,43078,2014-11-30 21:00:00,44.0,38.785714285714285,37.00389810553378,-1.7818161801805061
7943,43079,2014-11-30 22:00:00,32.0,26.785714285714285,26.17960168431774,-0.6061126013965463
7944,43080,2014-11-30 23:00:00,33.0,27.785714285714285,27.22211539283145,-0.5635988928828333
7945,43081,2014-12-01 00:00:00,48.0,33.0,32.142828683814805,-0.8571713161851946
7946,43082,2014-12-01 01:00:00,36.0,21.0,19.904442099167102,-1.0955579008328975
7947,43083,2014-12-01 02:00:00,25.0,10.0,8.96567952665539,-1.0343204733446107
7948,43084,2014-12-01 03:00:00,21.0,6.0,5.10026738029514,-0.8997326197048601
7949,43085,2014-12-01 04:00:00,13.0,2.0,2.734696728149519,0.7346967281495189
7950,43086,2014-12-01 05:00:00,13.0,2.0,2.5314839357451717,0.5314839357451717
7951,43087,2014-12-01 06:00:00,12.0,3.0,3.9250773760621946,0.9250773760621946
7952,43088,2014-12-01 07:00:00,13.0,2.0,3.54463729502967,1.5446372950296698
7953,43089,2014-12-01 08:00:00,12.0,3.0,4.594341885243278,1.5943418852432778
7954,43090,2014-12-01 09:00:00,11.0,4.0,5.562724871311797,1.5627248713117972
7955,43091,2014-12-01 10:00:00,10.0,5.0,6.461638644333952,1.4616386443339522
7956,43092,2014-12-01 11:00:00,12.0,3.0,4.603805489037573,1.6038054890375726
7957,43093,2014-12-01 12:00:00,14.0,1.0,2.791386071624622,1.791386071624622
7958,43094,2014-12-01 13:00:00,11.0,7.75,6.115457197337449,-1.6345428026625513
7959,43095,2014-12-01 14:00:00,10.0,8.75,7.228201638012695,-1.5217983619873046
7960,43096,2014-12-01 15:00:00,9.0,9.75,7.9213914211947625,-1.8286085788052375
7961,43097,2014-12-01 16:00:00,9.0,9.75,7.873902744368053,-1.8760972556319473
7962,43098,2014-12-01 17:00:00,8.0,10.75,8.70290925448922,-2.047090745510779
7963,43099,2014-12-01 18:00:00,9.0,9.833333333333329,7.871906015599414,-1.9614273177339143
7964,43100,2014-12-01 19:00:00,15.0,0.3333333333333357,2.274289830595695,1.9409564972623592
7965,43101,2014-12-01 20:00:00,19.0,3.6666666666666643,1.089482172160782,-2.5771844945058824
7966,43102,2014-12-01 21:00:00,8.0,12.714285714285715,9.02643217484809,-3.6878535394376257
7967,43103,2014-12-01 22:00:00,15.0,0.3333333333333357,2.039447301064193,1.7061139677308574
7968,43104,2014-12-01 23:00:00,8.0,12.714285714285715,9.03503554335067,-3.6792501709350454
7969,43105,2014-12-02 00:00:00,15.0,5.714285714285715,1.9974096203719398,-3.7168760939137755
7970,43106,2014-12-02 01:00:00,11.0,9.714285714285715,7.278543918602267,-2.435741795683448
7971,43107,2014-12-02 02:00:00,13.0,16.69230769230769,34.72650389651657,18.03419620420888
7972,43108,2014-12-02 03:00:00,11.0,18.69230769230769,18.53373454767138,-0.15857314463631056
7973,43109,2014-12-02 04:00:00,13.0,42.96,29.49872512597196,-13.461274874028042
7974,43110,2014-12-02 05:00:00,11.0,9.066666666666666,17.142022424461413,8.075355757794746
7975,43111,2014-12-02 06:00:00,12.0,8.066666666666666,15.71855220945621,7.651885542789543
7976,43112,2014-12-02 07:00:00,13.0,42.96,46.49057174490795,3.5305717449079523
7977,43113,2014-12-02 08:00:00,11.0,42.85416666666666,32.315003575437146,-10.539163091229511
7978,43114,2014-12-02 09:00:00,26.0,3.69230769230769,6.895897675954608,3.2035899836469177
7979,43115,2014-12-02 10:00:00,23.0,30.854166666666657,12.472722673815234,-18.381443992851423
7980,43116,2014-12-02 11:00:00,43.0,10.854166666666657,9.755665219155397,-1.0985014475112607
7981,43117,2014-12-02 12:00:00,52.0,6.983443708609279,5.214255196435779,-1.7691885121734998
7982,43118,2014-12-02 13:00:00,76.0,17.01655629139072,18.971922424545184,1.9553661331544632
7983,43119,2014-12-02 14:00:00,66.0,23.421052631578945,25.944668835704853,2.523616204125908
7984,43120,2014-12-02 15:00:00,40.0,29.16666666666667,20.279267087811355,-8.887399578855316
7985,43121,2014-12-02 16:00:00,67.0,8.016556291390721,6.506463750603608,-1.510092540787113
7986,43122,2014-12-02 17:00:00,81.0,22.01655629139072,4.386137775674982,-17.63041851571574
7987,43123,2014-12-02 18:00:00,96.0,37.01655629139072,23.868381238705325,-13.148175052685396
7988,43124,2014-12-02 19:00:00,108.0,49.01655629139072,47.4697423322657,-1.5468139591250178
7989,43125,2014-12-02 20:00:00,99.0,40.01655629139072,39.59988911580872,-0.41666717558199906
7990,43126,2014-12-02 21:00:00,111.0,50.55,14.447591577723657,-36.10240842227634
7991,43127,2014-12-02 22:00:00,120.0,11.6875,1.5718463378292284,-10.115653662170772
7992,43128,2014-12-02 23:00:00,125.0,55.81818181818181,48.83354832574294,-6.984633492438874
7993,43129,2014-12-03 00:00:00,123.0,64.01655629139071,61.49593290963828,-2.5206233817524364
7994,43130,2014-12-03 01:00:00,126.0,56.81818181818181,47.59563355676573,-9.22254826141608
7995,43131,2014-12-03 02:00:00,111.0,41.81818181818181,25.126538536905443,-16.69164328127637
7996,43132,2014-12-03 03:00:00,26.0,86.55555555555556,49.39873443600159,-37.15682111955397
7997,43133,2014-12-03 04:00:00,11.0,31.578947368421055,28.878424224601225,-2.7005231438198294
7998,43134,2014-12-03 05:00:00,13.0,29.578947368421055,23.070855856598975,-6.50809151182208
7999,43135,2014-12-03 06:00:00,9.0,11.5,21.54515713836804,10.04515713836804
8000,43136,2014-12-03 07:00:00,9.0,11.5,14.5579734491502,3.0579734491502
8001,43137,2014-12-03 08:00:00,13.0,7.5,9.588648238542127,2.0886482385421274
8002,43138,2014-12-03 09:00:00,17.0,3.5,4.514464139105808,1.014464139105808
8003,43139,2014-12-03 10:00:00,16.0,0.5813953488372121,2.514298004320267,1.9329026554830548
8004,43140,2014-12-03 11:00:00,11.0,5.581395348837212,6.784515992815674,1.2031206439784619
8005,43141,2014-12-03 12:00:00,11.0,5.581395348837212,6.884902208997108,1.3035068601598958
8006,43142,2014-12-03 13:00:00,17.0,10.714285714285715,0.898215444042691,-9.816070270243024
8007,43143,2014-12-03 14:00:00,9.0,18.714285714285715,8.969800956785352,-9.744484757500363
8008,43144,2014-12-03 15:00:00,9.0,18.714285714285715,9.990457853629838,-8.723827860655877
8009,43145,2014-12-03 16:00:00,11.0,4.0,6.38495461667398,2.38495461667398
8010,43146,2014-12-03 17:00:00,8.0,7.0,9.023597359893827,2.0235973598938273
8011,43147,2014-12-03 18:00:00,15.0,0.0,2.136518050323346,2.136518050323346
8012,43148,2014-12-03 19:00:00,14.0,1.0,4.386895883836111,3.386895883836111
8013,43149,2014-12-03 20:00:00,9.0,6.0,8.907269794668093,2.9072697946680925
8014,43150,2014-12-03 21:00:00,7.0,8.0,9.947917365992684,1.9479173659926836
8015,43151,2014-12-03 22:00:00,6.0,9.0,10.137913826044414,1.1379138260444144
8016,43152,2014-12-03 23:00:00,8.0,7.0,8.05555356420614,1.0555535642061393
8017,43153,2014-12-04 00:00:00,11.0,4.0,4.8796098101603,0.8796098101603
8018,43154,2014-12-04 01:00:00,9.0,6.0,6.688054725766275,0.6880547257662748
8019,43155,2014-12-04 02:00:00,11.0,4.0,4.368830949993649,0.36883094999364907
8020,43156,2014-12-04 03:00:00,9.0,6.0,6.429619601743989,0.4296196017439886
8021,43157,2014-12-04 04:00:00,8.0,7.0,7.123781671996147,0.12378167199614687
8022,43158,2014-12-04 05:00:00,5.0,10.0,9.913962061157033,-0.08603793884296707
8023,43159,2014-12-04 06:00:00,6.0,47.85416666666666,42.98353265069474,-4.870634015971916
8024,43160,2014-12-04 07:00:00,9.0,44.85416666666666,35.133583066313534,-9.720583600353123
8025,43161,2014-12-04 08:00:00,6.0,47.85416666666666,31.17529208176922,-16.678874584897436
8026,43162,2014-12-04 09:00:00,7.0,17.88888888888889,19.96758651132349,2.0786976224346
8027,43163,2014-12-04 10:00:00,7.0,17.88888888888889,17.417366093404606,-0.4715227954842831
8028,43164,2014-12-04 11:00:00,6.0,18.88888888888889,17.380925747549828,-1.5079631413390615
8029,43165,2014-12-04 12:00:00,9.0,7.581395348837212,11.686423566741134,4.1050282179039215
8030,43166,2014-12-04 13:00:00,11.0,16.714285714285715,6.87148298790234,-9.842802726383376
8031,43167,2014-12-04 14:00:00,10.0,17.714285714285715,7.835298777376021,-9.878986936909694
8032,43168,2014-12-04 15:00:00,10.0,17.714285714285715,7.694115712281587,-10.020170002004129
8033,43169,2014-12-04 16:00:00,8.0,19.714285714285715,9.516184001093873,-10.198101713191843
8034,43170,2014-12-04 17:00:00,7.0,9.581395348837212,11.746053745047249,2.1646583962100365
8035,43171,2014-12-04 18:00:00,10.0,5.0,8.006615798712357,3.0066157987123567
8036,43172,2014-12-04 19:00:00,8.0,7.0,13.589124113550387,6.589124113550387
8037,43173,2014-12-04 20:00:00,17.0,25.578947368421055,24.71993910772275,-0.8590082606983032
8038,43174,2014-12-04 21:00:00,9.0,33.578947368421055,32.55446416977949,-1.024483198641562
8039,43175,2014-12-04 22:00:00,18.0,6.888888888888889,10.695728798494414,3.806839909605525
8040,43176,2014-12-04 23:00:00,10.0,10.5,12.468820940762715,1.9688209407627149
8041,43177,2014-12-05 00:00:00,6.0,14.5,14.71831783156691,0.21831783156691031
8042,43178,2014-12-05 01:00:00,6.0,10.581395348837212,18.501076401793963,7.919681052956751
8043,43179,2014-12-05 02:00:00,9.0,7.581395348837212,10.588595436584534,3.0072000877473215
8044,43180,2014-12-05 03:00:00,8.0,8.581395348837212,8.900931681098175,0.319536332260963
8045,43181,2014-12-05 04:00:00,7.0,46.85416666666666,40.83542708503316,-6.018739581633497
8046,43182,2014-12-05 05:00:00,8.0,45.85416666666666,45.490085770456496,-0.3640808962101616
8047,43183,2014-12-05 06:00:00,14.0,41.96,42.83317306368267,0.8731730636826711
8048,43184,2014-12-05 07:00:00,12.0,41.85416666666666,34.11140041215689,-7.7427662545097675
8049,43185,2014-12-05 08:00:00,25.0,33.98344370860928,28.27726119697825,-5.706182511631027
8050,43186,2014-12-05 09:00:00,11.0,13.88888888888889,18.84599594634313,4.957107057454241
8051,43187,2014-12-05 10:00:00,16.0,8.88888888888889,9.412817534454177,0.5239286455652881
8052,43188,2014-12-05 11:00:00,17.0,7.888888888888889,7.644037523992871,-0.244851364896018
8053,43189,2014-12-05 12:00:00,13.0,11.88888888888889,9.669869964518515,-2.219018924370374
8054,43190,2014-12-05 13:00:00,9.0,18.714285714285715,11.826804019980212,-6.887481694305503
8055,43193,2014-12-05 16:00:00,11.0,30.132075471698116,35.74397206425143,5.611896592553315
8056,43194,2014-12-05 17:00:00,11.0,31.578947368421055,33.16602988554994,1.5870825171288843
8057,43195,2014-12-05 18:00:00,32.0,26.98344370860928,30.7603286461865,3.776884937577222
8058,43196,2014-12-05 19:00:00,97.0,38.01655629139072,39.8204861219121,1.8039298305213762
8059,43197,2014-12-05 20:00:00,115.0,6.6875,16.8796679835462,10.192167983546199
8060,43198,2014-12-05 21:00:00,130.0,39.0,22.405584321058,-16.594415678942
8061,43199,2014-12-05 22:00:00,138.0,1.73333333333332,48.23784550686041,46.50451217352709
8062,43200,2014-12-05 23:00:00,158.0,18.26666666666668,71.7317368185653,53.465070151898615
8063,43201,2014-12-06 00:00:00,140.0,31.6875,13.613530957463439,-18.07396904253656
8064,43202,2014-12-06 01:00:00,150.0,76.57142857142857,48.3132658608024,-28.258162710626166
8065,43203,2014-12-06 02:00:00,149.0,40.6875,32.48108330682469,-8.206416693175314
8066,43204,2014-12-06 03:00:00,109.0,35.57142857142857,22.745959677202904,-12.825468894225665
8067,43205,2014-12-06 04:00:00,84.0,24.3125,49.1007309472985,24.7882309472985
8068,43206,2014-12-06 05:00:00,60.0,142.33333333333331,49.3307611056794,-93.00257222765391
8069,43207,2014-12-06 06:00:00,38.0,74.55555555555556,41.26049949043811,-33.29505606511745
8070,43208,2014-12-06 07:00:00,32.0,80.55555555555556,48.363434265999445,-32.19212128955611
8071,43209,2014-12-06 08:00:00,44.0,19.77777777777778,17.289179127789275,-2.4885986499885036
8072,43210,2014-12-06 09:00:00,31.0,2.6274509803921617,14.625277251549988,11.997826271157827
8073,43211,2014-12-06 10:00:00,31.0,27.98344370860928,17.217583209614972,-10.765860498994307
8074,43212,2014-12-06 11:00:00,30.0,11.132075471698116,7.913176444575598,-3.218899027122518
8075,43213,2014-12-06 12:00:00,16.0,25.132075471698116,22.536325089878815,-2.5957503818193004
8076,43214,2014-12-06 13:00:00,17.0,19.90625,20.271886418136212,0.36563641813621217
8077,43215,2014-12-06 14:00:00,19.0,22.0,19.216319073850322,-2.783680926149678
8078,43216,2014-12-06 15:00:00,33.0,8.132075471698116,15.216060221961634,7.083984750263518
8079,43217,2014-12-06 16:00:00,71.0,12.016556291390721,14.216355261559706,2.1997989701689846
8080,43218,2014-12-06 17:00:00,66.0,7.016556291390721,4.014140460903761,-3.00241583048696
8081,43219,2014-12-06 18:00:00,61.0,2.016556291390721,3.274376577732106,1.257820286341385
8082,43220,2014-12-06 19:00:00,83.0,24.01655629139072,21.65637585531121,-2.36018043607951
8083,43221,2014-12-06 20:00:00,122.0,57.599999999999994,59.43612093930338,1.8361209393033846
8084,43222,2014-12-06 21:00:00,119.0,58.55,25.748818447693708,-32.80118155230629
8085,43223,2014-12-06 22:00:00,95.0,122.84615384615384,44.8505087787652,-77.99564506738864
8086,43224,2014-12-06 23:00:00,93.0,32.55,21.24612591821976,-11.303874081780236
8087,43225,2014-12-07 00:00:00,102.0,41.55,2.126757116065278,-39.42324288393472
8088,43226,2014-12-07 01:00:00,174.0,34.81818181818181,50.11237658227016,15.294194764088346
8089,43227,2014-12-07 02:00:00,137.0,61.47272727272727,31.466236065694858,-30.00649120703241
8090,43228,2014-12-07 03:00:00,80.0,106.7123287671233,75.36612425587694,-31.346204511246356
8091,43229,2014-12-07 04:00:00,63.0,135.47272727272727,98.60800020227458,-36.86472707045269
8092,43230,2014-12-07 05:00:00,72.0,170.52577319587633,178.45383471247197,7.928061516595648
8093,43231,2014-12-07 06:00:00,59.0,183.52577319587633,200.01481622529184,16.489043029415512
8094,43232,2014-12-07 07:00:00,59.0,183.52577319587633,198.21193387175242,14.686160675876096
8095,43233,2014-12-07 08:00:00,72.0,170.52577319587633,176.71667681074533,6.190903614869001
8096,43234,2014-12-07 09:00:00,79.0,163.52577319587633,164.99723435563718,1.4714611597608496
8097,43235,2014-12-07 10:00:00,77.0,165.52577319587633,175.99432057288465,10.46854737700832
8098,43236,2014-12-07 11:00:00,96.0,67.62745098039215,44.62752843005908,-22.999922550333075
8099,43237,2014-12-07 12:00:00,54.0,32.120000000000005,17.8355974884066,-14.284402511593406
8100,43238,2014-12-07 13:00:00,34.0,12.120000000000001,7.318103989159077,-4.801896010840924
8101,43239,2014-12-07 14:00:00,18.0,6.888888888888889,5.037038476063504,-1.8518504128253852
8102,43240,2014-12-07 15:00:00,22.0,4.129032258064516,0.9645690660310144,-3.1644631920335016
8103,43241,2014-12-07 16:00:00,21.0,3.129032258064516,0.12540602204330398,-3.003626236021212
8104,43242,2014-12-07 17:00:00,15.0,2.870967741935484,5.332759760013801,2.4617920180783166
8105,43243,2014-12-07 18:00:00,13.0,4.870967741935484,8.671975557888452,3.8010078159529677
8106,43244,2014-12-07 19:00:00,11.0,20.75,22.112905187842024,1.3629051878420242
8107,43245,2014-12-07 20:00:00,17.0,0.870967741935484,3.630103552566961,2.759135810631477
8108,43246,2014-12-07 21:00:00,18.0,0.12903225806451601,1.214073300840866,1.08504104277635
8109,43247,2014-12-07 22:00:00,16.0,2.7111111111111086,1.0212919734750443,-1.6898191376360643
8110,43248,2014-12-07 23:00:00,17.0,3.7111111111111086,0.1280218670065949,-3.5830892441045137
8111,43249,2014-12-08 00:00:00,18.0,4.711111111111109,1.2205942610237308,-3.4905168500873778
8112,43250,2014-12-08 01:00:00,16.0,99.25,102.46259376880224,3.212593768802236
8113,43251,2014-12-08 02:00:00,15.0,100.25,72.78906437852876,-27.460935621471236
8114,43252,2014-12-08 03:00:00,17.0,172.4,166.4565135653149,-5.943486434685099
8115,43253,2014-12-08 04:00:00,19.0,58.36363636363636,61.04241619903824,2.6787798354018832
8116,43254,2014-12-08 05:00:00,15.0,62.36363636363636,59.32419838245325,-3.039437981183113
8117,43255,2014-12-08 06:00:00,22.0,17.083333333333336,36.57837180419121,19.49503847085787
8118,43256,2014-12-08 07:00:00,20.0,19.083333333333336,40.68991591075358,21.60658257742024
8119,43257,2014-12-08 08:00:00,21.0,94.25,100.57614429919306,6.326144299193061
8120,43258,2014-12-08 09:00:00,32.0,83.25,72.05235469385737,-11.197645306142633
8121,43259,2014-12-08 10:00:00,20.0,73.46666666666668,39.69167961693866,-33.774987049728026
8122,43260,2014-12-08 11:00:00,31.0,84.25,43.81264730548638,-40.43735269451362
8123,43261,2014-12-08 12:00:00,40.0,53.46666666666668,39.16151565485664,-14.30515101181004
8124,43262,2014-12-08 13:00:00,102.0,43.23913043478261,36.59260469635035,-6.64652573843226
8125,43263,2014-12-08 14:00:00,117.0,58.23913043478261,52.088456755158774,-6.150673679623836
8126,43264,2014-12-08 15:00:00,100.0,15.642857142857139,10.248125485920255,-5.394731656936884
8127,43266,2014-12-08 17:00:00,136.0,42.53333333333332,33.60081298725126,-8.932520346082057
8128,43272,2014-12-08 23:00:00,145.0,7.291666666666657,3.0521808768679364,-4.239485789798721
8129,43273,2014-12-09 00:00:00,180.0,55.09090909090909,50.85045597462215,-4.240453116286943
8130,43285,2014-12-09 12:00:00,339.0,187.91666666666666,175.88295595486758,-12.033710711799074
8131,43286,2014-12-09 13:00:00,355.0,138.25316455696202,165.50909425363557,27.255929696673547
8132,43287,2014-12-09 14:00:00,388.0,273.65714285714284,231.08079324208157,-42.576349615061275
8133,43288,2014-12-09 15:00:00,390.0,237.70833333333334,217.0057437981446,-20.702589535188736
8134,43289,2014-12-09 16:00:00,375.0,222.70833333333334,203.53088194270833,-19.17745139062501
8135,43290,2014-12-09 17:00:00,367.0,252.65714285714287,207.29099688310882,-45.366145974034055
8136,43291,2014-12-09 18:00:00,352.0,135.25316455696202,145.126657504861,9.873492947898967
8137,43292,2014-12-09 19:00:00,351.0,236.65714285714287,207.15420285977342,-29.502939997369452
8138,43293,2014-12-09 20:00:00,356.0,139.25316455696202,156.68439677981002,17.431232222847996
8139,43294,2014-12-09 21:00:00,367.0,150.25316455696202,168.94958158545572,18.6964170284937
8140,43295,2014-12-09 22:00:00,361.0,144.25316455696202,158.0505428837061,13.79737832674408
8141,43296,2014-12-09 23:00:00,350.0,133.25316455696202,148.2932945654844,15.040130008522368
8142,43297,2014-12-10 00:00:00,311.0,94.25316455696202,108.3839847080003,14.130820151038279
8143,43298,2014-12-10 01:00:00,319.0,102.25316455696202,113.1235205895158,10.870356032553786
8144,43299,2014-12-10 02:00:00,331.0,114.25316455696202,112.5834145217419,-1.6697500352201189
8145,43300,2014-12-10 03:00:00,303.0,29.031007751938034,44.4226691477142,15.391661395776168
8146,43301,2014-12-10 04:00:00,301.0,27.031007751938034,48.01563277881229,20.984625026874255
8147,43302,2014-12-10 05:00:00,306.0,32.031007751938034,55.3181597724012,23.287152020463168
8148,43303,2014-12-10 06:00:00,311.0,146.33333333333334,54.423316223029246,-91.9100171103041
8149,43304,2014-12-10 07:00:00,318.0,75.47422680412367,62.2432595254829,-13.230967278640776
8150,43305,2014-12-10 08:00:00,325.0,51.031007751938034,69.42789475638614,18.396887004448104
8151,43306,2014-12-10 09:00:00,152.0,121.96899224806197,102.71369825037362,-19.25529399768834
8152,43307,2014-12-10 10:00:00,65.0,1.6666666666666714,54.9875839440877,53.32091727742103
8153,43308,2014-12-10 11:00:00,57.0,24.700000000000003,18.636736854172945,-6.063263145827058
8154,43309,2014-12-10 12:00:00,63.0,30.700000000000003,31.50956781812327,0.8095678181232664
8155,43310,2014-12-10 13:00:00,62.0,29.700000000000003,38.02489767613065,8.324897676130647
8156,43311,2014-12-10 14:00:00,45.0,27.129032258064516,25.958001668857733,-1.171030589206783
8157,43312,2014-12-10 15:00:00,19.0,1.129032258064516,0.03303132775666029,-1.0960009303078557
8158,43313,2014-12-10 16:00:00,21.0,3.129032258064516,1.8698531820677111,-1.259179075996805
8159,43314,2014-12-10 17:00:00,13.0,4.870967741935484,4.961150082525307,0.09018234058982344
8160,43315,2014-12-10 18:00:00,31.0,16.0,13.752384604461046,-2.247615395538954
8161,43316,2014-12-10 19:00:00,17.0,2.0,0.3063489633571237,-1.6936510366428763
8162,43317,2014-12-10 20:00:00,14.0,0.7111111111111086,3.9897226885278165,3.278611577416708
8163,43318,2014-12-10 21:00:00,13.0,0.2888888888888914,3.2909676516400133,3.002078762751122
8164,43319,2014-12-10 22:00:00,16.0,2.7111111111111086,0.35607447431741335,-2.3550366367936952
8165,43320,2014-12-10 23:00:00,18.0,4.711111111111109,1.6821328252727348,-3.028978285838374
8166,43321,2014-12-11 00:00:00,18.0,4.711111111111109,1.859777488165392,-2.8513336229457167
8167,43322,2014-12-11 01:00:00,20.0,6.711111111111109,4.022719604792412,-2.6883915063186965
8168,43323,2014-12-11 02:00:00,17.0,3.7111111111111086,1.2455405953668404,-2.465570515744268
8169,43324,2014-12-11 03:00:00,9.0,4.288888888888891,6.662389787487225,2.3735008985983335
8170,43325,2014-12-11 04:00:00,16.0,2.7111111111111086,0.66537976098404,-2.0457313501270686
8171,43326,2014-12-11 05:00:00,14.0,0.7111111111111086,1.0955855914563664,0.3844744803452578
8172,43327,2014-12-11 06:00:00,7.0,6.288888888888891,8.497050731450315,2.208161842561424
8173,43328,2014-12-11 07:00:00,15.0,1.7111111111111086,1.097460330030188,-0.6136507810809206
8174,43329,2014-12-11 08:00:00,11.0,2.2888888888888914,5.0730251135587565,2.784136224669865
8175,43330,2014-12-11 09:00:00,13.0,80.46666666666668,43.221159473601475,-37.24550719306521
8176,43331,2014-12-11 10:00:00,16.0,42.76086956521739,34.03104135689865,-8.729828208318743
8177,43332,2014-12-11 11:00:00,14.0,17.722222222222218,36.74140114059239,19.01917891837017
8178,43333,2014-12-11 12:00:00,14.0,22.90625,31.847709092683907,8.941459092683907
8179,43334,2014-12-11 13:00:00,14.0,7.879999999999999,14.122531306019805,6.242531306019806
8180,43335,2014-12-11 14:00:00,14.0,7.879999999999999,11.41689094056808,3.5368909405680817
8181,43336,2014-12-11 15:00:00,12.0,9.879999999999999,12.91603393981515,3.0360339398151517
8182,43337,2014-12-11 16:00:00,29.0,12.0,10.15516385571911,-1.8448361442808903
8183,43338,2014-12-11 17:00:00,40.0,18.98344370860928,21.11874686594578,2.1353031573365016
8184,43339,2014-12-11 18:00:00,92.0,1.5833333333333144,4.922434004720216,3.339100671386902
8185,43340,2014-12-11 19:00:00,76.0,14.416666666666686,8.803739300341945,-5.61292736632474
8186,43341,2014-12-11 20:00:00,81.0,52.62745098039216,27.05377902088624,-25.573671959505923
8187,43342,2014-12-11 21:00:00,32.0,7.111111111111111,3.9713404969208703,-3.1397706141902404
8188,43343,2014-12-11 22:00:00,9.0,15.88888888888889,15.972215237355726,0.08332634846683717
8189,43344,2014-12-11 23:00:00,12.0,9.879999999999999,10.223247416785675,0.34324741678567605
8190,43345,2014-12-12 00:00:00,8.0,9.870967741935484,13.259846128519822,3.388878386584338
8191,43346,2014-12-12 01:00:00,8.0,9.870967741935484,10.641427528169167,0.7704597862336833
8192,43347,2014-12-12 02:00:00,8.0,9.870967741935484,9.691574461576483,-0.17939328035900104
8193,43348,2014-12-12 03:00:00,9.0,8.870967741935484,8.52480106201945,-0.3461666799160348
8194,43349,2014-12-12 04:00:00,12.0,5.870967741935484,5.301383457559449,-0.5695842843760346
8195,43350,2014-12-12 05:00:00,14.0,3.870967741935484,3.061152368573339,-0.8098153733621452
8196,43351,2014-12-12 06:00:00,9.0,8.870967741935484,8.468269727344108,-0.4026980145913761
8197,43352,2014-12-12 07:00:00,7.0,10.870967741935484,10.9109197676712,0.039952025735715324
8198,43353,2014-12-12 08:00:00,8.0,9.870967741935484,9.38439996119298,-0.4865677807425044
8199,43354,2014-12-12 09:00:00,12.0,3.0,5.196008839328869,2.1960088393288686
8200,43355,2014-12-12 10:00:00,13.0,2.0,3.9526491008055054,1.9526491008055054
8201,43356,2014-12-12 11:00:00,9.0,6.0,7.572911909917682,1.572911909917682
8202,43357,2014-12-12 12:00:00,17.0,2.0,0.3386690672463253,-1.6613309327536747
8203,43358,2014-12-12 13:00:00,18.0,3.0,1.935461254556948,-1.064538745443052
8204,43359,2014-12-12 14:00:00,14.0,1.0,1.7617972288076942,0.7617972288076942
8205,43360,2014-12-12 15:00:00,10.0,5.0,6.189813556865499,1.1898135568654986
8206,43361,2014-12-12 16:00:00,12.0,3.0,3.752251483924196,0.752251483924196
8207,43362,2014-12-12 17:00:00,9.0,6.0,6.790037549372036,0.7900375493720357
8208,43363,2014-12-12 18:00:00,14.0,27.132075471698116,32.58946201457486,5.457386542876748
8209,43364,2014-12-12 19:00:00,17.0,41.98344370860928,43.963221561199894,1.9797778525906153
8210,43365,2014-12-12 20:00:00,21.0,37.98344370860928,44.12349353460222,6.140049825992939
8211,43366,2014-12-12 21:00:00,47.0,68.25,75.25550612794515,7.005506127945154
8212,43367,2014-12-12 22:00:00,18.0,97.25,111.9429320609677,14.692932060967706
8213,43368,2014-12-12 23:00:00,15.0,100.25,93.92758499117592,-6.3224150088240805
8214,43369,2014-12-13 00:00:00,12.0,55.599999999999994,73.79628246589151,18.196282465891514
8215,43370,2014-12-13 01:00:00,16.0,51.599999999999994,89.47868717624206,37.87868717624207
8216,43371,2014-12-13 02:00:00,15.0,93.3125,134.49398286823015,41.18148286823015
8217,43372,2014-12-13 03:00:00,13.0,95.3125,127.96412458256583,32.65162458256583
8218,43373,2014-12-13 04:00:00,16.0,192.5211267605634,116.9938112383843,-75.5273155221791
8219,43374,2014-12-13 05:00:00,16.0,92.3125,76.77119012147496,-15.541309878525041
8220,43375,2014-12-13 06:00:00,10.0,98.3125,111.85354853947321,13.54104853947321
8221,43376,2014-12-13 07:00:00,13.0,113.0,133.99667670772473,20.99667670772473
8222,43377,2014-12-13 08:00:00,33.0,40.42857142857143,89.00256986144974,48.57399843287831
8223,43378,2014-12-13 09:00:00,37.0,78.25,70.80306812686213,-7.446931873137871
8224,43379,2014-12-13 10:00:00,36.0,79.25,38.708883018288006,-40.541116981711994
8225,43380,2014-12-13 11:00:00,53.0,62.25,36.33224216927462,-25.917757830725378
8226,43381,2014-12-13 12:00:00,58.0,57.25,20.17590543590117,-37.07409456409883
8227,43382,2014-12-13 13:00:00,46.0,44.416666666666686,36.370164476132615,-8.04650219053407
8228,43383,2014-12-13 14:00:00,43.0,6.09375,7.121995419471503,1.028245419471503
8229,43384,2014-12-13 15:00:00,41.0,0.0,2.587014882405157,2.587014882405157
8230,43385,2014-12-13 16:00:00,44.0,3.0,2.5005517234917036,-0.4994482765082964
8231,43386,2014-12-13 17:00:00,72.0,31.0,17.667673533623955,-13.332326466376045
8232,43387,2014-12-13 18:00:00,80.0,21.01655629139072,23.754276870429585,2.7377205790388643
8233,43388,2014-12-13 19:00:00,86.0,21.599999999999994,27.298355950677603,5.698355950677609
8234,43389,2014-12-13 20:00:00,82.0,21.549999999999997,5.404125529176582,-16.145874470823415
8235,43390,2014-12-13 21:00:00,86.0,19.11764705882355,48.322729239116825,29.205082180293275
8236,43391,2014-12-13 22:00:00,98.0,37.55,8.440233170192144,-29.109766829807853
8237,43392,2014-12-13 23:00:00,112.0,3.25,5.379221439797263,2.129221439797263
8238,43393,2014-12-14 00:00:00,126.0,20.88235294117645,7.538100610675116,-13.344252330501334
8239,43394,2014-12-14 01:00:00,192.0,45.82352941176467,23.21006936536824,-22.613460046396426
8240,43395,2014-12-14 02:00:00,212.0,106.88235294117645,69.67208742040009,-37.21026552077636
8241,43396,2014-12-14 03:00:00,144.0,64.52112676056339,26.021453383058287,-38.499673377505104
8242,43397,2014-12-14 04:00:00,107.0,101.52112676056339,31.711039702089806,-69.81008705847358
8243,43398,2014-12-14 05:00:00,86.0,122.52112676056339,29.771045666099738,-92.75008109446365
8244,43399,2014-12-14 06:00:00,90.0,26.22222222222222,3.5143589154980504,-22.70786330672417
8245,43400,2014-12-14 07:00:00,95.0,31.22222222222222,14.88021371741921,-16.34200850480301
8246,43401,2014-12-14 08:00:00,71.0,15.181818181818187,65.68093663839102,50.49911845657283
8247,43402,2014-12-14 09:00:00,76.0,39.25,22.17206577252294,-17.07793422747706
8248,43403,2014-12-14 10:00:00,75.0,40.25,1.5190485738762334,-38.73095142612377
8249,43404,2014-12-14 11:00:00,58.0,21.09375,22.478482376060313,1.3847323760603132
8250,43405,2014-12-14 12:00:00,53.0,16.09375,16.343256024112108,0.2495060241121081
8251,43406,2014-12-14 13:00:00,59.0,22.09375,24.329647451323233,2.2358974513232326
8252,43407,2014-12-14 14:00:00,49.0,12.09375,16.831187895210697,4.737437895210697
8253,43408,2014-12-14 15:00:00,44.0,3.0,6.628517103093145,3.628517103093145
8254,43409,2014-12-14 16:00:00,50.0,9.0,12.028123971498822,3.0281239714988217
8255,43410,2014-12-14 17:00:00,68.0,22.416666666666686,6.480849338404937,-15.935817328261749
8256,43411,2014-12-14 18:00:00,110.0,19.583333333333314,25.814956843717667,6.2316235103843525
8257,43412,2014-12-14 19:00:00,129.0,38.583333333333314,35.5776008148937,-3.005732518439615
8258,43413,2014-12-14 20:00:00,123.0,62.55,35.788001688152946,-26.76199831184705
8259,43414,2014-12-14 21:00:00,109.0,108.84615384615384,47.38600428993041,-61.46014955622343
8260,43415,2014-12-14 22:00:00,132.0,8.059701492537314,6.545546799140936,-1.514154693396378
8261,43416,2014-12-14 23:00:00,160.0,36.059701492537314,19.1705121750191,-16.889189317518216
8262,43417,2014-12-15 00:00:00,167.0,31.47272727272727,13.463668208725693,-18.009059064001576
8263,43418,2014-12-15 01:00:00,257.0,58.52727272727273,91.91934228410443,33.3920695568317
8264,43419,2014-12-15 02:00:00,291.0,73.15384615384616,134.9838474343026,61.83000128045643
8265,43420,2014-12-15 03:00:00,305.0,113.59259259259255,122.26731532982413,8.674722737231576
8266,43421,2014-12-15 04:00:00,307.0,115.59259259259255,118.82243640633888,3.229843813746328
8267,43422,2014-12-15 05:00:00,293.0,111.93975903614455,121.42435965006501,9.484600613920463
8268,43423,2014-12-15 06:00:00,269.0,77.59259259259255,89.9344301253133,12.341837532720746
8269,43424,2014-12-15 07:00:00,47.0,1.8484848484848513,6.868367948033253,5.019883099548402
8270,43425,2014-12-15 08:00:00,24.0,8.299999999999997,3.343356177383967,-4.95664382261603
8271,43426,2014-12-15 09:00:00,17.0,15.299999999999997,8.687437085051233,-6.612562914948764
8272,43427,2014-12-15 10:00:00,12.0,5.870967741935484,13.539943621552297,7.668975879616813
8273,43428,2014-12-15 11:00:00,9.0,8.870967741935484,11.18492355432485,2.3139558123893664
8274,43429,2014-12-15 12:00:00,10.0,7.870967741935484,10.248993785009372,2.3780260430738878
8275,43430,2014-12-15 13:00:00,9.0,8.870967741935484,9.280550316723161,0.40958257478767734
8276,43431,2014-12-15 14:00:00,11.0,4.0,6.320907255439227,2.320907255439227
8277,43432,2014-12-15 15:00:00,8.0,7.0,8.802401197583087,1.8024011975830874
8278,43433,2014-12-15 16:00:00,13.0,2.0,3.0720038609319644,1.0720038609319644
8279,43434,2014-12-15 17:00:00,12.0,3.0,4.249695086677878,1.2496950866778782
8280,43435,2014-12-15 18:00:00,10.0,5.0,6.090830852651592,1.0908308526515924
8281,43436,2014-12-15 19:00:00,9.0,6.0,7.666775420813412,1.666775420813412
8282,43437,2014-12-15 20:00:00,18.0,3.0,0.4854274468440387,-2.5145725531559613
8283,43438,2014-12-15 21:00:00,10.0,5.0,6.726938126946191,1.726938126946191
8284,43439,2014-12-15 22:00:00,11.0,4.0,5.0848573884636075,1.0848573884636075
8285,43440,2014-12-15 23:00:00,11.0,4.0,4.956576562892208,0.9565765628922076
8286,43441,2014-12-16 00:00:00,6.0,9.0,9.894971109804796,0.8949711098047963
8287,43442,2014-12-16 01:00:00,6.0,9.0,10.02438093731547,1.0243809373154704
8288,43443,2014-12-16 02:00:00,6.0,9.0,9.984635823429786,0.9846358234297856
8289,43444,2014-12-16 03:00:00,5.0,10.0,11.04645927189932,1.0464592718993195
8290,43445,2014-12-16 04:00:00,10.0,5.0,5.572894411061823,0.5728944110618226
8291,43446,2014-12-16 05:00:00,9.0,6.0,6.582232085758969,0.5822320857589691
8292,43447,2014-12-16 06:00:00,11.0,4.0,5.376885151935021,1.3768851519350207
8293,43448,2014-12-16 07:00:00,11.0,4.0,5.405980346836646,1.405980346836646
8294,43449,2014-12-16 08:00:00,8.0,7.0,8.43737839621291,1.4373783962129103
8295,43450,2014-12-16 09:00:00,12.0,3.0,4.459032406654302,1.459032406654302
8296,43451,2014-12-16 10:00:00,15.0,0.0,1.6552834331077726,1.6552834331077726
8297,43452,2014-12-16 11:00:00,11.0,4.0,5.5900825169766755,1.5900825169766755
8298,43453,2014-12-16 12:00:00,9.0,6.0,7.719283291071029,1.7192832910710294
8299,43454,2014-12-16 13:00:00,25.0,10.0,8.126312946391565,-1.8736870536084353
8300,43455,2014-12-16 14:00:00,23.0,8.0,6.438902834596913,-1.561097165403087
8301,43456,2014-12-16 15:00:00,13.0,2.0,3.787917845253297,1.787917845253297
8302,43457,2014-12-16 16:00:00,8.0,7.0,8.572884956100765,1.572884956100765
8303,43458,2014-12-16 17:00:00,10.0,5.0,6.67253936443619,1.6725393644361901
8304,43459,2014-12-16 18:00:00,11.0,4.0,5.685336534289025,1.685336534289025
8305,43460,2014-12-16 19:00:00,12.0,3.0,5.364673700777956,2.3646737007779564
8306,43461,2014-12-16 20:00:00,14.0,1.0,3.777218707638653,2.777218707638653
8307,43462,2014-12-16 21:00:00,14.0,1.0,2.9745084095108325,1.9745084095108325
8308,43463,2014-12-16 22:00:00,10.0,5.0,7.154831608054732,2.1548316080547316
8309,43464,2014-12-16 23:00:00,8.0,7.0,9.087027402056847,2.0870274020568473
8310,43465,2014-12-17 00:00:00,9.0,11.714285714285715,7.833562993520662,-3.8807227207650534
8311,43466,2014-12-17 01:00:00,9.0,11.714285714285715,7.744052401401692,-3.970233312884023
8312,43467,2014-12-17 02:00:00,8.0,100.3125,117.37526001544049,17.06276001544049
8313,43468,2014-12-17 03:00:00,17.0,56.42857142857143,84.07285753981924,27.64428611124781
8314,43469,2014-12-17 04:00:00,30.0,37.599999999999994,46.49816424141355,8.898164241413554
8315,43470,2014-12-17 05:00:00,43.0,15.983443708609279,25.13054579893121,9.14710209032193
8316,43471,2014-12-17 06:00:00,57.0,1.983443708609279,14.481608836515065,12.498165127905786
8317,43472,2014-12-17 07:00:00,65.0,9.04,8.755746623772808,-0.28425337622719127
8318,43473,2014-12-17 08:00:00,80.0,6.571428571428569,27.775674395458438,21.20424582402987
8319,43474,2014-12-17 09:00:00,88.0,20.400000000000006,2.0133450471056165,-18.38665495289439
8320,43475,2014-12-17 10:00:00,96.0,19.25,7.210581273382687,-12.039418726617313
8321,43476,2014-12-17 11:00:00,121.0,27.533333333333317,64.22015059724932,36.686817263916
8322,43477,2014-12-17 12:00:00,152.0,93.01655629139071,88.43486320071105,-4.581693090679664
8323,43478,2014-12-17 13:00:00,172.0,113.01655629139071,103.00731248599129,-10.009243805399421
8324,43479,2014-12-17 14:00:00,128.0,37.583333333333314,46.93259582041077,9.349262487077453
8325,43480,2014-12-17 15:00:00,77.0,36.0,30.779977376038005,-5.220022623961995
8326,43481,2014-12-17 16:00:00,65.0,25.416666666666686,9.464870561111326,-15.95179610555536
8327,43482,2014-12-17 17:00:00,79.0,36.25,8.93594976245764,-27.31405023754236
8328,43483,2014-12-17 18:00:00,93.0,22.25,3.9039250750996075,-18.346074924900392
8329,43484,2014-12-17 19:00:00,104.0,75.62745098039215,38.99992069747809,-36.627530282914066
8330,43485,2014-12-17 20:00:00,202.0,86.75,103.5812839022,16.8312839022
8331,43486,2014-12-17 21:00:00,245.0,129.75,124.00330715330068,-5.746692846699318
8332,43487,2014-12-17 22:00:00,225.0,109.75,115.90409072518,6.154090725179998
8333,43488,2014-12-17 23:00:00,180.0,9.400000000000006,27.16064513590257,17.760645135902564
8334,43489,2014-12-18 00:00:00,180.0,9.400000000000006,41.71221628867238,32.312216288672374
8335,43490,2014-12-18 01:00:00,170.0,67.82352941176467,41.872100471647144,-25.951428940117523
8336,43491,2014-12-18 02:00:00,160.0,29.400000000000006,12.516075255605614,-16.883924744394392
8337,43492,2014-12-18 03:00:00,146.0,62.52112676056339,54.8189162770193,-7.702210483544093
8338,43493,2014-12-18 04:00:00,125.0,83.52112676056339,3.4631181731868423,-80.05800858737655
8339,43494,2014-12-18 05:00:00,130.0,25.13333333333334,2.1628867420086806,-22.97044659132466
8340,43495,2014-12-18 06:00:00,138.0,33.13333333333334,22.281681376608503,-10.851651956724837
8341,43496,2014-12-18 07:00:00,147.0,42.13333333333334,35.022434807420126,-7.110898525913214
8342,43497,2014-12-18 08:00:00,135.0,36.2,3.214252785003879,-32.985747214996124
8343,43498,2014-12-18 09:00:00,136.0,45.06024096385545,25.330302481675048,-19.7299384821804
8344,43499,2014-12-18 10:00:00,124.0,71.94117647058826,12.76703829097886,-59.1741381796094
8345,43500,2014-12-18 11:00:00,135.0,60.94117647058826,10.152646804361098,-50.78852966622716
8346,43501,2014-12-18 12:00:00,132.0,65.33333333333333,6.580981662796319,-58.75235167053701
8347,43502,2014-12-18 13:00:00,133.0,15.599999999999994,4.234103541083499,-11.365896458916495
8348,43503,2014-12-18 14:00:00,142.0,74.74683544303798,53.3517785837565,-21.395056859281482
8349,43504,2014-12-18 15:00:00,163.0,79.52577319587633,75.70845115232396,-3.817322043552366
8350,43505,2014-12-18 16:00:00,166.0,76.52577319587633,78.78499339159438,2.2592201957180578
8351,43506,2014-12-18 17:00:00,189.0,53.525773195876326,63.6861993945499,10.160426198673576
8352,43507,2014-12-18 18:00:00,202.0,40.525773195876326,53.528409238636016,13.00263604275969
8353,43508,2014-12-18 19:00:00,228.0,14.525773195876326,25.75885602909881,11.233082833222483
8354,43509,2014-12-18 20:00:00,240.0,2.525773195876326,14.79900445591457,12.273231260038244
8355,43510,2014-12-18 21:00:00,235.0,7.525773195876326,19.876585355471292,12.350812159594966
8356,43511,2014-12-18 22:00:00,252.0,9.474226804123674,19.961386294900876,10.487159490777202
8357,43512,2014-12-18 23:00:00,254.0,11.474226804123674,20.9406592654139,9.466432461290225
8358,43513,2014-12-19 00:00:00,274.0,31.474226804123674,4.424227740186893,-27.04999906393678
8359,43514,2014-12-19 01:00:00,253.0,61.59259259259255,31.03438063061887,-30.558211961973683
8360,43515,2014-12-19 02:00:00,248.0,56.59259259259255,32.34427820437253,-24.248314388220024
8361,43516,2014-12-19 03:00:00,219.0,27.592592592592553,8.517980396043612,-19.07461219654894
8362,43517,2014-12-19 04:00:00,199.0,7.592592592592553,13.160766354050395,5.568173761457842
8363,43518,2014-12-19 05:00:00,198.0,6.592592592592553,6.096015218406478,-0.4965773741860744
8364,43519,2014-12-19 06:00:00,204.0,12.592592592592553,11.59220669160996,-1.000385900982593
8365,43520,2014-12-19 07:00:00,66.0,57.940298507462686,9.13374495654108,-48.806553550921606
8366,43521,2014-12-19 08:00:00,22.0,10.299999999999997,5.961808968783302,-4.338191031216695
8367,43522,2014-12-19 09:00:00,19.0,2.137168141592923,6.116067883510205,3.9788997419172816
8368,43523,2014-12-19 10:00:00,16.0,1.870967741935484,4.082499752989346,2.211532011053862
8369,43524,2014-12-19 11:00:00,11.0,10.137168141592923,12.534263148175551,2.397095006582628
8370,43525,2014-12-19 12:00:00,17.0,4.137168141592923,2.322865139640264,-1.8143030019526591
8371,43526,2014-12-19 13:00:00,15.0,6.137168141592923,4.033521922445011,-2.1036462191479117
8372,43527,2014-12-19 14:00:00,14.0,7.137168141592923,5.192533752279662,-1.9446343893132614
8373,43528,2014-12-19 15:00:00,12.0,9.137168141592923,7.314600829502588,-1.8225673120903352
8374,43529,2014-12-19 16:00:00,7.0,8.0,9.620588275015258,1.6205882750152583
8375,43530,2014-12-19 17:00:00,7.0,8.0,8.981416620134691,0.9814166201346914
8376,43531,2014-12-19 18:00:00,15.0,0.0,0.9231825627734356,0.9231825627734356
8377,43532,2014-12-19 19:00:00,7.0,8.0,9.971708495191134,1.971708495191134
8378,43533,2014-12-19 20:00:00,10.0,5.0,7.751577609959192,2.7515776099591918
8379,43534,2014-12-19 21:00:00,8.0,7.0,8.856445844749025,1.8564458447490253
8380,43535,2014-12-19 22:00:00,12.0,3.0,4.612835129989705,1.6128351299897048
8381,43536,2014-12-19 23:00:00,11.0,4.0,5.576143653934626,1.5761436539346256
8382,43537,2014-12-20 00:00:00,9.0,6.0,7.180009205556782,1.1800092055567823
8383,43538,2014-12-20 01:00:00,14.0,1.0,2.0384006245109383,1.0384006245109383
8384,43539,2014-12-20 02:00:00,8.0,7.0,7.873073070293575,0.8730730702935752
8385,43540,2014-12-20 03:00:00,12.0,3.0,4.167621448219119,1.1676214482191192
8386,43541,2014-12-20 04:00:00,11.0,4.0,4.904856779637866,0.9048567796378659
8387,43542,2014-12-20 05:00:00,12.0,3.0,3.7592405236977076,0.7592405236977076
8388,43543,2014-12-20 06:00:00,15.0,0.0,0.9888740252140327,0.9888740252140327
8389,43544,2014-12-20 07:00:00,12.0,3.0,4.385959542506381,1.3859595425063809
8390,43554,2014-12-20 17:00:00,12.0,3.0,4.473669067185913,1.473669067185913
8391,43555,2014-12-20 18:00:00,14.0,1.0,2.6057991146761523,1.6057991146761523
8392,43556,2014-12-20 19:00:00,10.0,5.0,7.403065984933285,2.403065984933285
8393,43557,2014-12-20 20:00:00,7.0,8.0,10.77404176565052,2.7740417656505194
8394,43558,2014-12-20 21:00:00,8.0,7.0,9.281083797300756,2.281083797300756
8395,43559,2014-12-20 22:00:00,6.0,9.0,11.480496515969119,2.4804965159691186
8396,43560,2014-12-20 23:00:00,4.0,11.0,13.035516130062682,2.035516130062682
8397,43561,2014-12-21 00:00:00,4.0,16.714285714285715,12.761420146945433,-3.9528655673402824
8398,43562,2014-12-21 01:00:00,7.0,13.714285714285715,9.690261004101828,-4.0240247101838875
8399,43563,2014-12-21 02:00:00,6.0,14.714285714285715,10.414767262913756,-4.299518451371959
8400,43564,2014-12-21 03:00:00,8.0,12.714285714285715,8.460420904713693,-4.253864809572022
8401,43565,2014-12-21 04:00:00,7.0,13.714285714285715,9.279494051830838,-4.434791662454877
8402,43566,2014-12-21 05:00:00,6.0,14.714285714285715,10.21383108195938,-4.500454632326335
8403,43567,2014-12-21 06:00:00,9.0,11.714285714285715,7.36391582538322,-4.350369888902495
8404,43568,2014-12-21 07:00:00,9.0,11.714285714285715,7.922825643896974,-3.791460070388741
8405,43569,2014-12-21 08:00:00,9.0,11.714285714285715,7.972530234110582,-3.741755480175133
8406,43570,2014-12-21 09:00:00,8.0,12.714285714285715,8.804393665335844,-3.909892048949871
8407,43571,2014-12-21 10:00:00,11.0,9.714285714285715,5.990641070306243,-3.7236446439794726
8408,43572,2014-12-21 11:00:00,17.0,3.7142857142857153,0.19568679291680624,-3.518598921368909
8409,43573,2014-12-21 12:00:00,21.0,0.2857142857142847,3.9378899430500454,3.6521756573357607
8410,43574,2014-12-21 13:00:00,12.0,8.714285714285715,5.296471211451031,-3.417814502834684
8411,43575,2014-12-21 14:00:00,20.0,0.7142857142857153,2.505288771066187,1.7910030567804718
8412,43576,2014-12-21 15:00:00,15.0,5.714285714285715,2.057789920563998,-3.6564957937217173
8413,43577,2014-12-21 16:00:00,13.0,2.8256880733944936,3.731684790125385,0.9059967167308915
8414,43578,2014-12-21 17:00:00,14.0,1.8256880733944936,2.7775771621212044,0.9518890887267109
8415,43579,2014-12-21 18:00:00,20.0,4.174311926605506,3.2224228378787956,-0.9518890887267109
8416,43580,2014-12-21 19:00:00,32.0,26.98344370860928,25.02738211871017,-1.9560615898991074
8417,43581,2014-12-21 20:00:00,33.0,25.98344370860928,29.495731217855933,3.5122875092466543
8418,43582,2014-12-21 21:00:00,46.0,12.983443708609279,25.70040718161566,12.71696347300638
8419,43583,2014-12-21 22:00:00,53.0,46.0,30.54866964709332,-15.45133035290668
8420,43584,2014-12-21 23:00:00,64.0,3.549999999999997,32.897912948929516,29.34791294892952
8421,43585,2014-12-22 00:00:00,53.0,7.450000000000003,26.14264605267789,18.692646052677887
8422,43586,2014-12-22 01:00:00,72.0,11.549999999999997,33.112592817758184,21.562592817758187
8423,43587,2014-12-22 02:00:00,85.0,17.400000000000006,18.69382622250845,1.293826222508443
8424,43588,2014-12-22 03:00:00,95.0,10.11764705882355,7.493790700680478,-2.6238563581430725
8425,43589,2014-12-22 04:00:00,98.0,44.5,3.739238408735261,-40.76076159126474
8426,43590,2014-12-22 05:00:00,105.0,103.52112676056339,30.319086522933162,-73.20204023763023
8427,43591,2014-12-22 06:00:00,117.0,11.88235294117645,10.344111037408354,-1.538241903768096
8428,43592,2014-12-22 07:00:00,117.0,9.0,12.7777828067629,3.7777828067629002
8429,43593,2014-12-22 08:00:00,126.0,82.52112676056339,3.9258210812117227,-78.59530567935167
8430,43594,2014-12-22 09:00:00,145.0,75.28571428571429,53.03529379124724,-22.25042049446705
8431,43595,2014-12-22 10:00:00,136.0,66.28571428571429,50.928935556241086,-15.356778729473206
8432,43596,2014-12-22 11:00:00,95.0,10.4375,6.074991366338637,-4.362508633661363
8433,43597,2014-12-22 12:00:00,80.0,18.07142857142857,1.2298189976816332,-16.841609573746936
8434,43598,2014-12-22 13:00:00,51.0,2.3999999999999986,4.33872253565162,1.9387225356516211
8435,43599,2014-12-22 14:00:00,67.0,18.4,0.1783278538829336,-18.221672146117065
8436,43600,2014-12-22 15:00:00,71.0,22.4,1.7001630355355388,-20.69983696446446
8437,43601,2014-12-22 16:00:00,63.0,14.399999999999999,7.084001546512866,-7.315998453487133
8438,43602,2014-12-22 17:00:00,80.0,7.266666666666666,1.193739953576781,-6.072926713089885
8439,43603,2014-12-22 18:00:00,75.0,2.2666666666666657,4.83446786966762,2.567801203000954
8440,43604,2014-12-22 19:00:00,87.0,52.18181818181819,40.970246501959366,-11.211571679858821
8441,43605,2014-12-22 20:00:00,105.0,18.940298507462686,21.474596833904883,2.5342983264421974
8442,43606,2014-12-22 21:00:00,125.0,120.0,13.9081133228635,-106.0918866771365
8443,43607,2014-12-22 22:00:00,115.0,66.06024096385545,61.12217573453697,-4.938065229318482
8444,43608,2014-12-22 23:00:00,123.0,135.91666666666669,63.0794748656601,-72.83719180100658
8445,43609,2014-12-23 00:00:00,142.0,39.06024096385545,8.866378887493227,-30.193862076362223
8446,43610,2014-12-23 01:00:00,178.0,3.060240963855449,31.354932680699022,28.294691716843573
8447,43611,2014-12-23 02:00:00,163.0,18.06024096385545,5.859808386797965,-12.200432577057484
8448,43612,2014-12-23 03:00:00,162.0,19.06024096385545,26.80719060489278,7.746949641037332
8449,43613,2014-12-23 04:00:00,145.0,36.06024096385545,10.263090860416867,-25.797150103438582
8450,43614,2014-12-23 05:00:00,114.0,7.75,12.915008348759457,5.165008348759457
8451,43615,2014-12-23 06:00:00,84.0,97.06024096385545,35.805002931398704,-61.255238032456745
8452,43616,2014-12-23 07:00:00,102.0,79.06024096385545,32.37065236035906,-46.68958860349639
8453,43617,2014-12-23 08:00:00,82.0,99.06024096385545,55.693097291674775,-43.367143672180674
8454,43618,2014-12-23 09:00:00,88.0,35.940298507462686,34.5361906634332,-1.4041078440294825
8455,43619,2014-12-23 10:00:00,90.0,33.940298507462686,5.824761613913637,-28.11553689354905
8456,43620,2014-12-23 11:00:00,88.0,35.940298507462686,10.84658885733181,-25.093709650130876
8457,43621,2014-12-23 12:00:00,95.0,78.46153846153845,52.76027333000953,-25.70126513152892
8458,43622,2014-12-23 13:00:00,81.0,13.285714285714292,53.262946044511146,39.977231758796854
8459,43623,2014-12-23 14:00:00,89.0,56.57142857142857,60.72418965083159,4.152761079403021
8460,43624,2014-12-23 15:00:00,95.0,62.57142857142857,68.03974763556454,5.468319064135969
8461,43625,2014-12-23 16:00:00,57.0,24.57142857142857,28.16077323469025,3.589344663261681
8462,43626,2014-12-23 17:00:00,62.0,22.5625,43.0178553532304,20.455355353230402
8463,43627,2014-12-23 18:00:00,234.0,173.55,138.8378786732784,-34.712121326721615
8464,43628,2014-12-23 19:00:00,118.0,57.55,21.24689398685196,-36.30310601314804
8465,43629,2014-12-23 20:00:00,108.0,62.84848484848485,50.79976377712939,-12.048721071355459
8466,43630,2014-12-23 21:00:00,33.0,36.71428571428571,34.24923507095221,-2.465050643333498
8467,43631,2014-12-23 22:00:00,21.0,77.76923076923076,65.10926010805137,-12.659970661179386
8468,43632,2014-12-23 23:00:00,14.0,46.45,73.05329559681967,26.603295596819663
8469,43633,2014-12-24 00:00:00,13.0,47.45,63.46058999419397,16.010589994193964
8470,43634,2014-12-24 01:00:00,9.0,60.71428571428571,52.93745167465412,-7.776834039631588
8471,43635,2014-12-24 02:00:00,10.0,18.37254901960784,34.21987867796539,15.847329658357552
8472,43636,2014-12-24 03:00:00,11.0,58.71428571428571,56.96454963717841,-1.7497360771073005
8473,43637,2014-12-24 04:00:00,9.0,23.299999999999997,23.38589168994676,0.085891689946763
8474,43638,2014-12-24 05:00:00,15.0,1.53846153846154,27.40641882317331,25.86795728471177
8475,43639,2014-12-24 06:00:00,13.0,54.71428571428571,28.367871871078094,-26.346413843207614
8476,43640,2014-12-24 07:00:00,12.0,47.0,39.23825927014183,-7.761740729858168
8477,43641,2014-12-24 08:00:00,11.0,9.733333333333334,24.35467793349148,14.621344600158146
8478,43642,2014-12-24 09:00:00,18.0,97.25,60.81413785892654,-36.43586214107346
8479,43643,2014-12-24 10:00:00,17.0,41.76086956521739,43.854658623455926,2.093789058238535
8480,43644,2014-12-24 11:00:00,11.0,47.76086956521739,39.35137279532793,-8.409496769889458
8481,43645,2014-12-24 12:00:00,12.0,46.76086956521739,53.670559520749734,6.909689955532343
8482,43646,2014-12-24 13:00:00,14.0,44.76086956521739,25.95545035626749,-18.8054192089499
8483,43647,2014-12-24 14:00:00,14.0,18.299999999999997,15.238192303925853,-3.061807696074144
8484,43648,2014-12-24 15:00:00,12.0,20.299999999999997,18.294755684728127,-2.00524431527187
8485,43649,2014-12-24 16:00:00,16.0,16.299999999999997,9.39898135152227,-6.901018648477727
8486,43650,2014-12-24 17:00:00,16.0,1.870967741935484,8.603934371322893,6.732966629387409
8487,43651,2014-12-24 18:00:00,12.0,5.870967741935484,11.074819396642852,5.203851654707368
8488,43652,2014-12-24 19:00:00,20.0,11.75,5.027247179357708,-6.722752820642292
8489,43653,2014-12-24 20:00:00,23.0,5.129032258064516,0.11758286816031926,-5.011449389904197
8490,43654,2014-12-24 21:00:00,16.0,1.870967741935484,3.0737264365277888,1.2027586945923048
8491,43655,2014-12-24 22:00:00,17.0,0.870967741935484,1.1416153725522804,0.2706476306167964
8492,43656,2014-12-24 23:00:00,18.0,0.12903225806451601,0.9818220383064329,0.8527897802419169
8493,43657,2014-12-25 00:00:00,20.0,2.129032258064516,2.3244991914580346,0.19546693339351862
8494,43658,2014-12-25 01:00:00,22.0,8.711111111111109,5.172690600737571,-3.5384205103735376
8495,43659,2014-12-25 02:00:00,22.0,8.711111111111109,5.796458159229818,-2.9146529518812905
8496,43660,2014-12-25 03:00:00,10.0,3.2888888888888914,10.765900495260642,7.47701160637175
8497,43661,2014-12-25 04:00:00,14.0,0.7111111111111086,1.6759415608228299,0.9648304497117213
8498,43662,2014-12-25 05:00:00,14.0,0.7111111111111086,1.7314600899532344,1.0203489788421258
8499,43663,2014-12-25 06:00:00,18.0,97.25,106.44437069521,9.194370695209997
8500,43664,2014-12-25 07:00:00,13.0,80.46666666666668,86.27212183240505,5.8054551657383655
8501,43665,2014-12-25 08:00:00,18.0,40.76086956521739,75.85064283145391,35.08977326623652
8502,43666,2014-12-25 09:00:00,27.0,31.76086956521739,33.10124019987761,1.3403706346602178
8503,43667,2014-12-25 10:00:00,38.0,7.5,11.420215824265242,3.9202158242652416
8504,43668,2014-12-25 11:00:00,25.0,33.76086956521739,27.144649809967724,-6.616219755249666
8505,43669,2014-12-25 12:00:00,16.0,32.6,30.890114251760536,-1.709885748239465
8506,43670,2014-12-25 13:00:00,16.0,32.6,23.89335900527483,-8.70664099472517
8507,43671,2014-12-25 14:00:00,9.0,89.07142857142857,62.93911376487421,-26.132314806554362
8508,43672,2014-12-25 15:00:00,8.0,40.6,42.24880748552943,1.6488074855294315
8509,43673,2014-12-25 16:00:00,18.0,66.5625,69.00064580152403,2.43814580152403
8510,43674,2014-12-25 17:00:00,31.0,53.5625,72.6088188507296,19.046318850729605
8511,43675,2014-12-25 18:00:00,38.0,77.25,83.51978513681374,6.269785136813738
8512,43676,2014-12-25 19:00:00,49.0,103.29166666666666,117.61491709605994,14.323250429393283
8513,43677,2014-12-25 20:00:00,52.0,62.34285714285713,97.87943286141046,35.53657571855334
8514,43678,2014-12-25 21:00:00,50.0,102.29166666666666,114.91005659914742,12.618389932480767
8515,43679,2014-12-25 22:00:00,51.0,144.94117647058826,111.35216557536648,-33.589010895221776
8516,43680,2014-12-25 23:00:00,69.0,45.34285714285713,82.48830243621825,37.14544529336112
8517,43681,2014-12-26 00:00:00,93.0,21.342857142857127,50.719536219567374,29.376679076710246
8518,43682,2014-12-26 01:00:00,94.0,58.29166666666666,61.854265064810704,3.562598398144047
8519,43683,2014-12-26 02:00:00,147.0,4.654135338345867,16.052185897772688,11.39805055942682
8520,43684,2014-12-26 03:00:00,226.0,111.65714285714287,56.66752779168374,-54.989615065459134
8521,43685,2014-12-26 04:00:00,179.0,2.060240963855449,7.1318741273540525,5.071633163498603
8522,43686,2014-12-26 05:00:00,153.0,28.06024096385545,29.021167975794526,0.9609270119390771
8523,43687,2014-12-26 06:00:00,133.0,48.06024096385545,61.974356001241006,13.914115037385557
8524,43688,2014-12-26 07:00:00,127.0,54.06024096385545,45.486445363984785,-8.573795599870664
8525,43689,2014-12-26 08:00:00,119.0,62.06024096385545,46.9304245338339,-15.129816430021549
8526,43690,2014-12-26 09:00:00,111.0,40.65413533834587,59.010105180700634,18.355969842354767
8527,43691,2014-12-26 10:00:00,118.0,3.6571428571428726,25.339404980698532,21.68226212355566
8528,43692,2014-12-26 11:00:00,116.0,1.6571428571428726,38.19765727857296,36.54051442143009
8529,43693,2014-12-26 12:00:00,131.0,21.291666666666657,29.999819588084023,8.708152921417366
8530,43694,2014-12-26 13:00:00,152.0,55.150000000000006,6.766668413471422,-48.383331586528584
8531,43695,2014-12-26 14:00:00,163.0,66.15,10.757604598245422,-55.392395401754584
8532,43696,2014-12-26 15:00:00,171.0,74.15,17.862558401793365,-56.28744159820664
8533,43697,2014-12-26 16:00:00,198.0,101.15,59.487683691308064,-41.66231630869194
8534,43698,2014-12-26 17:00:00,234.0,81.70833333333334,83.86259181726399,2.154258483930647
8535,43699,2014-12-26 18:00:00,260.0,193.33333333333331,93.6802109419566,-99.65312239137671
8536,43700,2014-12-26 19:00:00,271.0,118.70833333333334,111.4445377000558,-7.263795633277539
8537,43701,2014-12-26 20:00:00,244.0,129.65714285714287,71.52745801478576,-58.12968484235711
8538,43702,2014-12-26 21:00:00,242.0,3.35294117647058,49.10538139954713,45.75244022307655
8539,43703,2014-12-26 22:00:00,210.0,51.64285714285717,20.258339665625186,-31.38451747723198
8540,43704,2014-12-26 23:00:00,194.0,42.34586466165413,0.8048970085497729,-41.54096765310436
8541,43705,2014-12-27 00:00:00,163.0,11.345864661654133,22.807049935897254,11.461185274243121
8542,43706,2014-12-27 01:00:00,194.0,42.34586466165413,7.084040026177377,-35.261824635476756
8543,43707,2014-12-27 02:00:00,187.0,35.34586466165413,4.353279162212516,-30.992585499441617
8544,43708,2014-12-27 03:00:00,216.0,34.93975903614455,39.373934564492686,4.434175528348135
8545,43709,2014-12-27 04:00:00,225.0,43.93975903614455,59.7540096206767,15.814250584532147
8546,43710,2014-12-27 05:00:00,199.0,17.93975903614455,10.679230317216309,-7.260528718928242
8547,43711,2014-12-27 06:00:00,207.0,3.6999999999999886,0.08562793881191055,-3.614372061188078
8548,43712,2014-12-27 07:00:00,227.0,75.34586466165413,63.65221964403068,-11.693645017623453
8549,43713,2014-12-27 08:00:00,259.0,77.93975903614455,84.29175491690827,6.351995880763724
8550,43714,2014-12-27 09:00:00,182.0,115.33333333333333,69.11966885781284,-46.21366447552049
8551,43715,2014-12-27 10:00:00,185.0,118.33333333333333,52.1506894958612,-66.18264383747213
8552,43716,2014-12-27 11:00:00,191.0,43.10526315789474,77.99813560181637,34.89287244392163
8553,43717,2014-12-27 12:00:00,194.0,87.7,86.93034051684505,-0.7696594831549533
8554,43718,2014-12-27 13:00:00,194.0,97.15,77.47057804215416,-19.679421957845847
8555,43719,2014-12-27 14:00:00,192.0,119.65306122448979,116.82369239502174,-2.829368829468052
8556,43720,2014-12-27 15:00:00,208.0,135.6530612244898,117.31816145915847,-18.334899765331315
8557,43721,2014-12-27 16:00:00,224.0,151.6530612244898,119.2009774463311,-32.452083778158695
8558,43722,2014-12-27 17:00:00,249.0,101.5,138.45803471016353,36.95803471016353
8559,43723,2014-12-27 18:00:00,317.0,220.15,192.48036589438343,-27.66963410561658
8560,43724,2014-12-27 19:00:00,328.0,129.52727272727273,161.70927860914566,32.182005881872925
8561,43725,2014-12-27 20:00:00,349.0,150.52727272727273,173.04891143511108,22.52163870783835
8562,43726,2014-12-27 21:00:00,327.0,88.35294117647058,126.97815276190116,38.62521158543058
8563,43727,2014-12-27 22:00:00,348.0,105.47422680412367,89.43169473718541,-16.042532066938264
8564,43728,2014-12-27 23:00:00,363.0,171.59259259259255,139.55583128468297,-32.036761307909586
8565,43729,2014-12-28 00:00:00,385.0,193.59259259259255,183.98448116456348,-9.608111428029076
8566,43730,2014-12-28 01:00:00,393.0,201.59259259259255,194.55460883966603,-7.037983752926522
8567,43731,2014-12-28 02:00:00,388.0,201.2876712328767,205.0938954433598,3.8062242104830943
8568,43732,2014-12-28 03:00:00,444.0,257.28767123287673,281.54135384187293,24.2536826089962
8569,43733,2014-12-28 04:00:00,334.0,142.59259259259255,159.526746031766,16.934153439173457
8570,43734,2014-12-28 05:00:00,284.0,92.59259259259255,106.77933373525818,14.186741142665625
8571,43735,2014-12-28 06:00:00,264.0,116.5,120.0645947550785,3.5645947550785024
8572,43736,2014-12-28 07:00:00,221.0,29.592592592592553,66.15320173483161,36.56060914223906
8573,43737,2014-12-28 08:00:00,160.0,31.407407407407447,30.105522314853857,-1.30188509255359
8574,43738,2014-12-28 09:00:00,160.0,26.712328767123296,20.306131447052536,-6.40619732007076
8575,43739,2014-12-28 10:00:00,92.0,31.940298507462686,33.456697634256045,1.5163991267933596
8576,43740,2014-12-28 11:00:00,59.0,4.380952380952387,3.547412977133753,-0.8335394038186337
8577,43741,2014-12-28 12:00:00,69.0,21.057692307692307,23.705118367285365,2.6474260595930588
8578,43742,2014-12-28 13:00:00,48.0,35.58333333333333,18.641003454575753,-16.942329878757576
8579,43743,2014-12-28 14:00:00,32.0,20.235294117647065,11.623260660209645,-8.61203345743742
8580,43744,2014-12-28 15:00:00,33.0,16.46153846153846,4.955374922796601,-11.506163538741859
8581,43745,2014-12-28 16:00:00,45.0,22.714285714285708,13.85456032542736,-8.859725388858347
8582,43746,2014-12-28 17:00:00,42.0,4.222222222222221,8.497245833713954,4.275023611491733
8583,43747,2014-12-28 18:00:00,41.0,5.222222222222221,6.659310694277615,1.4370884720553931
8584,43748,2014-12-28 19:00:00,110.0,76.07317073170731,74.73344366897075,-1.3397270627365572
8585,43749,2014-12-28 20:00:00,175.0,90.4375,68.47637033662936,-21.96112966337064
8586,43750,2014-12-28 21:00:00,293.0,232.55,183.38699409026333,-49.16300590973668
8587,43751,2014-12-28 22:00:00,324.0,188.68421052631578,168.38666378240842,-20.29754674390736
8588,43752,2014-12-28 23:00:00,341.0,167.57575757575756,166.76333316369542,-0.8124244120621427
8589,43753,2014-12-29 00:00:00,362.0,170.59259259259255,178.8416025733711,8.249009980778538
8590,43754,2014-12-29 01:00:00,372.0,180.59259259259255,170.82782364477865,-9.764768947813906
8591,43755,2014-12-29 02:00:00,373.0,191.93975903614455,106.79267422982497,-85.14708480631958
8592,43756,2014-12-29 03:00:00,372.0,190.93975903614455,131.760438076316,-59.179320959828544
8593,43757,2014-12-29 04:00:00,318.0,136.93975903614455,125.12880941650661,-11.810949619637938
8594,43758,2014-12-29 05:00:00,188.0,6.939759036144551,1.2160023281412577,-5.723756708003293
8595,43759,2014-12-29 06:00:00,171.0,89.27272727272725,65.36561464245412,-23.907112630273133
8596,43760,2014-12-29 07:00:00,136.0,45.06024096385545,64.1448802301604,19.084639266304947
8597,43761,2014-12-29 08:00:00,124.0,57.06024096385545,105.55394671643299,48.49370575257754
8598,43762,2014-12-29 09:00:00,141.0,75.23076923076923,67.4441050087778,-7.78666422199143
8599,43763,2014-12-29 10:00:00,132.0,3.3157894736842195,33.04445240986192,29.7286629361777
8600,43764,2014-12-29 11:00:00,134.0,44.75,13.466088822878532,-31.283911177121468
8601,43765,2014-12-29 12:00:00,56.0,21.526570048309175,23.268747659916542,1.7421776116073673
8602,43766,2014-12-29 13:00:00,48.0,35.58333333333333,29.94429302028962,-5.639040313043708
8603,43767,2014-12-29 14:00:00,27.0,25.235294117647065,31.44102778344631,6.205733665799244
8604,43768,2014-12-29 15:00:00,28.0,39.71428571428571,29.722266854832412,-9.992018859453296
8605,43769,2014-12-29 16:00:00,20.0,30.92857142857143,21.684595327442395,-9.243976101129036
8606,43770,2014-12-29 17:00:00,22.0,8.88888888888889,12.791921885459594,3.9030329965707047
8607,43771,2014-12-29 18:00:00,120.0,21.92857142857143,4.074052007098402,-17.85451942147303
8608,43772,2014-12-29 19:00:00,109.0,69.1875,5.3068031791053585,-63.88069682089464
8609,43773,2014-12-29 20:00:00,112.0,27.181818181818187,54.65795939008632,27.476141208268132
8610,43774,2014-12-29 21:00:00,128.0,49.8,5.174982080868219,-44.62501791913178
8611,43775,2014-12-29 22:00:00,164.0,40.059701492537314,16.299326869620558,-23.760374622916757
8612,43776,2014-12-29 23:00:00,159.0,35.059701492537314,21.532147517667454,-13.52755397486986
8613,43777,2014-12-30 00:00:00,189.0,49.81818181818181,59.53088460262302,9.712702784441205
8614,43778,2014-12-30 01:00:00,97.0,36.55,18.073197989760644,-18.476802010239354
8615,43779,2014-12-30 02:00:00,81.0,2.799999999999997,35.22451778317938,32.42451778317938
8616,43780,2014-12-30 03:00:00,28.0,50.2,66.48597423908177,16.285974239081767
8617,43781,2014-12-30 04:00:00,25.0,61.18181818181819,79.66057314968491,18.47875496786672
8618,43782,2014-12-30 05:00:00,9.0,30.6,67.73231678152597,37.132316781525965
8619,43783,2014-12-30 06:00:00,9.0,7.53846153846154,27.903286436121043,20.364824897659503
8620,43784,2014-12-30 07:00:00,13.0,47.45,89.90398293701293,42.453982937012924
8621,43785,2014-12-30 08:00:00,17.0,43.45,67.45143430493123,24.001434304931223
8622,43786,2014-12-30 09:00:00,16.0,44.45,86.63682470794544,42.18682470794543
8623,43787,2014-12-30 10:00:00,25.0,59.5625,65.92514957157508,6.362649571575076
8624,43788,2014-12-30 11:00:00,48.0,50.07142857142857,43.02540046418082,-7.04602810724775
8625,43789,2014-12-30 12:00:00,49.0,0.3999999999999986,42.91951796338785,42.51951796338785
8626,43790,2014-12-30 13:00:00,73.0,10.583333333333329,15.073952062352262,4.490618729018934
8627,43791,2014-12-30 14:00:00,65.0,18.58333333333333,17.84895365263759,-0.7343796806957386
8628,43792,2014-12-30 15:00:00,55.0,28.58333333333333,33.42162411375544,4.838290780422113
8629,43793,2014-12-30 16:00:00,60.0,38.07142857142857,34.597624603057554,-3.4738039683710156
8630,43794,2014-12-30 17:00:00,63.0,21.5625,34.61544246937477,13.05294246937477
8631,43795,2014-12-30 18:00:00,79.0,9.285714285714292,26.722702267910762,17.43698798219647
8632,43796,2014-12-30 19:00:00,35.0,28.380952380952387,36.030382243062874,7.6494298621104875
8633,43797,2014-12-30 20:00:00,26.0,46.19230769230771,57.68162054722394,11.489312854916236
8634,43798,2014-12-30 21:00:00,20.0,103.94029850746269,37.96550175910219,-65.97479674836049
8635,43799,2014-12-30 22:00:00,8.0,16.88888888888889,17.419018038472238,0.5301291495833489
8636,43800,2014-12-30 23:00:00,16.0,0.5813953488372121,3.881885974838948,3.3004906260017357
8637,43801,2014-12-31 00:00:00,10.0,7.870967741935484,8.722566300578073,0.8515985586425892
8638,43802,2014-12-31 01:00:00,11.0,6.870967741935484,6.939399046242642,0.0684313043071576
8639,43803,2014-12-31 02:00:00,20.0,2.129032258064516,2.4758290832646423,0.34679682520012634
8640,43804,2014-12-31 03:00:00,9.0,4.288888888888891,7.675621625442847,3.386732736553956
8641,43805,2014-12-31 04:00:00,8.0,7.0,7.674608088567322,0.6746080885673216
8642,43806,2014-12-31 05:00:00,9.0,6.0,6.15458935957531,0.15458935957530962
8643,43807,2014-12-31 06:00:00,8.0,7.0,7.533053640436368,0.5330536404363677
8644,43808,2014-12-31 07:00:00,8.0,7.0,7.72480712052535,0.7248071205253499
8645,43809,2014-12-31 08:00:00,8.0,7.0,7.774511710738954,0.7745117107389543
8646,43810,2014-12-31 09:00:00,8.0,7.0,7.774511710738954,0.7745117107389543
8647,43811,2014-12-31 10:00:00,7.0,8.0,8.949133780577807,0.9491337805778066
8648,43812,2014-12-31 11:00:00,12.0,3.0,3.7745117107389543,0.7745117107389543
8649,43813,2014-12-31 12:00:00,17.0,2.0,0.9788076572441682,-1.0211923427558318
8650,43814,2014-12-31 13:00:00,11.0,4.0,4.97505018673149,0.9750501867314902
8651,43815,2014-12-31 14:00:00,9.0,6.0,6.860114727249931,0.8601147272499308
8652,43816,2014-12-31 15:00:00,11.0,4.0,5.559633158110792,1.5596331581107918
8653,43817,2014-12-31 16:00:00,8.0,7.0,8.271966438244341,1.2719664382443412
8654,43818,2014-12-31 17:00:00,9.0,6.0,7.269436594626153,1.2694365946261534
8655,43819,2014-12-31 18:00:00,10.0,5.0,6.406617009598364,1.4066170095983637
8656,43820,2014-12-31 19:00:00,8.0,7.0,9.17087195845647,2.1708719584564697
8657,43821,2014-12-31 20:00:00,10.0,5.0,8.746456511750807,3.7464565117508073
8658,43822,2014-12-31 21:00:00,10.0,5.0,6.822803563613064,1.8228035636130642
8659,43823,2014-12-31 22:00:00,8.0,7.0,9.127413150296707,2.1274131502967073
8660,43824,2014-12-31 23:00:00,12.0,3.0,4.361191395099464,1.361191395099464
