station,event_id,model,horizon_hours,severe_hours,event_MAE,event_mean_residual,prediction_at_peak,residual_at_peak,abs_error_at_peak,underpredicted_peak,predicted_severe_at_first_severe_hour,predicted_severe_hours
Aotizhongxin,1,B3_R2,1,45,16.758512,6.987921,425.483398,12.516602,12.516602,true,false,42
Aotizhongxin,1,B3_R2,6,45,68.954392,68.954392,307.212982,130.787018,130.787018,true,false,32
Aotizhongxin,1,B3_R2,12,45,149.510182,149.510182,253.552216,184.447784,184.447784,true,false,3
Aotizhongxin,1,B3_R2,24,45,227.671706,227.671706,119.915733,318.084267,318.084267,true,false,0
Aotizhongxin,1,GRU_R1,1,45,38.219445,37.367015,343.543823,94.456177,94.456177,true,false,41
Aotizhongxin,1,GRU_R1,6,45,67.477737,67.103873,303.005188,134.994812,134.994812,true,false,33
Aotizhongxin,1,GRU_R1,12,45,97.778461,97.778461,275.736664,162.263336,162.263336,true,false,27
Aotizhongxin,1,GRU_R1,24,45,125.464378,125.464378,164.600128,273.399872,273.399872,true,false,15
Aotizhongxin,1,B0,1,45,17.533333,2.511111,434.0,4.0,4.0,true,false,44
Aotizhongxin,1,B0,6,45,56.511111,26.422222,341.0,97.0,97.0,true,false,39
Aotizhongxin,1,B0,12,45,79.955556,59.111111,316.0,122.0,122.0,true,false,33
Aotizhongxin,1,B0,24,45,109.288889,103.022222,164.0,274.0,274.0,true,false,21
Aotizhongxin,2,B3_R2,1,1,250.272142,250.272142,19.727858,250.272142,250.272142,true,false,0
Aotizhongxin,2,B3_R2,6,1,255.579188,255.579188,14.420812,255.579188,255.579188,true,false,0
Aotizhongxin,2,B3_R2,12,1,256.018734,256.018734,13.981266,256.018734,256.018734,true,false,0
Aotizhongxin,2,B3_R2,24,1,219.852642,219.852642,50.147358,219.852642,219.852642,true,false,0
Aotizhongxin,2,GRU_R1,1,1,255.570725,255.570725,14.429275,255.570725,255.570725,true,false,0
Aotizhongxin,2,GRU_R1,6,1,256.507233,256.507233,13.492767,256.507233,256.507233,true,false,0
Aotizhongxin,2,GRU_R1,12,1,256.6829,256.6829,13.3171,256.6829,256.6829,true,false,0
Aotizhongxin,2,GRU_R1,24,1,242.312578,242.312578,27.687422,242.312578,242.312578,true,false,0
Aotizhongxin,2,B0,1,1,247.0,247.0,23.0,247.0,247.0,true,false,0
Aotizhongxin,2,B0,6,1,257.0,257.0,13.0,257.0,257.0,true,false,0
Aotizhongxin,2,B0,12,1,263.0,263.0,7.0,263.0,263.0,true,false,0
Aotizhongxin,2,B0,24,1,255.0,255.0,15.0,255.0,255.0,true,false,0
Aotizhongxin,3,B3_R2,1,2,12.25795,10.408264,229.333786,22.666214,22.666214,true,false,1
Aotizhongxin,3,B3_R2,6,2,74.01062,74.01062,183.083679,68.916321,68.916321,true,false,0
Aotizhongxin,3,B3_R2,12,2,101.567245,101.567245,153.583176,98.416824,98.416824,true,false,0
Aotizhongxin,3,B3_R2,24,2,114.913567,114.913567,132.109894,119.890106,119.890106,true,false,0
Aotizhongxin,3,GRU_R1,1,2,18.415268,18.415268,222.002319,29.997681,29.997681,true,false,0
Aotizhongxin,3,GRU_R1,6,2,45.088844,45.088844,205.057007,46.942993,46.942993,true,false,0
Aotizhongxin,3,GRU_R1,12,2,71.361717,71.361717,183.519058,68.480942,68.480942,true,false,0
Aotizhongxin,3,GRU_R1,24,2,126.846771,126.846771,115.974838,136.025162,136.025162,true,false,0
Aotizhongxin,3,B0,1,2,18.0,13.0,221.0,31.0,31.0,true,false,1
Aotizhongxin,3,B0,6,2,66.5,66.5,181.0,71.0,71.0,true,false,0
Aotizhongxin,3,B0,12,2,105.5,105.5,144.0,108.0,108.0,true,false,0
Aotizhongxin,3,B0,24,2,131.0,131.0,112.0,140.0,140.0,true,false,0
Aotizhongxin,4,B3_R2,1,47,14.058241,1.555468,389.937866,22.062134,22.062134,true,true,47
Aotizhongxin,4,B3_R2,6,47,47.732129,36.3041,306.124573,105.875427,105.875427,true,false,39
Aotizhongxin,4,B3_R2,12,47,93.439331,93.439331,216.15274,195.84726,195.84726,true,false,9
Aotizhongxin,4,B3_R2,24,47,177.240988,177.240988,157.051712,254.948288,254.948288,true,false,0
Aotizhongxin,4,GRU_R1,1,47,25.898748,22.38952,338.818298,73.181702,73.181702,true,true,46
Aotizhongxin,4,GRU_R1,6,47,50.857265,43.301761,289.799988,122.200012,122.200012,true,false,38
Aotizhongxin,4,GRU_R1,12,47,69.133118,66.201935,258.232819,153.767181,153.767181,true,false,26
Aotizhongxin,4,GRU_R1,24,47,89.848746,89.848746,229.210602,182.789398,182.789398,true,false,13
Aotizhongxin,4,B0,1,47,16.382979,0.468085,406.0,6.0,6.0,true,false,46
Aotizhongxin,4,B0,6,47,44.617021,14.06383,312.0,100.0,100.0,true,false,41
Aotizhongxin,4,B0,12,47,49.531915,34.085106,341.0,71.0,71.0,true,true,37
Aotizhongxin,4,B0,24,47,72.170213,69.489362,251.0,161.0,161.0,true,false,25
Aotizhongxin,5,B3_R2,1,1,9.513382,9.513382,236.486618,9.513382,9.513382,true,false,0
Aotizhongxin,5,B3_R2,6,1,91.68425,91.68425,154.31575,91.68425,91.68425,true,false,0
Aotizhongxin,5,B3_R2,12,1,146.84951,146.84951,99.15049,146.84951,146.84951,true,false,0
Aotizhongxin,5,B3_R2,24,1,142.577721,142.577721,103.422279,142.577721,142.577721,true,false,0
Aotizhongxin,5,GRU_R1,1,1,12.813721,12.813721,233.186279,12.813721,12.813721,true,false,0
Aotizhongxin,5,GRU_R1,6,1,113.188019,113.188019,132.811981,113.188019,113.188019,true,false,0
Aotizhongxin,5,GRU_R1,12,1,125.486282,125.486282,120.513718,125.486282,125.486282,true,false,0
Aotizhongxin,5,GRU_R1,24,1,178.783279,178.783279,67.216721,178.783279,178.783279,true,false,0
Aotizhongxin,5,B0,1,1,8.0,8.0,238.0,8.0,8.0,true,false,0
Aotizhongxin,5,B0,6,1,129.0,129.0,117.0,129.0,129.0,true,false,0
Aotizhongxin,5,B0,12,1,139.0,139.0,107.0,139.0,139.0,true,false,0
Aotizhongxin,5,B0,24,1,216.0,216.0,30.0,216.0,216.0,true,false,0
Aotizhongxin,6,B3_R2,1,3,7.454875,6.952199,246.655014,6.344986,6.344986,true,false,2
Aotizhongxin,6,B3_R2,6,3,110.045395,110.045395,166.135498,86.864502,86.864502,true,false,0
Aotizhongxin,6,B3_R2,12,3,160.629766,160.629766,86.426636,166.573364,166.573364,true,false,0
Aotizhongxin,6,B3_R2,24,3,168.64139,168.64139,71.887657,181.112343,181.112343,true,false,0
Aotizhongxin,6,GRU_R1,1,3,42.256882,42.256882,208.329346,44.670654,44.670654,true,false,0
Aotizhongxin,6,GRU_R1,6,3,97.980418,97.980418,157.762543,95.237457,95.237457,true,false,0
Aotizhongxin,6,GRU_R1,12,3,152.771703,152.771703,108.480103,144.519897,144.519897,true,false,0
Aotizhongxin,6,GRU_R1,24,3,194.491961,194.491961,51.199177,201.800823,201.800823,true,false,0
Aotizhongxin,6,B0,1,3,7.333333,7.333333,250.0,3.0,3.0,true,false,2
Aotizhongxin,6,B0,6,3,37.666667,37.666667,214.0,39.0,39.0,true,false,0
Aotizhongxin,6,B0,12,3,136.333333,136.333333,133.0,120.0,120.0,true,false,0
Aotizhongxin,6,B0,24,3,200.0,200.0,46.0,207.0,207.0,true,false,0
Aotizhongxin,7,B3_R2,1,1,16.98703,16.98703,234.01297,16.98703,16.98703,true,false,0
Aotizhongxin,7,B3_R2,6,1,115.581253,115.581253,135.418747,115.581253,115.581253,true,false,0
Aotizhongxin,7,B3_R2,12,1,138.793076,138.793076,112.206924,138.793076,138.793076,true,false,0
Aotizhongxin,7,B3_R2,24,1,191.203674,191.203674,59.796326,191.203674,191.203674,true,false,0
Aotizhongxin,7,GRU_R1,1,1,22.79216,22.79216,228.20784,22.79216,22.79216,true,false,0
Aotizhongxin,7,GRU_R1,6,1,113.312469,113.312469,137.687531,113.312469,113.312469,true,false,0
Aotizhongxin,7,GRU_R1,12,1,122.543686,122.543686,128.456314,122.543686,122.543686,true,false,0
Aotizhongxin,7,GRU_R1,24,1,188.553768,188.553768,62.446232,188.553768,188.553768,true,false,0
Aotizhongxin,7,B0,1,1,13.0,13.0,238.0,13.0,13.0,true,false,0
Aotizhongxin,7,B0,6,1,67.0,67.0,184.0,67.0,67.0,true,false,0
Aotizhongxin,7,B0,12,1,78.0,78.0,173.0,78.0,78.0,true,false,0
Aotizhongxin,7,B0,24,1,214.0,214.0,37.0,214.0,214.0,true,false,0
Aotizhongxin,8,B3_R2,1,1,9.928299,9.928299,235.071701,9.928299,9.928299,true,false,0
Aotizhongxin,8,B3_R2,6,1,94.81781,94.81781,150.18219,94.81781,94.81781,true,false,0
Aotizhongxin,8,B3_R2,12,1,129.439087,129.439087,115.560913,129.439087,129.439087,true,false,0
Aotizhongxin,8,B3_R2,24,1,175.256851,175.256851,69.743149,175.256851,175.256851,true,false,0
Aotizhongxin,8,GRU_R1,1,1,48.633072,48.633072,196.366928,48.633072,48.633072,true,false,0
Aotizhongxin,8,GRU_R1,6,1,61.970856,61.970856,183.029144,61.970856,61.970856,true,false,0
Aotizhongxin,8,GRU_R1,12,1,98.871384,98.871384,146.128616,98.871384,98.871384,true,false,0
Aotizhongxin,8,GRU_R1,24,1,150.285103,150.285103,94.714897,150.285103,150.285103,true,false,0
Aotizhongxin,8,B0,1,1,16.0,16.0,229.0,16.0,16.0,true,false,0
Aotizhongxin,8,B0,6,1,21.0,21.0,224.0,21.0,21.0,true,false,0
Aotizhongxin,8,B0,12,1,60.0,60.0,185.0,60.0,60.0,true,false,0
Aotizhongxin,8,B0,24,1,133.0,133.0,112.0,133.0,133.0,true,false,0
Aotizhongxin,9,B3_R2,1,2,125.222588,125.222588,239.388687,74.611313,74.611313,true,false,0
Aotizhongxin,9,B3_R2,6,2,235.134853,235.134853,79.172188,234.827812,234.827812,true,false,0
Aotizhongxin,9,B3_R2,12,2,248.215841,248.215841,63.313377,250.686623,250.686623,true,false,0
Aotizhongxin,9,B3_R2,24,2,249.532089,249.532089,59.817894,254.182106,254.182106,true,false,0
Aotizhongxin,9,GRU_R1,1,2,207.647186,207.647186,112.437759,201.562241,201.562241,true,false,0
Aotizhongxin,9,GRU_R1,6,2,232.942947,232.942947,82.108017,231.891983,231.891983,true,false,0
Aotizhongxin,9,GRU_R1,12,2,250.896507,250.896507,61.253025,252.746975,252.746975,true,false,0
Aotizhongxin,9,GRU_R1,24,2,258.530609,258.530609,47.269527,266.730473,266.730473,true,false,0
Aotizhongxin,9,B0,1,2,39.0,39.0,309.0,5.0,5.0,true,false,1
Aotizhongxin,9,B0,6,2,236.5,236.5,80.0,234.0,234.0,true,false,0
Aotizhongxin,9,B0,12,2,255.0,255.0,56.0,258.0,258.0,true,false,0
Aotizhongxin,9,B0,24,2,280.0,280.0,24.0,290.0,290.0,true,false,0
Aotizhongxin,10,B3_R2,1,2,34.375618,27.247169,186.377213,61.622787,61.622787,true,false,1
Aotizhongxin,10,B3_R2,6,2,123.617519,123.617519,118.211571,129.788429,129.788429,true,false,0
Aotizhongxin,10,B3_R2,12,2,149.838749,149.838749,97.930199,150.069801,150.069801,true,false,0
Aotizhongxin,10,B3_R2,24,2,171.160458,171.160458,78.235687,169.764313,169.764313,true,false,0
Aotizhongxin,10,GRU_R1,1,2,56.49028,56.49028,174.193619,73.806381,73.806381,true,false,0
Aotizhongxin,10,GRU_R1,6,2,126.837765,126.837765,116.79155,131.20845,131.20845,true,false,0
Aotizhongxin,10,GRU_R1,12,2,154.349091,154.349091,93.413422,154.586578,154.586578,true,false,0
Aotizhongxin,10,GRU_R1,24,2,161.599308,161.599308,89.533348,158.466652,158.466652,true,false,0
Aotizhongxin,10,B0,1,2,37.0,37.0,174.0,74.0,74.0,true,false,1
Aotizhongxin,10,B0,6,2,129.5,129.5,109.0,139.0,139.0,true,false,0
Aotizhongxin,10,B0,12,2,172.5,172.5,74.0,174.0,174.0,true,false,0
Aotizhongxin,10,B0,24,2,189.5,189.5,65.0,183.0,183.0,true,false,0
Aotizhongxin,11,B3_R2,1,2,6.029953,6.029953,251.925018,8.074982,8.074982,true,false,1
Aotizhongxin,11,B3_R2,6,2,89.939056,89.939056,160.272217,99.727783,99.727783,true,false,0
Aotizhongxin,11,B3_R2,12,2,94.847466,94.847466,157.351654,102.648346,102.648346,true,false,0
Aotizhongxin,11,B3_R2,24,2,83.117378,83.117378,178.826019,81.173981,81.173981,true,false,0
Aotizhongxin,11,GRU_R1,1,2,34.781601,34.781601,224.50209,35.49791,35.49791,true,false,0
Aotizhongxin,11,GRU_R1,6,2,124.353004,124.353004,127.536072,132.463928,132.463928,true,false,0
Aotizhongxin,11,GRU_R1,12,2,136.936344,136.936344,110.49575,149.50425,149.50425,true,false,0
Aotizhongxin,11,GRU_R1,24,2,108.035812,108.035812,142.770142,117.229858,117.229858,true,false,0
Aotizhongxin,11,B0,1,2,12.5,12.5,247.0,13.0,13.0,true,false,1
Aotizhongxin,11,B0,6,2,88.5,88.5,160.0,100.0,100.0,true,false,0
Aotizhongxin,11,B0,12,2,75.0,75.0,172.0,88.0,88.0,true,false,0
Aotizhongxin,11,B0,24,2,87.5,87.5,173.0,87.0,87.0,true,false,0
Aotizhongxin,12,B3_R2,1,3,9.290288,-1.067968,253.336395,5.663605,5.663605,true,false,2
Aotizhongxin,12,B3_R2,6,3,49.972788,49.972788,196.816544,62.183456,62.183456,true,false,0
Aotizhongxin,12,B3_R2,12,3,108.063756,108.063756,152.73674,106.26326,106.26326,true,false,0
Aotizhongxin,12,B3_R2,24,3,152.663798,152.663798,96.977417,162.022583,162.022583,true,false,0
Aotizhongxin,12,GRU_R1,1,3,13.000031,-13.000031,267.673615,-8.673615,8.673615,false,true,3
Aotizhongxin,12,GRU_R1,6,3,58.795766,58.795766,190.327881,68.672119,68.672119,true,false,0
Aotizhongxin,12,GRU_R1,12,3,85.057866,85.057866,163.869125,95.130875,95.130875,true,false,0
Aotizhongxin,12,GRU_R1,24,3,116.592443,116.592443,136.32254,122.67746,122.67746,true,false,0
Aotizhongxin,12,B0,1,3,11.333333,4.0,248.0,11.0,11.0,true,false,2
Aotizhongxin,12,B0,6,3,71.333333,71.333333,178.0,81.0,81.0,true,false,0
Aotizhongxin,12,B0,12,3,115.0,115.0,139.0,120.0,120.0,true,false,0
Aotizhongxin,12,B0,24,3,134.666667,134.666667,120.0,139.0,139.0,true,false,0
Aotizhongxin,13,B3_R2,1,4,39.352722,7.433472,319.104736,26.895264,26.895264,true,true,4
Aotizhongxin,13,B3_R2,6,4,103.314583,103.314583,196.352768,149.647232,149.647232,true,false,0
Aotizhongxin,13,B3_R2,12,4,113.583233,113.583233,194.178375,151.821625,151.821625,true,false,0
Aotizhongxin,13,B3_R2,24,4,203.689486,203.689486,101.198456,244.801544,244.801544,true,false,0
Aotizhongxin,13,GRU_R1,1,4,54.589001,54.589001,262.535248,83.464752,83.464752,true,false,3
Aotizhongxin,13,GRU_R1,6,4,108.988171,108.988171,206.798218,139.201782,139.201782,true,false,0
Aotizhongxin,13,GRU_R1,12,4,111.908878,111.908878,190.48204,155.51796,155.51796,true,false,0
Aotizhongxin,13,GRU_R1,24,4,133.107613,133.107613,172.183975,173.816025,173.816025,true,false,0
Aotizhongxin,13,B0,1,4,42.5,9.0,317.0,29.0,29.0,true,false,3
Aotizhongxin,13,B0,6,4,117.0,117.0,193.0,153.0,153.0,true,false,0
Aotizhongxin,13,B0,12,4,92.5,92.5,208.0,138.0,138.0,true,false,0
Aotizhongxin,13,B0,24,4,129.5,129.5,181.0,165.0,165.0,true,false,0
Aotizhongxin,14,B3_R2,1,10,20.725145,1.685246,243.385208,76.614792,76.614792,true,false,9
Aotizhongxin,14,B3_R2,6,10,22.464865,9.269095,275.749237,44.250763,44.250763,true,true,6
Aotizhongxin,14,B3_R2,12,10,73.154091,73.154091,180.11824,139.88176,139.88176,true,false,0
Aotizhongxin,14,B3_R2,24,10,135.499153,135.499153,122.571228,197.428772,197.428772,true,false,0
Aotizhongxin,14,GRU_R1,1,10,20.464786,18.609024,241.03447,78.96553,78.96553,true,false,8
Aotizhongxin,14,GRU_R1,6,10,35.638861,35.638861,234.841309,85.158691,85.158691,true,false,4
Aotizhongxin,14,GRU_R1,12,10,67.223967,67.223967,183.456161,136.543839,136.543839,true,false,1
Aotizhongxin,14,GRU_R1,24,10,57.547594,57.547594,216.733917,103.266083,103.266083,true,false,2
Aotizhongxin,14,B0,1,10,21.6,2.4,227.0,93.0,93.0,true,false,9
Aotizhongxin,14,B0,6,10,32.0,-4.4,276.0,44.0,44.0,true,true,8
Aotizhongxin,14,B0,12,10,59.6,31.8,177.0,143.0,143.0,true,false,4
Aotizhongxin,14,B0,24,10,48.3,48.1,216.0,104.0,104.0,true,false,3
Aotizhongxin,15,B3_R2,1,7,14.548294,4.12927,304.287842,5.712158,5.712158,true,false,6
Aotizhongxin,15,B3_R2,6,7,75.171999,75.171999,203.246948,106.753052,106.753052,true,false,1
Aotizhongxin,15,B3_R2,12,7,181.684287,181.684287,99.774773,210.225227,210.225227,true,false,0
Aotizhongxin,15,B3_R2,24,7,210.325074,210.325074,68.199028,241.800972,241.800972,true,false,0
Aotizhongxin,15,GRU_R1,1,7,20.982341,19.179598,276.323059,33.676941,33.676941,true,false,6
Aotizhongxin,15,GRU_R1,6,7,53.968824,53.968824,241.834747,68.165253,68.165253,true,false,3
Aotizhongxin,15,GRU_R1,12,7,99.350185,99.350185,192.985306,117.014694,117.014694,true,false,0
Aotizhongxin,15,GRU_R1,24,7,148.109301,148.109301,139.240997,170.759003,170.759003,true,false,0
Aotizhongxin,15,B0,1,7,16.428571,3.0,304.0,6.0,6.0,true,false,6
Aotizhongxin,15,B0,6,7,67.428571,65.142857,221.0,89.0,89.0,true,false,1
Aotizhongxin,15,B0,12,7,105.571429,105.571429,202.0,108.0,108.0,true,false,0
Aotizhongxin,15,B0,24,7,137.428571,137.428571,146.0,164.0,164.0,true,false,0
Aotizhongxin,16,B3_R2,1,2,16.697357,9.685425,239.617218,26.382782,26.382782,true,false,1
Aotizhongxin,16,B3_R2,6,2,65.388741,65.388741,205.848724,60.151276,60.151276,true,false,0
Aotizhongxin,16,B3_R2,12,2,62.45433,62.45433,195.948639,70.051361,70.051361,true,false,0
Aotizhongxin,16,B3_R2,24,2,169.646748,169.646748,90.54789,175.45211,175.45211,true,false,0
Aotizhongxin,16,GRU_R1,1,2,24.674095,24.674095,227.593567,38.406433,38.406433,true,false,0
Aotizhongxin,16,GRU_R1,6,2,48.744896,48.744896,223.347214,42.652786,42.652786,true,false,0
Aotizhongxin,16,GRU_R1,12,2,9.033188,9.033188,250.24353,15.75647,15.75647,true,true,2
Aotizhongxin,16,GRU_R1,24,2,68.849487,68.849487,190.536072,75.463928,75.463928,true,false,0
Aotizhongxin,16,B0,1,2,17.5,5.5,243.0,23.0,23.0,true,false,1
Aotizhongxin,16,B0,6,2,25.0,25.0,241.0,25.0,25.0,true,false,0
Aotizhongxin,16,B0,12,2,47.0,-47.0,304.0,-38.0,38.0,false,true,2
Aotizhongxin,16,B0,24,2,57.0,57.0,204.0,62.0,62.0,true,false,0
Aotizhongxin,17,B3_R2,1,11,16.051027,5.234462,267.87323,31.12677,31.12677,true,false,10
Aotizhongxin,17,B3_R2,6,11,61.328794,58.991125,143.459015,155.540985,155.540985,true,false,4
Aotizhongxin,17,B3_R2,12,11,111.099986,111.099986,131.90947,167.09053,167.09053,true,false,0
Aotizhongxin,17,B3_R2,24,11,137.626443,137.626443,120.943863,178.056137,178.056137,true,false,0
Aotizhongxin,17,GRU_R1,1,11,15.229993,9.46737,259.187775,39.812225,39.812225,true,false,10
Aotizhongxin,17,GRU_R1,6,11,58.554163,58.497961,155.667526,143.332474,143.332474,true,false,5
Aotizhongxin,17,GRU_R1,12,11,116.827047,116.827047,145.603821,153.396179,153.396179,true,false,0
Aotizhongxin,17,GRU_R1,24,11,119.861409,119.861409,139.867371,159.132629,159.132629,true,false,0
Aotizhongxin,17,B0,1,11,19.181818,5.909091,269.0,30.0,30.0,true,false,10
Aotizhongxin,17,B0,6,11,73.636364,63.272727,126.0,173.0,173.0,true,false,5
Aotizhongxin,17,B0,12,11,123.727273,123.727273,176.0,123.0,123.0,true,false,0
Aotizhongxin,17,B0,24,11,132.272727,132.272727,110.0,189.0,189.0,true,false,0
Aotizhongxin,18,B3_R2,1,7,22.2947,3.252864,309.222076,24.777924,24.777924,true,true,7
Aotizhongxin,18,B3_R2,6,7,89.060187,89.060187,165.09375,168.90625,168.90625,true,false,1
Aotizhongxin,18,B3_R2,12,7,166.948596,166.948596,120.471817,213.528183,213.528183,true,false,0
Aotizhongxin,18,B3_R2,24,7,226.040077,226.040077,78.654778,255.345222,255.345222,true,false,0
Aotizhongxin,18,GRU_R1,1,7,22.472944,19.665833,290.349182,43.650818,43.650818,true,false,6
Aotizhongxin,18,GRU_R1,6,7,70.47101,69.615786,210.095291,123.904709,123.904709,true,false,1
Aotizhongxin,18,GRU_R1,12,7,82.622049,82.622049,207.87851,126.12149,126.12149,true,false,0
Aotizhongxin,18,GRU_R1,24,7,100.764646,100.764646,228.58252,105.41748,105.41748,true,false,0
Aotizhongxin,18,B0,1,7,24.571429,2.857143,309.0,25.0,25.0,true,false,6
Aotizhongxin,18,B0,6,7,77.428571,72.857143,206.0,128.0,128.0,true,false,1
Aotizhongxin,18,B0,12,7,58.0,58.0,228.0,106.0,106.0,true,true,3
Aotizhongxin,18,B0,24,7,85.714286,84.285714,269.0,65.0,65.0,true,false,3
Aotizhongxin,19,B3_R2,1,16,12.08186,9.17672,303.164337,21.835663,21.835663,true,false,15
Aotizhongxin,19,B3_R2,6,16,70.488757,70.488757,267.541443,57.458557,57.458557,true,false,7
Aotizhongxin,19,B3_R2,12,16,133.550995,133.550995,170.012451,154.987549,154.987549,true,false,0
Aotizhongxin,19,B3_R2,24,16,175.080254,175.080254,134.967834,190.032166,190.032166,true,false,0
Aotizhongxin,19,GRU_R1,1,16,26.352568,26.352568,276.461853,48.538147,48.538147,true,false,15
Aotizhongxin,19,GRU_R1,6,16,73.139739,73.139739,268.861328,56.138672,56.138672,true,false,10
Aotizhongxin,19,GRU_R1,12,16,132.504059,132.504059,147.979706,177.020294,177.020294,true,false,3
Aotizhongxin,19,GRU_R1,24,16,160.825701,160.825701,146.034546,178.965454,178.965454,true,false,0
Aotizhongxin,19,B0,1,16,11.5625,4.0625,318.0,7.0,7.0,true,false,15
Aotizhongxin,19,B0,6,16,70.75,49.125,308.0,17.0,17.0,true,false,10
Aotizhongxin,19,B0,12,16,141.1875,132.0625,128.0,197.0,197.0,true,false,4
Aotizhongxin,19,B0,24,16,158.5,158.5,156.0,169.0,169.0,true,false,0
Aotizhongxin,20,B3_R2,1,1,164.953941,164.953941,100.046059,164.953941,164.953941,true,false,0
Aotizhongxin,20,B3_R2,6,1,23.527863,23.527863,241.472137,23.527863,23.527863,true,false,0
Aotizhongxin,20,B3_R2,12,1,81.743469,81.743469,183.256531,81.743469,81.743469,true,false,0
Aotizhongxin,20,B3_R2,24,1,187.502403,187.502403,77.497597,187.502403,187.502403,true,false,0
Aotizhongxin,20,GRU_R1,1,1,131.208923,131.208923,133.791077,131.208923,131.208923,true,false,0
Aotizhongxin,20,GRU_R1,6,1,11.83667,11.83667,253.16333,11.83667,11.83667,true,true,1
Aotizhongxin,20,GRU_R1,12,1,10.785645,10.785645,254.214355,10.785645,10.785645,true,true,1
Aotizhongxin,20,GRU_R1,24,1,136.381851,136.381851,128.618149,136.381851,136.381851,true,false,0
Aotizhongxin,20,B0,1,1,125.0,125.0,140.0,125.0,125.0,true,false,0
Aotizhongxin,20,B0,6,1,11.0,-11.0,276.0,-11.0,11.0,false,true,1
Aotizhongxin,20,B0,12,1,47.0,-47.0,312.0,-47.0,47.0,false,true,1
Aotizhongxin,20,B0,24,1,158.0,158.0,107.0,158.0,158.0,true,false,0
Aotizhongxin,21,B3_R2,1,7,16.558463,10.749573,341.195862,21.804138,21.804138,true,true,7
Aotizhongxin,21,B3_R2,6,7,96.024341,96.024341,262.269073,100.730927,100.730927,true,false,3
Aotizhongxin,21,B3_R2,12,7,119.716854,119.716854,123.04454,239.95546,239.95546,true,false,0
Aotizhongxin,21,B3_R2,24,7,198.895993,198.895993,108.956299,254.043701,254.043701,true,false,0
Aotizhongxin,21,GRU_R1,1,7,33.553768,33.553768,303.936829,59.063171,59.063171,true,true,7
Aotizhongxin,21,GRU_R1,6,7,98.089554,98.089554,246.19014,116.80986,116.80986,true,false,3
Aotizhongxin,21,GRU_R1,12,7,107.90593,107.90593,119.716187,243.283813,243.283813,true,true,4
Aotizhongxin,21,GRU_R1,24,7,65.045096,65.045096,269.189392,93.810608,93.810608,true,false,5
Aotizhongxin,21,B0,1,7,22.857143,12.857143,341.0,22.0,22.0,true,false,6
Aotizhongxin,21,B0,6,7,97.285714,97.285714,238.0,125.0,125.0,true,false,2
Aotizhongxin,21,B0,12,7,72.0,66.857143,197.0,166.0,166.0,true,true,5
Aotizhongxin,21,B0,24,7,21.857143,21.857143,322.0,41.0,41.0,true,false,6
Aotizhongxin,22,B3_R2,1,21,25.738929,12.018279,508.975739,21.024261,21.024261,true,false,20
Aotizhongxin,22,B3_R2,6,21,148.902072,142.768675,288.406891,241.593109,241.593109,true,false,16
Aotizhongxin,22,B3_R2,12,21,216.645496,216.645496,201.001755,328.998245,328.998245,true,false,0
Aotizhongxin,22,B3_R2,24,21,267.335015,267.335015,171.488785,358.511215,358.511215,true,false,0
Aotizhongxin,22,GRU_R1,1,21,85.352871,82.569901,354.782379,175.217621,175.217621,true,false,20
Aotizhongxin,22,GRU_R1,6,21,147.599179,135.62309,299.169708,230.830292,230.830292,true,false,14
Aotizhongxin,22,GRU_R1,12,21,214.785196,205.902366,164.554138,365.445862,365.445862,true,false,7
Aotizhongxin,22,GRU_R1,24,21,268.256973,268.256973,140.967041,389.032959,389.032959,true,false,0
Aotizhongxin,22,B0,1,21,28.428571,1.857143,518.0,12.0,12.0,true,false,20
Aotizhongxin,22,B0,6,21,163.666667,54.333333,358.0,172.0,172.0,true,false,15
Aotizhongxin,22,B0,12,21,240.047619,171.380952,154.0,376.0,376.0,true,false,9
Aotizhongxin,22,B0,24,21,277.714286,277.714286,142.0,388.0,388.0,true,false,0
Aotizhongxin,23,B3_R2,1,2,19.497437,4.476715,245.025848,23.974152,23.974152,true,true,2
Aotizhongxin,23,B3_R2,6,2,121.356174,121.356174,108.310143,160.689857,160.689857,true,false,0
Aotizhongxin,23,B3_R2,12,2,21.204163,21.204163,241.946976,27.053024,27.053024,true,false,1
Aotizhongxin,23,B3_R2,24,2,124.866478,124.866478,136.281128,132.718872,132.718872,true,false,0
Aotizhongxin,23,GRU_R1,1,2,17.628265,17.628265,237.831177,31.168823,31.168823,true,false,1
Aotizhongxin,23,GRU_R1,6,2,151.425591,151.425591,82.920654,186.079346,186.079346,true,false,0
Aotizhongxin,23,GRU_R1,12,2,13.331139,1.809715,280.521423,-11.521423,11.521423,false,true,2
Aotizhongxin,23,GRU_R1,24,2,52.409744,-52.409744,312.598602,-43.598602,43.598602,false,true,2
Aotizhongxin,23,B0,1,2,17.0,11.0,241.0,28.0,28.0,true,false,1
Aotizhongxin,23,B0,6,2,170.5,170.5,63.0,206.0,206.0,true,false,0
Aotizhongxin,23,B0,12,2,41.0,-41.0,337.0,-68.0,68.0,false,true,2
Aotizhongxin,23,B0,24,2,214.0,-214.0,450.0,-181.0,181.0,false,true,2
Aotizhongxin,24,B3_R2,1,1,1.284943,1.284943,255.715057,1.284943,1.284943,true,true,1
Aotizhongxin,24,B3_R2,6,1,68.944504,68.944504,188.055496,68.944504,68.944504,true,false,0
Aotizhongxin,24,B3_R2,12,1,170.150978,170.150978,86.849022,170.150978,170.150978,true,false,0
Aotizhongxin,24,B3_R2,24,1,198.606125,198.606125,58.393875,198.606125,198.606125,true,false,0
Aotizhongxin,24,GRU_R1,1,1,35.434601,35.434601,221.565399,35.434601,35.434601,true,false,0
Aotizhongxin,24,GRU_R1,6,1,47.396713,47.396713,209.603287,47.396713,47.396713,true,false,0
Aotizhongxin,24,GRU_R1,12,1,60.614914,60.614914,196.385086,60.614914,60.614914,true,false,0
Aotizhongxin,24,GRU_R1,24,1,98.035812,98.035812,158.964188,98.035812,98.035812,true,false,0
Aotizhongxin,24,B0,1,1,13.0,13.0,244.0,13.0,13.0,true,false,0
Aotizhongxin,24,B0,6,1,41.0,41.0,216.0,41.0,41.0,true,false,0
Aotizhongxin,24,B0,12,1,36.0,36.0,221.0,36.0,36.0,true,false,0
Aotizhongxin,24,B0,24,1,88.0,88.0,169.0,88.0,88.0,true,false,0
Aotizhongxin,25,B3_R2,1,12,18.302962,0.291508,354.710297,24.289703,24.289703,true,false,11
Aotizhongxin,25,B3_R2,6,12,80.278138,80.278138,292.235168,86.764832,86.764832,true,false,7
Aotizhongxin,25,B3_R2,12,12,152.364853,152.364853,175.623871,203.376129,203.376129,true,false,0
Aotizhongxin,25,B3_R2,24,12,195.256201,195.256201,123.133789,255.866211,255.866211,true,false,0
Aotizhongxin,25,GRU_R1,1,12,28.346396,27.027147,314.468201,64.531799,64.531799,true,false,11
Aotizhongxin,25,GRU_R1,6,12,109.614237,109.614237,232.823578,146.176422,146.176422,true,false,2
Aotizhongxin,25,GRU_R1,12,12,168.059769,168.059769,149.346191,229.653809,229.653809,true,false,0
Aotizhongxin,25,GRU_R1,24,12,167.189021,167.189021,92.225563,286.774437,286.774437,true,false,0
Aotizhongxin,25,B0,1,12,20.333333,7.0,352.0,27.0,27.0,true,false,11
Aotizhongxin,25,B0,6,12,101.083333,101.083333,255.0,124.0,124.0,true,false,6
Aotizhongxin,25,B0,12,12,156.083333,156.083333,142.0,237.0,237.0,true,false,0
Aotizhongxin,25,B0,24,12,146.5,146.5,112.0,267.0,267.0,true,false,0
Aotizhongxin,26,B3_R2,1,1,53.75029,53.75029,195.24971,53.75029,53.75029,true,false,0
Aotizhongxin,26,B3_R2,6,1,34.883606,-34.883606,283.883606,-34.883606,34.883606,false,true,1
Aotizhongxin,26,B3_R2,12,1,70.055069,70.055069,178.944931,70.055069,70.055069,true,false,0
Aotizhongxin,26,B3_R2,24,1,154.32193,154.32193,94.67807,154.32193,154.32193,true,false,0
Aotizhongxin,26,GRU_R1,1,1,44.579437,44.579437,204.420563,44.579437,44.579437,true,false,0
Aotizhongxin,26,GRU_R1,6,1,54.47052,-54.47052,303.47052,-54.47052,54.47052,false,true,1
Aotizhongxin,26,GRU_R1,12,1,35.845062,35.845062,213.154938,35.845062,35.845062,true,false,0
Aotizhongxin,26,GRU_R1,24,1,120.91246,120.91246,128.08754,120.91246,120.91246,true,false,0
Aotizhongxin,26,B0,1,1,48.0,48.0,201.0,48.0,48.0,true,false,0
Aotizhongxin,26,B0,6,1,130.0,-130.0,379.0,-130.0,130.0,false,true,1
Aotizhongxin,26,B0,12,1,6.0,-6.0,255.0,-6.0,6.0,false,true,1
Aotizhongxin,26,B0,24,1,98.0,98.0,151.0,98.0,98.0,true,false,0
Aotizhongxin,27,B3_R2,1,3,41.700516,5.452184,250.919067,63.080933,63.080933,true,false,2
Aotizhongxin,27,B3_R2,6,3,37.028127,10.662303,246.288498,67.711502,67.711502,true,true,3
Aotizhongxin,27,B3_R2,12,3,99.771947,99.771947,172.120468,141.879532,141.879532,true,false,0
Aotizhongxin,27,B3_R2,24,3,164.091805,164.091805,110.30674,203.69326,203.69326,true,false,0
Aotizhongxin,27,GRU_R1,1,3,50.014745,26.221573,229.601471,84.398529,84.398529,true,false,1
Aotizhongxin,27,GRU_R1,6,3,44.972504,44.972504,215.768005,98.231995,98.231995,true,false,0
Aotizhongxin,27,GRU_R1,12,3,75.101486,75.101486,196.480392,117.519608,117.519608,true,false,0
Aotizhongxin,27,GRU_R1,24,3,26.971568,-15.591115,296.929321,17.070679,17.070679,true,true,3
Aotizhongxin,27,B0,1,3,45.0,8.333333,245.0,69.0,69.0,true,false,2
Aotizhongxin,27,B0,6,3,65.666667,65.666667,195.0,119.0,119.0,true,false,0
Aotizhongxin,27,B0,12,3,61.0,61.0,220.0,94.0,94.0,true,false,0
Aotizhongxin,27,B0,24,3,86.666667,-86.666667,379.0,-65.0,65.0,false,true,3
Aotizhongxin,28,B3_R2,1,7,16.719862,7.900465,281.439972,7.560028,7.560028,true,false,6
Aotizhongxin,28,B3_R2,6,7,63.455438,63.455438,191.732971,97.267029,97.267029,true,false,0
Aotizhongxin,28,B3_R2,12,7,141.972081,141.972081,113.175682,175.824318,175.824318,true,false,0
Aotizhongxin,28,B3_R2,24,7,193.433493,193.433493,65.072517,223.927483,223.927483,true,false,0
Aotizhongxin,28,GRU_R1,1,7,17.43878,11.43973,278.549194,10.450806,10.450806,true,false,6
Aotizhongxin,28,GRU_R1,6,7,51.743234,51.743234,216.792175,72.207825,72.207825,true,true,2
Aotizhongxin,28,GRU_R1,12,7,61.561473,61.561473,215.752136,73.247864,73.247864,true,false,0
Aotizhongxin,28,GRU_R1,24,7,83.843855,83.843855,217.736603,71.263397,71.263397,true,false,0
Aotizhongxin,28,B0,1,7,13.714286,1.428571,287.0,2.0,2.0,true,false,6
Aotizhongxin,28,B0,6,7,27.714286,18.571429,259.0,30.0,30.0,true,false,4
Aotizhongxin,28,B0,12,7,57.428571,57.428571,223.0,66.0,66.0,true,false,0
Aotizhongxin,28,B0,24,7,59.428571,59.428571,238.0,51.0,51.0,true,false,1
Aotizhongxin,29,B3_R2,1,13,28.774565,5.336756,417.693481,22.306519,22.306519,true,true,13
Aotizhongxin,29,B3_R2,6,13,83.956383,69.177162,229.26651,210.73349,210.73349,true,true,9
Aotizhongxin,29,B3_R2,12,13,184.352679,184.352679,142.535721,297.464279,297.464279,true,false,0
Aotizhongxin,29,B3_R2,24,13,274.961877,274.961877,53.860893,386.139107,386.139107,true,false,0
Aotizhongxin,29,GRU_R1,1,13,47.096654,46.446404,320.658051,119.341949,119.341949,true,false,8
Aotizhongxin,29,GRU_R1,6,13,107.690317,95.399569,220.769257,219.230743,219.230743,true,false,3
Aotizhongxin,29,GRU_R1,12,13,144.621115,144.621115,171.726318,268.273682,268.273682,true,false,0
Aotizhongxin,29,GRU_R1,24,13,97.516224,96.009594,242.86116,197.13884,197.13884,true,false,4
Aotizhongxin,29,B0,1,13,32.076923,1.615385,419.0,21.0,21.0,true,false,12
Aotizhongxin,29,B0,6,13,113.923077,51.153846,260.0,180.0,180.0,true,false,7
Aotizhongxin,29,B0,12,13,120.076923,119.769231,171.0,269.0,269.0,true,false,1
Aotizhongxin,29,B0,24,13,66.307692,55.230769,274.0,166.0,166.0,true,false,10
Aotizhongxin,30,B3_R2,1,39,18.854779,10.002156,420.19458,12.80542,12.80542,true,false,38
Aotizhongxin,30,B3_R2,6,39,73.434296,72.432667,320.410217,112.589783,112.589783,true,true,34
Aotizhongxin,30,B3_R2,12,39,229.557899,229.557899,161.331741,271.668259,271.668259,true,false,0
Aotizhongxin,30,B3_R2,24,39,259.030682,259.030682,107.170265,325.829735,325.829735,true,false,0
Aotizhongxin,30,GRU_R1,1,39,57.720685,57.720685,337.169739,95.830261,95.830261,true,false,38
Aotizhongxin,30,GRU_R1,6,39,85.020673,83.65367,307.063263,125.936737,125.936737,true,true,35
Aotizhongxin,30,GRU_R1,12,39,98.018687,98.018687,302.801514,130.198486,130.198486,true,false,34
Aotizhongxin,30,GRU_R1,24,39,130.170278,130.170278,285.285034,147.714966,147.714966,true,false,20
Aotizhongxin,30,B0,1,39,18.153846,5.641026,427.0,6.0,6.0,true,false,38
Aotizhongxin,30,B0,6,39,43.871795,23.717949,359.0,74.0,74.0,true,true,37
Aotizhongxin,30,B0,12,39,57.102564,25.051282,365.0,68.0,68.0,true,true,37
Aotizhongxin,30,B0,24,39,82.461538,68.358974,371.0,62.0,62.0,true,false,28
Aotizhongxin,31,B3_R2,1,5,63.87587,30.978091,309.443817,98.556183,98.556183,true,false,3
Aotizhongxin,31,B3_R2,6,5,229.700934,229.700934,83.32666,324.67334,324.67334,true,false,0
Aotizhongxin,31,B3_R2,12,5,244.702255,244.702255,77.218399,330.781601,330.781601,true,false,0
Aotizhongxin,31,B3_R2,24,5,273.704565,273.704565,46.660641,361.339359,361.339359,true,false,0
Aotizhongxin,31,GRU_R1,1,5,66.657135,44.018121,291.131592,116.868408,116.868408,true,false,3
Aotizhongxin,31,GRU_R1,6,5,206.863641,206.863641,103.3377,304.6623,304.6623,true,false,0
Aotizhongxin,31,GRU_R1,12,5,241.374598,241.374598,83.823547,324.176453,324.176453,true,false,0
Aotizhongxin,31,GRU_R1,24,5,279.82386,279.82386,53.907116,354.092884,354.092884,true,false,0
Aotizhongxin,31,B0,1,5,67.6,6.8,334.0,74.0,74.0,true,false,4
Aotizhongxin,31,B0,6,5,227.8,227.8,81.0,327.0,327.0,true,false,0
Aotizhongxin,31,B0,12,5,289.4,289.4,36.0,372.0,372.0,true,false,0
Aotizhongxin,31,B0,24,5,313.2,313.2,13.0,395.0,395.0,true,false,0
Aotizhongxin,32,B3_R2,1,11,25.894473,13.208532,215.840851,137.159149,137.159149,true,false,10
Aotizhongxin,32,B3_R2,6,11,116.877615,116.877615,143.176376,209.823624,209.823624,true,false,3
Aotizhongxin,32,B3_R2,12,11,166.460394,166.460394,167.897995,185.102005,185.102005,true,false,0
Aotizhongxin,32,B3_R2,24,11,194.519719,194.519719,104.878609,248.121391,248.121391,true,false,0
Aotizhongxin,32,GRU_R1,1,11,39.838303,39.838303,231.543167,121.456833,121.456833,true,false,10
Aotizhongxin,32,GRU_R1,6,11,108.401367,108.401367,138.717468,214.282532,214.282532,true,false,5
Aotizhongxin,32,GRU_R1,12,11,185.787286,185.787286,125.134399,227.865601,227.865601,true,false,0
Aotizhongxin,32,GRU_R1,24,11,132.214544,132.214544,119.064423,233.935577,233.935577,true,false,3
Aotizhongxin,32,B0,1,11,26.545455,6.181818,226.0,127.0,127.0,true,false,10
Aotizhongxin,32,B0,6,11,105.090909,97.090909,103.0,250.0,250.0,true,false,5
Aotizhongxin,32,B0,12,11,218.636364,218.636364,111.0,242.0,242.0,true,false,0
Aotizhongxin,32,B0,24,11,116.454545,97.727273,81.0,272.0,272.0,true,false,5
Aotizhongxin,33,B3_R2,1,37,29.102864,14.608004,500.171844,67.828156,67.828156,true,false,36
Aotizhongxin,33,B3_R2,6,37,151.760628,151.760628,322.443604,245.556396,245.556396,true,false,32
Aotizhongxin,33,B3_R2,12,37,240.950135,240.950135,193.455582,374.544418,374.544418,true,false,5
Aotizhongxin,33,B3_R2,24,37,357.063584,357.063584,81.114449,486.885551,486.885551,true,false,0
Aotizhongxin,33,GRU_R1,1,37,102.433169,102.433169,362.781006,205.218994,205.218994,true,false,36
Aotizhongxin,33,GRU_R1,6,37,137.199559,137.199559,329.761475,238.238525,238.238525,true,true,33
Aotizhongxin,33,GRU_R1,12,37,167.816509,167.816509,309.276367,258.723633,258.723633,true,false,27
Aotizhongxin,33,GRU_R1,24,37,200.081298,200.081298,302.382996,265.617004,265.617004,true,false,21
Aotizhongxin,33,B0,1,37,27.27027,5.810811,542.0,26.0,26.0,true,false,36
Aotizhongxin,33,B0,6,37,91.540541,40.405405,424.0,144.0,144.0,true,false,31
Aotizhongxin,33,B0,12,37,109.945946,83.891892,418.0,150.0,150.0,true,true,28
Aotizhongxin,33,B0,24,37,151.378378,140.405405,379.0,189.0,189.0,true,false,24
Aotizhongxin,34,B3_R2,1,2,79.520771,78.274128,109.205101,157.794899,157.794899,true,false,1
Aotizhongxin,34,B3_R2,6,2,229.891816,229.891816,24.690798,242.309202,242.309202,true,false,0
Aotizhongxin,34,B3_R2,12,2,127.555977,127.555977,143.731979,123.268021,123.268021,true,false,0
Aotizhongxin,34,B3_R2,24,2,192.148155,192.148155,82.681557,184.318443,184.318443,true,false,0
Aotizhongxin,34,GRU_R1,1,2,85.844547,85.844547,102.787071,164.212929,164.212929,true,false,1
Aotizhongxin,34,GRU_R1,6,2,226.659272,226.659272,31.175756,235.824244,235.824244,true,false,0
Aotizhongxin,34,GRU_R1,12,2,53.566299,8.103775,312.462524,-45.462524,45.462524,false,true,1
Aotizhongxin,34,GRU_R1,24,2,68.068619,-68.068619,332.139221,-65.139221,65.139221,false,true,2
Aotizhongxin,34,B0,1,2,82.5,75.5,109.0,158.0,158.0,true,false,1
Aotizhongxin,34,B0,6,2,244.0,244.0,16.0,251.0,251.0,true,false,0
Aotizhongxin,34,B0,12,2,105.5,-56.5,429.0,-162.0,162.0,false,true,1
Aotizhongxin,34,B0,24,2,304.5,-304.5,568.0,-301.0,301.0,false,true,2
Aotizhongxin,35,B3_R2,1,7,18.634308,8.366346,280.976715,24.023285,24.023285,true,false,6
Aotizhongxin,35,B3_R2,6,7,149.120197,149.120197,124.735512,180.264488,180.264488,true,false,0
Aotizhongxin,35,B3_R2,12,7,182.708675,182.708675,111.246948,193.753052,193.753052,true,false,0
Aotizhongxin,35,B3_R2,24,7,229.273512,229.273512,64.280296,240.719704,240.719704,true,false,0
Aotizhongxin,35,GRU_R1,1,7,27.331595,20.576425,266.246399,38.753601,38.753601,true,false,6
Aotizhongxin,35,GRU_R1,6,7,117.315824,117.315824,168.327774,136.672226,136.672226,true,false,0
Aotizhongxin,35,GRU_R1,12,7,122.380678,122.380678,182.042221,122.957779,122.957779,true,false,0
Aotizhongxin,35,GRU_R1,24,7,119.708764,97.49365,70.727875,234.272125,234.272125,true,true,3
Aotizhongxin,35,B0,1,7,18.714286,5.857143,287.0,18.0,18.0,true,false,6
Aotizhongxin,35,B0,6,7,117.857143,115.285714,165.0,140.0,140.0,true,false,1
Aotizhongxin,35,B0,12,7,97.142857,97.142857,212.0,93.0,93.0,true,false,2
Aotizhongxin,35,B0,24,7,169.571429,43.571429,116.0,189.0,189.0,true,true,3
Aotizhongxin,36,B3_R2,1,20,37.649664,12.33796,472.684143,27.315857,27.315857,true,false,19
Aotizhongxin,36,B3_R2,6,20,157.858688,157.858688,276.327759,223.672241,223.672241,true,false,13
Aotizhongxin,36,B3_R2,12,20,249.056786,249.056786,159.630325,340.369675,340.369675,true,false,0
Aotizhongxin,36,B3_R2,24,20,272.826178,272.826178,139.639938,360.360062,360.360062,true,false,0
Aotizhongxin,36,GRU_R1,1,20,78.697318,76.954346,357.359833,142.640167,142.640167,true,true,20
Aotizhongxin,36,GRU_R1,6,20,127.391849,127.028769,324.465454,175.534546,175.534546,true,false,15
Aotizhongxin,36,GRU_R1,12,20,166.186115,166.186115,277.478729,222.521271,222.521271,true,false,11
Aotizhongxin,36,GRU_R1,24,20,216.965651,216.965651,261.660522,238.339478,238.339478,true,false,3
Aotizhongxin,36,B0,1,20,36.25,4.45,488.0,12.0,12.0,true,false,19
Aotizhongxin,36,B0,6,20,112.05,59.75,440.0,60.0,60.0,true,false,14
Aotizhongxin,36,B0,12,20,157.1,117.5,328.0,172.0,172.0,true,true,12
Aotizhongxin,36,B0,24,20,190.0,190.0,304.0,196.0,196.0,true,true,8
Aotizhongxin,37,B3_R2,1,10,30.063474,5.943393,359.006195,20.993805,20.993805,true,false,9
Aotizhongxin,37,B3_R2,6,10,52.405733,50.179207,358.793793,21.206207,21.206207,true,true,8
Aotizhongxin,37,B3_R2,12,10,174.135474,174.135474,159.829224,220.170776,220.170776,true,false,0
Aotizhongxin,37,B3_R2,24,10,234.889098,234.889098,101.502556,278.497444,278.497444,true,false,0
Aotizhongxin,37,GRU_R1,1,10,41.70804,39.260109,306.930359,73.069641,73.069641,true,false,9
Aotizhongxin,37,GRU_R1,6,10,59.728467,57.74082,312.047516,67.952484,67.952484,true,true,8
Aotizhongxin,37,GRU_R1,12,10,33.632715,15.60282,331.248779,48.751221,48.751221,true,true,10
Aotizhongxin,37,GRU_R1,24,10,45.984227,45.829118,328.826599,51.173401,51.173401,true,false,9
Aotizhongxin,37,B0,1,10,35.4,11.2,356.0,24.0,24.0,true,false,9
Aotizhongxin,37,B0,6,10,46.9,17.9,367.0,13.0,13.0,true,true,8
Aotizhongxin,37,B0,12,10,96.8,-91.6,441.0,-61.0,61.0,false,true,10
Aotizhongxin,37,B0,24,10,83.5,-25.3,483.0,-103.0,103.0,false,false,8
Aotizhongxin,38,B3_R2,1,8,31.454899,13.483341,260.037384,75.962616,75.962616,true,false,7
Aotizhongxin,38,B3_R2,6,8,119.201615,119.201615,146.952911,189.047089,189.047089,true,true,1
Aotizhongxin,38,B3_R2,12,8,153.932831,153.932831,153.404297,182.595703,182.595703,true,false,0
Aotizhongxin,38,B3_R2,24,8,172.065383,172.065383,111.259781,224.740219,224.740219,true,false,0
Aotizhongxin,38,GRU_R1,1,8,41.695053,37.228233,219.328583,116.671417,116.671417,true,false,4
Aotizhongxin,38,GRU_R1,6,8,102.824102,98.080587,135.784637,200.215363,200.215363,true,true,2
Aotizhongxin,38,GRU_R1,12,8,39.349737,34.656439,256.200745,79.799255,79.799255,true,true,6
Aotizhongxin,38,GRU_R1,24,8,36.671062,-3.186382,329.251038,6.748962,6.748962,true,true,7
Aotizhongxin,38,B0,1,8,32.25,9.25,256.0,80.0,80.0,true,false,7
Aotizhongxin,38,B0,6,8,92.375,52.625,203.0,133.0,133.0,true,true,3
Aotizhongxin,38,B0,12,8,61.375,-40.375,298.0,38.0,38.0,true,true,7
Aotizhongxin,38,B0,24,8,118.375,-97.875,500.0,-164.0,164.0,false,true,7
Aotizhongxin,39,B3_R2,1,9,17.548974,5.422312,312.608582,13.391418,13.391418,true,true,9
Aotizhongxin,39,B3_R2,6,9,61.881972,61.881972,242.129501,83.870499,83.870499,true,false,0
Aotizhongxin,39,B3_R2,12,9,105.342982,105.342982,186.120911,139.879089,139.879089,true,false,0
Aotizhongxin,39,B3_R2,24,9,95.897878,95.897878,201.556931,124.443069,124.443069,true,false,0
Aotizhongxin,39,GRU_R1,1,9,21.251929,15.679135,296.687561,29.312439,29.312439,true,true,9
Aotizhongxin,39,GRU_R1,6,9,55.631709,55.631709,236.770142,89.229858,89.229858,true,false,0
Aotizhongxin,39,GRU_R1,12,9,87.993162,87.993162,191.8255,134.1745,134.1745,true,false,0
Aotizhongxin,39,GRU_R1,24,9,115.589611,115.589611,210.21048,115.78952,115.78952,true,false,0
Aotizhongxin,39,B0,1,9,18.888889,1.111111,321.0,5.0,5.0,true,false,8
Aotizhongxin,39,B0,6,9,66.888889,61.777778,236.0,90.0,90.0,true,false,3
Aotizhongxin,39,B0,12,9,122.333333,122.333333,162.0,164.0,164.0,true,false,0
Aotizhongxin,39,B0,24,9,112.888889,112.888889,220.0,106.0,106.0,true,false,0
Aotizhongxin,40,B3_R2,1,4,11.813251,2.004597,265.487701,4.512299,4.512299,true,false,3
Aotizhongxin,40,B3_R2,6,4,7.831245,3.27977,272.84491,-2.84491,2.84491,false,true,3
Aotizhongxin,40,B3_R2,12,4,117.848236,117.848236,144.998062,125.001938,125.001938,true,false,0
Aotizhongxin,40,B3_R2,24,4,110.938307,110.938307,124.22831,145.77169,145.77169,true,false,0
Aotizhongxin,40,GRU_R1,1,4,21.917027,21.917027,255.361603,14.638397,14.638397,true,false,2
Aotizhongxin,40,GRU_R1,6,4,18.577976,-8.990643,279.172516,-9.172516,9.172516,false,true,3
Aotizhongxin,40,GRU_R1,12,4,47.30838,47.30838,214.378021,55.621979,55.621979,true,false,0
Aotizhongxin,40,GRU_R1,24,4,97.559944,97.559944,142.509491,127.490509,127.490509,true,false,0
Aotizhongxin,40,B0,1,4,10.75,5.25,262.0,8.0,8.0,true,false,3
Aotizhongxin,40,B0,6,4,53.5,-53.5,318.0,-48.0,48.0,false,true,4
Aotizhongxin,40,B0,12,4,17.0,16.5,253.0,17.0,17.0,true,false,2
Aotizhongxin,40,B0,24,4,110.5,110.5,136.0,134.0,134.0,true,false,0
Aotizhongxin,41,B3_R2,1,14,107.523325,84.793471,485.967926,227.032074,227.032074,true,false,13
Aotizhongxin,41,B3_R2,6,14,289.388308,289.277499,193.865448,519.134552,519.134552,true,false,4
Aotizhongxin,41,B3_R2,12,14,378.235953,378.235953,85.199593,627.800407,627.800407,true,false,0
Aotizhongxin,41,B3_R2,24,14,398.802042,398.802042,69.77684,643.22316,643.22316,true,false,0
Aotizhongxin,41,GRU_R1,1,14,156.340901,152.305941,369.953766,343.046234,343.046234,true,false,12
Aotizhongxin,41,GRU_R1,6,14,262.768613,231.230667,235.497101,477.502899,477.502899,true,false,6
Aotizhongxin,41,GRU_R1,12,14,358.493041,358.493041,78.430534,634.569466,634.569466,true,false,0
Aotizhongxin,41,GRU_R1,24,14,415.79056,415.79056,61.621422,651.378578,651.378578,true,false,0
Aotizhongxin,41,B0,1,14,66.928571,0.642857,682.0,31.0,31.0,true,false,13
Aotizhongxin,41,B0,6,14,366.357143,93.214286,278.0,435.0,435.0,true,false,8
Aotizhongxin,41,B0,12,14,369.357143,358.357143,58.0,655.0,655.0,true,false,2
Aotizhongxin,41,B0,24,14,456.0,456.0,9.0,704.0,704.0,true,false,0
Aotizhongxin,42,B3_R2,1,2,4.718414,-4.718414,248.746552,-1.746552,1.746552,false,true,2
Aotizhongxin,42,B3_R2,6,2,53.84716,53.84716,205.650345,41.349655,41.349655,true,false,0
Aotizhongxin,42,B3_R2,12,2,120.752022,120.752022,122.407593,124.592407,124.592407,true,false,0
Aotizhongxin,42,B3_R2,24,2,154.694496,154.694496,83.658218,163.341782,163.341782,true,false,0
Aotizhongxin,42,GRU_R1,1,2,12.111237,2.902374,231.986389,15.013611,15.013611,true,false,1
Aotizhongxin,42,GRU_R1,6,2,36.438431,36.438431,222.469452,24.530548,24.530548,true,false,0
Aotizhongxin,42,GRU_R1,12,2,100.538467,-100.538467,345.457458,-98.457458,98.457458,false,true,2
Aotizhongxin,42,GRU_R1,24,2,156.242371,156.242371,80.026764,166.973236,166.973236,true,false,0
Aotizhongxin,42,B0,1,2,2.5,1.5,243.0,4.0,4.0,true,false,1
Aotizhongxin,42,B0,6,2,6.5,-6.5,257.0,-10.0,10.0,false,true,2
Aotizhongxin,42,B0,12,2,458.5,-458.5,713.0,-466.0,466.0,false,true,2
Aotizhongxin,42,B0,24,2,187.0,187.0,58.0,189.0,189.0,true,false,0
Aotizhongxin,43,B3_R2,1,5,12.379102,9.799451,274.760406,32.239594,32.239594,true,true,5
Aotizhongxin,43,B3_R2,6,5,36.335931,36.335931,263.053528,43.946472,43.946472,true,false,4
Aotizhongxin,43,B3_R2,12,5,106.602658,106.602658,174.763458,132.236542,132.236542,true,false,0
Aotizhongxin,43,B3_R2,24,5,160.697188,160.697188,127.861618,179.138382,179.138382,true,false,0
Aotizhongxin,43,GRU_R1,1,5,11.030963,10.107819,284.497681,22.502319,22.502319,true,true,5
Aotizhongxin,43,GRU_R1,6,5,50.101962,50.101962,241.878769,65.121231,65.121231,true,false,2
Aotizhongxin,43,GRU_R1,12,5,68.922034,50.515039,215.908905,91.091095,91.091095,true,true,2
Aotizhongxin,43,GRU_R1,24,5,63.514813,50.652631,231.378571,75.621429,75.621429,true,false,1
Aotizhongxin,43,B0,1,5,16.0,10.0,273.0,34.0,34.0,true,false,4
Aotizhongxin,43,B0,6,5,41.2,41.2,247.0,60.0,60.0,true,false,2
Aotizhongxin,43,B0,12,5,62.4,-4.0,257.0,50.0,50.0,true,true,4
Aotizhongxin,43,B0,24,5,86.6,-30.2,278.0,29.0,29.0,true,false,3
Aotizhongxin,44,B3_R2,1,20,15.680394,6.170396,333.819885,25.180115,25.180115,true,false,19
Aotizhongxin,44,B3_R2,6,20,83.199155,83.199155,239.846375,119.153625,119.153625,true,false,6
Aotizhongxin,44,B3_R2,12,20,156.749419,156.749419,145.375031,213.624969,213.624969,true,false,0
Aotizhongxin,44,B3_R2,24,20,198.583036,198.583036,91.326904,267.673096,267.673096,true,false,0
Aotizhongxin,44,GRU_R1,1,20,27.48995,23.543496,312.88974,46.11026,46.11026,true,false,17
Aotizhongxin,44,GRU_R1,6,20,72.182986,66.37929,263.99118,95.00882,95.00882,true,false,12
Aotizhongxin,44,GRU_R1,12,20,128.432086,127.851953,191.667847,167.332153,167.332153,true,false,4
Aotizhongxin,44,GRU_R1,24,20,182.278991,182.278991,108.338531,250.661469,250.661469,true,false,0
Aotizhongxin,44,B0,1,20,15.15,0.95,343.0,16.0,16.0,true,false,19
Aotizhongxin,44,B0,6,20,71.0,37.7,321.0,38.0,38.0,true,false,14
Aotizhongxin,44,B0,12,20,132.65,114.05,232.0,127.0,127.0,true,false,8
Aotizhongxin,44,B0,24,20,185.7,185.7,103.0,256.0,256.0,true,false,0
Aotizhongxin,45,B3_R2,1,4,42.77726,12.973289,282.520477,65.479523,65.479523,true,false,3
Aotizhongxin,45,B3_R2,6,4,83.582371,83.582371,196.933044,151.066956,151.066956,true,false,1
Aotizhongxin,45,B3_R2,12,4,121.145153,121.145153,175.284683,172.715317,172.715317,true,false,0
Aotizhongxin,45,B3_R2,24,4,220.782423,220.782423,82.677483,265.322517,265.322517,true,false,0
Aotizhongxin,45,GRU_R1,1,4,36.94313,36.172104,259.755981,88.244019,88.244019,true,false,3
Aotizhongxin,45,GRU_R1,6,4,36.812778,36.812778,258.764954,89.235046,89.235046,true,true,4
Aotizhongxin,45,GRU_R1,12,4,32.059296,15.823502,288.403748,59.596252,59.596252,true,true,4
Aotizhongxin,45,GRU_R1,24,4,113.052795,113.052795,194.718689,153.281311,153.281311,true,false,0
Aotizhongxin,45,B0,1,4,51.0,16.5,258.0,90.0,90.0,true,false,3
Aotizhongxin,45,B0,6,4,32.25,14.75,281.0,67.0,67.0,true,true,4
Aotizhongxin,45,B0,12,4,45.5,-43.0,343.0,5.0,5.0,true,true,4
Aotizhongxin,45,B0,24,4,90.0,90.0,219.0,129.0,129.0,true,false,1
Aotizhongxin,46,B3_R2,1,4,11.382584,5.293457,260.849854,16.150146,16.150146,true,false,3
Aotizhongxin,46,B3_R2,6,4,10.292797,4.166363,259.069763,17.930237,17.930237,true,true,4
Aotizhongxin,46,B3_R2,12,4,27.215519,27.215519,234.669662,42.330338,42.330338,true,false,1
Aotizhongxin,46,B3_R2,24,4,39.097244,39.097244,208.617081,68.382919,68.382919,true,false,1
Aotizhongxin,46,GRU_R1,1,4,9.582436,-8.173225,274.18158,2.81842,2.81842,true,true,4
Aotizhongxin,46,GRU_R1,6,4,29.821262,29.821262,233.072617,43.927383,43.927383,true,false,0
Aotizhongxin,46,GRU_R1,12,4,47.684082,47.684082,222.604828,54.395172,54.395172,true,false,0
Aotizhongxin,46,GRU_R1,24,4,97.553543,97.553543,157.341293,119.658707,119.658707,true,false,0
Aotizhongxin,46,B0,1,4,16.5,8.5,260.0,17.0,17.0,true,false,3
Aotizhongxin,46,B0,6,4,51.5,51.5,205.0,72.0,72.0,true,false,0
Aotizhongxin,46,B0,12,4,83.0,83.0,196.0,81.0,81.0,true,false,0
Aotizhongxin,46,B0,24,4,106.25,106.25,159.0,118.0,118.0,true,false,0
Aotizhongxin,47,B3_R2,1,3,6.287506,3.751617,257.767029,7.232971,7.232971,true,false,2
Aotizhongxin,47,B3_R2,6,3,19.363078,19.363078,245.384064,19.615936,19.615936,true,false,1
Aotizhongxin,47,B3_R2,12,3,5.94222,4.725057,252.890976,12.109024,12.109024,true,false,2
Aotizhongxin,47,B3_R2,24,3,24.988052,24.988052,219.228836,45.771164,45.771164,true,false,0
Aotizhongxin,47,GRU_R1,1,3,10.753825,10.753825,253.514038,11.485962,11.485962,true,false,1
Aotizhongxin,47,GRU_R1,6,3,23.450373,23.450373,248.600952,16.399048,16.399048,true,false,1
Aotizhongxin,47,GRU_R1,12,3,13.132853,13.132853,254.799301,10.200699,10.200699,true,false,1
Aotizhongxin,47,GRU_R1,24,3,56.350942,56.350942,209.066498,55.933502,55.933502,true,false,0
Aotizhongxin,47,B0,1,3,10.333333,10.333333,249.0,16.0,16.0,true,false,2
Aotizhongxin,47,B0,6,3,17.666667,17.666667,241.0,24.0,24.0,true,false,0
Aotizhongxin,47,B0,12,3,8.333333,-8.333333,277.0,-12.0,12.0,false,true,3
Aotizhongxin,47,B0,24,3,81.333333,81.333333,196.0,69.0,69.0,true,false,0
Aotizhongxin,48,B3_R2,1,15,13.841339,4.201365,291.907227,7.092773,7.092773,true,false,14
Aotizhongxin,48,B3_R2,6,15,51.434727,44.3376,281.092712,17.907288,17.907288,true,true,7
Aotizhongxin,48,B3_R2,12,15,58.828252,45.199014,287.401428,11.598572,11.598572,true,true,9
Aotizhongxin,48,B3_R2,24,15,40.044549,40.044549,228.146988,70.853012,70.853012,true,false,5
Aotizhongxin,48,GRU_R1,1,15,29.281341,27.073495,287.034637,11.965363,11.965363,true,false,8
Aotizhongxin,48,GRU_R1,6,15,63.215243,63.012802,266.2995,32.7005,32.7005,true,true,9
Aotizhongxin,48,GRU_R1,12,15,73.895896,73.895896,236.735382,62.264618,62.264618,true,false,3
Aotizhongxin,48,GRU_R1,24,15,47.766857,47.766857,233.076248,65.923752,65.923752,true,false,2
Aotizhongxin,48,B0,1,15,15.266667,6.466667,295.0,4.0,4.0,true,false,14
Aotizhongxin,48,B0,6,15,56.6,49.266667,275.0,24.0,24.0,true,true,11
Aotizhongxin,48,B0,12,15,66.666667,66.0,229.0,70.0,70.0,true,false,6
Aotizhongxin,48,B0,24,15,40.466667,40.466667,261.0,38.0,38.0,true,false,4
Changping,1,B3_R2,1,31,14.110572,6.327108,369.593781,22.406219,22.406219,true,true,31
Changping,1,B3_R2,6,31,60.280771,59.794444,288.804535,103.195465,103.195465,true,false,23
Changping,1,B3_R2,12,31,119.567334,119.567334,196.746719,195.253281,195.253281,true,false,0
Changping,1,B3_R2,24,31,218.825886,218.825886,84.842339,307.157661,307.157661,true,false,0
Changping,1,GRU_R1,1,31,34.038827,34.038827,324.653687,67.346313,67.346313,true,false,28
Changping,1,GRU_R1,6,31,71.827618,71.827618,276.695923,115.304077,115.304077,true,false,15
Changping,1,GRU_R1,12,31,115.649243,115.649243,226.282501,165.717499,165.717499,true,false,4
Changping,1,GRU_R1,24,31,167.199176,167.199176,237.941391,154.058609,154.058609,true,false,1
Changping,1,B0,1,31,13.451613,4.612903,370.0,22.0,22.0,true,false,30
Changping,1,B0,6,31,36.806452,31.903226,321.0,71.0,71.0,true,false,25
Changping,1,B0,12,31,66.870968,65.83871,304.0,88.0,88.0,true,false,19
Changping,1,B0,24,31,134.774194,134.774194,273.0,119.0,119.0,true,false,7
Changping,2,B3_R2,1,5,6.030771,-2.746127,243.495926,7.504074,7.504074,true,true,4
Changping,2,B3_R2,6,5,35.336188,35.336188,236.95929,14.04071,14.04071,true,false,0
Changping,2,B3_R2,12,5,78.293503,78.293503,173.35025,77.64975,77.64975,true,false,0
Changping,2,B3_R2,24,5,170.779099,170.779099,76.012657,174.987343,174.987343,true,false,0
Changping,2,GRU_R1,1,5,5.195413,-2.778293,248.49379,2.50621,2.50621,true,false,4
Changping,2,GRU_R1,6,5,37.888373,37.888373,215.06102,35.93898,35.93898,true,false,0
Changping,2,GRU_R1,12,5,97.052039,97.052039,169.058472,81.941528,81.941528,true,false,0
Changping,2,GRU_R1,24,5,101.737433,101.737433,149.41864,101.58136,101.58136,true,false,0
Changping,2,B0,1,5,3.6,2.8,245.0,6.0,6.0,true,false,4
Changping,2,B0,6,5,39.8,39.8,212.0,39.0,39.0,true,false,0
Changping,2,B0,12,5,79.4,79.4,173.0,78.0,78.0,true,false,0
Changping,2,B0,24,5,96.4,96.4,160.0,91.0,91.0,true,false,0
Changping,3,B3_R2,1,2,40.891457,2.511482,249.597061,43.402939,43.402939,true,true,2
Changping,3,B3_R2,6,2,18.087646,18.087646,259.899017,33.100983,33.100983,true,true,2
Changping,3,B3_R2,12,2,85.310532,85.310532,177.82251,115.17749,115.17749,true,false,0
Changping,3,B3_R2,24,2,189.341835,189.341835,82.781044,210.218956,210.218956,true,false,0
Changping,3,GRU_R1,1,2,41.242996,16.78093,234.976074,58.023926,58.023926,true,false,1
Changping,3,GRU_R1,6,2,30.318634,30.318634,245.052338,47.947662,47.947662,true,true,1
Changping,3,GRU_R1,12,2,74.276039,74.276039,191.066193,101.933807,101.933807,true,false,0
Changping,3,GRU_R1,24,2,131.463974,131.463974,136.061768,156.938232,156.938232,true,false,0
Changping,3,B0,1,2,44.0,5.0,244.0,49.0,49.0,true,false,1
Changping,3,B0,6,2,26.5,26.5,247.0,46.0,46.0,true,true,2
Changping,3,B0,12,2,72.5,72.5,191.0,102.0,102.0,true,false,0
Changping,3,B0,24,2,102.0,102.0,175.0,118.0,118.0,true,false,0
Changping,4,B3_R2,1,2,7.017464,2.231667,259.785797,-4.785797,4.785797,false,true,2
Changping,4,B3_R2,6,2,13.454605,13.454605,236.759735,18.240265,18.240265,true,true,1
Changping,4,B3_R2,12,2,24.616074,24.616074,231.539047,23.460953,23.460953,true,false,0
Changping,4,B3_R2,24,2,189.245605,189.245605,68.873657,186.126343,186.126343,true,false,0
Changping,4,GRU_R1,1,2,30.783348,30.783348,226.39325,28.60675,28.60675,true,false,0
Changping,4,GRU_R1,6,2,26.21051,26.21051,214.664062,40.335938,40.335938,true,false,0
Changping,4,GRU_R1,12,2,42.134232,42.134232,218.894089,36.105911,36.105911,true,false,0
Changping,4,GRU_R1,24,2,133.521378,133.521378,116.061737,138.938263,138.938263,true,false,0
Changping,4,B0,1,2,6.0,6.0,254.0,1.0,1.0,true,false,1
Changping,4,B0,6,2,7.0,7.0,244.0,11.0,11.0,true,true,1
Changping,4,B0,12,2,26.0,26.0,237.0,18.0,18.0,true,false,0
Changping,4,B0,24,2,107.0,107.0,146.0,109.0,109.0,true,false,0
Changping,5,B3_R2,1,1,12.907166,12.907166,244.092834,12.907166,12.907166,true,true,1
Changping,5,B3_R2,6,1,12.652405,12.652405,244.347595,12.652405,12.652405,true,true,1
Changping,5,B3_R2,12,1,28.603561,28.603561,228.396439,28.603561,28.603561,true,false,0
Changping,5,B3_R2,24,1,171.781235,171.781235,85.218765,171.781235,171.781235,true,false,0
Changping,5,GRU_R1,1,1,20.263275,20.263275,236.736725,20.263275,20.263275,true,false,0
Changping,5,GRU_R1,6,1,58.516998,58.516998,198.483002,58.516998,58.516998,true,false,0
Changping,5,GRU_R1,12,1,37.052261,37.052261,219.947739,37.052261,37.052261,true,false,0
Changping,5,GRU_R1,24,1,99.711243,99.711243,157.288757,99.711243,99.711243,true,false,0
Changping,5,B0,1,1,20.0,20.0,237.0,20.0,20.0,true,false,0
Changping,5,B0,6,1,14.0,14.0,243.0,14.0,14.0,true,false,0
Changping,5,B0,12,1,6.0,6.0,251.0,6.0,6.0,true,true,1
Changping,5,B0,24,1,84.0,84.0,173.0,84.0,84.0,true,false,0
Changping,6,B3_R2,1,19,7.24843,-0.688582,280.802612,9.197388,9.197388,true,false,18
Changping,6,B3_R2,6,19,11.044484,2.391525,277.807526,12.192474,12.192474,true,true,18
Changping,6,B3_R2,12,19,58.384187,58.384187,204.690247,85.309753,85.309753,true,false,0
Changping,6,B3_R2,24,19,157.181599,157.181599,118.677498,171.322502,171.322502,true,false,0
Changping,6,GRU_R1,1,19,28.76299,28.567671,266.008545,23.991455,23.991455,true,false,10
Changping,6,GRU_R1,6,19,38.195034,38.195034,244.062561,45.937439,45.937439,true,false,6
Changping,6,GRU_R1,12,19,57.87606,57.87606,216.126038,73.873962,73.873962,true,false,0
Changping,6,GRU_R1,24,19,63.952972,63.952972,219.650299,70.349701,70.349701,true,false,1
Changping,6,B0,1,19,7.631579,0.684211,272.0,18.0,18.0,true,false,18
Changping,6,B0,6,19,21.473684,6.0,268.0,22.0,22.0,true,false,14
Changping,6,B0,12,19,28.684211,16.368421,237.0,53.0,53.0,true,true,11
Changping,6,B0,24,19,30.684211,28.368421,245.0,45.0,45.0,true,false,9
Changping,7,B3_R2,1,2,18.416016,18.416016,242.403244,18.596756,18.596756,true,false,0
Changping,7,B3_R2,6,2,101.599342,101.599342,162.004242,98.995758,98.995758,true,false,0
Changping,7,B3_R2,12,2,168.755192,168.755192,88.449753,172.550247,172.550247,true,false,0
Changping,7,B3_R2,24,2,214.864315,214.864315,40.272884,220.727116,220.727116,true,false,0
Changping,7,GRU_R1,1,2,65.313225,65.313225,192.685883,68.314117,68.314117,true,false,0
Changping,7,GRU_R1,6,2,92.4384,92.4384,166.341522,94.658478,94.658478,true,false,0
Changping,7,GRU_R1,12,2,93.157104,93.157104,160.752838,100.247162,100.247162,true,false,0
Changping,7,GRU_R1,24,2,164.560722,164.560722,86.665268,174.334732,174.334732,true,false,0
Changping,7,B0,1,2,18.5,18.5,246.0,15.0,15.0,true,false,1
Changping,7,B0,6,2,50.5,50.5,211.0,50.0,50.0,true,false,0
Changping,7,B0,12,2,46.5,46.5,207.0,54.0,54.0,true,false,0
Changping,7,B0,24,2,133.0,133.0,122.0,139.0,139.0,true,false,0
Changping,8,B3_R2,1,2,77.611824,77.611824,175.047302,114.952698,114.952698,true,false,0
Changping,8,B3_R2,6,2,201.792908,201.792908,62.673897,227.326103,227.326103,true,false,0
Changping,8,B3_R2,12,2,198.74831,198.74831,74.110992,215.889008,215.889008,true,false,0
Changping,8,B3_R2,24,2,209.493988,209.493988,62.658756,227.341244,227.341244,true,false,0
Changping,8,GRU_R1,1,2,174.855042,174.855042,82.095551,207.904449,207.904449,true,false,0
Changping,8,GRU_R1,6,2,197.067646,197.067646,68.219818,221.780182,221.780182,true,false,0
Changping,8,GRU_R1,12,2,202.518425,202.518425,72.754608,217.245392,217.245392,true,false,0
Changping,8,GRU_R1,24,2,211.209875,211.209875,65.742653,224.257347,224.257347,true,false,0
Changping,8,B0,1,2,61.5,21.5,207.0,83.0,83.0,true,false,1
Changping,8,B0,6,2,206.0,206.0,61.0,229.0,229.0,true,false,0
Changping,8,B0,12,2,213.0,213.0,57.0,233.0,233.0,true,false,0
Changping,8,B0,24,2,207.5,207.5,78.0,212.0,212.0,true,false,0
Changping,9,B3_R2,1,14,16.209152,0.916037,384.955536,-4.955536,4.955536,false,false,13
Changping,9,B3_R2,6,14,82.856825,66.631356,259.281097,120.718903,120.718903,true,false,8
Changping,9,B3_R2,12,14,136.450167,136.450167,153.576309,226.423691,226.423691,true,false,0
Changping,9,B3_R2,24,14,183.668424,183.668424,145.361313,234.638687,234.638687,true,false,0
Changping,9,GRU_R1,1,14,51.858819,50.296659,310.16272,69.83728,69.83728,true,false,8
Changping,9,GRU_R1,6,14,124.899125,115.733998,210.66748,169.33252,169.33252,true,false,3
Changping,9,GRU_R1,12,14,180.841088,180.841088,109.275543,270.724457,270.724457,true,false,0
Changping,9,GRU_R1,24,14,198.616738,198.616738,110.782036,269.217964,269.217964,true,false,0
Changping,9,B0,1,14,20.214286,1.642857,377.0,3.0,3.0,true,false,13
Changping,9,B0,6,14,91.428571,56.428571,284.0,96.0,96.0,true,false,8
Changping,9,B0,12,14,125.214286,123.785714,160.0,220.0,220.0,true,false,2
Changping,9,B0,24,14,162.214286,162.214286,150.0,230.0,230.0,true,false,0
Changping,10,B3_R2,1,1,18.022461,18.022461,233.977539,18.022461,18.022461,true,false,0
Changping,10,B3_R2,6,1,83.404129,83.404129,168.595871,83.404129,83.404129,true,false,0
Changping,10,B3_R2,12,1,61.64296,61.64296,190.35704,61.64296,61.64296,true,false,0
Changping,10,B3_R2,24,1,147.396301,147.396301,104.603699,147.396301,147.396301,true,false,0
Changping,10,GRU_R1,1,1,28.207397,28.207397,223.792603,28.207397,28.207397,true,false,0
Changping,10,GRU_R1,6,1,110.547043,110.547043,141.452957,110.547043,110.547043,true,false,0
Changping,10,GRU_R1,12,1,58.844818,58.844818,193.155182,58.844818,58.844818,true,false,0
Changping,10,GRU_R1,24,1,46.414612,46.414612,205.585388,46.414612,46.414612,true,false,0
Changping,10,B0,1,1,19.0,19.0,233.0,19.0,19.0,true,false,0
Changping,10,B0,6,1,106.0,106.0,146.0,106.0,106.0,true,false,0
Changping,10,B0,12,1,30.0,30.0,222.0,30.0,30.0,true,false,0
Changping,10,B0,24,1,36.0,-36.0,288.0,-36.0,36.0,false,true,1
Changping,11,B3_R2,1,4,23.835148,8.331409,250.795624,31.204376,31.204376,true,false,3
Changping,11,B3_R2,6,4,74.260715,74.260715,188.97731,93.02269,93.02269,true,false,0
Changping,11,B3_R2,12,4,123.607586,123.607586,149.522568,132.477432,132.477432,true,false,0
Changping,11,B3_R2,24,4,190.122242,190.122242,75.104759,206.895241,206.895241,true,false,0
Changping,11,GRU_R1,1,4,68.69363,68.69363,190.265472,91.734528,91.734528,true,false,0
Changping,11,GRU_R1,6,4,111.712379,111.712379,155.629089,126.370911,126.370911,true,false,0
Changping,11,GRU_R1,12,4,130.790277,130.790277,134.761002,147.238998,147.238998,true,false,0
Changping,11,GRU_R1,24,4,137.469372,137.469372,125.131737,156.868263,156.868263,true,false,0
Changping,11,B0,1,4,21.25,11.25,246.0,36.0,36.0,true,false,3
Changping,11,B0,6,4,75.25,75.25,189.0,93.0,93.0,true,false,0
Changping,11,B0,12,4,136.25,136.25,126.0,156.0,156.0,true,false,0
Changping,11,B0,24,4,120.75,120.75,141.0,141.0,141.0,true,false,0
Changping,12,B3_R2,1,3,9.433894,9.433894,232.728134,22.271866,22.271866,true,false,2
Changping,12,B3_R2,6,3,51.183375,51.183375,220.754929,34.245071,34.245071,true,false,0
Changping,12,B3_R2,12,3,81.332123,81.332123,178.264511,76.735489,76.735489,true,false,0
Changping,12,B3_R2,24,3,164.792338,164.792338,80.45372,174.54628,174.54628,true,false,0
Changping,12,GRU_R1,1,3,35.694397,35.694397,217.909576,37.090424,37.090424,true,false,0
Changping,12,GRU_R1,6,3,61.045288,61.045288,199.126617,55.873383,55.873383,true,false,0
Changping,12,GRU_R1,12,3,115.784459,115.784459,139.455414,115.544586,115.544586,true,false,0
Changping,12,GRU_R1,24,3,109.479853,109.479853,154.517944,100.482056,100.482056,true,false,0
Changping,12,B0,1,3,7.0,5.666667,236.0,19.0,19.0,true,false,2
Changping,12,B0,6,3,17.333333,12.666667,262.0,-7.0,7.0,false,true,1
Changping,12,B0,12,3,43.333333,43.333333,204.0,51.0,51.0,true,false,0
Changping,12,B0,24,3,100.666667,100.666667,161.0,94.0,94.0,true,false,0
Changping,13,B3_R2,1,3,31.369075,15.293635,265.787628,12.212372,12.212372,true,false,2
Changping,13,B3_R2,6,3,69.455358,69.455358,194.323303,83.676697,83.676697,true,false,0
Changping,13,B3_R2,12,3,159.758733,159.758733,113.488403,164.511597,164.511597,true,false,0
Changping,13,B3_R2,24,3,191.074528,191.074528,80.075539,197.924461,197.924461,true,false,0
Changping,13,GRU_R1,1,3,37.056371,37.056371,243.628571,34.371429,34.371429,true,false,1
Changping,13,GRU_R1,6,3,91.983119,91.983119,167.574219,110.425781,110.425781,true,false,0
Changping,13,GRU_R1,12,3,188.717285,188.717285,76.666443,201.333557,201.333557,true,false,0
Changping,13,GRU_R1,24,3,214.213748,214.213748,54.346924,223.653076,223.653076,true,false,0
Changping,13,B0,1,3,37.333333,20.666667,264.0,14.0,14.0,true,false,2
Changping,13,B0,6,3,90.666667,90.666667,172.0,106.0,106.0,true,false,0
Changping,13,B0,12,3,208.333333,208.333333,58.0,220.0,220.0,true,false,0
Changping,13,B0,24,3,191.333333,191.333333,87.0,191.0,191.0,true,false,0
Changping,14,B3_R2,1,9,19.344033,2.881705,268.592224,34.407776,34.407776,true,false,8
Changping,14,B3_R2,6,9,94.072898,93.784988,254.608932,48.391068,48.391068,true,false,2
Changping,14,B3_R2,12,9,172.138574,172.138574,97.364487,205.635513,205.635513,true,false,0
Changping,14,B3_R2,24,9,218.520084,218.520084,79.478302,223.521698,223.521698,true,false,0
Changping,14,GRU_R1,1,9,26.937064,22.561969,273.945953,29.054047,29.054047,true,false,8
Changping,14,GRU_R1,6,9,98.718269,98.718269,253.551636,49.448364,49.448364,true,false,2
Changping,14,GRU_R1,12,9,149.619791,149.619791,138.127747,164.872253,164.872253,true,false,0
Changping,14,GRU_R1,24,9,131.098268,131.098268,166.143341,136.856659,136.856659,true,false,0
Changping,14,B0,1,9,20.222222,5.555556,266.0,37.0,37.0,true,false,8
Changping,14,B0,6,9,82.888889,76.0,290.0,13.0,13.0,true,false,3
Changping,14,B0,12,9,108.333333,108.333333,164.0,139.0,139.0,true,false,0
Changping,14,B0,24,9,108.555556,108.555556,191.0,112.0,112.0,true,false,1
Changping,15,B3_R2,1,1,37.288971,37.288971,218.711029,37.288971,37.288971,true,false,0
Changping,15,B3_R2,6,1,134.680267,134.680267,121.319733,134.680267,134.680267,true,false,0
Changping,15,B3_R2,12,1,196.21291,196.21291,59.78709,196.21291,196.21291,true,false,0
Changping,15,B3_R2,24,1,175.037865,175.037865,80.962135,175.037865,175.037865,true,false,0
Changping,15,GRU_R1,1,1,59.307617,59.307617,196.692383,59.307617,59.307617,true,false,0
Changping,15,GRU_R1,6,1,123.706741,123.706741,132.293259,123.706741,123.706741,true,false,0
Changping,15,GRU_R1,12,1,127.309753,127.309753,128.690247,127.309753,127.309753,true,false,0
Changping,15,GRU_R1,24,1,42.57959,42.57959,213.42041,42.57959,42.57959,true,false,0
Changping,15,B0,1,1,30.0,30.0,226.0,30.0,30.0,true,false,0
Changping,15,B0,6,1,118.0,118.0,138.0,118.0,118.0,true,false,0
Changping,15,B0,12,1,114.0,114.0,142.0,114.0,114.0,true,false,0
Changping,15,B0,24,1,13.0,-13.0,269.0,-13.0,13.0,false,true,1
Changping,16,B3_R2,1,1,13.664032,13.664032,236.335968,13.664032,13.664032,true,false,0
Changping,16,B3_R2,6,1,45.838333,45.838333,204.161667,45.838333,45.838333,true,false,0
Changping,16,B3_R2,12,1,121.326157,121.326157,128.673843,121.326157,121.326157,true,false,0
Changping,16,B3_R2,24,1,158.845551,158.845551,91.154449,158.845551,158.845551,true,false,0
Changping,16,GRU_R1,1,1,16.821121,16.821121,233.178879,16.821121,16.821121,true,false,0
Changping,16,GRU_R1,6,1,39.782959,39.782959,210.217041,39.782959,39.782959,true,false,0
Changping,16,GRU_R1,12,1,113.78833,113.78833,136.21167,113.78833,113.78833,true,false,0
Changping,16,GRU_R1,24,1,156.676628,156.676628,93.323372,156.676628,156.676628,true,false,0
Changping,16,B0,1,1,15.0,15.0,235.0,15.0,15.0,true,false,0
Changping,16,B0,6,1,54.0,54.0,196.0,54.0,54.0,true,false,0
Changping,16,B0,12,1,151.0,151.0,99.0,151.0,151.0,true,false,0
Changping,16,B0,24,1,199.0,199.0,51.0,199.0,199.0,true,false,0
Changping,17,B3_R2,1,1,28.876099,28.876099,244.123901,28.876099,28.876099,true,true,1
Changping,17,B3_R2,6,1,81.142868,81.142868,191.857132,81.142868,81.142868,true,false,0
Changping,17,B3_R2,12,1,130.167831,130.167831,142.832169,130.167831,130.167831,true,false,0
Changping,17,B3_R2,24,1,171.62941,171.62941,101.37059,171.62941,171.62941,true,false,0
Changping,17,GRU_R1,1,1,35.203857,35.203857,237.796143,35.203857,35.203857,true,false,0
Changping,17,GRU_R1,6,1,72.224426,72.224426,200.775574,72.224426,72.224426,true,false,0
Changping,17,GRU_R1,12,1,107.293747,107.293747,165.706253,107.293747,107.293747,true,false,0
Changping,17,GRU_R1,24,1,175.967056,175.967056,97.032944,175.967056,175.967056,true,false,0
Changping,17,B0,1,1,30.0,30.0,243.0,30.0,30.0,true,false,0
Changping,17,B0,6,1,82.0,82.0,191.0,82.0,82.0,true,false,0
Changping,17,B0,12,1,149.0,149.0,124.0,149.0,149.0,true,false,0
Changping,17,B0,24,1,207.0,207.0,66.0,207.0,207.0,true,false,0
Changping,18,B3_R2,1,1,4.664749,-4.664749,252.664749,-4.664749,4.664749,false,true,1
Changping,18,B3_R2,6,1,38.451447,38.451447,209.548553,38.451447,38.451447,true,false,0
Changping,18,B3_R2,12,1,142.887054,142.887054,105.112946,142.887054,142.887054,true,false,0
Changping,18,B3_R2,24,1,167.165688,167.165688,80.834312,167.165688,167.165688,true,false,0
Changping,18,GRU_R1,1,1,1.861557,1.861557,246.138443,1.861557,1.861557,true,true,1
Changping,18,GRU_R1,6,1,36.671631,36.671631,211.328369,36.671631,36.671631,true,false,0
Changping,18,GRU_R1,12,1,84.93222,84.93222,163.06778,84.93222,84.93222,true,false,0
Changping,18,GRU_R1,24,1,92.534683,92.534683,155.465317,92.534683,92.534683,true,false,0
Changping,18,B0,1,1,6.0,6.0,242.0,6.0,6.0,true,false,0
Changping,18,B0,6,1,28.0,28.0,220.0,28.0,28.0,true,false,0
Changping,18,B0,12,1,35.0,35.0,213.0,35.0,35.0,true,false,0
Changping,18,B0,24,1,109.0,109.0,139.0,109.0,109.0,true,false,0
Changping,19,B3_R2,1,1,33.724991,33.724991,215.275009,33.724991,33.724991,true,false,0
Changping,19,B3_R2,6,1,55.852249,55.852249,193.147751,55.852249,55.852249,true,false,0
Changping,19,B3_R2,12,1,124.868538,124.868538,124.131462,124.868538,124.868538,true,false,0
Changping,19,B3_R2,24,1,235.412845,235.412845,13.587155,235.412845,235.412845,true,false,0
Changping,19,GRU_R1,1,1,72.133957,72.133957,176.866043,72.133957,72.133957,true,false,0
Changping,19,GRU_R1,6,1,83.521286,83.521286,165.478714,83.521286,83.521286,true,false,0
Changping,19,GRU_R1,12,1,103.38739,103.38739,145.61261,103.38739,103.38739,true,false,0
Changping,19,GRU_R1,24,1,103.755737,103.755737,145.244263,103.755737,103.755737,true,false,0
Changping,19,B0,1,1,35.0,35.0,214.0,35.0,35.0,true,false,0
Changping,19,B0,6,1,69.0,69.0,180.0,69.0,69.0,true,false,0
Changping,19,B0,12,1,93.0,93.0,156.0,93.0,93.0,true,false,0
Changping,19,B0,24,1,91.0,91.0,158.0,91.0,91.0,true,false,0
Changping,20,B3_R2,1,1,10.060425,10.060425,246.939575,10.060425,10.060425,true,true,1
Changping,20,B3_R2,6,1,139.03183,139.03183,117.96817,139.03183,139.03183,true,false,0
Changping,20,B3_R2,12,1,161.553322,161.553322,95.446678,161.553322,161.553322,true,false,0
Changping,20,B3_R2,24,1,183.446213,183.446213,73.553787,183.446213,183.446213,true,false,0
Changping,20,GRU_R1,1,1,45.560791,45.560791,211.439209,45.560791,45.560791,true,false,0
Changping,20,GRU_R1,6,1,119.768036,119.768036,137.231964,119.768036,119.768036,true,false,0
Changping,20,GRU_R1,12,1,159.030716,159.030716,97.969284,159.030716,159.030716,true,false,0
Changping,20,GRU_R1,24,1,128.067459,128.067459,128.932541,128.067459,128.067459,true,false,0
Changping,20,B0,1,1,26.0,26.0,231.0,26.0,26.0,true,false,0
Changping,20,B0,6,1,104.0,104.0,153.0,104.0,104.0,true,false,0
Changping,20,B0,12,1,131.0,131.0,126.0,131.0,131.0,true,false,0
Changping,20,B0,24,1,103.0,103.0,154.0,103.0,103.0,true,false,0
Changping,21,B3_R2,1,1,72.370819,72.370819,196.629181,72.370819,72.370819,true,false,0
Changping,21,B3_R2,6,1,68.244827,68.244827,200.755173,68.244827,68.244827,true,false,0
Changping,21,B3_R2,12,1,87.588928,87.588928,181.411072,87.588928,87.588928,true,false,0
Changping,21,B3_R2,24,1,159.53051,159.53051,109.46949,159.53051,159.53051,true,false,0
Changping,21,GRU_R1,1,1,98.018402,98.018402,170.981598,98.018402,98.018402,true,false,0
Changping,21,GRU_R1,6,1,103.620148,103.620148,165.379852,103.620148,103.620148,true,false,0
Changping,21,GRU_R1,12,1,90.241852,90.241852,178.758148,90.241852,90.241852,true,false,0
Changping,21,GRU_R1,24,1,164.357086,164.357086,104.642914,164.357086,164.357086,true,false,0
Changping,21,B0,1,1,74.0,74.0,195.0,74.0,74.0,true,false,0
Changping,21,B0,6,1,111.0,111.0,158.0,111.0,111.0,true,false,0
Changping,21,B0,12,1,40.0,40.0,229.0,40.0,40.0,true,false,0
Changping,21,B0,24,1,189.0,189.0,80.0,189.0,189.0,true,false,0
Changping,22,B3_R2,1,1,29.555664,29.555664,216.444336,29.555664,29.555664,true,false,0
Changping,22,B3_R2,6,1,48.0905,48.0905,197.9095,48.0905,48.0905,true,false,0
Changping,22,B3_R2,12,1,84.803131,84.803131,161.196869,84.803131,84.803131,true,false,0
Changping,22,B3_R2,24,1,163.376869,163.376869,82.623131,163.376869,163.376869,true,false,0
Changping,22,GRU_R1,1,1,66.161087,66.161087,179.838913,66.161087,66.161087,true,false,0
Changping,22,GRU_R1,6,1,86.359863,86.359863,159.640137,86.359863,86.359863,true,false,0
Changping,22,GRU_R1,12,1,116.935196,116.935196,129.064804,116.935196,116.935196,true,false,0
Changping,22,GRU_R1,24,1,150.118057,150.118057,95.881943,150.118057,150.118057,true,false,0
Changping,22,B0,1,1,31.0,31.0,215.0,31.0,31.0,true,false,0
Changping,22,B0,6,1,85.0,85.0,161.0,85.0,85.0,true,false,0
Changping,22,B0,12,1,127.0,127.0,119.0,127.0,127.0,true,false,0
Changping,22,B0,24,1,171.0,171.0,75.0,171.0,171.0,true,false,0
Changping,23,B3_R2,1,2,9.124069,1.262741,238.61319,10.38681,10.38681,true,false,1
Changping,23,B3_R2,6,2,64.062935,64.062935,183.379196,65.620804,65.620804,true,false,0
Changping,23,B3_R2,12,2,167.867268,167.867268,82.212341,166.787659,166.787659,true,false,0
Changping,23,B3_R2,24,2,216.509105,216.509105,35.692593,213.307407,213.307407,true,false,0
Changping,23,GRU_R1,1,2,19.288284,19.288284,217.799164,31.200836,31.200836,true,false,0
Changping,23,GRU_R1,6,2,58.118973,58.118973,197.701614,51.298386,51.298386,true,false,0
Changping,23,GRU_R1,12,2,99.731834,99.731834,158.581436,90.418564,90.418564,true,false,0
Changping,23,GRU_R1,24,2,114.095978,114.095978,125.174118,123.825882,123.825882,true,false,0
Changping,23,B0,1,2,8.0,8.0,233.0,16.0,16.0,true,false,1
Changping,23,B0,6,2,33.0,33.0,223.0,26.0,26.0,true,false,0
Changping,23,B0,12,2,23.5,23.5,235.0,14.0,14.0,true,false,0
Changping,23,B0,24,2,108.5,108.5,129.0,120.0,120.0,true,false,0
Changping,24,B3_R2,1,7,7.519839,6.985772,292.524414,4.475586,4.475586,true,false,6
Changping,24,B3_R2,6,7,45.704442,45.704442,243.314499,53.685501,53.685501,true,false,3
Changping,24,B3_R2,12,7,161.274478,161.274478,121.813431,175.186569,175.186569,true,false,0
Changping,24,B3_R2,24,7,236.402093,236.402093,46.546894,250.453106,250.453106,true,false,0
Changping,24,GRU_R1,1,7,24.080671,24.080671,259.822754,37.177246,37.177246,true,false,4
Changping,24,GRU_R1,6,7,58.844389,58.844389,232.412445,64.587555,64.587555,true,false,0
Changping,24,GRU_R1,12,7,98.230355,98.230355,194.687775,102.312225,102.312225,true,false,0
Changping,24,GRU_R1,24,7,126.655964,126.655964,157.408371,139.591629,139.591629,true,false,0
Changping,24,B0,1,7,10.0,6.857143,289.0,8.0,8.0,true,false,6
Changping,24,B0,6,7,42.714286,42.714286,249.0,48.0,48.0,true,false,3
Changping,24,B0,12,7,65.571429,65.571429,223.0,74.0,74.0,true,false,0
Changping,24,B0,24,7,70.428571,70.428571,228.0,69.0,69.0,true,false,1
Changping,25,B3_R2,1,1,5.653412,5.653412,244.346588,5.653412,5.653412,true,true,1
Changping,25,B3_R2,6,1,14.670746,14.670746,235.329254,14.670746,14.670746,true,false,0
Changping,25,B3_R2,12,1,119.635284,119.635284,130.364716,119.635284,119.635284,true,false,0
Changping,25,B3_R2,24,1,194.401485,194.401485,55.598515,194.401485,194.401485,true,false,0
Changping,25,GRU_R1,1,1,19.643875,19.643875,230.356125,19.643875,19.643875,true,false,0
Changping,25,GRU_R1,6,1,25.12265,25.12265,224.87735,25.12265,25.12265,true,false,0
Changping,25,GRU_R1,12,1,78.922943,78.922943,171.077057,78.922943,78.922943,true,false,0
Changping,25,GRU_R1,24,1,129.363518,129.363518,120.636482,129.363518,129.363518,true,false,0
Changping,25,B0,1,1,17.0,17.0,233.0,17.0,17.0,true,false,0
Changping,25,B0,6,1,15.0,15.0,235.0,15.0,15.0,true,false,0
Changping,25,B0,12,1,23.0,23.0,227.0,23.0,23.0,true,false,0
Changping,25,B0,24,1,108.0,108.0,142.0,108.0,108.0,true,false,0
Changping,26,B3_R2,1,48,34.642129,13.505979,511.062775,84.937225,84.937225,true,false,47
Changping,26,B3_R2,6,48,124.72789,122.172158,288.061615,307.938385,307.938385,true,false,40
Changping,26,B3_R2,12,48,275.478475,275.478475,115.950012,480.049988,480.049988,true,false,0
Changping,26,B3_R2,24,48,365.638631,365.638631,29.451784,566.548216,566.548216,true,false,0
Changping,26,GRU_R1,1,48,84.277744,81.959045,362.156494,233.843506,233.843506,true,false,47
Changping,26,GRU_R1,6,48,121.377847,115.747018,264.294189,331.705811,331.705811,true,false,41
Changping,26,GRU_R1,12,48,146.182845,143.510285,274.779663,321.220337,321.220337,true,false,35
Changping,26,GRU_R1,24,48,186.052678,185.901,311.503784,284.496216,284.496216,true,false,23
Changping,26,B0,1,48,33.770833,1.395833,576.0,20.0,20.0,true,false,47
Changping,26,B0,6,48,105.541667,26.875,338.0,258.0,258.0,true,false,42
Changping,26,B0,12,48,118.791667,54.833333,364.0,232.0,232.0,true,false,36
Changping,26,B0,24,48,143.229167,116.604167,422.0,174.0,174.0,true,false,24
Changping,27,B3_R2,1,10,13.603151,0.360793,303.009949,-3.009949,3.009949,false,false,9
Changping,27,B3_R2,6,10,111.233646,106.796054,173.825195,126.174805,126.174805,true,false,1
Changping,27,B3_R2,12,10,192.12105,192.12105,75.880844,224.119156,224.119156,true,false,0
Changping,27,B3_R2,24,10,238.120979,238.120979,28.63485,271.36515,271.36515,true,false,0
Changping,27,GRU_R1,1,10,33.913039,33.913039,270.659851,29.340149,29.340149,true,false,6
Changping,27,GRU_R1,6,10,102.815338,102.815338,190.498444,109.501556,109.501556,true,false,2
Changping,27,GRU_R1,12,10,175.459126,175.459126,103.429428,196.570572,196.570572,true,false,0
Changping,27,GRU_R1,24,10,144.581378,144.581378,133.73674,166.26326,166.26326,true,false,0
Changping,27,B0,1,10,13.6,4.6,295.0,5.0,5.0,true,false,9
Changping,27,B0,6,10,90.0,84.8,213.0,87.0,87.0,true,false,4
Changping,27,B0,12,10,160.2,160.2,116.0,184.0,184.0,true,false,0
Changping,27,B0,24,10,144.6,144.6,120.0,180.0,180.0,true,false,0
Changping,28,B3_R2,1,26,45.55322,28.612554,508.03772,153.96228,153.96228,true,false,25
Changping,28,B3_R2,6,26,186.156184,186.156184,261.05014,400.94986,400.94986,true,false,19
Changping,28,B3_R2,12,26,275.032868,275.032868,108.127647,553.872353,553.872353,true,false,1
Changping,28,B3_R2,24,26,399.08223,399.08223,34.938347,627.061653,627.061653,true,false,0
Changping,28,GRU_R1,1,26,119.433452,119.433452,366.089813,295.910187,295.910187,true,false,25
Changping,28,GRU_R1,6,26,170.62173,168.69809,330.927917,331.072083,331.072083,true,false,19
Changping,28,GRU_R1,12,26,198.983591,198.983591,161.593613,500.406387,500.406387,true,false,15
Changping,28,GRU_R1,24,26,281.405815,281.405815,216.538208,445.461792,445.461792,true,false,2
Changping,28,B0,1,26,43.653846,7.807692,560.0,102.0,102.0,true,false,25
Changping,28,B0,6,26,133.884615,59.115385,469.0,193.0,193.0,true,true,21
Changping,28,B0,12,26,130.576923,92.269231,214.0,448.0,448.0,true,true,21
Changping,28,B0,24,26,235.615385,235.615385,261.0,401.0,401.0,true,false,12
Changping,29,B3_R2,1,1,103.84523,103.84523,176.15477,103.84523,103.84523,true,false,0
Changping,29,B3_R2,6,1,98.812653,98.812653,181.187347,98.812653,98.812653,true,false,0
Changping,29,B3_R2,12,1,182.276138,182.276138,97.723862,182.276138,182.276138,true,false,0
Changping,29,B3_R2,24,1,207.306931,207.306931,72.693069,207.306931,207.306931,true,false,0
Changping,29,GRU_R1,1,1,98.592682,98.592682,181.407318,98.592682,98.592682,true,false,0
Changping,29,GRU_R1,6,1,115.427917,115.427917,164.572083,115.427917,115.427917,true,false,0
Changping,29,GRU_R1,12,1,213.646172,213.646172,66.353828,213.646172,213.646172,true,false,0
Changping,29,GRU_R1,24,1,44.230835,-44.230835,324.230835,-44.230835,44.230835,false,true,1
Changping,29,B0,1,1,97.0,97.0,183.0,97.0,97.0,true,false,0
Changping,29,B0,6,1,94.0,94.0,186.0,94.0,94.0,true,false,0
Changping,29,B0,12,1,257.0,257.0,23.0,257.0,257.0,true,false,0
Changping,29,B0,24,1,211.0,-211.0,491.0,-211.0,211.0,false,true,1
Changping,30,B3_R2,1,3,20.175074,16.736089,214.837448,51.162552,51.162552,true,false,2
Changping,30,B3_R2,6,3,133.153048,133.153048,111.168015,154.831985,154.831985,true,false,0
Changping,30,B3_R2,12,3,130.969577,130.969577,117.757431,148.242569,148.242569,true,false,0
Changping,30,B3_R2,24,3,129.292547,129.292547,120.981979,145.018021,145.018021,true,false,0
Changping,30,GRU_R1,1,3,30.233205,30.233205,197.417175,68.582825,68.582825,true,false,0
Changping,30,GRU_R1,6,3,139.642784,139.642784,95.202522,170.797478,170.797478,true,false,0
Changping,30,GRU_R1,12,3,92.428838,92.428838,148.958008,117.041992,117.041992,true,false,0
Changping,30,GRU_R1,24,3,202.96354,202.96354,43.56728,222.43272,222.43272,true,false,0
Changping,30,B0,1,3,25.666667,14.333333,206.0,60.0,60.0,true,false,2
Changping,30,B0,6,3,115.666667,115.666667,137.0,129.0,129.0,true,false,0
Changping,30,B0,12,3,53.333333,32.666667,203.0,63.0,63.0,true,false,1
Changping,30,B0,24,3,237.333333,237.333333,15.0,251.0,251.0,true,false,0
Changping,31,B3_R2,1,7,66.583989,21.691995,403.84903,12.15097,12.15097,true,false,6
Changping,31,B3_R2,6,7,133.195251,133.195251,210.341354,205.658646,205.658646,true,false,1
Changping,31,B3_R2,12,7,157.430496,157.430496,203.350464,212.649536,212.649536,true,false,0
Changping,31,B3_R2,24,7,188.373858,188.373858,178.658234,237.341766,237.341766,true,false,0
Changping,31,GRU_R1,1,7,67.667951,60.716204,333.540649,82.459351,82.459351,true,false,6
Changping,31,GRU_R1,6,7,147.742028,147.742028,197.751846,218.248154,218.248154,true,false,1
Changping,31,GRU_R1,12,7,154.183485,154.183485,228.083923,187.916077,187.916077,true,false,0
Changping,31,GRU_R1,24,7,201.597714,201.597714,199.697464,216.302536,216.302536,true,false,0
Changping,31,B0,1,7,75.0,14.142857,409.0,7.0,7.0,true,false,6
Changping,31,B0,6,7,149.285714,139.0,192.0,224.0,224.0,true,false,1
Changping,31,B0,12,7,129.142857,129.142857,249.0,167.0,167.0,true,false,3
Changping,31,B0,24,7,149.428571,149.428571,280.0,136.0,136.0,true,false,1
Changping,32,B3_R2,1,14,28.329615,12.305087,223.806213,121.193787,121.193787,true,false,12
Changping,32,B3_R2,6,14,74.964043,74.902666,273.291443,71.708557,71.708557,true,false,6
Changping,32,B3_R2,12,14,140.46861,140.46861,137.3797,207.6203,207.6203,true,false,0
Changping,32,B3_R2,24,14,179.441879,179.441879,112.338509,232.661491,232.661491,true,false,0
Changping,32,GRU_R1,1,14,34.25318,33.253093,262.689758,82.310242,82.310242,true,false,9
Changping,32,GRU_R1,6,14,70.143169,70.143169,231.130371,113.869629,113.869629,true,false,4
Changping,32,GRU_R1,12,14,120.117845,120.117845,193.428543,151.571457,151.571457,true,false,0
Changping,32,GRU_R1,24,14,75.786689,69.879671,248.850723,96.149277,96.149277,true,false,6
Changping,32,B0,1,14,24.428571,2.285714,276.0,69.0,69.0,true,false,13
Changping,32,B0,6,14,69.5,52.071429,234.0,111.0,111.0,true,false,8
Changping,32,B0,12,14,105.714286,104.428571,187.0,158.0,158.0,true,false,2
Changping,32,B0,24,14,76.642857,9.642857,295.0,50.0,50.0,true,false,7
Changping,33,B3_R2,1,5,26.424374,7.663388,264.11795,15.88205,15.88205,true,false,4
Changping,33,B3_R2,6,5,45.05878,45.05878,211.204987,68.795013,68.795013,true,false,1
Changping,33,B3_R2,12,5,170.14335,170.14335,91.540604,188.459396,188.459396,true,false,0
Changping,33,B3_R2,24,5,156.086646,156.086646,101.533966,178.466034,178.466034,true,false,0
Changping,33,GRU_R1,1,5,48.903412,48.903412,237.237732,42.762268,42.762268,true,false,1
Changping,33,GRU_R1,6,5,55.137476,55.137476,203.788818,76.211182,76.211182,true,false,0
Changping,33,GRU_R1,12,5,30.824521,30.824521,245.991028,34.008972,34.008972,true,false,2
Changping,33,GRU_R1,24,5,122.89122,122.89122,140.711868,139.288132,139.288132,true,false,0
Changping,33,B0,1,5,22.4,8.0,262.0,18.0,18.0,true,false,4
Changping,33,B0,6,5,31.6,-31.6,289.0,-9.0,9.0,false,true,5
Changping,33,B0,12,5,39.0,-39.0,345.0,-65.0,65.0,false,true,5
Changping,33,B0,24,5,111.6,111.6,151.0,129.0,129.0,true,false,0
Changping,34,B3_R2,1,1,32.565353,32.565353,225.434647,32.565353,32.565353,true,false,0
Changping,34,B3_R2,6,1,0.499268,0.499268,257.500732,0.499268,0.499268,true,true,1
Changping,34,B3_R2,12,1,138.091248,138.091248,119.908752,138.091248,138.091248,true,false,0
Changping,34,B3_R2,24,1,196.882351,196.882351,61.117649,196.882351,196.882351,true,false,0
Changping,34,GRU_R1,1,1,18.982147,18.982147,239.017853,18.982147,18.982147,true,false,0
Changping,34,GRU_R1,6,1,22.800583,22.800583,235.199417,22.800583,22.800583,true,false,0
Changping,34,GRU_R1,12,1,58.234818,58.234818,199.765182,58.234818,58.234818,true,false,0
Changping,34,GRU_R1,24,1,25.403519,25.403519,232.596481,25.403519,25.403519,true,false,0
Changping,34,B0,1,1,51.0,51.0,207.0,51.0,51.0,true,false,0
Changping,34,B0,6,1,22.0,-22.0,280.0,-22.0,22.0,false,true,1
Changping,34,B0,12,1,31.0,-31.0,289.0,-31.0,31.0,false,true,1
Changping,34,B0,24,1,4.0,-4.0,262.0,-4.0,4.0,false,true,1
Changping,35,B3_R2,1,1,93.772034,93.772034,164.227966,93.772034,93.772034,true,false,0
Changping,35,B3_R2,6,1,137.658821,137.658821,120.341179,137.658821,137.658821,true,false,0
Changping,35,B3_R2,12,1,148.972977,148.972977,109.027023,148.972977,148.972977,true,false,0
Changping,35,B3_R2,24,1,219.756596,219.756596,38.243404,219.756596,219.756596,true,false,0
Changping,35,GRU_R1,1,1,91.831223,91.831223,166.168777,91.831223,91.831223,true,false,0
Changping,35,GRU_R1,6,1,124.608093,124.608093,133.391907,124.608093,124.608093,true,false,0
Changping,35,GRU_R1,12,1,96.657516,96.657516,161.342484,96.657516,96.657516,true,false,0
Changping,35,GRU_R1,24,1,54.563599,54.563599,203.436401,54.563599,54.563599,true,false,0
Changping,35,B0,1,1,100.0,100.0,158.0,100.0,100.0,true,false,0
Changping,35,B0,6,1,122.0,122.0,136.0,122.0,122.0,true,false,0
Changping,35,B0,12,1,60.0,60.0,198.0,60.0,60.0,true,false,0
Changping,35,B0,24,1,10.0,-10.0,268.0,-10.0,10.0,false,true,1
Changping,36,B3_R2,1,3,31.945475,8.866435,260.131561,36.868439,36.868439,true,false,2
Changping,36,B3_R2,6,3,99.878627,99.878627,176.794571,120.205429,120.205429,true,false,0
Changping,36,B3_R2,12,3,187.451604,187.451604,88.130501,208.869499,208.869499,true,false,0
Changping,36,B3_R2,24,3,234.127773,234.127773,43.597786,253.402214,253.402214,true,false,0
Changping,36,GRU_R1,1,3,48.092519,39.742544,214.691589,82.308411,82.308411,true,false,1
Changping,36,GRU_R1,6,3,87.310638,87.310638,180.7556,116.2444,116.2444,true,false,0
Changping,36,GRU_R1,12,3,134.580363,134.580363,132.782166,164.217834,164.217834,true,false,0
Changping,36,GRU_R1,24,3,63.14503,63.14503,201.9272,95.0728,95.0728,true,false,0
Changping,36,B0,1,3,36.333333,9.666667,253.0,44.0,44.0,true,false,2
Changping,36,B0,6,3,63.666667,63.666667,211.0,86.0,86.0,true,false,0
Changping,36,B0,12,3,85.0,85.0,185.0,112.0,112.0,true,false,0
Changping,36,B0,24,3,32.333333,29.0,235.0,62.0,62.0,true,true,1
Changping,37,B3_R2,1,1,9.63327,9.63327,237.36673,9.63327,9.63327,true,false,0
Changping,37,B3_R2,6,1,29.334244,29.334244,217.665756,29.334244,29.334244,true,false,0
Changping,37,B3_R2,12,1,49.205429,49.205429,197.794571,49.205429,49.205429,true,false,0
Changping,37,B3_R2,24,1,64.434784,64.434784,182.565216,64.434784,64.434784,true,false,0
Changping,37,GRU_R1,1,1,42.182495,42.182495,204.817505,42.182495,42.182495,true,false,0
Changping,37,GRU_R1,6,1,39.575836,39.575836,207.424164,39.575836,39.575836,true,false,0
Changping,37,GRU_R1,12,1,68.170227,68.170227,178.829773,68.170227,68.170227,true,false,0
Changping,37,GRU_R1,24,1,101.487152,101.487152,145.512848,101.487152,101.487152,true,false,0
Changping,37,B0,1,1,5.0,5.0,242.0,5.0,5.0,true,false,0
Changping,37,B0,6,1,42.0,42.0,205.0,42.0,42.0,true,false,0
Changping,37,B0,12,1,99.0,99.0,148.0,99.0,99.0,true,false,0
Changping,37,B0,24,1,91.0,91.0,156.0,91.0,91.0,true,false,0
Changping,38,B3_R2,1,3,19.751256,19.751256,301.329834,21.670166,21.670166,true,true,3
Changping,38,B3_R2,6,3,122.190486,122.190486,178.874146,144.125854,144.125854,true,false,0
Changping,38,B3_R2,12,3,179.297836,179.297836,113.961212,209.038788,209.038788,true,false,0
Changping,38,B3_R2,24,3,158.64149,158.64149,118.574463,204.425537,204.425537,true,false,0
Changping,38,GRU_R1,1,3,55.274607,55.274607,254.796982,68.203018,68.203018,true,false,2
Changping,38,GRU_R1,6,3,152.362132,152.362132,148.578796,174.421204,174.421204,true,false,0
Changping,38,GRU_R1,12,3,153.735168,153.735168,144.478455,178.521545,178.521545,true,false,0
Changping,38,GRU_R1,24,3,141.32901,141.32901,148.896606,174.103394,174.103394,true,false,0
Changping,38,B0,1,3,26.333333,26.333333,295.0,28.0,28.0,true,false,2
Changping,38,B0,6,3,87.0,87.0,204.0,119.0,119.0,true,false,0
Changping,38,B0,12,3,98.333333,98.333333,214.0,109.0,109.0,true,false,0
Changping,38,B0,24,3,128.333333,128.333333,170.0,153.0,153.0,true,false,0
Changping,39,B3_R2,1,6,108.055021,46.369433,421.334747,117.665253,117.665253,true,false,5
Changping,39,B3_R2,6,6,296.441035,296.441035,120.235794,418.764206,418.764206,true,false,0
Changping,39,B3_R2,12,6,335.845197,335.845197,81.018631,457.981369,457.981369,true,false,0
Changping,39,B3_R2,24,6,357.893515,357.893515,60.311329,478.688671,478.688671,true,false,0
Changping,39,GRU_R1,1,6,134.338923,123.719671,314.279114,224.720886,224.720886,true,false,5
Changping,39,GRU_R1,6,6,272.978096,272.978096,136.986938,402.013062,402.013062,true,false,0
Changping,39,GRU_R1,12,6,334.083473,334.083473,77.192291,461.807709,461.807709,true,false,0
Changping,39,GRU_R1,24,6,385.455224,385.455224,28.425749,510.574251,510.574251,true,false,0
Changping,39,B0,1,6,99.666667,14.333333,456.0,83.0,83.0,true,false,5
Changping,39,B0,6,6,272.0,272.0,123.0,416.0,416.0,true,false,0
Changping,39,B0,12,6,371.0,371.0,29.0,510.0,510.0,true,false,0
Changping,39,B0,24,6,404.833333,404.833333,12.0,527.0,527.0,true,false,0
Changping,40,B3_R2,1,4,37.162827,25.119644,307.552643,34.447357,34.447357,true,false,3
Changping,40,B3_R2,6,4,63.15807,63.15807,261.742798,80.257202,80.257202,true,true,3
Changping,40,B3_R2,12,4,217.044725,217.044725,97.788147,244.211853,244.211853,true,false,0
Changping,40,B3_R2,24,4,250.463511,250.463511,62.746403,279.253597,279.253597,true,false,0
Changping,40,GRU_R1,1,4,70.813026,70.813026,249.595947,92.404053,92.404053,true,false,3
Changping,40,GRU_R1,6,4,35.788319,30.203022,332.180298,9.819702,9.819702,true,true,3
Changping,40,GRU_R1,12,4,190.682129,190.682129,122.696899,219.303101,219.303101,true,false,0
Changping,40,GRU_R1,24,4,248.499233,248.499233,63.549675,278.450325,278.450325,true,false,0
Changping,40,B0,1,4,36.75,13.25,313.0,29.0,29.0,true,false,3
Changping,40,B0,6,4,118.5,-118.5,527.0,-185.0,185.0,false,true,4
Changping,40,B0,12,4,175.25,175.25,134.0,208.0,208.0,true,false,0
Changping,40,B0,24,4,298.5,298.5,14.0,328.0,328.0,true,false,0
Changping,41,B3_R2,1,4,22.694939,10.79287,287.439331,8.560669,8.560669,true,false,3
Changping,41,B3_R2,6,4,121.368279,121.368279,159.270233,136.729767,136.729767,true,false,0
Changping,41,B3_R2,12,4,170.93298,170.93298,107.336479,188.663521,188.663521,true,false,0
Changping,41,B3_R2,24,4,202.716927,202.716927,82.103828,213.896172,213.896172,true,false,0
Changping,41,GRU_R1,1,4,35.348141,28.233807,278.254211,17.745789,17.745789,true,false,2
Changping,41,GRU_R1,6,4,111.472507,111.472507,165.404114,130.595886,130.595886,true,false,0
Changping,41,GRU_R1,12,4,148.532345,148.532345,124.231674,171.768326,171.768326,true,false,0
Changping,41,GRU_R1,24,4,149.473225,149.473225,118.787704,177.212296,177.212296,true,false,0
Changping,41,B0,1,4,21.5,6.5,290.0,6.0,6.0,true,false,3
Changping,41,B0,6,4,72.0,72.0,209.0,87.0,87.0,true,false,0
Changping,41,B0,12,4,96.25,96.25,183.0,113.0,113.0,true,false,0
Changping,41,B0,24,4,132.25,132.25,143.0,153.0,153.0,true,false,0
Changping,42,B3_R2,1,4,9.241394,2.521515,245.049667,16.950333,16.950333,true,true,4
Changping,42,B3_R2,6,4,38.46357,38.46357,223.001465,38.998535,38.998535,true,false,0
Changping,42,B3_R2,12,4,45.816513,45.816513,206.95195,55.04805,55.04805,true,false,0
Changping,42,B3_R2,24,4,18.190689,16.355835,244.332581,17.667419,17.667419,true,false,2
Changping,42,GRU_R1,1,4,11.419247,1.784847,250.282425,11.717575,11.717575,true,false,3
Changping,42,GRU_R1,6,4,57.45573,57.45573,203.931274,58.068726,58.068726,true,false,0
Changping,42,GRU_R1,12,4,65.812122,65.812122,181.816711,80.183289,80.183289,true,false,0
Changping,42,GRU_R1,24,4,89.64357,89.64357,189.8255,72.1745,72.1745,true,false,0
Changping,42,B0,1,4,7.0,4.0,249.0,13.0,13.0,true,false,3
Changping,42,B0,6,4,40.5,40.5,211.0,51.0,51.0,true,false,0
Changping,42,B0,12,4,27.75,27.75,226.0,36.0,36.0,true,false,0
Changping,42,B0,24,4,92.25,92.25,188.0,74.0,74.0,true,false,0
Changping,43,B3_R2,1,10,20.458797,2.738655,286.920044,48.079956,48.079956,true,false,8
Changping,43,B3_R2,6,10,20.516394,12.812152,274.370728,60.629272,60.629272,true,true,7
Changping,43,B3_R2,12,10,18.466315,3.299976,298.911499,36.088501,36.088501,true,true,8
Changping,43,B3_R2,24,10,76.811105,76.811105,199.365158,135.634842,135.634842,true,false,0
Changping,43,GRU_R1,1,10,21.399434,19.938033,265.903748,69.096252,69.096252,true,true,7
Changping,43,GRU_R1,6,10,39.089253,38.609053,236.973999,98.026001,98.026001,true,false,2
Changping,43,GRU_R1,12,10,45.321722,45.321722,264.089478,70.910522,70.910522,true,false,2
Changping,43,GRU_R1,24,10,74.87106,74.87106,191.698547,143.301453,143.301453,true,false,0
Changping,43,B0,1,10,23.0,2.8,280.0,55.0,55.0,true,false,9
Changping,43,B0,6,10,41.6,37.0,236.0,99.0,99.0,true,false,4
Changping,43,B0,12,10,38.3,38.3,262.0,73.0,73.0,true,false,4
Changping,43,B0,24,10,47.9,47.9,226.0,109.0,109.0,true,false,0
Dingling,1,B3_R2,1,32,19.463475,13.592937,393.698059,80.301941,80.301941,true,false,31
Dingling,1,B3_R2,6,32,106.328895,106.328895,268.929077,205.070923,205.070923,true,false,26
Dingling,1,B3_R2,12,32,188.908575,188.908575,200.406158,273.593842,273.593842,true,false,0
Dingling,1,B3_R2,24,32,263.133205,263.133205,143.194702,330.805298,330.805298,true,false,0
Dingling,1,GRU_R1,1,32,69.033529,69.033529,332.519409,141.480591,141.480591,true,false,30
Dingling,1,GRU_R1,6,32,114.677839,114.677839,277.761292,196.238708,196.238708,true,false,25
Dingling,1,GRU_R1,12,32,165.067126,165.067126,243.654877,230.345123,230.345123,true,false,17
Dingling,1,GRU_R1,24,32,231.028439,231.028439,141.860413,332.139587,332.139587,true,false,6
Dingling,1,B0,1,32,17.9375,6.0625,416.0,58.0,58.0,true,false,31
Dingling,1,B0,6,32,54.6875,46.8125,370.0,104.0,104.0,true,false,26
Dingling,1,B0,12,32,97.90625,97.90625,353.0,121.0,121.0,true,false,20
Dingling,1,B0,24,32,190.25,190.25,187.0,287.0,287.0,true,false,8
Dingling,2,B3_R2,1,1,76.402054,76.402054,174.597946,76.402054,76.402054,true,false,0
Dingling,2,B3_R2,6,1,74.171814,74.171814,176.828186,74.171814,74.171814,true,false,0
Dingling,2,B3_R2,12,1,103.313385,103.313385,147.686615,103.313385,103.313385,true,false,0
Dingling,2,B3_R2,24,1,116.097717,116.097717,134.902283,116.097717,116.097717,true,false,0
Dingling,2,GRU_R1,1,1,85.355362,85.355362,165.644638,85.355362,85.355362,true,false,0
Dingling,2,GRU_R1,6,1,101.400436,101.400436,149.599564,101.400436,101.400436,true,false,0
Dingling,2,GRU_R1,12,1,87.936707,87.936707,163.063293,87.936707,87.936707,true,false,0
Dingling,2,GRU_R1,24,1,155.670403,155.670403,95.329597,155.670403,155.670403,true,false,0
Dingling,2,B0,1,1,70.0,70.0,181.0,70.0,70.0,true,false,0
Dingling,2,B0,6,1,70.0,70.0,181.0,70.0,70.0,true,false,0
Dingling,2,B0,12,1,68.0,68.0,183.0,68.0,68.0,true,false,0
Dingling,2,B0,24,1,185.0,185.0,66.0,185.0,185.0,true,false,0
Dingling,3,B3_R2,1,40,11.772443,1.65746,288.920929,89.079071,89.079071,true,false,39
Dingling,3,B3_R2,6,40,31.499306,28.333018,295.700531,82.299469,82.299469,true,true,35
Dingling,3,B3_R2,12,40,93.792169,93.792169,250.029709,127.970291,127.970291,true,false,7
Dingling,3,B3_R2,24,40,198.469574,198.469574,106.588371,271.411629,271.411629,true,false,0
Dingling,3,GRU_R1,1,40,32.999541,32.614943,277.238983,100.761017,100.761017,true,false,39
Dingling,3,GRU_R1,6,40,51.795788,51.750561,249.372162,128.627838,128.627838,true,false,30
Dingling,3,GRU_R1,12,40,80.457635,80.457635,241.243652,136.756348,136.756348,true,false,16
Dingling,3,GRU_R1,24,40,116.277423,116.277423,210.277939,167.722061,167.722061,true,false,6
Dingling,3,B0,1,40,12.35,0.9,293.0,85.0,85.0,true,false,39
Dingling,3,B0,6,40,26.9,12.85,308.0,70.0,70.0,true,true,35
Dingling,3,B0,12,40,44.075,34.975,290.0,88.0,88.0,true,false,30
Dingling,3,B0,24,40,80.325,79.175,251.0,127.0,127.0,true,false,18
Dingling,4,B3_R2,1,1,32.932755,32.932755,227.067245,32.932755,32.932755,true,false,0
Dingling,4,B3_R2,6,1,38.771912,-38.771912,298.771912,-38.771912,38.771912,false,true,1
Dingling,4,B3_R2,12,1,56.913269,56.913269,203.086731,56.913269,56.913269,true,false,0
Dingling,4,B3_R2,24,1,153.946785,153.946785,106.053215,153.946785,153.946785,true,false,0
Dingling,4,GRU_R1,1,1,90.059601,90.059601,169.940399,90.059601,90.059601,true,false,0
Dingling,4,GRU_R1,6,1,22.007828,22.007828,237.992172,22.007828,22.007828,true,false,0
Dingling,4,GRU_R1,12,1,15.524109,-15.524109,275.524109,-15.524109,15.524109,false,true,1
Dingling,4,GRU_R1,24,1,13.954727,13.954727,246.045273,13.954727,13.954727,true,true,1
Dingling,4,B0,1,1,25.0,25.0,235.0,25.0,25.0,true,false,0
Dingling,4,B0,6,1,63.0,-63.0,323.0,-63.0,63.0,false,true,1
Dingling,4,B0,12,1,86.0,-86.0,346.0,-86.0,86.0,false,true,1
Dingling,4,B0,24,1,33.0,-33.0,293.0,-33.0,33.0,false,true,1
Dingling,5,B3_R2,1,2,13.421013,-0.065315,243.644302,13.355698,13.355698,true,false,1
Dingling,5,B3_R2,6,2,130.515663,130.515663,118.449219,138.550781,138.550781,true,false,0
Dingling,5,B3_R2,12,2,172.605034,172.605034,71.817924,185.182076,185.182076,true,false,0
Dingling,5,B3_R2,24,2,163.190937,163.190937,90.928596,166.071404,166.071404,true,false,0
Dingling,5,GRU_R1,1,2,50.686127,50.686127,199.402649,57.597351,57.597351,true,false,0
Dingling,5,GRU_R1,6,2,132.806412,132.806412,110.227005,146.772995,146.772995,true,false,0
Dingling,5,GRU_R1,12,2,183.615013,183.615013,65.322891,191.677109,191.677109,true,false,0
Dingling,5,GRU_R1,24,2,193.168011,193.168011,54.912785,202.087215,202.087215,true,false,0
Dingling,5,B0,1,2,12.5,0.5,244.0,13.0,13.0,true,false,1
Dingling,5,B0,6,2,127.0,127.0,109.0,148.0,148.0,true,false,0
Dingling,5,B0,12,2,186.5,186.5,63.0,194.0,194.0,true,false,0
Dingling,5,B0,24,2,221.5,221.5,22.0,235.0,235.0,true,false,0
Dingling,6,B3_R2,1,1,254.040718,254.040718,47.959282,254.040718,254.040718,true,false,0
Dingling,6,B3_R2,6,1,262.711399,262.711399,39.288601,262.711399,262.711399,true,false,0
Dingling,6,B3_R2,12,1,273.657003,273.657003,28.342997,273.657003,273.657003,true,false,0
Dingling,6,B3_R2,24,1,262.629314,262.629314,39.370686,262.629314,262.629314,true,false,0
Dingling,6,GRU_R1,1,1,270.13047,270.13047,31.86953,270.13047,270.13047,true,false,0
Dingling,6,GRU_R1,6,1,278.755198,278.755198,23.244802,278.755198,278.755198,true,false,0
Dingling,6,GRU_R1,12,1,286.622878,286.622878,15.377122,286.622878,286.622878,true,false,0
Dingling,6,GRU_R1,24,1,271.103983,271.103983,30.896017,271.103983,271.103983,true,false,0
Dingling,6,B0,1,1,252.0,252.0,50.0,252.0,252.0,true,false,0
Dingling,6,B0,6,1,252.0,252.0,50.0,252.0,252.0,true,false,0
Dingling,6,B0,12,1,253.0,253.0,49.0,253.0,253.0,true,false,0
Dingling,6,B0,24,1,263.0,263.0,39.0,263.0,263.0,true,false,0
Dingling,7,B3_R2,1,1,91.785294,91.785294,161.214706,91.785294,91.785294,true,false,0
Dingling,7,B3_R2,6,1,82.356262,82.356262,170.643738,82.356262,82.356262,true,false,0
Dingling,7,B3_R2,12,1,224.489441,224.489441,28.510559,224.489441,224.489441,true,false,0
Dingling,7,B3_R2,24,1,222.644812,222.644812,30.355188,222.644812,222.644812,true,false,0
Dingling,7,GRU_R1,1,1,149.193123,149.193123,103.806877,149.193123,149.193123,true,false,0
Dingling,7,GRU_R1,6,1,179.765121,179.765121,73.234879,179.765121,179.765121,true,false,0
Dingling,7,GRU_R1,12,1,232.997694,232.997694,20.002306,232.997694,232.997694,true,false,0
Dingling,7,GRU_R1,24,1,232.227175,232.227175,20.772825,232.227175,232.227175,true,false,0
Dingling,7,B0,1,1,69.0,69.0,184.0,69.0,69.0,true,false,0
Dingling,7,B0,6,1,10.0,10.0,243.0,10.0,10.0,true,false,0
Dingling,7,B0,12,1,217.0,217.0,36.0,217.0,217.0,true,false,0
Dingling,7,B0,24,1,234.0,234.0,19.0,234.0,234.0,true,false,0
Dingling,8,B3_R2,1,3,117.558128,117.558128,252.493668,105.506332,105.506332,true,false,1
Dingling,8,B3_R2,6,3,246.665576,246.665576,74.82222,283.17778,283.17778,true,false,0
Dingling,8,B3_R2,12,3,233.390656,233.390656,88.690224,269.309776,269.309776,true,false,0
Dingling,8,B3_R2,24,3,242.367325,242.367325,76.113129,281.886871,281.886871,true,false,0
Dingling,8,GRU_R1,1,3,228.650489,228.650489,101.906342,256.093658,256.093658,true,false,0
Dingling,8,GRU_R1,6,3,244.376277,244.376277,75.159569,282.840431,282.840431,true,false,0
Dingling,8,GRU_R1,12,3,220.144588,220.144588,115.68837,242.31163,242.31163,true,false,0
Dingling,8,GRU_R1,24,3,236.907567,236.907567,76.8218,281.1782,281.1782,true,false,0
Dingling,8,B0,1,3,97.0,56.333333,295.0,63.0,63.0,true,false,2
Dingling,8,B0,6,3,255.666667,255.666667,68.0,290.0,290.0,true,false,0
Dingling,8,B0,12,3,216.666667,216.666667,120.0,238.0,238.0,true,false,0
Dingling,8,B0,24,3,252.0,252.0,55.0,303.0,303.0,true,false,0
Dingling,9,B3_R2,1,1,319.37355,319.37355,94.62645,319.37355,319.37355,true,false,0
Dingling,9,B3_R2,6,1,350.833412,350.833412,63.166588,350.833412,350.833412,true,false,0
Dingling,9,B3_R2,12,1,323.273346,323.273346,90.726654,323.273346,323.273346,true,false,0
Dingling,9,B3_R2,24,1,287.277931,287.277931,126.722069,287.277931,287.277931,true,false,0
Dingling,9,GRU_R1,1,1,308.958939,308.958939,105.041061,308.958939,308.958939,true,false,0
Dingling,9,GRU_R1,6,1,341.912491,341.912491,72.087509,341.912491,341.912491,true,false,0
Dingling,9,GRU_R1,12,1,341.688469,341.688469,72.311531,341.688469,341.688469,true,false,0
Dingling,9,GRU_R1,24,1,319.23217,319.23217,94.76783,319.23217,319.23217,true,false,0
Dingling,9,B0,1,1,320.0,320.0,94.0,320.0,320.0,true,false,0
Dingling,9,B0,6,1,369.0,369.0,45.0,369.0,369.0,true,false,0
Dingling,9,B0,12,1,369.0,369.0,45.0,369.0,369.0,true,false,0
Dingling,9,B0,24,1,369.0,369.0,45.0,369.0,369.0,true,false,0
Dingling,10,B3_R2,1,15,11.579937,2.063644,316.731293,0.268707,0.268707,true,false,14
Dingling,10,B3_R2,6,15,63.937614,52.611353,255.819778,61.180222,61.180222,true,false,8
Dingling,10,B3_R2,12,15,135.867964,135.867964,143.19458,173.80542,173.80542,true,false,0
Dingling,10,B3_R2,24,15,191.799984,191.799984,115.631554,201.368446,201.368446,true,false,0
Dingling,10,GRU_R1,1,15,19.799601,19.799601,284.509033,32.490967,32.490967,true,false,12
Dingling,10,GRU_R1,6,15,72.211138,64.702975,234.170624,82.829376,82.829376,true,false,6
Dingling,10,GRU_R1,12,15,123.038167,123.038167,150.116821,166.883179,166.883179,true,false,0
Dingling,10,GRU_R1,24,15,167.535479,167.535479,143.528915,173.471085,173.471085,true,false,0
Dingling,10,B0,1,15,12.866667,3.0,316.0,1.0,1.0,true,false,14
Dingling,10,B0,6,15,71.933333,45.933333,254.0,63.0,63.0,true,false,9
Dingling,10,B0,12,15,108.933333,108.533333,147.0,170.0,170.0,true,false,3
Dingling,10,B0,24,15,187.733333,187.733333,133.0,184.0,184.0,true,false,0
Dingling,11,B3_R2,1,2,7.960442,7.960442,248.924438,2.075562,2.075562,true,false,1
Dingling,11,B3_R2,6,2,79.169189,79.169189,168.991547,82.008453,82.008453,true,false,0
Dingling,11,B3_R2,12,2,51.408661,51.408661,193.841064,57.158936,57.158936,true,false,0
Dingling,11,B3_R2,24,2,134.802872,134.802872,116.83831,134.16169,134.16169,true,false,0
Dingling,11,GRU_R1,1,2,15.381805,15.381805,236.422211,14.577789,14.577789,true,false,0
Dingling,11,GRU_R1,6,2,92.301956,92.301956,155.216232,95.783768,95.783768,true,false,0
Dingling,11,GRU_R1,12,2,36.482208,36.482208,199.400925,51.599075,51.599075,true,false,0
Dingling,11,GRU_R1,24,2,12.922668,12.922668,246.895416,4.104584,4.104584,true,false,1
Dingling,11,B0,1,2,12.5,12.5,245.0,6.0,6.0,true,false,1
Dingling,11,B0,6,2,106.0,106.0,143.0,108.0,108.0,true,false,0
Dingling,11,B0,12,2,18.0,13.0,220.0,31.0,31.0,true,true,1
Dingling,11,B0,24,2,42.5,-42.5,307.0,-56.0,56.0,false,true,2
Dingling,12,B3_R2,1,1,33.36058,33.36058,221.63942,33.36058,33.36058,true,false,0
Dingling,12,B3_R2,6,1,67.686951,67.686951,187.313049,67.686951,67.686951,true,false,0
Dingling,12,B3_R2,12,1,83.921738,83.921738,171.078262,83.921738,83.921738,true,false,0
Dingling,12,B3_R2,24,1,168.663467,168.663467,86.336533,168.663467,168.663467,true,false,0
Dingling,12,GRU_R1,1,1,70.355759,70.355759,184.644241,70.355759,70.355759,true,false,0
Dingling,12,GRU_R1,6,1,73.656677,73.656677,181.343323,73.656677,73.656677,true,false,0
Dingling,12,GRU_R1,12,1,88.42395,88.42395,166.57605,88.42395,88.42395,true,false,0
Dingling,12,GRU_R1,24,1,109.724213,109.724213,145.275787,109.724213,109.724213,true,false,0
Dingling,12,B0,1,1,32.0,32.0,223.0,32.0,32.0,true,false,0
Dingling,12,B0,6,1,25.0,25.0,230.0,25.0,25.0,true,false,0
Dingling,12,B0,12,1,29.0,29.0,226.0,29.0,29.0,true,false,0
Dingling,12,B0,24,1,95.0,95.0,160.0,95.0,95.0,true,false,0
Dingling,13,B3_R2,1,12,12.756568,4.233044,293.069641,12.930359,12.930359,true,false,11
Dingling,13,B3_R2,6,12,77.79612,70.55027,275.15686,30.84314,30.84314,true,false,5
Dingling,13,B3_R2,12,12,168.113514,168.113514,134.849106,171.150894,171.150894,true,false,0
Dingling,13,B3_R2,24,12,205.831161,205.831161,74.961121,231.038879,231.038879,true,false,0
Dingling,13,GRU_R1,1,12,23.88529,21.126602,280.612976,25.387024,25.387024,true,false,10
Dingling,13,GRU_R1,6,12,82.619678,81.985462,256.966309,49.033691,49.033691,true,false,5
Dingling,13,GRU_R1,12,12,145.65377,145.65377,138.804962,167.195038,167.195038,true,false,0
Dingling,13,GRU_R1,24,12,145.248401,145.248401,161.15509,144.84491,144.84491,true,false,0
Dingling,13,B0,1,12,13.833333,4.5,298.0,8.0,8.0,true,false,11
Dingling,13,B0,6,12,64.75,55.083333,301.0,5.0,5.0,true,false,6
Dingling,13,B0,12,12,110.916667,110.916667,165.0,141.0,141.0,true,false,0
Dingling,13,B0,24,12,121.0,121.0,188.0,118.0,118.0,true,false,0
Dingling,14,B3_R2,1,1,23.566101,23.566101,237.433899,23.566101,23.566101,true,false,0
Dingling,14,B3_R2,6,1,142.627792,142.627792,118.372208,142.627792,142.627792,true,false,0
Dingling,14,B3_R2,12,1,170.240143,170.240143,90.759857,170.240143,170.240143,true,false,0
Dingling,14,B3_R2,24,1,188.212555,188.212555,72.787445,188.212555,188.212555,true,false,0
Dingling,14,GRU_R1,1,1,56.837952,56.837952,204.162048,56.837952,56.837952,true,false,0
Dingling,14,GRU_R1,6,1,138.019676,138.019676,122.980324,138.019676,138.019676,true,false,0
Dingling,14,GRU_R1,12,1,165.099167,165.099167,95.900833,165.099167,165.099167,true,false,0
Dingling,14,GRU_R1,24,1,144.685425,144.685425,116.314575,144.685425,144.685425,true,false,0
Dingling,14,B0,1,1,37.0,37.0,224.0,37.0,37.0,true,false,0
Dingling,14,B0,6,1,130.0,130.0,131.0,130.0,130.0,true,false,0
Dingling,14,B0,12,1,115.0,115.0,146.0,115.0,115.0,true,false,0
Dingling,14,B0,24,1,144.0,144.0,117.0,144.0,144.0,true,false,0
Dingling,15,B3_R2,1,9,10.810506,1.728712,270.216125,1.783875,1.783875,true,false,8
Dingling,15,B3_R2,6,9,50.730057,46.028295,219.913605,52.086395,52.086395,true,false,3
Dingling,15,B3_R2,12,9,161.560227,161.560227,121.482819,150.517181,150.517181,true,false,0
Dingling,15,B3_R2,24,9,206.486422,206.486422,63.697384,208.302616,208.302616,true,false,0
Dingling,15,GRU_R1,1,9,23.836956,23.754227,234.785706,37.214294,37.214294,true,false,4
Dingling,15,GRU_R1,6,9,61.782093,61.782093,192.903564,79.096436,79.096436,true,false,0
Dingling,15,GRU_R1,12,9,99.533171,99.533171,179.421982,92.578018,92.578018,true,false,0
Dingling,15,GRU_R1,24,9,128.501302,128.501302,121.720245,150.279755,150.279755,true,false,0
Dingling,15,B0,1,9,13.222222,4.777778,270.0,2.0,2.0,true,false,8
Dingling,15,B0,6,9,46.222222,39.777778,203.0,69.0,69.0,true,false,3
Dingling,15,B0,12,9,51.888889,51.888889,217.0,55.0,55.0,true,false,0
Dingling,15,B0,24,9,91.666667,91.666667,175.0,97.0,97.0,true,false,0
Dingling,16,B3_R2,1,1,56.185532,56.185532,189.814468,56.185532,56.185532,true,false,0
Dingling,16,B3_R2,6,1,120.264465,120.264465,125.735535,120.264465,120.264465,true,false,0
Dingling,16,B3_R2,12,1,167.815826,167.815826,78.184174,167.815826,167.815826,true,false,0
Dingling,16,B3_R2,24,1,182.189209,182.189209,63.810791,182.189209,182.189209,true,false,0
Dingling,16,GRU_R1,1,1,66.049927,66.049927,179.950073,66.049927,66.049927,true,false,0
Dingling,16,GRU_R1,6,1,158.127823,158.127823,87.872177,158.127823,158.127823,true,false,0
Dingling,16,GRU_R1,12,1,148.842056,148.842056,97.157944,148.842056,148.842056,true,false,0
Dingling,16,GRU_R1,24,1,153.07074,153.07074,92.92926,153.07074,153.07074,true,false,0
Dingling,16,B0,1,1,62.0,62.0,184.0,62.0,62.0,true,false,0
Dingling,16,B0,6,1,104.0,104.0,142.0,104.0,104.0,true,false,0
Dingling,16,B0,12,1,105.0,105.0,141.0,105.0,105.0,true,false,0
Dingling,16,B0,24,1,115.0,115.0,131.0,115.0,115.0,true,false,0
Dingling,17,B3_R2,1,38,25.824634,9.978992,422.416687,70.583313,70.583313,true,false,37
Dingling,17,B3_R2,6,38,109.990575,109.990575,284.844025,208.155975,208.155975,true,false,31
Dingling,17,B3_R2,12,38,243.909939,243.909939,156.988922,336.011078,336.011078,true,false,0
Dingling,17,B3_R2,24,38,339.147339,339.147339,31.29945,461.70055,461.70055,true,false,0
Dingling,17,GRU_R1,1,38,72.053399,70.812818,344.408447,148.591553,148.591553,true,false,36
Dingling,17,GRU_R1,6,38,108.908052,108.908052,277.12561,215.87439,215.87439,true,false,31
Dingling,17,GRU_R1,12,38,149.412403,149.412403,307.426208,185.573792,185.573792,true,false,25
Dingling,17,GRU_R1,24,38,191.446459,191.446459,244.567459,248.432541,248.432541,true,false,13
Dingling,17,B0,1,38,25.447368,4.078947,437.0,56.0,56.0,true,false,37
Dingling,17,B0,6,38,72.921053,37.342105,353.0,140.0,140.0,true,false,32
Dingling,17,B0,12,38,96.026316,83.394737,435.0,58.0,58.0,true,false,26
Dingling,17,B0,24,38,150.131579,142.5,312.0,181.0,181.0,true,false,14
Dingling,18,B3_R2,1,7,16.36099,-4.481888,295.075989,-2.075989,2.075989,false,true,7
Dingling,18,B3_R2,6,7,81.180758,72.034038,168.127747,124.872253,124.872253,true,false,1
Dingling,18,B3_R2,12,7,158.888051,158.888051,105.155388,187.844612,187.844612,true,false,0
Dingling,18,B3_R2,24,7,228.641715,228.641715,36.524147,256.475853,256.475853,true,false,0
Dingling,18,GRU_R1,1,7,29.758918,29.758918,266.705688,26.294312,26.294312,true,false,4
Dingling,18,GRU_R1,6,7,76.172067,76.172067,194.937195,98.062805,98.062805,true,false,1
Dingling,18,GRU_R1,12,7,153.541722,153.541722,120.550781,172.449219,172.449219,true,false,0
Dingling,18,GRU_R1,24,7,135.806673,135.806673,140.564667,152.435333,152.435333,true,false,0
Dingling,18,B0,1,7,17.571429,2.428571,282.0,11.0,11.0,true,false,6
Dingling,18,B0,6,7,63.428571,56.285714,207.0,86.0,86.0,true,false,1
Dingling,18,B0,12,7,129.714286,129.714286,136.0,157.0,157.0,true,false,0
Dingling,18,B0,24,7,124.571429,124.571429,149.0,144.0,144.0,true,false,0
Dingling,19,B3_R2,1,17,44.820392,6.584721,508.884705,27.115295,27.115295,true,false,16
Dingling,19,B3_R2,6,17,109.793814,100.916412,182.307312,353.692688,353.692688,true,false,11
Dingling,19,B3_R2,12,17,182.103483,182.103483,129.00679,406.99321,406.99321,true,false,2
Dingling,19,B3_R2,24,17,291.657673,291.657673,36.860676,499.139324,499.139324,true,false,0
Dingling,19,GRU_R1,1,17,64.760313,57.242168,357.277283,178.722717,178.722717,true,false,16
Dingling,19,GRU_R1,6,17,105.118122,96.994221,161.517426,374.482574,374.482574,true,false,11
Dingling,19,GRU_R1,12,17,155.409293,142.361237,153.143097,382.856903,382.856903,true,false,5
Dingling,19,GRU_R1,24,17,171.393804,171.393804,196.617554,339.382446,339.382446,true,false,0
Dingling,19,B0,1,17,47.0,2.882353,535.0,1.0,1.0,true,false,16
Dingling,19,B0,6,17,125.294118,42.0,192.0,344.0,344.0,true,false,11
Dingling,19,B0,12,17,151.176471,77.882353,203.0,333.0,333.0,true,false,5
Dingling,19,B0,24,17,115.882353,115.882353,239.0,297.0,297.0,true,false,7
Dingling,20,B3_R2,1,2,40.191803,40.191803,254.389542,12.610458,12.610458,true,false,1
Dingling,20,B3_R2,6,2,122.606499,122.606499,141.226379,125.773621,125.773621,true,false,0
Dingling,20,B3_R2,12,2,135.37616,135.37616,124.49514,142.50486,142.50486,true,false,0
Dingling,20,B3_R2,24,2,142.945602,142.945602,110.414337,156.585663,156.585663,true,false,0
Dingling,20,GRU_R1,1,2,54.557861,54.557861,231.042908,35.957092,35.957092,true,false,0
Dingling,20,GRU_R1,6,2,132.639076,132.639076,133.168457,133.831543,133.831543,true,false,0
Dingling,20,GRU_R1,12,2,118.938019,118.938019,134.329956,132.670044,132.670044,true,false,0
Dingling,20,GRU_R1,24,2,205.016119,205.016119,53.430084,213.569916,213.569916,true,false,0
Dingling,20,B0,1,2,49.5,49.5,245.0,22.0,22.0,true,false,1
Dingling,20,B0,6,2,114.0,114.0,142.0,125.0,125.0,true,false,0
Dingling,20,B0,12,2,70.0,70.0,198.0,69.0,69.0,true,false,0
Dingling,20,B0,24,2,241.5,241.5,14.0,253.0,253.0,true,false,0
Dingling,21,B3_R2,1,3,18.877401,4.812602,255.332413,15.667587,15.667587,true,false,2
Dingling,21,B3_R2,6,3,107.500748,107.500748,165.258423,105.741577,105.741577,true,false,0
Dingling,21,B3_R2,12,3,145.103811,145.103811,120.993408,150.006592,150.006592,true,false,0
Dingling,21,B3_R2,24,3,142.036891,142.036891,115.061195,155.938805,155.938805,true,false,0
Dingling,21,GRU_R1,1,3,24.324763,24.324763,239.509552,31.490448,31.490448,true,false,1
Dingling,21,GRU_R1,6,3,126.26091,126.26091,135.125168,135.874832,135.874832,true,false,0
Dingling,21,GRU_R1,12,3,175.069674,175.069674,92.386932,178.613068,178.613068,true,false,0
Dingling,21,GRU_R1,24,3,76.735479,76.735479,192.47406,78.52594,78.52594,true,false,0
Dingling,21,B0,1,3,20.333333,13.666667,249.0,22.0,22.0,true,false,2
Dingling,21,B0,6,3,153.666667,153.666667,113.0,158.0,158.0,true,false,0
Dingling,21,B0,12,3,206.0,206.0,65.0,206.0,206.0,true,false,0
Dingling,21,B0,24,3,55.0,55.0,214.0,57.0,57.0,true,false,0
Dingling,22,B3_R2,1,2,37.229782,37.229782,203.072403,51.927597,51.927597,true,false,0
Dingling,22,B3_R2,6,2,12.95845,12.95845,244.573425,10.426575,10.426575,true,false,1
Dingling,22,B3_R2,12,2,123.955608,123.955608,144.331863,110.668137,110.668137,true,false,0
Dingling,22,B3_R2,24,2,131.376728,131.376728,127.463226,127.536774,127.536774,true,false,0
Dingling,22,GRU_R1,1,2,24.004089,24.004089,235.521942,19.478058,19.478058,true,false,0
Dingling,22,GRU_R1,6,2,54.934814,54.934814,205.72937,49.27063,49.27063,true,false,0
Dingling,22,GRU_R1,12,2,142.864479,142.864479,128.066818,126.933182,126.933182,true,false,0
Dingling,22,GRU_R1,24,2,122.554153,122.554153,123.264328,131.735672,131.735672,true,false,0
Dingling,22,B0,1,2,9.5,9.5,252.0,3.0,3.0,true,false,1
Dingling,22,B0,6,2,45.5,45.5,220.0,35.0,35.0,true,false,0
Dingling,22,B0,12,2,186.5,186.5,93.0,162.0,162.0,true,false,0
Dingling,22,B0,24,2,112.0,112.0,122.0,133.0,133.0,true,false,0
Dingling,23,B3_R2,1,7,42.76811,19.270011,379.959167,33.040833,33.040833,true,false,6
Dingling,23,B3_R2,6,7,184.091692,184.091692,236.162918,176.837082,176.837082,true,true,2
Dingling,23,B3_R2,12,7,226.950546,226.950546,136.959839,276.040161,276.040161,true,false,0
Dingling,23,B3_R2,24,7,255.211157,255.211157,125.712067,287.287933,287.287933,true,false,0
Dingling,23,GRU_R1,1,7,84.541796,84.151729,310.424591,102.575409,102.575409,true,false,6
Dingling,23,GRU_R1,6,7,158.19135,154.80709,217.256531,195.743469,195.743469,true,false,1
Dingling,23,GRU_R1,12,7,203.130892,203.130892,123.066818,289.933182,289.933182,true,false,0
Dingling,23,GRU_R1,24,7,281.34792,281.34792,86.821335,326.178665,326.178665,true,false,0
Dingling,23,B0,1,7,44.714286,4.428571,393.0,20.0,20.0,true,false,6
Dingling,23,B0,6,7,136.714286,102.142857,261.0,152.0,152.0,true,true,5
Dingling,23,B0,12,7,187.428571,187.428571,91.0,322.0,322.0,true,false,2
Dingling,23,B0,24,7,302.714286,302.714286,84.0,329.0,329.0,true,false,0
Dingling,24,B3_R2,1,4,44.502476,9.302219,285.854492,21.145508,21.145508,true,false,3
Dingling,24,B3_R2,6,4,53.423691,53.423691,246.031418,60.968582,60.968582,true,true,2
Dingling,24,B3_R2,12,4,170.808605,170.808605,106.070854,200.929146,200.929146,true,false,0
Dingling,24,B3_R2,24,4,152.590557,152.590557,133.233826,173.766174,173.766174,true,false,0
Dingling,24,GRU_R1,1,4,46.962418,43.249863,247.918335,59.081665,59.081665,true,false,3
Dingling,24,GRU_R1,6,4,67.82243,67.82243,253.624496,53.375504,53.375504,true,true,2
Dingling,24,GRU_R1,12,4,69.488014,49.709328,167.944351,139.055649,139.055649,true,false,2
Dingling,24,GRU_R1,24,4,160.387571,160.387571,127.652344,179.347656,179.347656,true,false,0
Dingling,24,B0,1,4,43.5,14.5,278.0,29.0,29.0,true,false,3
Dingling,24,B0,6,4,47.5,-30.5,359.0,-52.0,52.0,false,true,3
Dingling,24,B0,12,4,90.5,-46.0,241.0,66.0,66.0,true,true,3
Dingling,24,B0,24,4,176.25,176.25,116.0,191.0,191.0,true,false,0
Dingling,25,B3_R2,1,2,23.55938,13.274864,237.165756,36.834244,36.834244,true,false,1
Dingling,25,B3_R2,6,2,117.539162,117.539162,153.73233,120.26767,120.26767,true,false,0
Dingling,25,B3_R2,12,2,185.690468,185.690468,104.154495,169.845505,169.845505,true,false,0
Dingling,25,B3_R2,24,2,203.970736,203.970736,72.527229,201.472771,201.472771,true,false,0
Dingling,25,GRU_R1,1,2,41.38755,41.38755,206.082687,67.917313,67.917313,true,false,1
Dingling,25,GRU_R1,6,2,118.007004,118.007004,154.470612,119.529388,119.529388,true,false,0
Dingling,25,GRU_R1,12,2,126.852348,126.852348,147.001785,126.998215,126.998215,true,false,0
Dingling,25,GRU_R1,24,2,108.85582,108.85582,163.324554,110.675446,110.675446,true,false,0
Dingling,25,B0,1,2,20.0,14.0,240.0,34.0,34.0,true,false,1
Dingling,25,B0,6,2,104.0,104.0,173.0,101.0,101.0,true,false,0
Dingling,25,B0,12,2,72.5,72.5,205.0,69.0,69.0,true,false,0
Dingling,25,B0,24,2,84.5,84.5,191.0,83.0,83.0,true,false,0
Dingling,26,B3_R2,1,3,17.580119,16.132548,285.171356,-2.171356,2.171356,false,false,2
Dingling,26,B3_R2,6,3,92.674444,92.674444,186.202484,96.797516,96.797516,true,false,0
Dingling,26,B3_R2,12,3,149.416245,149.416245,120.172302,162.827698,162.827698,true,false,0
Dingling,26,B3_R2,24,3,117.652369,117.652369,126.062531,156.937469,156.937469,true,false,0
Dingling,26,GRU_R1,1,3,44.852915,44.852915,252.891876,30.108124,30.108124,true,false,1
Dingling,26,GRU_R1,6,3,130.771164,130.771164,147.846893,135.153107,135.153107,true,false,0
Dingling,26,GRU_R1,12,3,115.0528,115.0528,146.019485,136.980515,136.980515,true,false,0
Dingling,26,GRU_R1,24,3,133.741328,133.741328,143.699829,139.300171,139.300171,true,false,0
Dingling,26,B0,1,3,18.333333,18.333333,278.0,5.0,5.0,true,false,2
Dingling,26,B0,6,3,57.0,57.0,215.0,68.0,68.0,true,false,0
Dingling,26,B0,12,3,61.666667,61.666667,206.0,77.0,77.0,true,false,0
Dingling,26,B0,24,3,123.666667,123.666667,149.0,134.0,134.0,true,false,0
Dingling,27,B3_R2,1,5,48.274945,26.183673,241.838882,70.161118,70.161118,true,false,3
Dingling,27,B3_R2,6,5,188.95356,188.95356,81.939598,230.060402,230.060402,true,false,0
Dingling,27,B3_R2,12,5,199.862267,199.862267,67.475479,244.524521,244.524521,true,false,0
Dingling,27,B3_R2,24,5,228.016691,228.016691,49.747704,262.252296,262.252296,true,false,0
Dingling,27,GRU_R1,1,5,59.830011,58.683771,207.917328,104.082672,104.082672,true,false,1
Dingling,27,GRU_R1,6,5,175.207114,175.207114,93.16214,218.83786,218.83786,true,false,0
Dingling,27,GRU_R1,12,5,199.528342,199.528342,72.406631,239.593369,239.593369,true,false,0
Dingling,27,GRU_R1,24,5,245.255072,245.255072,29.119967,282.880033,282.880033,true,false,0
Dingling,27,B0,1,5,48.2,18.2,246.0,66.0,66.0,true,false,4
Dingling,27,B0,6,5,181.6,181.6,82.0,230.0,230.0,true,false,0
Dingling,27,B0,12,5,221.2,221.2,45.0,267.0,267.0,true,false,0
Dingling,27,B0,24,5,267.6,267.6,8.0,304.0,304.0,true,false,0
Dingling,28,B3_R2,1,4,22.285957,8.34005,264.799133,23.200867,23.200867,true,false,3
Dingling,28,B3_R2,6,4,61.879059,61.879059,207.404175,80.595825,80.595825,true,false,0
Dingling,28,B3_R2,12,4,168.116838,168.116838,99.292877,188.707123,188.707123,true,false,0
Dingling,28,B3_R2,24,4,186.594698,186.594698,73.188126,214.811874,214.811874,true,false,0
Dingling,28,GRU_R1,1,4,49.84193,49.84193,222.484589,65.515411,65.515411,true,false,0
Dingling,28,GRU_R1,6,4,51.504349,51.504349,205.234222,82.765778,82.765778,true,false,0
Dingling,28,GRU_R1,12,4,172.797808,172.797808,87.316063,200.683937,200.683937,true,false,0
Dingling,28,GRU_R1,24,4,188.28656,188.28656,73.550369,214.449631,214.449631,true,false,0
Dingling,28,B0,1,4,21.5,3.0,265.0,23.0,23.0,true,false,3
Dingling,28,B0,6,4,27.25,-18.25,276.0,12.0,12.0,true,true,4
Dingling,28,B0,12,4,178.0,178.0,83.0,205.0,205.0,true,false,0
Dingling,28,B0,24,4,235.75,235.75,21.0,267.0,267.0,true,false,0
Dingling,29,B3_R2,1,5,19.235333,8.482159,269.109558,9.890442,9.890442,true,false,4
Dingling,29,B3_R2,6,5,99.619385,99.619385,164.458588,114.541412,114.541412,true,false,0
Dingling,29,B3_R2,12,5,146.161397,146.161397,121.844124,157.155876,157.155876,true,false,0
Dingling,29,B3_R2,24,5,178.90042,178.90042,90.03286,188.96714,188.96714,true,false,0
Dingling,29,GRU_R1,1,5,35.436798,28.55827,264.723328,14.276672,14.276672,true,false,2
Dingling,29,GRU_R1,6,5,97.798792,97.798792,171.290466,107.709534,107.709534,true,false,0
Dingling,29,GRU_R1,12,5,137.857602,137.857602,135.155121,143.844879,143.844879,true,false,0
Dingling,29,GRU_R1,24,5,147.266418,147.266418,107.580612,171.419388,171.419388,true,false,0
Dingling,29,B0,1,5,19.2,5.2,270.0,9.0,9.0,true,false,4
Dingling,29,B0,6,5,50.8,50.8,219.0,60.0,60.0,true,false,0
Dingling,29,B0,12,5,86.2,86.2,203.0,76.0,76.0,true,false,0
Dingling,29,B0,24,5,144.8,144.8,112.0,167.0,167.0,true,false,0
Dingling,30,B3_R2,1,2,22.369324,16.936707,276.432617,-5.432617,5.432617,false,false,1
Dingling,30,B3_R2,6,2,43.553078,43.553078,228.440262,42.559738,42.559738,true,false,0
Dingling,30,B3_R2,12,2,67.543137,67.543137,213.849869,57.150131,57.150131,true,false,0
Dingling,30,B3_R2,24,2,44.492805,44.492805,222.512131,48.487869,48.487869,true,false,0
Dingling,30,GRU_R1,1,2,25.428467,9.72821,286.700256,-15.700256,15.700256,false,false,1
Dingling,30,GRU_R1,6,2,74.756668,74.756668,188.618988,82.381012,82.381012,true,false,0
Dingling,30,GRU_R1,12,2,79.426933,79.426933,203.282669,67.717331,67.717331,true,false,0
Dingling,30,GRU_R1,24,2,98.545006,98.545006,174.631454,96.368546,96.368546,true,false,0
Dingling,30,B0,1,2,23.0,23.0,270.0,1.0,1.0,true,false,1
Dingling,30,B0,6,2,57.0,57.0,213.0,58.0,58.0,true,false,0
Dingling,30,B0,12,2,39.0,39.0,243.0,28.0,28.0,true,false,0
Dingling,30,B0,24,2,107.0,107.0,167.0,104.0,104.0,true,false,0
Dingling,31,B3_R2,1,10,7.703217,-0.634436,272.937561,-4.937561,4.937561,false,true,10
Dingling,31,B3_R2,6,10,12.964291,1.616669,273.598969,-5.598969,5.598969,false,false,6
Dingling,31,B3_R2,12,10,24.761333,-7.668898,296.4375,-28.4375,28.4375,false,true,7
Dingling,31,B3_R2,24,10,50.554968,50.554968,204.522507,63.477493,63.477493,true,false,0
Dingling,31,GRU_R1,1,10,22.295348,19.095787,253.550568,14.449432,14.449432,true,true,2
Dingling,31,GRU_R1,6,10,28.114854,28.090822,236.504868,31.495132,31.495132,true,false,2
Dingling,31,GRU_R1,12,10,37.04855,33.62037,272.099457,-4.099457,4.099457,false,false,2
Dingling,31,GRU_R1,24,10,64.961288,64.961288,189.353546,78.646454,78.646454,true,false,0
Dingling,31,B0,1,10,7.7,0.3,267.0,1.0,1.0,true,false,9
Dingling,31,B0,6,10,25.8,18.8,236.0,32.0,32.0,true,false,4
Dingling,31,B0,12,10,33.9,29.5,270.0,-2.0,2.0,false,false,2
Dingling,31,B0,24,10,36.7,36.7,220.0,48.0,48.0,true,false,0
Dongsi,1,B3_R2,1,3,8.959808,6.537079,255.054718,8.945282,8.945282,true,false,2
Dongsi,1,B3_R2,6,3,115.06813,115.06813,139.889114,124.110886,124.110886,true,false,0
Dongsi,1,B3_R2,12,3,130.414714,130.414714,128.155014,135.844986,135.844986,true,false,0
Dongsi,1,B3_R2,24,3,132.56958,132.56958,129.035263,134.964737,134.964737,true,false,0
Dongsi,1,GRU_R1,1,3,16.358373,16.358373,250.798462,13.201538,13.201538,true,false,2
Dongsi,1,GRU_R1,6,3,100.037806,100.037806,161.34021,102.65979,102.65979,true,false,0
Dongsi,1,GRU_R1,12,3,121.267985,121.267985,140.259033,123.740967,123.740967,true,false,0
Dongsi,1,GRU_R1,24,3,61.864014,61.864014,199.456467,64.543533,64.543533,true,false,0
Dongsi,1,B0,1,3,12.333333,7.666667,255.0,9.0,9.0,true,false,2
Dongsi,1,B0,6,3,110.333333,110.333333,150.0,114.0,114.0,true,false,0
Dongsi,1,B0,12,3,152.666667,152.666667,109.0,155.0,155.0,true,false,0
Dongsi,1,B0,24,3,46.333333,46.333333,215.0,49.0,49.0,true,false,0
Dongsi,2,B3_R2,1,37,14.351348,4.212399,388.27594,11.72406,11.72406,true,false,36
Dongsi,2,B3_R2,6,37,50.005509,48.351661,313.970306,86.029694,86.029694,true,false,31
Dongsi,2,B3_R2,12,37,127.423471,127.423471,261.532257,138.467743,138.467743,true,false,7
Dongsi,2,B3_R2,24,37,214.15881,214.15881,113.931847,286.068153,286.068153,true,false,0
Dongsi,2,GRU_R1,1,37,32.719308,32.400605,335.016357,64.983643,64.983643,true,false,35
Dongsi,2,GRU_R1,6,37,55.907759,54.564251,300.008789,99.991211,99.991211,true,false,30
Dongsi,2,GRU_R1,12,37,84.475338,84.475338,274.659973,125.340027,125.340027,true,false,24
Dongsi,2,GRU_R1,24,37,120.045497,120.045497,147.147827,252.852173,252.852173,true,false,11
Dongsi,2,B0,1,37,16.324324,1.945946,395.0,5.0,5.0,true,false,36
Dongsi,2,B0,6,37,44.756757,11.621622,338.0,62.0,62.0,true,false,34
Dongsi,2,B0,12,37,71.459459,40.756757,314.0,86.0,86.0,true,false,28
Dongsi,2,B0,24,37,114.27027,100.162162,136.0,264.0,264.0,true,false,16
Dongsi,3,B3_R2,1,2,11.603416,11.603416,233.160675,19.839325,19.839325,true,false,1
Dongsi,3,B3_R2,6,2,69.233849,69.233849,184.808838,68.191162,68.191162,true,false,0
Dongsi,3,B3_R2,12,2,94.90023,94.90023,166.099777,86.900223,86.900223,true,false,0
Dongsi,3,B3_R2,24,2,116.520805,116.520805,130.881821,122.118179,122.118179,true,false,0
Dongsi,3,GRU_R1,1,2,16.399208,16.399208,230.245514,22.754486,22.754486,true,false,0
Dongsi,3,GRU_R1,6,2,39.361961,39.361961,206.230469,46.769531,46.769531,true,false,0
Dongsi,3,GRU_R1,12,2,71.536598,71.536598,185.41098,67.58902,67.58902,true,false,0
Dongsi,3,GRU_R1,24,2,125.440056,125.440056,119.939102,133.060898,133.060898,true,false,0
Dongsi,3,B0,1,2,13.5,10.5,229.0,24.0,24.0,true,false,1
Dongsi,3,B0,6,2,59.0,59.0,182.0,71.0,71.0,true,false,0
Dongsi,3,B0,12,2,102.5,102.5,149.0,104.0,104.0,true,false,0
Dongsi,3,B0,24,2,127.5,127.5,118.0,135.0,135.0,true,false,0
Dongsi,4,B3_R2,1,15,18.166161,-1.737912,331.465576,1.534424,1.534424,true,true,15
Dongsi,4,B3_R2,6,15,53.469838,45.353408,232.671173,100.328827,100.328827,true,false,7
Dongsi,4,B3_R2,12,15,92.909282,92.909282,185.256073,147.743927,147.743927,true,false,0
Dongsi,4,B3_R2,24,15,158.605756,158.605756,122.866249,210.133751,210.133751,true,false,0
Dongsi,4,GRU_R1,1,15,17.674575,8.694476,319.111328,13.888672,13.888672,true,false,14
Dongsi,4,GRU_R1,6,15,42.663751,34.212238,247.530319,85.469681,85.469681,true,false,8
Dongsi,4,GRU_R1,12,15,61.050648,59.385039,235.086151,97.913849,97.913849,true,false,3
Dongsi,4,GRU_R1,24,15,95.924508,95.924508,210.918365,122.081635,122.081635,true,false,0
Dongsi,4,B0,1,15,20.2,0.333333,323.0,10.0,10.0,true,false,14
Dongsi,4,B0,6,15,36.066667,24.2,261.0,72.0,72.0,true,false,9
Dongsi,4,B0,12,15,50.2,41.533333,237.0,96.0,96.0,true,false,5
Dongsi,4,B0,24,15,94.533333,94.266667,217.0,116.0,116.0,true,false,2
Dongsi,5,B3_R2,1,29,12.988427,6.317481,387.826416,13.173584,13.173584,true,false,28
Dongsi,5,B3_R2,6,29,49.577735,48.218541,318.446014,82.553986,82.553986,true,true,29
Dongsi,5,B3_R2,12,29,109.396569,108.149373,212.652237,188.347763,188.347763,true,true,7
Dongsi,5,B3_R2,24,29,198.047727,198.047727,146.22641,254.77359,254.77359,true,false,0
Dongsi,5,GRU_R1,1,29,35.782293,34.10853,339.252991,61.747009,61.747009,true,true,29
Dongsi,5,GRU_R1,6,29,59.252203,59.252203,304.993378,96.006622,96.006622,true,true,22
Dongsi,5,GRU_R1,12,29,82.447654,78.080982,248.323547,152.676453,152.676453,true,false,19
Dongsi,5,GRU_R1,24,29,94.752623,94.752623,216.680542,184.319458,184.319458,true,false,10
Dongsi,5,B0,1,29,14.310345,3.275862,400.0,1.0,1.0,true,false,28
Dongsi,5,B0,6,29,40.0,20.896552,350.0,51.0,51.0,true,true,26
Dongsi,5,B0,12,29,52.793103,38.034483,315.0,86.0,86.0,true,true,26
Dongsi,5,B0,24,29,66.0,66.0,236.0,165.0,165.0,true,false,20
Dongsi,6,B3_R2,1,3,9.2512,8.909444,250.766174,12.233826,12.233826,true,false,2
Dongsi,6,B3_R2,6,3,88.47021,88.47021,159.677444,103.322556,103.322556,true,false,0
Dongsi,6,B3_R2,12,3,154.021947,154.021947,104.450203,158.549797,158.549797,true,false,0
Dongsi,6,B3_R2,24,3,164.28329,164.28329,90.497696,172.502304,172.502304,true,false,0
Dongsi,6,GRU_R1,1,3,16.634338,16.634338,238.652969,24.347031,24.347031,true,false,0
Dongsi,6,GRU_R1,6,3,97.622431,97.622431,150.5784,112.4216,112.4216,true,false,0
Dongsi,6,GRU_R1,12,3,129.696416,129.696416,135.528931,127.471069,127.471069,true,false,0
Dongsi,6,GRU_R1,24,3,192.665356,192.665356,67.073166,195.926834,195.926834,true,false,0
Dongsi,6,B0,1,3,9.333333,7.333333,250.0,13.0,13.0,true,false,2
Dongsi,6,B0,6,3,111.0,111.0,138.0,125.0,125.0,true,false,0
Dongsi,6,B0,12,3,138.0,138.0,129.0,134.0,134.0,true,false,0
Dongsi,6,B0,24,3,232.333333,232.333333,26.0,237.0,237.0,true,false,0
Dongsi,7,B3_R2,1,9,7.536448,3.423343,254.953232,13.046768,13.046768,true,true,9
Dongsi,7,B3_R2,6,9,70.278395,70.278395,213.498093,54.501907,54.501907,true,false,0
Dongsi,7,B3_R2,12,9,153.140919,153.140919,108.092697,159.907303,159.907303,true,false,0
Dongsi,7,B3_R2,24,9,173.350071,173.350071,80.69577,187.30423,187.30423,true,false,0
Dongsi,7,GRU_R1,1,9,25.284354,22.516953,254.481949,13.518051,13.518051,true,false,4
Dongsi,7,GRU_R1,6,9,83.301675,83.301675,194.857727,73.142273,73.142273,true,false,0
Dongsi,7,GRU_R1,12,9,131.996413,131.996413,146.743744,121.256256,121.256256,true,false,0
Dongsi,7,GRU_R1,24,9,194.970293,194.970293,70.52861,197.47139,197.47139,true,false,0
Dongsi,7,B0,1,9,7.333333,1.555556,260.0,8.0,8.0,true,false,8
Dongsi,7,B0,6,9,24.444444,23.777778,249.0,19.0,19.0,true,false,3
Dongsi,7,B0,12,9,77.111111,77.111111,229.0,39.0,39.0,true,false,0
Dongsi,7,B0,24,9,201.777778,201.777778,53.0,215.0,215.0,true,false,0
Dongsi,8,B3_R2,1,1,174.283615,174.283615,99.716385,174.283615,174.283615,true,false,0
Dongsi,8,B3_R2,6,1,169.524506,169.524506,104.475494,169.524506,169.524506,true,false,0
Dongsi,8,B3_R2,12,1,183.46022,183.46022,90.53978,183.46022,183.46022,true,false,0
Dongsi,8,B3_R2,24,1,238.173729,238.173729,35.826271,238.173729,238.173729,true,false,0
Dongsi,8,GRU_R1,1,1,159.685181,159.685181,114.314819,159.685181,159.685181,true,false,0
Dongsi,8,GRU_R1,6,1,129.156433,129.156433,144.843567,129.156433,129.156433,true,false,0
Dongsi,8,GRU_R1,12,1,189.295403,189.295403,84.704597,189.295403,189.295403,true,false,0
Dongsi,8,GRU_R1,24,1,222.908024,222.908024,51.091976,222.908024,222.908024,true,false,0
Dongsi,8,B0,1,1,147.0,147.0,127.0,147.0,147.0,true,false,0
Dongsi,8,B0,6,1,137.0,137.0,137.0,137.0,137.0,true,false,0
Dongsi,8,B0,12,1,192.0,192.0,82.0,192.0,192.0,true,false,0
Dongsi,8,B0,24,1,248.0,248.0,26.0,248.0,248.0,true,false,0
Dongsi,9,B3_R2,1,3,27.740835,9.060415,290.391754,4.608246,4.608246,true,false,2
Dongsi,9,B3_R2,6,3,127.518611,127.518611,157.729736,137.270264,137.270264,true,false,0
Dongsi,9,B3_R2,12,3,193.676608,193.676608,90.470642,204.529358,204.529358,true,false,0
Dongsi,9,B3_R2,24,3,232.85363,232.85363,44.266563,250.733437,250.733437,true,false,0
Dongsi,9,GRU_R1,1,3,68.649699,68.649699,226.578568,68.421432,68.421432,true,false,0
Dongsi,9,GRU_R1,6,3,130.959345,130.959345,148.976837,146.023163,146.023163,true,false,0
Dongsi,9,GRU_R1,12,3,175.253431,175.253431,107.894615,187.105385,187.105385,true,false,0
Dongsi,9,GRU_R1,24,3,189.019201,189.019201,90.559311,204.440689,204.440689,true,false,0
Dongsi,9,B0,1,3,32.333333,12.333333,285.0,10.0,10.0,true,false,2
Dongsi,9,B0,6,3,129.0,129.0,150.0,145.0,145.0,true,false,0
Dongsi,9,B0,12,3,171.333333,171.333333,113.0,182.0,182.0,true,false,0
Dongsi,9,B0,24,3,189.0,189.0,90.0,205.0,205.0,true,false,0
Dongsi,10,B3_R2,1,8,8.865042,2.527166,272.467255,7.532745,7.532745,true,false,7
Dongsi,10,B3_R2,6,8,83.761333,83.761333,170.539917,109.460083,109.460083,true,false,0
Dongsi,10,B3_R2,12,8,139.472276,139.472276,147.231567,132.768433,132.768433,true,false,0
Dongsi,10,B3_R2,24,8,199.772466,199.772466,56.112511,223.887489,223.887489,true,false,0
Dongsi,10,GRU_R1,1,8,18.672874,15.552681,261.398621,18.601379,18.601379,true,false,5
Dongsi,10,GRU_R1,6,8,88.13707,88.13707,176.68335,103.31665,103.31665,true,false,0
Dongsi,10,GRU_R1,12,8,134.555372,134.555372,137.336823,142.663177,142.663177,true,false,0
Dongsi,10,GRU_R1,24,8,198.024436,198.024436,61.705093,218.294907,218.294907,true,false,0
Dongsi,10,B0,1,8,10.25,2.0,271.0,9.0,9.0,true,false,7
Dongsi,10,B0,6,8,40.125,39.125,212.0,68.0,68.0,true,false,2
Dongsi,10,B0,12,8,81.0,81.0,213.0,67.0,67.0,true,false,0
Dongsi,10,B0,24,8,219.375,219.375,34.0,246.0,246.0,true,false,0
Dongsi,11,B3_R2,1,5,14.027936,5.433319,281.238953,6.761047,6.761047,true,false,4
Dongsi,11,B3_R2,6,5,93.796402,93.796402,173.15271,114.84729,114.84729,true,false,0
Dongsi,11,B3_R2,12,5,112.911255,112.911255,150.68869,137.31131,137.31131,true,false,0
Dongsi,11,B3_R2,24,5,182.454855,182.454855,83.348015,204.651985,204.651985,true,false,0
Dongsi,11,GRU_R1,1,5,44.054666,44.054666,244.863922,43.136078,43.136078,true,false,2
Dongsi,11,GRU_R1,6,5,93.591434,93.591434,175.196243,112.803757,112.803757,true,false,0
Dongsi,11,GRU_R1,12,5,139.486931,139.486931,136.61261,151.38739,151.38739,true,false,0
Dongsi,11,GRU_R1,24,5,141.302071,141.302071,114.618149,173.381851,173.381851,true,false,0
Dongsi,11,B0,1,5,14.4,4.4,285.0,3.0,3.0,true,false,4
Dongsi,11,B0,6,5,54.8,54.8,222.0,66.0,66.0,true,false,0
Dongsi,11,B0,12,5,89.2,89.2,172.0,116.0,116.0,true,false,0
Dongsi,11,B0,24,5,104.6,104.6,141.0,147.0,147.0,true,false,0
Dongsi,12,B3_R2,1,2,41.136787,41.136787,285.212677,33.787323,33.787323,true,false,1
Dongsi,12,B3_R2,6,2,104.64502,104.64502,181.520096,137.479904,137.479904,true,false,0
Dongsi,12,B3_R2,12,2,163.121346,163.121346,137.540543,181.459457,181.459457,true,false,0
Dongsi,12,B3_R2,24,2,206.974697,206.974697,94.094444,224.905556,224.905556,true,false,0
Dongsi,12,GRU_R1,1,2,65.264175,65.264175,245.582703,73.417297,73.417297,true,false,1
Dongsi,12,GRU_R1,6,2,70.572998,70.572998,233.261475,85.738525,85.738525,true,false,0
Dongsi,12,GRU_R1,12,2,123.872627,123.872627,173.08287,145.91713,145.91713,true,false,0
Dongsi,12,GRU_R1,24,2,178.301952,178.301952,121.466614,197.533386,197.533386,true,false,0
Dongsi,12,B0,1,2,43.5,43.5,280.0,39.0,39.0,true,false,1
Dongsi,12,B0,6,2,19.5,19.5,285.0,34.0,34.0,true,true,2
Dongsi,12,B0,12,2,85.5,85.5,217.0,102.0,102.0,true,false,0
Dongsi,12,B0,24,2,113.0,113.0,181.0,138.0,138.0,true,false,0
Dongsi,13,B3_R2,1,4,136.04269,136.04269,274.482666,133.517334,133.517334,true,false,2
Dongsi,13,B3_R2,6,4,277.787455,277.787455,86.459557,321.540443,321.540443,true,false,0
Dongsi,13,B3_R2,12,4,292.013546,292.013546,72.480881,335.519119,335.519119,true,false,0
Dongsi,13,B3_R2,24,4,298.910563,298.910563,60.020412,347.979588,347.979588,true,false,0
Dongsi,13,GRU_R1,1,4,233.695108,233.695108,136.380997,271.619003,271.619003,true,false,0
Dongsi,13,GRU_R1,6,4,272.594511,272.594511,93.776627,314.223373,314.223373,true,false,0
Dongsi,13,GRU_R1,12,4,297.839237,297.839237,66.408646,341.591354,341.591354,true,false,0
Dongsi,13,GRU_R1,24,4,299.549823,299.549823,51.788113,356.211887,356.211887,true,false,0
Dongsi,13,B0,1,4,73.0,26.5,402.0,6.0,6.0,true,false,3
Dongsi,13,B0,6,4,270.25,270.25,103.0,305.0,305.0,true,false,0
Dongsi,13,B0,12,4,299.75,299.75,68.0,340.0,340.0,true,false,0
Dongsi,13,B0,24,4,317.75,317.75,31.0,377.0,377.0,true,false,0
Dongsi,14,B3_R2,1,1,83.051697,83.051697,209.948303,83.051697,83.051697,true,false,0
Dongsi,14,B3_R2,6,1,160.503677,160.503677,132.496323,160.503677,160.503677,true,false,0
Dongsi,14,B3_R2,12,1,184.907936,184.907936,108.092064,184.907936,184.907936,true,false,0
Dongsi,14,B3_R2,24,1,217.752815,217.752815,75.247185,217.752815,217.752815,true,false,0
Dongsi,14,GRU_R1,1,1,106.138763,106.138763,186.861237,106.138763,106.138763,true,false,0
Dongsi,14,GRU_R1,6,1,109.462494,109.462494,183.537506,109.462494,109.462494,true,false,0
Dongsi,14,GRU_R1,12,1,148.379395,148.379395,144.620605,148.379395,148.379395,true,false,0
Dongsi,14,GRU_R1,24,1,195.486275,195.486275,97.513725,195.486275,195.486275,true,false,0
Dongsi,14,B0,1,1,53.0,53.0,240.0,53.0,53.0,true,false,0
Dongsi,14,B0,6,1,117.0,117.0,176.0,117.0,117.0,true,false,0
Dongsi,14,B0,12,1,93.0,93.0,200.0,93.0,93.0,true,false,0
Dongsi,14,B0,24,1,192.0,192.0,101.0,192.0,192.0,true,false,0
Dongsi,15,B3_R2,1,3,31.223104,19.935791,197.261658,76.738342,76.738342,true,false,2
Dongsi,15,B3_R2,6,3,136.381134,136.381134,128.073853,145.926147,145.926147,true,false,0
Dongsi,15,B3_R2,12,3,166.93055,166.93055,95.743446,178.256554,178.256554,true,false,0
Dongsi,15,B3_R2,24,3,186.591128,186.591128,81.012428,192.987572,192.987572,true,false,0
Dongsi,15,GRU_R1,1,3,59.828883,59.828883,183.849731,90.150269,90.150269,true,false,0
Dongsi,15,GRU_R1,6,3,131.774089,131.774089,132.110077,141.889923,141.889923,true,false,0
Dongsi,15,GRU_R1,12,3,163.943995,163.943995,98.487068,175.512932,175.512932,true,false,0
Dongsi,15,GRU_R1,24,3,175.04673,175.04673,96.611481,177.388519,177.388519,true,false,0
Dongsi,15,B0,1,3,33.0,25.0,187.0,87.0,87.0,true,false,2
Dongsi,15,B0,6,3,122.0,122.0,132.0,142.0,142.0,true,false,0
Dongsi,15,B0,12,3,164.0,164.0,84.0,190.0,190.0,true,false,0
Dongsi,15,B0,24,3,191.0,191.0,81.0,193.0,193.0,true,false,0
Dongsi,16,B3_R2,1,4,9.254898,8.080368,242.989761,19.010239,19.010239,true,false,1
Dongsi,16,B3_R2,6,4,83.021412,83.021412,164.88916,97.11084,97.11084,true,false,0
Dongsi,16,B3_R2,12,4,161.520412,161.520412,91.836975,170.163025,170.163025,true,false,0
Dongsi,16,B3_R2,24,4,157.939503,157.939503,99.615135,162.384865,162.384865,true,false,0
Dongsi,16,GRU_R1,1,4,55.8475,55.8475,192.535599,69.464401,69.464401,true,false,0
Dongsi,16,GRU_R1,6,4,71.655403,71.655403,186.045959,75.954041,75.954041,true,false,0
Dongsi,16,GRU_R1,12,4,118.410175,118.410175,134.487152,127.512848,127.512848,true,false,0
Dongsi,16,GRU_R1,24,4,141.264818,141.264818,155.922714,106.077286,106.077286,true,false,0
Dongsi,16,B0,1,4,8.75,0.75,247.0,15.0,15.0,true,false,3
Dongsi,16,B0,6,4,39.75,39.75,215.0,47.0,47.0,true,false,0
Dongsi,16,B0,12,4,115.0,115.0,128.0,134.0,134.0,true,false,0
Dongsi,16,B0,24,4,109.25,109.25,196.0,66.0,66.0,true,false,0
Dongsi,17,B3_R2,1,1,60.765411,60.765411,192.234589,60.765411,60.765411,true,false,0
Dongsi,17,B3_R2,6,1,167.282249,167.282249,85.717751,167.282249,167.282249,true,false,0
Dongsi,17,B3_R2,12,1,94.656754,94.656754,158.343246,94.656754,94.656754,true,false,0
Dongsi,17,B3_R2,24,1,11.220779,11.220779,241.779221,11.220779,11.220779,true,false,0
Dongsi,17,GRU_R1,1,1,67.816833,67.816833,185.183167,67.816833,67.816833,true,false,0
Dongsi,17,GRU_R1,6,1,138.969551,138.969551,114.030449,138.969551,138.969551,true,false,0
Dongsi,17,GRU_R1,12,1,60.476974,60.476974,192.523026,60.476974,60.476974,true,false,0
Dongsi,17,GRU_R1,24,1,93.782394,93.782394,159.217606,93.782394,93.782394,true,false,0
Dongsi,17,B0,1,1,72.0,72.0,181.0,72.0,72.0,true,false,0
Dongsi,17,B0,6,1,106.0,106.0,147.0,106.0,106.0,true,false,0
Dongsi,17,B0,12,1,71.0,71.0,182.0,71.0,71.0,true,false,0
Dongsi,17,B0,24,1,126.0,126.0,127.0,126.0,126.0,true,false,0
Dongsi,18,B3_R2,1,3,15.152608,1.177795,265.320679,12.679321,12.679321,true,false,2
Dongsi,18,B3_R2,6,3,95.598969,95.598969,171.747986,106.252014,106.252014,true,false,0
Dongsi,18,B3_R2,12,3,100.103577,100.103577,163.958618,114.041382,114.041382,true,false,0
Dongsi,18,B3_R2,24,3,90.103124,90.103124,174.988419,103.011581,103.011581,true,false,0
Dongsi,18,GRU_R1,1,3,34.573934,34.573934,232.477966,45.522034,45.522034,true,false,1
Dongsi,18,GRU_R1,6,3,122.634099,122.634099,139.67038,138.32962,138.32962,true,false,0
Dongsi,18,GRU_R1,12,3,129.002907,129.002907,132.560074,145.439926,145.439926,true,false,0
Dongsi,18,GRU_R1,24,3,87.485062,87.485062,200.473724,77.526276,77.526276,true,false,0
Dongsi,18,B0,1,3,20.666667,12.666667,254.0,24.0,24.0,true,false,2
Dongsi,18,B0,6,3,87.333333,87.333333,176.0,102.0,102.0,true,false,0
Dongsi,18,B0,12,3,80.333333,80.333333,186.0,92.0,92.0,true,false,0
Dongsi,18,B0,24,3,46.0,46.0,253.0,25.0,25.0,true,false,1
Dongsi,19,B3_R2,1,9,14.043535,3.202905,310.370972,1.629028,1.629028,true,false,8
Dongsi,19,B3_R2,6,9,56.562839,56.562839,248.391449,63.608551,63.608551,true,false,1
Dongsi,19,B3_R2,12,9,127.427994,127.427994,171.211395,140.788605,140.788605,true,false,0
Dongsi,19,B3_R2,24,9,186.375134,186.375134,93.432343,218.567657,218.567657,true,false,0
Dongsi,19,GRU_R1,1,9,14.312212,6.713484,293.501465,18.498535,18.498535,true,false,8
Dongsi,19,GRU_R1,6,9,62.476464,56.711992,253.0327,58.9673,58.9673,true,false,3
Dongsi,19,GRU_R1,12,9,108.994459,108.994459,194.914612,117.085388,117.085388,true,false,0
Dongsi,19,GRU_R1,24,9,143.107188,143.107188,138.219574,173.780426,173.780426,true,false,0
Dongsi,19,B0,1,9,18.444444,4.222222,311.0,1.0,1.0,true,false,8
Dongsi,19,B0,6,9,70.333333,62.777778,252.0,60.0,60.0,true,false,3
Dongsi,19,B0,12,9,123.333333,123.333333,187.0,125.0,125.0,true,false,0
Dongsi,19,B0,24,9,163.333333,163.333333,123.0,189.0,189.0,true,false,0
Dongsi,20,B3_R2,1,2,10.521095,10.521095,271.133698,3.866302,3.866302,true,true,2
Dongsi,20,B3_R2,6,2,48.334465,48.334465,228.071899,46.928101,46.928101,true,false,0
Dongsi,20,B3_R2,12,2,79.792915,79.792915,197.633408,77.366592,77.366592,true,false,0
Dongsi,20,B3_R2,24,2,184.671062,184.671062,92.563934,182.436066,182.436066,true,false,0
Dongsi,20,GRU_R1,1,2,13.129822,13.129822,268.147705,6.852295,6.852295,true,true,2
Dongsi,20,GRU_R1,6,2,41.707802,41.707802,231.115555,43.884445,43.884445,true,false,0
Dongsi,20,GRU_R1,12,2,21.900734,21.900734,249.184784,25.815216,25.815216,true,true,2
Dongsi,20,GRU_R1,24,2,122.90799,122.90799,147.913071,127.086929,127.086929,true,false,0
Dongsi,20,B0,1,2,15.5,15.5,270.0,5.0,5.0,true,false,1
Dongsi,20,B0,6,2,29.5,29.5,238.0,37.0,37.0,true,true,1
Dongsi,20,B0,12,2,11.0,-11.0,285.0,-10.0,10.0,false,true,2
Dongsi,20,B0,24,2,135.0,135.0,141.0,134.0,134.0,true,false,0
Dongsi,21,B3_R2,1,2,64.133156,51.594063,226.272781,115.727219,115.727219,true,false,1
Dongsi,21,B3_R2,6,2,92.267075,92.267075,246.251587,95.748413,95.748413,true,true,2
Dongsi,21,B3_R2,12,2,135.123871,135.123871,208.829422,133.170578,133.170578,true,false,0
Dongsi,21,B3_R2,24,2,242.433983,242.433983,96.28154,245.71846,245.71846,true,false,0
Dongsi,21,GRU_R1,1,2,84.200142,84.200142,223.961685,118.038315,118.038315,true,false,1
Dongsi,21,GRU_R1,6,2,85.814819,85.814819,245.832367,96.167633,96.167633,true,true,2
Dongsi,21,GRU_R1,12,2,111.961418,111.961418,231.953766,110.046234,110.046234,true,false,0
Dongsi,21,GRU_R1,24,2,164.564934,164.564934,174.053284,167.946716,167.946716,true,false,0
Dongsi,21,B0,1,2,61.5,56.5,224.0,118.0,118.0,true,false,1
Dongsi,21,B0,6,2,82.5,82.5,244.0,98.0,98.0,true,false,1
Dongsi,21,B0,12,2,79.0,79.0,273.0,69.0,69.0,true,true,2
Dongsi,21,B0,24,2,151.5,151.5,186.0,156.0,156.0,true,false,0
Dongsi,22,B3_R2,1,4,38.644161,3.772991,231.413132,68.586868,68.586868,true,false,3
Dongsi,22,B3_R2,6,4,27.667534,-16.849312,324.635681,-24.635681,24.635681,false,true,4
Dongsi,22,B3_R2,12,4,56.202759,56.202759,201.796143,98.203857,98.203857,true,false,0
Dongsi,22,B3_R2,24,4,120.39127,120.39127,137.74855,162.25145,162.25145,true,false,0
Dongsi,22,GRU_R1,1,4,36.010693,22.820965,224.322235,75.677765,75.677765,true,false,2
Dongsi,22,GRU_R1,6,4,31.678902,19.483894,275.599091,24.400909,24.400909,true,true,2
Dongsi,22,GRU_R1,12,4,32.290596,25.967842,242.642426,57.357574,57.357574,true,false,2
Dongsi,22,GRU_R1,24,4,17.288216,6.283028,256.750946,43.249054,43.249054,true,true,4
Dongsi,22,B0,1,4,40.25,12.75,219.0,81.0,81.0,true,false,3
Dongsi,22,B0,6,4,53.25,-13.75,342.0,-42.0,42.0,false,true,2
Dongsi,22,B0,12,4,26.0,2.0,244.0,56.0,56.0,true,false,3
Dongsi,22,B0,24,4,32.75,-14.75,264.0,36.0,36.0,true,true,4
Dongsi,23,B3_R2,1,4,30.110935,21.954594,265.006744,17.993256,17.993256,true,false,3
Dongsi,23,B3_R2,6,4,45.041409,45.041409,237.013474,45.986526,45.986526,true,false,0
Dongsi,23,B3_R2,12,4,60.965256,60.965256,205.607559,77.392441,77.392441,true,false,0
Dongsi,23,B3_R2,24,4,119.318069,119.318069,145.579514,137.420486,137.420486,true,false,0
Dongsi,23,GRU_R1,1,4,30.2612,30.2612,247.718079,35.281921,35.281921,true,false,3
Dongsi,23,GRU_R1,6,4,43.02092,43.02092,238.178162,44.821838,44.821838,true,false,0
Dongsi,23,GRU_R1,12,4,51.711987,51.711987,212.011383,70.988617,70.988617,true,true,1
Dongsi,23,GRU_R1,24,4,45.840218,45.840218,224.123138,58.876862,58.876862,true,false,0
Dongsi,23,B0,1,4,26.75,16.75,273.0,10.0,10.0,true,false,3
Dongsi,23,B0,6,4,17.5,17.5,270.0,13.0,13.0,true,true,3
Dongsi,23,B0,12,4,60.25,21.25,216.0,67.0,67.0,true,true,1
Dongsi,23,B0,24,4,28.25,28.25,235.0,48.0,48.0,true,true,1
Dongsi,24,B3_R2,1,18,10.193371,5.281709,306.878754,9.121246,9.121246,true,false,17
Dongsi,24,B3_R2,6,18,52.484584,52.484584,215.46756,100.53244,100.53244,true,false,7
Dongsi,24,B3_R2,12,18,144.505279,144.505279,105.481018,210.518982,210.518982,true,false,0
Dongsi,24,B3_R2,24,18,203.582127,203.582127,71.157097,244.842903,244.842903,true,false,0
Dongsi,24,GRU_R1,1,18,17.619842,17.410474,283.785278,32.214722,32.214722,true,true,18
Dongsi,24,GRU_R1,6,18,39.164853,39.164853,248.057739,67.942261,67.942261,true,false,13
Dongsi,24,GRU_R1,12,18,72.556982,72.556982,198.564941,117.435059,117.435059,true,false,6
Dongsi,24,GRU_R1,24,18,134.149757,134.149757,137.000473,178.999527,178.999527,true,false,0
Dongsi,24,B0,1,18,11.333333,2.111111,315.0,1.0,1.0,true,false,17
Dongsi,24,B0,6,18,36.555556,25.111111,229.0,87.0,87.0,true,false,12
Dongsi,24,B0,12,18,65.222222,55.777778,213.0,103.0,103.0,true,false,6
Dongsi,24,B0,24,18,114.333333,114.333333,153.0,163.0,163.0,true,false,0
Dongsi,25,B3_R2,1,27,17.71721,3.760525,316.355164,28.644836,28.644836,true,true,27
Dongsi,25,B3_R2,6,27,58.889177,56.97816,235.567337,109.432663,109.432663,true,false,12
Dongsi,25,B3_R2,12,27,130.39463,130.39463,134.617172,210.382828,210.382828,true,false,0
Dongsi,25,B3_R2,24,27,176.778796,176.778796,66.84729,278.15271,278.15271,true,false,0
Dongsi,25,GRU_R1,1,27,18.33219,13.016806,300.705444,44.294556,44.294556,true,true,27
Dongsi,25,GRU_R1,6,27,50.437275,47.566572,243.828033,101.171967,101.171967,true,false,19
Dongsi,25,GRU_R1,12,27,82.915418,82.088089,254.420456,90.579544,90.579544,true,false,12
Dongsi,25,GRU_R1,24,27,128.446827,128.446827,216.710922,128.289078,128.289078,true,false,1
Dongsi,25,B0,1,27,16.37037,0.222222,313.0,32.0,32.0,true,false,26
Dongsi,25,B0,6,27,50.407407,31.074074,249.0,96.0,96.0,true,false,21
Dongsi,25,B0,12,27,73.666667,56.037037,293.0,52.0,52.0,true,false,15
Dongsi,25,B0,24,27,120.777778,118.333333,241.0,104.0,104.0,true,false,3
Dongsi,26,B3_R2,1,2,4.208817,4.208817,253.979095,4.020905,4.020905,true,true,2
Dongsi,26,B3_R2,6,2,57.165314,-57.165314,306.822845,-48.822845,48.822845,false,true,2
Dongsi,26,B3_R2,12,2,88.808754,88.808754,154.890945,103.109055,103.109055,true,false,0
Dongsi,26,B3_R2,24,2,137.948662,137.948662,116.954315,141.045685,141.045685,true,false,0
Dongsi,26,GRU_R1,1,2,12.113541,12.113541,243.637482,14.362518,14.362518,true,false,0
Dongsi,26,GRU_R1,6,2,38.271103,-38.271103,287.603912,-29.603912,29.603912,false,true,2
Dongsi,26,GRU_R1,12,2,12.281364,12.281364,241.714157,16.285843,16.285843,true,false,0
Dongsi,26,GRU_R1,24,2,4.636383,-4.636383,261.33374,-3.33374,3.33374,false,true,2
Dongsi,26,B0,1,2,8.0,8.0,249.0,9.0,9.0,true,false,1
Dongsi,26,B0,6,2,91.0,-91.0,344.0,-86.0,86.0,false,true,2
Dongsi,26,B0,12,2,4.0,-4.0,266.0,-8.0,8.0,false,true,2
Dongsi,26,B0,24,2,55.5,-55.5,313.0,-55.0,55.0,false,true,2
Dongsi,27,B3_R2,1,3,11.407583,5.995982,249.046524,10.953476,10.953476,true,false,2
Dongsi,27,B3_R2,6,3,11.754934,4.738047,248.518997,11.481003,11.481003,true,true,2
Dongsi,27,B3_R2,12,3,64.469025,64.469025,191.644531,68.355469,68.355469,true,false,0
Dongsi,27,B3_R2,24,3,135.498166,135.498166,121.526176,138.473824,138.473824,true,false,0
Dongsi,27,GRU_R1,1,3,16.821691,16.821691,234.868469,25.131531,25.131531,true,false,0
Dongsi,27,GRU_R1,6,3,32.662028,32.662028,221.392258,38.607742,38.607742,true,false,0
Dongsi,27,GRU_R1,12,3,24.447937,-24.447937,280.86438,-20.86438,20.86438,false,true,3
Dongsi,27,GRU_R1,24,3,5.164169,-0.498998,254.052292,5.947708,5.947708,true,true,3
Dongsi,27,B0,1,3,12.666667,6.666667,247.0,13.0,13.0,true,false,2
Dongsi,27,B0,6,3,7.666667,7.666667,242.0,18.0,18.0,true,false,1
Dongsi,27,B0,12,3,65.666667,-65.666667,313.0,-53.0,53.0,false,true,3
Dongsi,27,B0,24,3,36.333333,-36.333333,286.0,-26.0,26.0,false,true,3
Dongsi,28,B3_R2,1,2,5.799271,-5.799271,255.319763,-2.319763,2.319763,false,true,2
Dongsi,28,B3_R2,6,2,85.481392,85.481392,157.523804,95.476196,95.476196,true,false,0
Dongsi,28,B3_R2,12,2,173.666561,173.666561,80.952667,172.047333,172.047333,true,false,0
Dongsi,28,B3_R2,24,2,190.548965,190.548965,62.809669,190.190331,190.190331,true,false,0
Dongsi,28,GRU_R1,1,2,11.23954,11.23954,232.303757,20.696243,20.696243,true,false,1
Dongsi,28,GRU_R1,6,2,72.819122,72.819122,172.618774,80.381226,80.381226,true,false,0
Dongsi,28,GRU_R1,12,2,84.450737,84.450737,160.005493,92.994507,92.994507,true,false,0
Dongsi,28,GRU_R1,24,2,131.584362,131.584362,114.304977,138.695023,138.695023,true,false,0
Dongsi,28,B0,1,2,8.5,1.5,243.0,10.0,10.0,true,false,1
Dongsi,28,B0,6,2,68.5,68.5,178.0,75.0,75.0,true,false,0
Dongsi,28,B0,12,2,71.0,71.0,178.0,75.0,75.0,true,false,0
Dongsi,28,B0,24,2,166.0,166.0,79.0,174.0,174.0,true,false,0
Dongsi,29,B3_R2,1,2,77.564835,77.564835,161.559952,90.440048,90.440048,true,false,0
Dongsi,29,B3_R2,6,2,202.589151,202.589151,45.675262,206.324738,206.324738,true,false,0
Dongsi,29,B3_R2,12,2,211.433022,211.433022,42.541073,209.458927,209.458927,true,false,0
Dongsi,29,B3_R2,24,2,138.929195,138.929195,108.950623,143.049377,143.049377,true,false,0
Dongsi,29,GRU_R1,1,2,61.69474,61.69474,176.041794,75.958206,75.958206,true,false,0
Dongsi,29,GRU_R1,6,2,204.729065,204.729065,46.639416,205.360584,205.360584,true,false,0
Dongsi,29,GRU_R1,12,2,190.310694,190.310694,75.450287,176.549713,176.549713,true,false,0
Dongsi,29,GRU_R1,24,2,71.304871,71.304871,189.519104,62.480896,62.480896,true,false,0
Dongsi,29,B0,1,2,15.0,14.0,223.0,29.0,29.0,true,false,1
Dongsi,29,B0,6,2,221.0,221.0,29.0,223.0,223.0,true,false,0
Dongsi,29,B0,12,2,134.5,134.5,153.0,99.0,99.0,true,false,0
Dongsi,29,B0,24,2,45.5,45.5,215.0,37.0,37.0,true,false,0
Dongsi,30,B3_R2,1,18,26.624439,12.854457,360.920105,18.079895,18.079895,true,false,17
Dongsi,30,B3_R2,6,18,84.412572,81.747279,261.358887,117.641113,117.641113,true,false,9
Dongsi,30,B3_R2,12,18,142.014336,142.014336,197.298477,181.701523,181.701523,true,false,0
Dongsi,30,B3_R2,24,18,195.934825,195.934825,129.629196,249.370804,249.370804,true,false,0
Dongsi,30,GRU_R1,1,18,40.804178,36.345818,324.274017,54.725983,54.725983,true,false,15
Dongsi,30,GRU_R1,6,18,91.428112,88.427294,263.726196,115.273804,115.273804,true,false,9
Dongsi,30,GRU_R1,12,18,142.626514,142.626514,142.490005,236.509995,236.509995,true,false,3
Dongsi,30,GRU_R1,24,18,170.427807,170.427807,169.46315,209.53685,209.53685,true,false,0
Dongsi,30,B0,1,18,27.222222,7.333333,369.0,10.0,10.0,true,false,17
Dongsi,30,B0,6,18,98.944444,60.611111,298.0,81.0,81.0,true,false,12
Dongsi,30,B0,12,18,149.611111,139.055556,109.0,270.0,270.0,true,false,6
Dongsi,30,B0,24,18,170.277778,170.277778,202.0,177.0,177.0,true,false,0
Dongsi,31,B3_R2,1,3,89.583379,89.583379,141.393936,158.606064,158.606064,true,false,0
Dongsi,31,B3_R2,6,3,29.986252,24.960403,247.480209,52.519791,52.519791,true,true,2
Dongsi,31,B3_R2,12,3,100.503448,100.503448,177.038803,122.961197,122.961197,true,false,0
Dongsi,31,B3_R2,24,3,190.669668,190.669668,84.68145,215.31855,215.31855,true,false,0
Dongsi,31,GRU_R1,1,3,66.032237,59.090627,154.861816,145.138184,145.138184,true,false,1
Dongsi,31,GRU_R1,6,3,23.058146,0.632161,264.464539,35.535461,35.535461,true,true,3
Dongsi,31,GRU_R1,12,3,30.496155,9.326192,289.014526,10.985474,10.985474,true,true,2
Dongsi,31,GRU_R1,24,3,135.25679,135.25679,130.233307,169.766693,169.766693,true,false,0
Dongsi,31,B0,1,3,50.0,13.333333,220.0,80.0,80.0,true,false,2
Dongsi,31,B0,6,3,36.0,-32.0,294.0,6.0,6.0,true,true,3
Dongsi,31,B0,12,3,64.333333,-64.333333,379.0,-79.0,79.0,false,true,3
Dongsi,31,B0,24,3,154.666667,154.666667,109.0,191.0,191.0,true,false,0
Dongsi,32,B3_R2,1,10,17.784775,14.855142,372.422302,9.577698,9.577698,true,false,9
Dongsi,32,B3_R2,6,10,106.227161,106.227161,280.281189,101.718811,101.718811,true,false,6
Dongsi,32,B3_R2,12,10,134.003716,134.003716,128.065704,253.934296,253.934296,true,false,0
Dongsi,32,B3_R2,24,10,216.805425,216.805425,105.649536,276.350464,276.350464,true,false,0
Dongsi,32,GRU_R1,1,10,38.824345,38.402727,320.032684,61.967316,61.967316,true,false,9
Dongsi,32,GRU_R1,6,10,91.745354,91.745354,274.523865,107.476135,107.476135,true,true,6
Dongsi,32,GRU_R1,12,10,88.224564,88.224564,135.97406,246.02594,246.02594,true,true,6
Dongsi,32,GRU_R1,24,10,69.536613,69.536613,294.178467,87.821533,87.821533,true,false,8
Dongsi,32,B0,1,10,20.8,14.0,372.0,10.0,10.0,true,false,9
Dongsi,32,B0,6,10,73.1,59.9,285.0,97.0,97.0,true,true,8
Dongsi,32,B0,12,10,53.4,31.6,220.0,162.0,162.0,true,true,9
Dongsi,32,B0,24,10,21.0,11.4,369.0,13.0,13.0,true,false,9
Dongsi,33,B3_R2,1,3,9.598134,5.134898,258.882355,2.117645,2.117645,true,false,2
Dongsi,33,B3_R2,6,3,93.425674,93.425674,154.864899,106.135101,106.135101,true,false,0
Dongsi,33,B3_R2,12,3,134.042585,134.042585,119.100632,141.899368,141.899368,true,false,0
Dongsi,33,B3_R2,24,3,95.003306,95.003306,162.695496,98.304504,98.304504,true,false,0
Dongsi,33,GRU_R1,1,3,21.433914,21.433914,237.325394,23.674606,23.674606,true,false,1
Dongsi,33,GRU_R1,6,3,118.661888,118.661888,130.97197,130.02803,130.02803,true,false,0
Dongsi,33,GRU_R1,12,3,174.611623,174.611623,77.697205,183.302795,183.302795,true,false,0
Dongsi,33,GRU_R1,24,3,132.410906,132.410906,127.347076,133.652924,133.652924,true,false,0
Dongsi,33,B0,1,3,14.0,14.0,247.0,14.0,14.0,true,false,2
Dongsi,33,B0,6,3,154.666667,154.666667,94.0,167.0,167.0,true,false,0
Dongsi,33,B0,12,3,228.666667,228.666667,24.0,237.0,237.0,true,false,0
Dongsi,33,B0,24,3,132.666667,132.666667,127.0,134.0,134.0,true,false,0
Dongsi,34,B3_R2,1,20,27.786433,9.520357,507.817505,50.182495,50.182495,true,false,19
Dongsi,34,B3_R2,6,20,166.309752,163.940343,321.048706,236.951294,236.951294,true,false,15
Dongsi,34,B3_R2,12,20,230.304195,230.304195,217.788925,340.211075,340.211075,true,false,2
Dongsi,34,B3_R2,24,20,282.586618,282.586618,169.516251,388.483749,388.483749,true,false,0
Dongsi,34,GRU_R1,1,20,102.886871,98.394958,357.104309,200.895691,200.895691,true,false,19
Dongsi,34,GRU_R1,6,20,168.835575,161.462656,317.657776,240.342224,240.342224,true,false,14
Dongsi,34,GRU_R1,12,20,228.761465,224.842923,185.118713,372.881287,372.881287,true,false,7
Dongsi,34,GRU_R1,24,20,269.360339,269.360339,138.270294,419.729706,419.729706,true,false,0
Dongsi,34,B0,1,20,32.65,2.25,537.0,21.0,21.0,true,false,19
Dongsi,34,B0,6,20,162.4,80.7,400.0,158.0,158.0,true,false,14
Dongsi,34,B0,12,20,234.75,200.15,174.0,384.0,384.0,true,false,8
Dongsi,34,B0,24,20,269.5,269.5,155.0,403.0,403.0,true,false,3
Dongsi,35,B3_R2,1,4,32.662106,28.213192,284.079041,2.920959,2.920959,true,false,3
Dongsi,35,B3_R2,6,4,102.374126,102.374126,132.183823,154.816177,154.816177,true,false,0
Dongsi,35,B3_R2,12,4,37.004818,37.004818,224.259064,62.740936,62.740936,true,true,2
Dongsi,35,B3_R2,24,4,173.028255,173.028255,102.593674,184.406326,184.406326,true,false,0
Dongsi,35,GRU_R1,1,4,42.228485,42.228485,262.280579,24.719421,24.719421,true,false,2
Dongsi,35,GRU_R1,6,4,138.700336,138.700336,97.635948,189.364052,189.364052,true,false,0
Dongsi,35,GRU_R1,12,4,41.790977,-16.861305,288.905884,-1.905884,1.905884,false,true,3
Dongsi,35,GRU_R1,24,4,35.997253,-35.997253,312.10498,-25.10498,25.10498,false,true,4
Dongsi,35,B0,1,4,42.0,40.0,277.0,10.0,10.0,true,false,3
Dongsi,35,B0,6,4,153.0,153.0,84.0,203.0,203.0,true,false,0
Dongsi,35,B0,12,4,80.75,-72.75,324.0,-37.0,37.0,false,true,4
Dongsi,35,B0,24,4,153.5,-153.5,429.0,-142.0,142.0,false,true,4
Dongsi,36,B3_R2,1,5,7.829089,1.419214,259.15506,1.84494,1.84494,true,true,4
Dongsi,36,B3_R2,6,5,9.533322,9.533322,256.597534,4.402466,4.402466,true,true,3
Dongsi,36,B3_R2,12,5,27.465195,27.465195,248.6418,12.3582,12.3582,true,true,3
Dongsi,36,B3_R2,24,5,115.973367,115.973367,135.961288,125.038712,125.038712,true,false,0
Dongsi,36,GRU_R1,1,5,9.839679,-0.140826,250.768234,10.231766,10.231766,true,true,4
Dongsi,36,GRU_R1,6,5,34.296234,34.296234,234.260803,26.739197,26.739197,true,false,0
Dongsi,36,GRU_R1,12,5,51.365805,51.365805,210.392822,50.607178,50.607178,true,false,0
Dongsi,36,GRU_R1,24,5,130.587868,130.587868,119.122116,141.877884,141.877884,true,false,0
Dongsi,36,B0,1,5,9.8,3.4,256.0,5.0,5.0,true,false,4
Dongsi,36,B0,6,5,44.0,44.0,226.0,35.0,35.0,true,false,0
Dongsi,36,B0,12,5,30.6,30.6,228.0,33.0,33.0,true,false,0
Dongsi,36,B0,24,5,141.0,141.0,113.0,148.0,148.0,true,false,0
Dongsi,37,B3_R2,1,1,3.230591,-3.230591,253.230591,-3.230591,3.230591,false,true,1
Dongsi,37,B3_R2,6,1,55.080322,55.080322,194.919678,55.080322,55.080322,true,false,0
Dongsi,37,B3_R2,12,1,103.470459,103.470459,146.529541,103.470459,103.470459,true,false,0
Dongsi,37,B3_R2,24,1,181.819153,181.819153,68.180847,181.819153,181.819153,true,false,0
Dongsi,37,GRU_R1,1,1,31.087891,31.087891,218.912109,31.087891,31.087891,true,false,0
Dongsi,37,GRU_R1,6,1,33.523926,33.523926,216.476074,33.523926,33.523926,true,false,0
Dongsi,37,GRU_R1,12,1,22.479309,22.479309,227.520691,22.479309,22.479309,true,false,0
Dongsi,37,GRU_R1,24,1,54.166962,54.166962,195.833038,54.166962,54.166962,true,false,0
Dongsi,37,B0,1,1,7.0,7.0,243.0,7.0,7.0,true,false,0
Dongsi,37,B0,6,1,22.0,22.0,228.0,22.0,22.0,true,false,0
Dongsi,37,B0,12,1,11.0,-11.0,261.0,-11.0,11.0,false,true,1
Dongsi,37,B0,24,1,22.0,22.0,228.0,22.0,22.0,true,false,0
Dongsi,38,B3_R2,1,4,27.699337,24.097027,282.776886,2.223114,2.223114,true,false,3
Dongsi,38,B3_R2,6,4,82.84301,82.84301,222.501801,62.498199,62.498199,true,false,0
Dongsi,38,B3_R2,12,4,167.792984,167.792984,127.727539,157.272461,157.272461,true,false,0
Dongsi,38,B3_R2,24,4,200.92085,200.92085,83.857307,201.142693,201.142693,true,false,0
Dongsi,38,GRU_R1,1,4,85.26923,85.26923,247.763367,37.236633,37.236633,true,false,1
Dongsi,38,GRU_R1,6,4,105.294313,105.294313,178.438782,106.561218,106.561218,true,false,0
Dongsi,38,GRU_R1,12,4,207.074899,207.074899,95.515472,189.484528,189.484528,true,false,0
Dongsi,38,GRU_R1,24,4,224.131314,224.131314,70.008987,214.991013,214.991013,true,false,0
Dongsi,38,B0,1,4,31.75,30.25,281.0,4.0,4.0,true,false,3
Dongsi,38,B0,6,4,121.0,121.0,178.0,107.0,107.0,true,false,0
Dongsi,38,B0,12,4,252.0,252.0,40.0,245.0,245.0,true,false,0
Dongsi,38,B0,24,4,253.25,253.25,30.0,255.0,255.0,true,false,0
Dongsi,39,B3_R2,1,1,34.221115,34.221115,225.778885,34.221115,34.221115,true,false,0
Dongsi,39,B3_R2,6,1,11.584274,11.584274,248.415726,11.584274,11.584274,true,true,1
Dongsi,39,B3_R2,12,1,81.613068,81.613068,178.386932,81.613068,81.613068,true,false,0
Dongsi,39,B3_R2,24,1,101.087799,101.087799,158.912201,101.087799,101.087799,true,false,0
Dongsi,39,GRU_R1,1,1,52.775482,52.775482,207.224518,52.775482,52.775482,true,false,0
Dongsi,39,GRU_R1,6,1,52.612625,52.612625,207.387375,52.612625,52.612625,true,false,0
Dongsi,39,GRU_R1,12,1,89.321381,89.321381,170.678619,89.321381,89.321381,true,false,0
Dongsi,39,GRU_R1,24,1,105.644318,105.644318,154.355682,105.644318,105.644318,true,false,0
Dongsi,39,B0,1,1,34.0,34.0,226.0,34.0,34.0,true,false,0
Dongsi,39,B0,6,1,24.0,-24.0,284.0,-24.0,24.0,false,true,1
Dongsi,39,B0,12,1,105.0,105.0,155.0,105.0,105.0,true,false,0
Dongsi,39,B0,24,1,62.0,62.0,198.0,62.0,62.0,true,false,0
Dongsi,40,B3_R2,1,17,20.43411,1.602596,378.459137,22.540863,22.540863,true,false,16
Dongsi,40,B3_R2,6,17,83.533847,78.136253,299.454315,101.545685,101.545685,true,false,11
Dongsi,40,B3_R2,12,17,159.333267,159.333267,172.56076,228.43924,228.43924,true,false,0
Dongsi,40,B3_R2,24,17,225.120526,225.120526,130.94313,270.05687,270.05687,true,false,0
Dongsi,40,GRU_R1,1,17,37.926305,34.351074,326.97998,74.02002,74.02002,true,false,15
Dongsi,40,GRU_R1,6,17,99.008515,97.562269,260.731873,140.268127,140.268127,true,false,10
Dongsi,40,GRU_R1,12,17,157.851089,156.670361,122.199272,278.800728,278.800728,true,false,3
Dongsi,40,GRU_R1,24,17,183.903659,183.903659,195.011566,205.988434,205.988434,true,false,0
Dongsi,40,B0,1,17,28.0,3.176471,370.0,31.0,31.0,true,false,16
Dongsi,40,B0,6,17,100.294118,73.117647,279.0,122.0,122.0,true,false,11
Dongsi,40,B0,12,17,152.117647,138.823529,95.0,306.0,306.0,true,false,6
Dongsi,40,B0,24,17,143.058824,143.058824,284.0,117.0,117.0,true,false,5
Dongsi,41,B3_R2,1,12,20.46287,-0.048091,317.003265,11.996735,11.996735,true,true,12
Dongsi,41,B3_R2,6,12,43.010663,27.293872,244.066376,84.933624,84.933624,true,false,10
Dongsi,41,B3_R2,12,12,104.231715,104.231715,169.489777,159.510223,159.510223,true,false,0
Dongsi,41,B3_R2,24,12,186.872085,186.872085,109.970329,219.029671,219.029671,true,false,0
Dongsi,41,GRU_R1,1,12,24.812012,21.873591,301.42749,27.57251,27.57251,true,true,12
Dongsi,41,GRU_R1,6,12,56.42278,55.520487,226.334686,102.665314,102.665314,true,false,5
Dongsi,41,GRU_R1,12,12,95.312144,95.312144,214.342194,114.657806,114.657806,true,false,0
Dongsi,41,GRU_R1,24,12,24.374611,17.999311,248.274689,80.725311,80.725311,true,true,11
Dongsi,41,B0,1,12,21.416667,3.583333,326.0,3.0,3.0,true,false,11
Dongsi,41,B0,6,12,51.083333,41.583333,282.0,47.0,47.0,true,false,6
Dongsi,41,B0,12,12,88.25,88.25,213.0,116.0,116.0,true,false,0
Dongsi,41,B0,24,12,59.083333,-48.25,291.0,38.0,38.0,true,true,12
Dongsi,42,B3_R2,1,56,21.015895,7.702162,447.62558,46.37442,46.37442,true,true,56
Dongsi,42,B3_R2,6,56,96.951969,96.941842,285.142853,208.857147,208.857147,true,true,56
Dongsi,42,B3_R2,12,56,240.829932,240.829932,208.949783,285.050217,285.050217,true,false,0
Dongsi,42,B3_R2,24,56,346.293281,346.293281,70.149895,423.850105,423.850105,true,false,0
Dongsi,42,GRU_R1,1,56,82.979512,82.931584,334.288452,159.711548,159.711548,true,false,55
Dongsi,42,GRU_R1,6,56,110.349869,108.658469,233.098938,260.901062,260.901062,true,false,49
Dongsi,42,GRU_R1,12,56,138.21129,137.438776,168.869263,325.130737,325.130737,true,false,42
Dongsi,42,GRU_R1,24,56,149.169154,149.169154,226.654297,267.345703,267.345703,true,true,36
Dongsi,42,B0,1,56,23.178571,3.392857,457.0,37.0,37.0,true,false,55
Dongsi,42,B0,6,56,79.232143,22.982143,228.0,266.0,266.0,true,false,50
Dongsi,42,B0,12,56,98.678571,55.25,190.0,304.0,304.0,true,false,44
Dongsi,42,B0,24,56,103.267857,72.196429,264.0,230.0,230.0,true,true,43
Dongsi,43,B3_R2,1,8,49.658506,47.470984,412.262543,34.737457,34.737457,true,false,7
Dongsi,43,B3_R2,6,8,296.021834,296.021834,113.219757,333.780243,333.780243,true,false,0
Dongsi,43,B3_R2,12,8,323.440172,323.440172,71.860878,375.139122,375.139122,true,false,0
Dongsi,43,B3_R2,24,8,348.159419,348.159419,42.472656,404.527344,404.527344,true,false,0
Dongsi,43,GRU_R1,1,8,92.193123,92.193123,341.098267,105.901733,105.901733,true,false,6
Dongsi,43,GRU_R1,6,8,252.884333,252.884333,193.450531,253.549469,253.549469,true,false,1
Dongsi,43,GRU_R1,12,8,315.716431,315.716431,92.167305,354.832695,354.832695,true,false,0
Dongsi,43,GRU_R1,24,8,352.509398,352.509398,48.721844,398.278156,398.278156,true,false,0
Dongsi,43,B0,1,8,40.25,19.25,439.0,8.0,8.0,true,false,7
Dongsi,43,B0,6,8,259.875,251.625,212.0,235.0,235.0,true,false,2
Dongsi,43,B0,12,8,360.25,360.25,55.0,392.0,392.0,true,false,0
Dongsi,43,B0,24,8,385.625,385.625,11.0,436.0,436.0,true,false,0
Dongsi,44,B3_R2,1,16,34.711857,14.312504,347.647797,44.352203,44.352203,true,false,15
Dongsi,44,B3_R2,6,16,119.679886,119.679886,173.815308,218.184692,218.184692,true,false,5
Dongsi,44,B3_R2,12,16,168.824714,168.824714,201.076324,190.923676,190.923676,true,false,0
Dongsi,44,B3_R2,24,16,226.811846,226.811846,93.032944,298.967056,298.967056,true,false,0
Dongsi,44,GRU_R1,1,16,44.077675,39.000237,333.318726,58.681274,58.681274,true,true,16
Dongsi,44,GRU_R1,6,16,92.151262,91.980967,193.420227,198.579773,198.579773,true,false,11
Dongsi,44,GRU_R1,12,16,133.063589,130.419737,204.177155,187.822845,187.822845,true,true,5
Dongsi,44,GRU_R1,24,16,131.779044,131.779044,102.695084,289.304916,289.304916,true,false,7
Dongsi,44,B0,1,16,31.1875,1.3125,380.0,12.0,12.0,true,false,15
Dongsi,44,B0,6,16,98.0,69.375,148.0,244.0,244.0,true,false,10
Dongsi,44,B0,12,16,142.1875,107.9375,233.0,159.0,159.0,true,true,5
Dongsi,44,B0,24,16,132.6875,74.0625,61.0,331.0,331.0,true,false,8
Dongsi,45,B3_R2,1,39,30.416696,13.253438,505.941986,83.058014,83.058014,true,false,38
Dongsi,45,B3_R2,6,39,161.914253,161.914253,336.907471,252.092529,252.092529,true,false,33
Dongsi,45,B3_R2,12,39,288.845276,288.845276,174.563751,414.436249,414.436249,true,false,0
Dongsi,45,B3_R2,24,39,386.68132,386.68132,60.963604,528.036396,528.036396,true,false,0
Dongsi,45,GRU_R1,1,39,122.183312,122.183312,363.053955,225.946045,225.946045,true,false,38
Dongsi,45,GRU_R1,6,39,152.928132,151.493147,338.410004,250.589996,250.589996,true,true,34
Dongsi,45,GRU_R1,12,39,171.48141,171.047496,309.231445,279.768555,279.768555,true,true,34
Dongsi,45,GRU_R1,24,39,196.172889,196.172889,307.100647,281.899353,281.899353,true,false,29
Dongsi,45,B0,1,39,24.025641,4.897436,580.0,9.0,9.0,true,false,38
Dongsi,45,B0,6,39,92.615385,33.230769,470.0,119.0,119.0,true,true,35
Dongsi,45,B0,12,39,97.794872,59.846154,416.0,173.0,173.0,true,true,35
Dongsi,45,B0,24,39,126.076923,119.153846,406.0,183.0,183.0,true,false,31
Dongsi,46,B3_R2,1,6,67.957969,67.957969,266.09552,24.90448,24.90448,true,false,3
Dongsi,46,B3_R2,6,6,224.144308,224.144308,36.076809,254.923191,254.923191,true,false,0
Dongsi,46,B3_R2,12,6,150.782132,150.782132,142.445496,148.554504,148.554504,true,false,0
Dongsi,46,B3_R2,24,6,155.073265,155.073265,130.048904,160.951096,160.951096,true,false,0
Dongsi,46,GRU_R1,1,6,83.841516,81.73385,237.84024,53.15976,53.15976,true,false,1
Dongsi,46,GRU_R1,6,6,230.336277,230.336277,34.759056,256.240944,256.240944,true,false,0
Dongsi,46,GRU_R1,12,6,60.632108,26.443906,301.729889,-10.729889,10.729889,false,true,4
Dongsi,46,GRU_R1,24,6,54.159749,-54.159749,328.972321,-37.972321,37.972321,false,true,6
Dongsi,46,B0,1,6,58.833333,38.5,267.0,24.0,24.0,true,false,5
Dongsi,46,B0,6,6,237.666667,237.666667,24.0,267.0,267.0,true,false,0
Dongsi,46,B0,12,6,147.0,-81.666667,405.0,-114.0,114.0,false,true,4
Dongsi,46,B0,24,6,287.666667,-287.666667,589.0,-298.0,298.0,false,true,6
Dongsi,47,B3_R2,1,11,20.135013,5.540846,347.99942,14.00058,14.00058,true,true,11
Dongsi,47,B3_R2,6,11,128.419597,128.419597,180.626633,181.373367,181.373367,true,false,0
Dongsi,47,B3_R2,12,11,195.539537,195.539537,97.053726,264.946274,264.946274,true,false,0
Dongsi,47,B3_R2,24,11,199.308628,199.308628,113.444153,248.555847,248.555847,true,false,0
Dongsi,47,GRU_R1,1,11,26.061346,20.253817,314.886627,47.113373,47.113373,true,true,11
Dongsi,47,GRU_R1,6,11,87.804188,87.804188,241.318939,120.681061,120.681061,true,false,2
Dongsi,47,GRU_R1,12,11,133.596715,133.596715,151.568054,210.431946,210.431946,true,false,1
Dongsi,47,GRU_R1,24,11,150.54747,115.552508,67.059631,294.940369,294.940369,true,true,5
Dongsi,47,B0,1,11,22.090909,2.272727,353.0,9.0,9.0,true,false,10
Dongsi,47,B0,6,11,77.0,68.636364,262.0,100.0,100.0,true,true,6
Dongsi,47,B0,12,11,92.181818,87.454545,191.0,171.0,171.0,true,false,6
Dongsi,47,B0,24,11,213.909091,50.272727,72.0,290.0,290.0,true,true,5
Dongsi,48,B3_R2,1,19,77.513445,51.999105,522.439819,140.560181,140.560181,true,true,19
Dongsi,48,B3_R2,6,19,235.527533,230.214076,330.823914,332.176086,332.176086,true,false,13
Dongsi,48,B3_R2,12,19,344.950833,344.950833,91.726822,571.273178,571.273178,true,false,0
Dongsi,48,B3_R2,24,19,377.853177,377.853177,99.966354,563.033646,563.033646,true,false,0
Dongsi,48,GRU_R1,1,19,161.687058,152.87815,368.160034,294.839966,294.839966,true,true,19
Dongsi,48,GRU_R1,6,19,214.868988,197.759256,346.981262,316.018738,316.018738,true,false,14
Dongsi,48,GRU_R1,12,19,241.844959,228.592807,268.343872,394.656128,394.656128,true,true,12
Dongsi,48,GRU_R1,24,19,271.409447,271.409447,256.016083,406.983917,406.983917,true,false,6
Dongsi,48,B0,1,19,47.052632,0.526316,654.0,9.0,9.0,true,false,18
Dongsi,48,B0,6,19,185.368421,66.210526,572.0,91.0,91.0,true,true,14
Dongsi,48,B0,12,19,235.578947,159.894737,283.0,380.0,380.0,true,true,14
Dongsi,48,B0,24,19,233.105263,230.157895,309.0,354.0,354.0,true,true,14
Dongsi,49,B3_R2,1,1,45.875992,45.875992,208.124008,45.875992,45.875992,true,false,0
Dongsi,49,B3_R2,6,1,33.081726,-33.081726,287.081726,-33.081726,33.081726,false,true,1
Dongsi,49,B3_R2,12,1,124.947693,124.947693,129.052307,124.947693,124.947693,true,false,0
Dongsi,49,B3_R2,24,1,164.53067,164.53067,89.46933,164.53067,164.53067,true,false,0
Dongsi,49,GRU_R1,1,1,41.553055,41.553055,212.446945,41.553055,41.553055,true,false,0
Dongsi,49,GRU_R1,6,1,67.278656,-67.278656,321.278656,-67.278656,67.278656,false,true,1
Dongsi,49,GRU_R1,12,1,77.432281,-77.432281,331.432281,-77.432281,77.432281,false,true,1
Dongsi,49,GRU_R1,24,1,35.096649,35.096649,218.903351,35.096649,35.096649,true,false,0
Dongsi,49,B0,1,1,47.0,47.0,207.0,47.0,47.0,true,false,0
Dongsi,49,B0,6,1,145.0,-145.0,399.0,-145.0,145.0,false,true,1
Dongsi,49,B0,12,1,408.0,-408.0,662.0,-408.0,408.0,false,true,1
Dongsi,49,B0,24,1,14.0,14.0,240.0,14.0,14.0,true,false,0
Dongsi,50,B3_R2,1,7,31.675448,15.22513,386.95517,18.04483,18.04483,true,true,7
Dongsi,50,B3_R2,6,7,185.953192,185.953192,282.411316,122.588684,122.588684,true,false,3
Dongsi,50,B3_R2,12,7,179.014365,179.014365,188.848389,216.151611,216.151611,true,false,0
Dongsi,50,B3_R2,24,7,279.710854,279.710854,104.42247,300.57753,300.57753,true,false,0
Dongsi,50,GRU_R1,1,7,87.902963,87.902963,323.530884,81.469116,81.469116,true,false,6
Dongsi,50,GRU_R1,6,7,224.423414,224.423414,162.658203,242.341797,242.341797,true,false,2
Dongsi,50,GRU_R1,12,7,111.352543,111.352543,229.198868,175.801132,175.801132,true,true,4
Dongsi,50,GRU_R1,24,7,54.081979,54.081979,336.913879,68.086121,68.086121,true,true,7
Dongsi,50,B0,1,7,38.571429,16.857143,395.0,10.0,10.0,true,false,6
Dongsi,50,B0,6,7,209.714286,200.0,233.0,172.0,172.0,true,false,2
Dongsi,50,B0,12,7,147.142857,26.0,242.0,163.0,163.0,true,true,5
Dongsi,50,B0,24,7,139.571429,-127.0,584.0,-179.0,179.0,false,true,7
Dongsi,51,B3_R2,1,8,20.950848,6.298527,256.136536,68.863464,68.863464,true,false,7
Dongsi,51,B3_R2,6,8,112.201715,111.802759,160.151871,164.848129,164.848129,true,true,2
Dongsi,51,B3_R2,12,8,156.278276,156.278276,149.333969,175.666031,175.666031,true,false,0
Dongsi,51,B3_R2,24,8,178.725844,178.725844,110.625877,214.374123,214.374123,true,false,0
Dongsi,51,GRU_R1,1,8,40.361439,34.529781,207.714874,117.285126,117.285126,true,false,6
Dongsi,51,GRU_R1,6,8,102.375135,95.31378,160.356415,164.643585,164.643585,true,true,2
Dongsi,51,GRU_R1,12,8,31.039642,31.039642,270.539795,54.460205,54.460205,true,false,6
Dongsi,51,GRU_R1,24,8,60.053268,37.677841,332.249817,-7.249817,7.249817,false,true,3
Dongsi,51,B0,1,8,22.125,2.625,254.0,71.0,71.0,true,false,7
Dongsi,51,B0,6,8,88.25,45.0,234.0,91.0,91.0,true,true,3
Dongsi,51,B0,12,8,79.25,-75.5,365.0,-40.0,40.0,false,true,7
Dongsi,51,B0,24,8,112.375,-49.375,540.0,-215.0,215.0,false,true,5
Dongsi,52,B3_R2,1,2,4.069496,1.24749,249.822006,-2.822006,2.822006,false,false,1
Dongsi,52,B3_R2,6,2,56.142433,56.142433,197.523926,49.476074,49.476074,true,false,0
Dongsi,52,B3_R2,12,2,114.821114,114.821114,127.856659,119.143341,119.143341,true,false,0
Dongsi,52,B3_R2,24,2,159.896118,159.896118,95.543846,151.456154,151.456154,true,false,0
Dongsi,52,GRU_R1,1,2,10.891533,-10.891533,268.711304,-21.711304,21.711304,false,true,2
Dongsi,52,GRU_R1,6,2,38.628586,38.628586,219.282196,27.717804,27.717804,true,false,0
Dongsi,52,GRU_R1,12,2,42.386177,42.386177,188.037048,58.962952,58.962952,true,false,0
Dongsi,52,GRU_R1,24,2,74.874435,74.874435,177.775787,69.224213,69.224213,true,false,0
Dongsi,52,B0,1,2,7.0,7.0,245.0,2.0,2.0,true,false,1
Dongsi,52,B0,6,2,66.5,66.5,184.0,63.0,63.0,true,false,0
Dongsi,52,B0,12,2,38.0,38.0,200.0,47.0,47.0,true,false,0
Dongsi,52,B0,24,2,67.0,67.0,178.0,69.0,69.0,true,false,0
Dongsi,53,B3_R2,1,3,16.40154,-0.041656,268.056763,-3.056763,3.056763,false,false,2
Dongsi,53,B3_R2,6,3,8.204051,-7.693227,264.233765,0.766235,0.766235,true,true,3
Dongsi,53,B3_R2,12,3,69.779572,69.779572,185.713989,79.286011,79.286011,true,false,0
Dongsi,53,B3_R2,24,3,127.552391,127.552391,141.685333,123.314667,123.314667,true,false,0
Dongsi,53,GRU_R1,1,3,12.765879,0.461395,268.841064,-3.841064,3.841064,false,false,2
Dongsi,53,GRU_R1,6,3,13.225642,12.225388,248.989258,16.010742,16.010742,true,false,2
Dongsi,53,GRU_R1,12,3,34.159322,34.159322,206.068054,58.931946,58.931946,true,false,0
Dongsi,53,GRU_R1,24,3,39.505793,39.505793,222.119141,42.880859,42.880859,true,false,0
Dongsi,53,B0,1,3,17.333333,4.0,260.0,5.0,5.0,true,false,2
Dongsi,53,B0,6,3,19.333333,19.333333,234.0,31.0,31.0,true,false,0
Dongsi,53,B0,12,3,25.333333,25.333333,224.0,41.0,41.0,true,false,0
Dongsi,53,B0,24,3,45.666667,45.666667,219.0,46.0,46.0,true,false,0
Dongsi,54,B3_R2,1,1,13.705734,13.705734,234.294266,13.705734,13.705734,true,false,0
Dongsi,54,B3_R2,6,1,47.574905,47.574905,200.425095,47.574905,47.574905,true,false,0
Dongsi,54,B3_R2,12,1,68.996323,68.996323,179.003677,68.996323,68.996323,true,false,0
Dongsi,54,B3_R2,24,1,152.971222,152.971222,95.028778,152.971222,152.971222,true,false,0
Dongsi,54,GRU_R1,1,1,1.849808,1.849808,246.150192,1.849808,1.849808,true,true,1
Dongsi,54,GRU_R1,6,1,29.926453,29.926453,218.073547,29.926453,29.926453,true,false,0
Dongsi,54,GRU_R1,12,1,33.889954,33.889954,214.110046,33.889954,33.889954,true,false,0
Dongsi,54,GRU_R1,24,1,69.827133,69.827133,178.172867,69.827133,69.827133,true,false,0
Dongsi,54,B0,1,1,10.0,10.0,238.0,10.0,10.0,true,false,0
Dongsi,54,B0,6,1,15.0,15.0,233.0,15.0,15.0,true,false,0
Dongsi,54,B0,12,1,4.0,4.0,244.0,4.0,4.0,true,false,0
Dongsi,54,B0,24,1,55.0,55.0,193.0,55.0,55.0,true,false,0
Dongsi,55,B3_R2,1,14,15.863188,7.768069,324.878357,31.121643,31.121643,true,true,14
Dongsi,55,B3_R2,6,14,56.55073,56.141494,246.699646,109.300354,109.300354,true,true,10
Dongsi,55,B3_R2,12,14,117.597676,117.597676,209.857697,146.142303,146.142303,true,false,0
Dongsi,55,B3_R2,24,14,123.612446,123.612446,182.322006,173.677994,173.677994,true,false,0
Dongsi,55,GRU_R1,1,14,30.386866,30.386866,291.448456,64.551544,64.551544,true,true,14
Dongsi,55,GRU_R1,6,14,55.594496,55.005576,244.116867,111.883133,111.883133,true,false,8
Dongsi,55,GRU_R1,12,14,98.747018,98.747018,207.666351,148.333649,148.333649,true,false,0
Dongsi,55,GRU_R1,24,14,133.274871,133.274871,194.738159,161.261841,161.261841,true,false,0
Dongsi,55,B0,1,14,18.0,5.142857,330.0,26.0,26.0,true,false,13
Dongsi,55,B0,6,14,67.0,41.285714,240.0,116.0,116.0,true,false,8
Dongsi,55,B0,12,14,114.5,114.5,163.0,193.0,193.0,true,false,2
Dongsi,55,B0,24,14,129.785714,129.785714,199.0,157.0,157.0,true,false,0
Dongsi,56,B3_R2,1,16,87.369993,67.552721,496.220673,184.779327,184.779327,true,false,15
Dongsi,56,B3_R2,6,16,250.793982,250.793982,194.030792,486.969208,486.969208,true,false,6
Dongsi,56,B3_R2,12,16,337.899646,337.899646,83.563011,597.436989,597.436989,true,false,0
Dongsi,56,B3_R2,24,16,363.528593,363.528593,71.534981,609.465019,609.465019,true,false,0
Dongsi,56,GRU_R1,1,16,130.515746,129.1016,369.357544,311.642456,311.642456,true,false,14
Dongsi,56,GRU_R1,6,16,234.172023,192.843357,232.753815,448.246185,448.246185,true,false,9
Dongsi,56,GRU_R1,12,16,310.340253,303.02651,70.484467,610.515533,610.515533,true,false,2
Dongsi,56,GRU_R1,24,16,380.885988,380.885988,54.773933,626.226067,626.226067,true,false,0
Dongsi,56,B0,1,16,58.9375,4.8125,645.0,36.0,36.0,true,false,15
Dongsi,56,B0,6,16,326.3125,71.4375,281.0,400.0,400.0,true,false,10
Dongsi,56,B0,12,16,348.5,280.0,52.0,629.0,629.0,true,false,4
Dongsi,56,B0,24,16,416.0625,416.0625,8.0,673.0,673.0,true,false,0
Dongsi,57,B3_R2,1,10,13.38643,2.538237,266.915955,33.084045,33.084045,true,true,10
Dongsi,57,B3_R2,6,10,39.309241,39.309241,258.240387,41.759613,41.759613,true,false,4
Dongsi,57,B3_R2,12,10,113.540004,113.540004,191.083527,108.916473,108.916473,true,false,0
Dongsi,57,B3_R2,24,10,157.101038,157.101038,112.93708,187.06292,187.06292,true,false,0
Dongsi,57,GRU_R1,1,10,16.394612,6.584865,264.46994,35.53006,35.53006,true,false,8
Dongsi,57,GRU_R1,6,10,34.282324,34.282324,275.109039,24.890961,24.890961,true,false,3
Dongsi,57,GRU_R1,12,10,57.204504,-9.510797,219.872986,80.127014,80.127014,true,true,6
Dongsi,57,GRU_R1,24,10,95.771209,89.145031,333.13089,-33.13089,33.13089,false,false,3
Dongsi,57,B0,1,10,14.4,5.6,271.0,29.0,29.0,true,false,9
Dongsi,57,B0,6,10,14.3,8.9,283.0,17.0,17.0,true,true,8
Dongsi,57,B0,12,10,147.4,-135.0,269.0,31.0,31.0,true,true,10
Dongsi,57,B0,24,10,146.3,47.5,654.0,-354.0,354.0,false,false,4
Dongsi,58,B3_R2,1,26,18.658045,12.293076,364.138245,40.861755,40.861755,true,false,25
Dongsi,58,B3_R2,6,26,100.106503,100.106503,273.361816,131.638184,131.638184,true,false,9
Dongsi,58,B3_R2,12,26,169.834545,169.834545,204.419601,200.580399,200.580399,true,false,0
Dongsi,58,B3_R2,24,26,226.560398,226.560398,82.486092,322.513908,322.513908,true,false,0
Dongsi,58,GRU_R1,1,26,38.952896,36.457328,306.904663,98.095337,98.095337,true,false,24
Dongsi,58,GRU_R1,6,26,81.189252,79.036378,292.593933,112.406067,112.406067,true,false,18
Dongsi,58,GRU_R1,12,26,129.411444,129.411444,302.257568,102.742432,102.742432,true,false,11
Dongsi,58,GRU_R1,24,26,197.105679,197.105679,225.077606,179.922394,179.922394,true,false,0
Dongsi,58,B0,1,26,15.846154,6.538462,379.0,26.0,26.0,true,false,25
Dongsi,58,B0,6,26,68.5,47.961538,320.0,85.0,85.0,true,false,20
Dongsi,58,B0,12,26,112.730769,105.269231,358.0,47.0,47.0,true,false,14
Dongsi,58,B0,24,26,192.192308,192.192308,267.0,138.0,138.0,true,false,2
Dongsi,59,B3_R2,1,5,69.506876,34.191263,227.913239,149.086761,149.086761,true,false,2
Dongsi,59,B3_R2,6,5,190.781445,190.781445,98.109901,278.890099,278.890099,true,false,0
Dongsi,59,B3_R2,12,5,219.302374,219.302374,77.633568,299.366432,299.366432,true,false,0
Dongsi,59,B3_R2,24,5,206.872285,206.872285,78.609749,298.390251,298.390251,true,false,0
Dongsi,59,GRU_R1,1,5,62.070413,56.581155,223.52681,153.47319,153.47319,true,false,2
Dongsi,59,GRU_R1,6,5,204.142764,204.142764,69.965271,307.034729,307.034729,true,false,0
Dongsi,59,GRU_R1,12,5,231.842425,231.842425,69.943642,307.056358,307.056358,true,false,0
Dongsi,59,GRU_R1,24,5,238.060258,238.060258,41.397953,335.602047,335.602047,true,false,0
Dongsi,59,B0,1,5,70.4,19.6,245.0,132.0,132.0,true,false,4
Dongsi,59,B0,6,5,226.0,226.0,45.0,332.0,332.0,true,false,0
Dongsi,59,B0,12,5,265.6,265.6,31.0,346.0,346.0,true,false,0
Dongsi,59,B0,24,5,268.2,268.2,20.0,357.0,357.0,true,false,0
Dongsi,60,B3_R2,1,10,11.784274,6.196561,266.798737,11.201263,11.201263,true,false,7
Dongsi,60,B3_R2,6,10,43.894072,43.894072,233.263474,44.736526,44.736526,true,false,1
Dongsi,60,B3_R2,12,10,77.71597,77.71597,103.816818,174.183182,174.183182,true,false,2
Dongsi,60,B3_R2,24,10,37.863251,37.863251,207.195816,70.804184,70.804184,true,false,0
Dongsi,60,GRU_R1,1,10,11.924701,3.83985,282.432037,-4.432037,4.432037,false,false,6
Dongsi,60,GRU_R1,6,10,51.79906,50.554126,220.274567,57.725433,57.725433,true,false,1
Dongsi,60,GRU_R1,12,10,103.355984,103.355984,21.012703,256.987297,256.987297,true,false,0
Dongsi,60,GRU_R1,24,10,91.392317,91.392317,136.416107,141.583893,141.583893,true,false,0
Dongsi,60,B0,1,10,9.8,2.6,277.0,1.0,1.0,true,false,9
Dongsi,60,B0,6,10,53.4,48.2,219.0,59.0,59.0,true,false,4
Dongsi,60,B0,12,10,122.8,122.8,3.0,275.0,275.0,true,false,0
Dongsi,60,B0,24,10,108.2,108.2,118.0,160.0,160.0,true,false,0
Dongsi,61,B3_R2,1,4,6.557854,1.686928,261.260498,3.739502,3.739502,true,false,3
Dongsi,61,B3_R2,6,4,27.769554,27.769554,236.209854,28.790146,28.790146,true,false,1
Dongsi,61,B3_R2,12,4,49.53595,49.53595,205.600784,59.399216,59.399216,true,false,0
Dongsi,61,B3_R2,24,4,38.454361,38.454361,221.044769,43.955231,43.955231,true,false,0
Dongsi,61,GRU_R1,1,4,9.787697,9.787697,241.478882,23.521118,23.521118,true,true,2
Dongsi,61,GRU_R1,6,4,29.898422,29.898422,243.807755,21.192245,21.192245,true,false,1
Dongsi,61,GRU_R1,12,4,35.223389,35.223389,223.148499,41.851501,41.851501,true,false,1
Dongsi,61,GRU_R1,24,4,55.979507,55.979507,212.493744,52.506256,52.506256,true,false,0
Dongsi,61,B0,1,4,7.5,5.0,256.0,9.0,9.0,true,false,3
Dongsi,61,B0,6,4,6.75,5.25,256.0,9.0,9.0,true,true,4
Dongsi,61,B0,12,4,8.5,0.0,259.0,6.0,6.0,true,true,4
Dongsi,61,B0,24,4,76.25,76.25,193.0,72.0,72.0,true,false,0
Dongsi,62,B3_R2,1,14,10.725911,1.157573,289.687317,-5.687317,5.687317,false,false,13
Dongsi,62,B3_R2,6,14,77.165276,69.627438,71.65567,212.34433,212.34433,true,true,7
Dongsi,62,B3_R2,12,14,75.372899,70.582236,270.516846,13.483154,13.483154,true,true,7
Dongsi,62,B3_R2,24,14,53.891317,53.891317,237.329056,46.670944,46.670944,true,false,1
Dongsi,62,GRU_R1,1,14,25.81908,24.220525,267.66684,16.33316,16.33316,true,false,8
Dongsi,62,GRU_R1,6,14,89.580774,89.580774,52.520123,231.479877,231.479877,true,true,5
Dongsi,62,GRU_R1,12,14,94.722707,94.722707,224.968475,59.031525,59.031525,true,true,2
Dongsi,62,GRU_R1,24,14,49.16081,49.16081,229.264832,54.735168,54.735168,true,false,1
Dongsi,62,B0,1,14,10.071429,4.214286,280.0,4.0,4.0,true,false,13
Dongsi,62,B0,6,14,86.0,82.714286,3.0,281.0,281.0,true,true,9
Dongsi,62,B0,12,14,93.285714,93.285714,248.0,36.0,36.0,true,true,7
Dongsi,62,B0,24,14,27.785714,24.071429,248.0,36.0,36.0,true,false,10
Guanyuan,1,B3_R2,1,36,15.789068,3.077952,354.54953,30.45047,30.45047,true,true,36
Guanyuan,1,B3_R2,6,36,45.13704,42.33739,308.617584,76.382416,76.382416,true,false,30
Guanyuan,1,B3_R2,12,36,110.33986,110.33986,227.334991,157.665009,157.665009,true,false,7
Guanyuan,1,B3_R2,24,36,205.078419,205.078419,111.404099,273.595901,273.595901,true,false,0
Guanyuan,1,GRU_R1,1,36,30.16859,26.558337,316.137512,68.862488,68.862488,true,false,34
Guanyuan,1,GRU_R1,6,36,51.854301,50.093419,288.661987,96.338013,96.338013,true,false,28
Guanyuan,1,GRU_R1,12,36,77.56043,77.234179,251.03775,133.96225,133.96225,true,false,23
Guanyuan,1,GRU_R1,24,36,113.898117,113.898117,164.452744,220.547256,220.547256,true,false,10
Guanyuan,1,B0,1,36,16.444444,1.388889,350.0,35.0,35.0,true,false,35
Guanyuan,1,B0,6,36,46.055556,12.777778,320.0,65.0,65.0,true,false,30
Guanyuan,1,B0,12,36,68.0,37.833333,273.0,112.0,112.0,true,false,24
Guanyuan,1,B0,24,36,112.305556,97.75,153.0,232.0,232.0,true,false,12
Guanyuan,2,B3_R2,1,46,14.474977,2.762936,388.810577,13.189423,13.189423,true,true,46
Guanyuan,2,B3_R2,6,46,50.556081,40.850263,306.226227,95.773773,95.773773,true,false,38
Guanyuan,2,B3_R2,12,46,100.828925,100.828925,204.444733,197.555267,197.555267,true,false,8
Guanyuan,2,B3_R2,24,46,180.871413,180.871413,153.874313,248.125687,248.125687,true,false,0
Guanyuan,2,GRU_R1,1,46,27.062387,24.379397,332.49826,69.50174,69.50174,true,true,46
Guanyuan,2,GRU_R1,6,46,53.706516,47.218093,284.080505,117.919495,117.919495,true,false,38
Guanyuan,2,GRU_R1,12,46,71.579403,71.375348,287.173706,114.826294,114.826294,true,false,22
Guanyuan,2,GRU_R1,24,46,96.049474,96.049474,249.082275,152.917725,152.917725,true,false,11
Guanyuan,2,B0,1,46,15.195652,1.630435,390.0,12.0,12.0,true,false,45
Guanyuan,2,B0,6,46,45.021739,17.195652,305.0,97.0,97.0,true,false,40
Guanyuan,2,B0,12,46,48.608696,38.956522,336.0,66.0,66.0,true,false,34
Guanyuan,2,B0,24,46,77.021739,75.76087,299.0,103.0,103.0,true,false,22
Guanyuan,3,B3_R2,1,2,8.379089,8.379089,238.82048,11.17952,11.17952,true,false,0
Guanyuan,3,B3_R2,6,2,77.701485,77.701485,182.019348,67.980652,67.980652,true,false,0
Guanyuan,3,B3_R2,12,2,151.001995,151.001995,95.053383,154.946617,154.946617,true,false,0
Guanyuan,3,B3_R2,24,2,156.430817,156.430817,96.239685,153.760315,153.760315,true,false,0
Guanyuan,3,GRU_R1,1,2,21.014725,21.014725,224.565826,25.434174,25.434174,true,false,0
Guanyuan,3,GRU_R1,6,2,74.757675,74.757675,189.828888,60.171112,60.171112,true,false,0
Guanyuan,3,GRU_R1,12,2,112.859352,112.859352,134.272919,115.727081,115.727081,true,false,0
Guanyuan,3,GRU_R1,24,2,184.276556,184.276556,63.593807,186.406193,186.406193,true,false,0
Guanyuan,3,B0,1,2,4.0,4.0,246.0,4.0,4.0,true,false,1
Guanyuan,3,B0,6,2,95.0,95.0,171.0,79.0,79.0,true,false,0
Guanyuan,3,B0,12,2,122.0,122.0,124.0,126.0,126.0,true,false,0
Guanyuan,3,B0,24,2,220.5,220.5,26.0,224.0,224.0,true,false,0
Guanyuan,4,B3_R2,1,1,4.344696,4.344696,241.655304,4.344696,4.344696,true,false,0
Guanyuan,4,B3_R2,6,1,104.739166,104.739166,141.260834,104.739166,104.739166,true,false,0
Guanyuan,4,B3_R2,12,1,162.365341,162.365341,83.634659,162.365341,162.365341,true,false,0
Guanyuan,4,B3_R2,24,1,138.724983,138.724983,107.275017,138.724983,138.724983,true,false,0
Guanyuan,4,GRU_R1,1,1,44.240265,44.240265,201.759735,44.240265,44.240265,true,false,0
Guanyuan,4,GRU_R1,6,1,99.856812,99.856812,146.143188,99.856812,99.856812,true,false,0
Guanyuan,4,GRU_R1,12,1,154.320061,154.320061,91.679939,154.320061,154.320061,true,false,0
Guanyuan,4,GRU_R1,24,1,185.367016,185.367016,60.632984,185.367016,185.367016,true,false,0
Guanyuan,4,B0,1,1,5.0,5.0,241.0,5.0,5.0,true,false,0
Guanyuan,4,B0,6,1,50.0,50.0,196.0,50.0,50.0,true,false,0
Guanyuan,4,B0,12,1,150.0,150.0,96.0,150.0,150.0,true,false,0
Guanyuan,4,B0,24,1,173.0,173.0,73.0,173.0,173.0,true,false,0
Guanyuan,5,B3_R2,1,2,12.663666,12.663666,253.459595,0.540405,0.540405,true,false,1
Guanyuan,5,B3_R2,6,2,104.048836,104.048836,149.934174,104.065826,104.065826,true,false,0
Guanyuan,5,B3_R2,12,2,169.038788,169.038788,82.016861,171.983139,171.983139,true,false,0
Guanyuan,5,B3_R2,24,2,203.916466,203.916466,51.215393,202.784607,202.784607,true,false,0
Guanyuan,5,GRU_R1,1,2,63.072792,63.072792,187.336655,66.663345,66.663345,true,false,0
Guanyuan,5,GRU_R1,6,2,108.199844,108.199844,144.668121,109.331879,109.331879,true,false,0
Guanyuan,5,GRU_R1,12,2,138.521446,138.521446,115.679733,138.320267,138.320267,true,false,0
Guanyuan,5,GRU_R1,24,2,154.74823,154.74823,94.396255,159.603745,159.603745,true,false,0
Guanyuan,5,B0,1,2,17.5,17.5,245.0,9.0,9.0,true,false,1
Guanyuan,5,B0,6,2,108.0,108.0,149.0,105.0,105.0,true,false,0
Guanyuan,5,B0,12,2,132.0,132.0,120.0,134.0,134.0,true,false,0
Guanyuan,5,B0,24,2,152.0,152.0,97.0,157.0,157.0,true,false,0
Guanyuan,6,B3_R2,1,4,8.483406,1.72802,249.348434,15.651566,15.651566,true,false,3
Guanyuan,6,B3_R2,6,4,92.249062,92.249062,156.681747,108.318253,108.318253,true,false,0
Guanyuan,6,B3_R2,12,4,132.904312,132.904312,112.844238,152.155762,152.155762,true,false,0
Guanyuan,6,B3_R2,24,4,194.585599,194.585599,60.224533,204.775467,204.775467,true,false,0
Guanyuan,6,GRU_R1,1,4,15.034901,12.55357,239.435593,25.564407,25.564407,true,false,2
Guanyuan,6,GRU_R1,6,4,92.473572,92.473572,153.649719,111.350281,111.350281,true,false,0
Guanyuan,6,GRU_R1,12,4,126.581936,126.581936,127.080124,137.919876,137.919876,true,false,0
Guanyuan,6,GRU_R1,24,4,190.665526,190.665526,64.33213,200.66787,200.66787,true,false,0
Guanyuan,6,B0,1,4,10.5,1.0,247.0,18.0,18.0,true,false,3
Guanyuan,6,B0,6,4,44.0,44.0,209.0,56.0,56.0,true,false,0
Guanyuan,6,B0,12,4,71.75,71.75,173.0,92.0,92.0,true,false,0
Guanyuan,6,B0,24,4,213.25,213.25,41.0,224.0,224.0,true,false,0
Guanyuan,7,B3_R2,1,1,6.141693,6.141693,240.858307,6.141693,6.141693,true,false,0
Guanyuan,7,B3_R2,6,1,71.478271,71.478271,175.521729,71.478271,71.478271,true,false,0
Guanyuan,7,B3_R2,12,1,82.275879,82.275879,164.724121,82.275879,82.275879,true,false,0
Guanyuan,7,B3_R2,24,1,147.369606,147.369606,99.630394,147.369606,147.369606,true,false,0
Guanyuan,7,GRU_R1,1,1,35.275589,35.275589,211.724411,35.275589,35.275589,true,false,0
Guanyuan,7,GRU_R1,6,1,84.939789,84.939789,162.060211,84.939789,84.939789,true,false,0
Guanyuan,7,GRU_R1,12,1,110.991455,110.991455,136.008545,110.991455,110.991455,true,false,0
Guanyuan,7,GRU_R1,24,1,119.60154,119.60154,127.39846,119.60154,119.60154,true,false,0
Guanyuan,7,B0,1,1,5.0,5.0,242.0,5.0,5.0,true,false,0
Guanyuan,7,B0,6,1,42.0,42.0,205.0,42.0,42.0,true,false,0
Guanyuan,7,B0,12,1,62.0,62.0,185.0,62.0,62.0,true,false,0
Guanyuan,7,B0,24,1,71.0,71.0,176.0,71.0,71.0,true,false,0
Guanyuan,8,B3_R2,1,1,25.139648,25.139648,246.860352,25.139648,25.139648,true,true,1
Guanyuan,8,B3_R2,6,1,105.901535,105.901535,166.098465,105.901535,105.901535,true,false,0
Guanyuan,8,B3_R2,12,1,138.081497,138.081497,133.918503,138.081497,138.081497,true,false,0
Guanyuan,8,B3_R2,24,1,197.883705,197.883705,74.116295,197.883705,197.883705,true,false,0
Guanyuan,8,GRU_R1,1,1,64.485291,64.485291,207.514709,64.485291,64.485291,true,false,0
Guanyuan,8,GRU_R1,6,1,71.975555,71.975555,200.024445,71.975555,71.975555,true,false,0
Guanyuan,8,GRU_R1,12,1,112.15564,112.15564,159.84436,112.15564,112.15564,true,false,0
Guanyuan,8,GRU_R1,24,1,169.591064,169.591064,102.408936,169.591064,169.591064,true,false,0
Guanyuan,8,B0,1,1,39.0,39.0,233.0,39.0,39.0,true,false,0
Guanyuan,8,B0,6,1,30.0,30.0,242.0,30.0,30.0,true,false,0
Guanyuan,8,B0,12,1,70.0,70.0,202.0,70.0,70.0,true,false,0
Guanyuan,8,B0,24,1,141.0,141.0,131.0,141.0,141.0,true,false,0
Guanyuan,9,B3_R2,1,2,116.104103,116.104103,136.915787,183.084213,183.084213,true,false,1
Guanyuan,9,B3_R2,6,2,224.655056,224.655056,81.392448,238.607552,238.607552,true,false,0
Guanyuan,9,B3_R2,12,2,241.520149,241.520149,64.555305,255.444695,255.444695,true,false,0
Guanyuan,9,B3_R2,24,2,249.277847,249.277847,58.517609,261.482391,261.482391,true,false,0
Guanyuan,9,GRU_R1,1,2,203.009705,203.009705,95.707222,224.292778,224.292778,true,false,0
Guanyuan,9,GRU_R1,6,2,219.4282,219.4282,84.532913,235.467087,235.467087,true,false,0
Guanyuan,9,GRU_R1,12,2,245.747656,245.747656,61.047245,258.952755,258.952755,true,false,0
Guanyuan,9,GRU_R1,24,2,253.503052,253.503052,56.604801,263.395199,263.395199,true,false,0
Guanyuan,9,B0,1,2,52.0,29.0,239.0,81.0,81.0,true,false,1
Guanyuan,9,B0,6,2,216.0,216.0,85.0,235.0,235.0,true,false,0
Guanyuan,9,B0,12,2,247.0,247.0,59.0,261.0,261.0,true,false,0
Guanyuan,9,B0,24,2,277.5,277.5,30.0,290.0,290.0,true,false,0
Guanyuan,10,B3_R2,1,2,11.764755,11.764755,253.443558,16.556442,16.556442,true,false,1
Guanyuan,10,B3_R2,6,2,120.647041,120.647041,139.665497,130.334503,130.334503,true,false,0
Guanyuan,10,B3_R2,12,2,147.066029,147.066029,111.912018,158.087982,158.087982,true,false,0
Guanyuan,10,B3_R2,24,2,159.27774,159.27774,101.379997,168.620003,168.620003,true,false,0
Guanyuan,10,GRU_R1,1,2,51.060028,51.060028,209.75238,60.24762,60.24762,true,false,0
Guanyuan,10,GRU_R1,6,2,120.087639,120.087639,142.086273,127.913727,127.913727,true,false,0
Guanyuan,10,GRU_R1,12,2,156.093658,156.093658,107.017021,162.982979,162.982979,true,false,0
Guanyuan,10,GRU_R1,24,2,167.359734,167.359734,88.751038,181.248962,181.248962,true,false,0
Guanyuan,10,B0,1,2,15.5,15.5,249.0,21.0,21.0,true,false,1
Guanyuan,10,B0,6,2,116.5,116.5,145.0,125.0,125.0,true,false,0
Guanyuan,10,B0,12,2,154.5,154.5,117.0,153.0,153.0,true,false,0
Guanyuan,10,B0,24,2,191.0,191.0,60.0,210.0,210.0,true,false,0
Guanyuan,11,B3_R2,1,3,10.16334,9.808604,232.590652,21.409348,21.409348,true,false,1
Guanyuan,11,B3_R2,6,3,104.376979,104.376979,138.232925,115.767075,115.767075,true,false,0
Guanyuan,11,B3_R2,12,3,143.766797,143.766797,122.57859,131.42141,131.42141,true,false,0
Guanyuan,11,B3_R2,24,3,139.829816,139.829816,109.190422,144.809578,144.809578,true,false,0
Guanyuan,11,GRU_R1,1,3,53.975123,53.975123,204.12529,49.87471,49.87471,true,false,0
Guanyuan,11,GRU_R1,6,3,85.196676,85.196676,158.285583,95.714417,95.714417,true,false,0
Guanyuan,11,GRU_R1,12,3,159.962275,159.962275,109.736557,144.263443,144.263443,true,false,0
Guanyuan,11,GRU_R1,24,3,137.916629,137.916629,119.052299,134.947701,134.947701,true,false,0
Guanyuan,11,B0,1,3,6.666667,3.333333,240.0,14.0,14.0,true,false,2
Guanyuan,11,B0,6,3,64.0,64.0,169.0,85.0,85.0,true,false,0
Guanyuan,11,B0,12,3,147.333333,147.333333,136.0,118.0,118.0,true,false,0
Guanyuan,11,B0,24,3,92.666667,92.666667,168.0,86.0,86.0,true,false,0
Guanyuan,12,B3_R2,1,2,4.212845,2.958115,258.25473,-1.25473,1.25473,false,true,2
Guanyuan,12,B3_R2,6,2,43.529449,43.529449,213.118622,43.881378,43.881378,true,false,0
Guanyuan,12,B3_R2,12,2,100.501442,100.501442,157.137665,99.862335,99.862335,true,false,0
Guanyuan,12,B3_R2,24,2,152.36232,152.36232,102.221291,154.778709,154.778709,true,false,0
Guanyuan,12,GRU_R1,1,2,7.226334,-7.226334,264.543579,-7.543579,7.543579,false,true,2
Guanyuan,12,GRU_R1,6,2,55.788406,55.788406,200.923065,56.076935,56.076935,true,false,0
Guanyuan,12,GRU_R1,12,2,78.601204,78.601204,180.538971,76.461029,76.461029,true,false,0
Guanyuan,12,GRU_R1,24,2,119.122925,119.122925,139.666809,117.333191,117.333191,true,false,0
Guanyuan,12,B0,1,2,6.5,6.5,254.0,3.0,3.0,true,false,1
Guanyuan,12,B0,6,2,63.5,63.5,193.0,64.0,64.0,true,false,0
Guanyuan,12,B0,12,2,98.0,98.0,165.0,92.0,92.0,true,false,0
Guanyuan,12,B0,24,2,139.5,139.5,118.0,139.0,139.0,true,false,0
Guanyuan,13,B3_R2,1,8,26.763592,-1.033245,348.3591,4.6409,4.6409,true,false,7
Guanyuan,13,B3_R2,6,8,64.360437,63.165911,238.965759,114.034241,114.034241,true,false,1
Guanyuan,13,B3_R2,12,8,100.252878,100.252878,190.455963,162.544037,162.544037,true,false,0
Guanyuan,13,B3_R2,24,8,188.560739,188.560739,104.236176,248.763824,248.763824,true,false,0
Guanyuan,13,GRU_R1,1,8,43.077314,35.490942,279.605957,73.394043,73.394043,true,false,5
Guanyuan,13,GRU_R1,6,8,68.279234,68.279234,243.703262,109.296738,109.296738,true,false,0
Guanyuan,13,GRU_R1,12,8,78.892105,78.892105,191.911316,161.088684,161.088684,true,false,0
Guanyuan,13,GRU_R1,24,8,123.062126,123.062126,168.677277,184.322723,184.322723,true,false,0
Guanyuan,13,B0,1,8,29.625,3.125,344.0,9.0,9.0,true,false,7
Guanyuan,13,B0,6,8,66.125,63.625,248.0,105.0,105.0,true,false,2
Guanyuan,13,B0,12,8,61.0,61.0,204.0,149.0,149.0,true,false,2
Guanyuan,13,B0,24,8,124.375,124.375,182.0,171.0,171.0,true,false,0
Guanyuan,14,B3_R2,1,10,11.779503,9.075188,285.918152,12.081848,12.081848,true,false,9
Guanyuan,14,B3_R2,6,10,39.085274,23.895039,254.718582,43.281418,43.281418,true,true,5
Guanyuan,14,B3_R2,12,10,75.022815,75.022815,204.499176,93.500824,93.500824,true,false,0
Guanyuan,14,B3_R2,24,10,145.595929,145.595929,147.14151,150.85849,150.85849,true,false,0
Guanyuan,14,GRU_R1,1,10,22.499187,22.499187,263.531464,34.468536,34.468536,true,false,8
Guanyuan,14,GRU_R1,6,10,45.90813,42.618835,239.025574,58.974426,58.974426,true,true,4
Guanyuan,14,GRU_R1,12,10,53.058513,53.058513,196.906723,101.093277,101.093277,true,false,2
Guanyuan,14,GRU_R1,24,10,67.795184,67.795184,242.635345,55.364655,55.364655,true,false,0
Guanyuan,14,B0,1,10,13.8,5.8,288.0,10.0,10.0,true,false,9
Guanyuan,14,B0,6,10,48.5,9.9,230.0,68.0,68.0,true,true,7
Guanyuan,14,B0,12,10,37.8,8.2,257.0,41.0,41.0,true,false,8
Guanyuan,14,B0,24,10,59.4,59.4,254.0,44.0,44.0,true,false,2
Guanyuan,15,B3_R2,1,2,20.491333,17.466278,224.042389,37.957611,37.957611,true,false,1
Guanyuan,15,B3_R2,6,2,81.446754,81.446754,172.813171,89.186829,89.186829,true,false,0
Guanyuan,15,B3_R2,12,2,119.411072,119.411072,133.958389,128.041611,128.041611,true,false,0
Guanyuan,15,B3_R2,24,2,148.607109,148.607109,104.538437,157.461563,157.461563,true,false,0
Guanyuan,15,GRU_R1,1,2,18.340103,11.023727,232.636169,29.363831,29.363831,true,false,1
Guanyuan,15,GRU_R1,6,2,65.324326,65.324326,188.35817,73.64183,73.64183,true,false,0
Guanyuan,15,GRU_R1,12,2,103.55529,103.55529,150.128815,111.871185,111.871185,true,false,0
Guanyuan,15,GRU_R1,24,2,160.908867,160.908867,93.903992,168.096008,168.096008,true,false,0
Guanyuan,15,B0,1,2,22.5,11.5,228.0,34.0,34.0,true,false,1
Guanyuan,15,B0,6,2,36.0,36.0,218.0,44.0,44.0,true,false,0
Guanyuan,15,B0,12,2,93.5,93.5,160.0,102.0,102.0,true,false,0
Guanyuan,15,B0,24,2,166.5,166.5,93.0,169.0,169.0,true,false,0
Guanyuan,16,B3_R2,1,2,24.775764,24.775764,266.816284,33.183716,33.183716,true,true,2
Guanyuan,16,B3_R2,6,2,91.363586,91.363586,194.441757,105.558243,105.558243,true,false,0
Guanyuan,16,B3_R2,12,2,167.678036,167.678036,112.047981,187.952019,187.952019,true,false,0
Guanyuan,16,B3_R2,24,2,202.01265,202.01265,71.638901,228.361099,228.361099,true,false,0
Guanyuan,16,GRU_R1,1,2,23.389839,23.389839,260.565216,39.434784,39.434784,true,true,2
Guanyuan,16,GRU_R1,6,2,57.298134,57.298134,226.821198,73.178802,73.178802,true,false,0
Guanyuan,16,GRU_R1,12,2,97.79921,97.79921,192.369949,107.630051,107.630051,true,false,0
Guanyuan,16,GRU_R1,24,2,135.832138,135.832138,144.152588,155.847412,155.847412,true,false,0
Guanyuan,16,B0,1,2,28.0,28.0,263.0,37.0,37.0,true,false,1
Guanyuan,16,B0,6,2,86.0,86.0,198.0,102.0,102.0,true,false,0
Guanyuan,16,B0,12,2,78.0,78.0,207.0,93.0,93.0,true,false,0
Guanyuan,16,B0,24,2,132.0,132.0,151.0,149.0,149.0,true,false,0
Guanyuan,17,B3_R2,1,2,142.004407,114.982343,6.01325,256.98675,256.98675,true,false,1
Guanyuan,17,B3_R2,6,2,9.511055,-0.696724,254.185669,8.814331,8.814331,true,true,2
Guanyuan,17,B3_R2,12,2,107.562317,107.562317,146.383667,116.616333,116.616333,true,false,0
Guanyuan,17,B3_R2,24,2,156.025494,156.025494,97.073463,165.926537,165.926537,true,false,0
Guanyuan,17,GRU_R1,1,2,126.510529,126.510529,38.627075,224.372925,224.372925,true,false,0
Guanyuan,17,GRU_R1,6,2,12.561539,-12.561539,265.645721,-2.645721,2.645721,false,true,2
Guanyuan,17,GRU_R1,12,2,27.668121,27.668121,226.259369,36.740631,36.740631,true,false,0
Guanyuan,17,GRU_R1,24,2,89.26503,89.26503,158.773132,104.226868,104.226868,true,false,0
Guanyuan,17,B0,1,2,139.0,121.0,3.0,260.0,260.0,true,false,1
Guanyuan,17,B0,6,2,46.0,-46.0,300.0,-37.0,37.0,false,true,2
Guanyuan,17,B0,12,2,55.5,55.5,198.0,65.0,65.0,true,false,0
Guanyuan,17,B0,24,2,56.0,56.0,190.0,73.0,73.0,true,false,0
Guanyuan,18,B3_R2,1,4,16.733086,13.213097,254.153625,21.846375,21.846375,true,false,3
Guanyuan,18,B3_R2,6,4,109.248042,109.248042,192.294449,83.705551,83.705551,true,false,0
Guanyuan,18,B3_R2,12,4,111.375545,111.375545,193.689209,82.310791,82.310791,true,false,0
Guanyuan,18,B3_R2,24,4,170.047932,170.047932,94.892197,181.107803,181.107803,true,false,0
Guanyuan,18,GRU_R1,1,4,34.039135,34.039135,228.08847,47.91153,47.91153,true,false,0
Guanyuan,18,GRU_R1,6,4,99.492982,99.492982,206.512787,69.487213,69.487213,true,false,0
Guanyuan,18,GRU_R1,12,4,70.983809,70.983809,252.96347,23.03653,23.03653,true,false,2
Guanyuan,18,GRU_R1,24,4,57.332912,57.332912,212.043488,63.956512,63.956512,true,false,0
Guanyuan,18,B0,1,4,13.5,5.5,265.0,11.0,11.0,true,false,3
Guanyuan,18,B0,6,4,77.25,77.25,245.0,31.0,31.0,true,false,2
Guanyuan,18,B0,12,4,80.75,47.75,300.0,-24.0,24.0,false,true,3
Guanyuan,18,B0,24,4,41.0,40.0,228.0,48.0,48.0,true,false,1
Guanyuan,19,B3_R2,1,2,39.52565,25.495529,229.978821,65.021179,65.021179,true,false,1
Guanyuan,19,B3_R2,6,2,130.526695,130.526695,150.776917,144.223083,144.223083,true,false,0
Guanyuan,19,B3_R2,12,2,164.570667,164.570667,113.748932,181.251068,181.251068,true,false,0
Guanyuan,19,B3_R2,24,2,167.821308,167.821308,115.610748,179.389252,179.389252,true,false,0
Guanyuan,19,GRU_R1,1,2,35.280701,33.562683,226.156616,68.843384,68.843384,true,false,1
Guanyuan,19,GRU_R1,6,2,136.473007,136.473007,136.239822,158.760178,158.760178,true,false,0
Guanyuan,19,GRU_R1,12,2,159.108608,159.108608,125.695114,169.304886,169.304886,true,false,0
Guanyuan,19,GRU_R1,24,2,150.94239,150.94239,131.704758,163.295242,163.295242,true,false,0
Guanyuan,19,B0,1,2,51.0,28.0,216.0,79.0,79.0,true,false,1
Guanyuan,19,B0,6,2,160.5,160.5,117.0,178.0,178.0,true,false,0
Guanyuan,19,B0,12,2,138.5,138.5,149.0,146.0,146.0,true,false,0
Guanyuan,19,B0,24,2,178.0,178.0,109.0,186.0,186.0,true,false,0
Guanyuan,20,B3_R2,1,13,8.537701,3.437014,269.19574,11.80426,11.80426,true,true,13
Guanyuan,20,B3_R2,6,13,32.041486,32.041486,251.464676,29.535324,29.535324,true,false,4
Guanyuan,20,B3_R2,12,13,91.527458,91.527458,175.673157,105.326843,105.326843,true,false,0
Guanyuan,20,B3_R2,24,13,137.735543,137.735543,127.508476,153.491524,153.491524,true,false,0
Guanyuan,20,GRU_R1,1,13,7.78774,1.50729,266.001404,14.998596,14.998596,true,true,13
Guanyuan,20,GRU_R1,6,13,28.536456,27.543907,233.81842,47.18158,47.18158,true,false,5
Guanyuan,20,GRU_R1,12,13,77.608275,77.608275,187.863129,93.136871,93.136871,true,false,1
Guanyuan,20,GRU_R1,24,13,119.635565,119.635565,141.421677,139.578323,139.578323,true,false,0
Guanyuan,20,B0,1,13,9.230769,0.769231,274.0,7.0,7.0,true,false,12
Guanyuan,20,B0,6,13,26.692308,13.307692,245.0,36.0,36.0,true,false,9
Guanyuan,20,B0,12,13,79.692308,75.846154,174.0,107.0,107.0,true,false,3
Guanyuan,20,B0,24,13,108.615385,108.615385,155.0,126.0,126.0,true,false,0
Guanyuan,21,B3_R2,1,11,17.78886,3.733557,336.215668,13.784332,13.784332,true,false,8
Guanyuan,21,B3_R2,6,11,59.332747,44.209822,196.516479,153.483521,153.483521,true,false,5
Guanyuan,21,B3_R2,12,11,147.315887,147.315887,135.476288,214.523712,214.523712,true,false,0
Guanyuan,21,B3_R2,24,11,216.682824,216.682824,72.347626,277.652374,277.652374,true,false,0
Guanyuan,21,GRU_R1,1,11,21.110367,19.464387,302.924316,47.075684,47.075684,true,true,9
Guanyuan,21,GRU_R1,6,11,50.495145,38.050182,230.871292,119.128708,119.128708,true,true,8
Guanyuan,21,GRU_R1,12,11,54.686271,54.686271,238.814148,111.185852,111.185852,true,false,2
Guanyuan,21,GRU_R1,24,11,103.318432,103.318432,241.813995,108.186005,108.186005,true,false,0
Guanyuan,21,B0,1,11,19.272727,0.545455,335.0,15.0,15.0,true,false,10
Guanyuan,21,B0,6,11,48.090909,23.0,245.0,105.0,105.0,true,true,10
Guanyuan,21,B0,12,11,30.818182,23.545455,274.0,76.0,76.0,true,true,11
Guanyuan,21,B0,24,11,90.727273,90.727273,295.0,55.0,55.0,true,false,3
Guanyuan,22,B3_R2,1,6,8.713628,2.680537,262.417328,5.582672,5.582672,true,false,5
Guanyuan,22,B3_R2,6,6,23.091863,15.231491,248.155685,19.844315,19.844315,true,true,4
Guanyuan,22,B3_R2,12,6,81.456225,81.456225,182.330811,85.669189,85.669189,true,false,0
Guanyuan,22,B3_R2,24,6,151.862625,151.862625,100.086723,167.913277,167.913277,true,false,0
Guanyuan,22,GRU_R1,1,6,16.165924,16.165924,251.383057,16.616943,16.616943,true,false,4
Guanyuan,22,GRU_R1,6,6,38.092728,38.092728,222.984436,45.015564,45.015564,true,false,0
Guanyuan,22,GRU_R1,12,6,8.090332,-7.393606,279.660034,-11.660034,11.660034,false,true,6
Guanyuan,22,GRU_R1,24,6,21.559311,21.559311,242.488556,25.511444,25.511444,true,false,1
Guanyuan,22,B0,1,6,8.0,0.333333,266.0,2.0,2.0,true,false,5
Guanyuan,22,B0,6,6,22.0,12.0,244.0,24.0,24.0,true,true,3
Guanyuan,22,B0,12,6,56.666667,-56.666667,335.0,-67.0,67.0,false,true,6
Guanyuan,22,B0,24,6,10.833333,-10.833333,268.0,0.0,0.0,false,true,6
Guanyuan,23,B3_R2,1,4,8.987133,1.752209,257.637909,12.362091,12.362091,true,false,3
Guanyuan,23,B3_R2,6,4,80.367184,80.367184,177.944214,92.055786,92.055786,true,false,0
Guanyuan,23,B3_R2,12,4,172.548714,172.548714,85.388481,184.611519,184.611519,true,false,0
Guanyuan,23,B3_R2,24,4,172.468019,172.468019,81.454582,188.545418,188.545418,true,false,0
Guanyuan,23,GRU_R1,1,4,21.047691,12.542625,248.989563,21.010437,21.010437,true,false,2
Guanyuan,23,GRU_R1,6,4,74.518425,74.518425,181.201538,88.798462,88.798462,true,false,0
Guanyuan,23,GRU_R1,12,4,86.920441,86.920441,177.233688,92.766312,92.766312,true,false,0
Guanyuan,23,GRU_R1,24,4,131.242767,131.242767,128.90976,141.09024,141.09024,true,false,0
Guanyuan,23,B0,1,4,16.0,4.0,259.0,11.0,11.0,true,false,3
Guanyuan,23,B0,6,4,67.25,67.25,187.0,83.0,83.0,true,false,0
Guanyuan,23,B0,12,4,73.75,73.75,187.0,83.0,83.0,true,false,0
Guanyuan,23,B0,24,4,162.25,162.25,99.0,171.0,171.0,true,false,0
Guanyuan,24,B3_R2,1,1,9.736618,9.736618,236.263382,9.736618,9.736618,true,false,0
Guanyuan,24,B3_R2,6,1,86.211426,86.211426,159.788574,86.211426,86.211426,true,false,0
Guanyuan,24,B3_R2,12,1,64.519562,64.519562,181.480438,64.519562,64.519562,true,false,0
Guanyuan,24,B3_R2,24,1,154.339516,154.339516,91.660484,154.339516,154.339516,true,false,0
Guanyuan,24,GRU_R1,1,1,19.376984,19.376984,226.623016,19.376984,19.376984,true,false,0
Guanyuan,24,GRU_R1,6,1,87.678101,87.678101,158.321899,87.678101,87.678101,true,false,0
Guanyuan,24,GRU_R1,12,1,30.335678,30.335678,215.664322,30.335678,30.335678,true,false,0
Guanyuan,24,GRU_R1,24,1,82.17392,82.17392,163.82608,82.17392,82.17392,true,false,0
Guanyuan,24,B0,1,1,8.0,8.0,238.0,8.0,8.0,true,false,0
Guanyuan,24,B0,6,1,97.0,97.0,149.0,97.0,97.0,true,false,0
Guanyuan,24,B0,12,1,1.0,-1.0,247.0,-1.0,1.0,false,true,1
Guanyuan,24,B0,24,1,75.0,75.0,171.0,75.0,75.0,true,false,0
Guanyuan,25,B3_R2,1,1,67.011368,67.011368,177.988632,67.011368,67.011368,true,false,0
Guanyuan,25,B3_R2,6,1,201.317863,201.317863,43.682137,201.317863,201.317863,true,false,0
Guanyuan,25,B3_R2,12,1,223.966017,223.966017,21.033983,223.966017,223.966017,true,false,0
Guanyuan,25,B3_R2,24,1,144.944618,144.944618,100.055382,144.944618,144.944618,true,false,0
Guanyuan,25,GRU_R1,1,1,41.772385,41.772385,203.227615,41.772385,41.772385,true,false,0
Guanyuan,25,GRU_R1,6,1,211.634327,211.634327,33.365673,211.634327,211.634327,true,false,0
Guanyuan,25,GRU_R1,12,1,219.345026,219.345026,25.654974,219.345026,219.345026,true,false,0
Guanyuan,25,GRU_R1,24,1,73.8909,73.8909,171.1091,73.8909,73.8909,true,false,0
Guanyuan,25,B0,1,1,12.0,12.0,233.0,12.0,12.0,true,false,0
Guanyuan,25,B0,6,1,231.0,231.0,14.0,231.0,231.0,true,false,0
Guanyuan,25,B0,12,1,212.0,212.0,33.0,212.0,212.0,true,false,0
Guanyuan,25,B0,24,1,55.0,55.0,190.0,55.0,55.0,true,false,0
Guanyuan,26,B3_R2,1,7,35.263203,10.229259,363.220306,16.779694,16.779694,true,false,6
Guanyuan,26,B3_R2,6,7,125.307877,125.307877,209.713348,170.286652,170.286652,true,false,2
Guanyuan,26,B3_R2,12,7,151.913021,151.913021,195.361755,184.638245,184.638245,true,false,0
Guanyuan,26,B3_R2,24,7,197.753302,197.753302,140.153931,239.846069,239.846069,true,false,0
Guanyuan,26,GRU_R1,1,7,53.38559,43.010912,323.497009,56.502991,56.502991,true,false,6
Guanyuan,26,GRU_R1,6,7,154.904303,154.904303,203.632538,176.367462,176.367462,true,false,1
Guanyuan,26,GRU_R1,12,7,204.726172,204.726172,135.488815,244.511185,244.511185,true,false,0
Guanyuan,26,GRU_R1,24,7,169.175849,169.175849,138.890656,241.109344,241.109344,true,false,0
Guanyuan,26,B0,1,7,34.428571,9.285714,370.0,10.0,10.0,true,false,6
Guanyuan,26,B0,6,7,162.285714,162.0,227.0,153.0,153.0,true,false,1
Guanyuan,26,B0,12,7,236.285714,236.285714,104.0,276.0,276.0,true,false,0
Guanyuan,26,B0,24,7,159.714286,159.714286,153.0,227.0,227.0,true,false,0
Guanyuan,27,B3_R2,1,7,17.001903,10.820716,283.422943,37.577057,37.577057,true,false,6
Guanyuan,27,B3_R2,6,7,77.254105,76.259162,286.871185,34.128815,34.128815,true,true,2
Guanyuan,27,B3_R2,12,7,128.336642,128.336642,156.387939,164.612061,164.612061,true,false,0
Guanyuan,27,B3_R2,24,7,187.572015,187.572015,115.645966,205.354034,205.354034,true,false,0
Guanyuan,27,GRU_R1,1,7,26.8188,26.8188,269.817322,51.182678,51.182678,true,false,6
Guanyuan,27,GRU_R1,6,7,64.711443,59.625279,303.335815,17.664185,17.664185,true,true,4
Guanyuan,27,GRU_R1,12,7,62.468648,62.468648,181.92807,139.07193,139.07193,true,false,4
Guanyuan,27,GRU_R1,24,7,179.391772,179.391772,132.918152,188.081848,188.081848,true,false,0
Guanyuan,27,B0,1,7,17.142857,7.142857,282.0,39.0,39.0,true,false,6
Guanyuan,27,B0,6,7,58.571429,16.571429,380.0,-59.0,59.0,false,true,4
Guanyuan,27,B0,12,7,54.142857,0.714286,227.0,94.0,94.0,true,false,5
Guanyuan,27,B0,24,7,194.571429,194.571429,122.0,199.0,199.0,true,false,0
Guanyuan,28,B3_R2,1,2,92.629463,92.629463,125.463104,182.536896,182.536896,true,false,1
Guanyuan,28,B3_R2,6,2,25.061745,25.061745,261.469055,46.530945,46.530945,true,true,2
Guanyuan,28,B3_R2,12,2,113.539047,113.539047,183.419846,124.580154,124.580154,true,false,0
Guanyuan,28,B3_R2,24,2,191.674789,191.674789,97.711197,210.288803,210.288803,true,false,0
Guanyuan,28,GRU_R1,1,2,88.855003,88.855003,132.437958,175.562042,175.562042,true,false,1
Guanyuan,28,GRU_R1,6,2,25.48819,7.291473,275.220337,32.779663,32.779663,true,true,2
Guanyuan,28,GRU_R1,12,2,64.546082,64.546082,250.472198,57.527802,57.527802,true,true,1
Guanyuan,28,GRU_R1,24,2,155.865486,155.865486,124.157913,183.842087,183.842087,true,false,0
Guanyuan,28,B0,1,2,84.5,30.5,193.0,115.0,115.0,true,false,1
Guanyuan,28,B0,6,2,25.5,-23.5,306.0,2.0,2.0,true,true,2
Guanyuan,28,B0,12,2,26.5,26.5,292.0,16.0,16.0,true,true,1
Guanyuan,28,B0,24,2,179.5,179.5,102.0,206.0,206.0,true,false,0
Guanyuan,29,B3_R2,1,11,18.135966,6.645459,365.443542,11.556458,11.556458,true,false,10
Guanyuan,29,B3_R2,6,11,95.438768,88.391038,274.986786,102.013214,102.013214,true,false,6
Guanyuan,29,B3_R2,12,11,136.307318,136.307318,221.146744,155.853256,155.853256,true,false,0
Guanyuan,29,B3_R2,24,11,206.221406,206.221406,140.807831,236.192169,236.192169,true,false,0
Guanyuan,29,GRU_R1,1,11,33.148515,31.311823,314.198395,62.801605,62.801605,true,false,10
Guanyuan,29,GRU_R1,6,11,87.687515,81.316487,249.432816,127.567184,127.567184,true,true,6
Guanyuan,29,GRU_R1,12,11,91.464189,91.464189,263.643463,113.356537,113.356537,true,false,6
Guanyuan,29,GRU_R1,24,11,82.345243,82.345243,290.364716,86.635284,86.635284,true,false,7
Guanyuan,29,B0,1,11,23.727273,5.727273,370.0,7.0,7.0,true,false,10
Guanyuan,29,B0,6,11,77.181818,44.090909,249.0,128.0,128.0,true,true,9
Guanyuan,29,B0,12,11,50.727273,40.909091,306.0,71.0,71.0,true,false,9
Guanyuan,29,B0,24,11,42.909091,35.272727,368.0,9.0,9.0,true,false,7
Guanyuan,30,B3_R2,1,19,28.163571,12.503659,509.19455,11.80545,11.80545,true,false,18
Guanyuan,30,B3_R2,6,19,133.812373,130.571146,294.549316,226.450684,226.450684,true,false,14
Guanyuan,30,B3_R2,12,19,196.5066,196.5066,205.636673,315.363327,315.363327,true,false,0
Guanyuan,30,B3_R2,24,19,260.357828,260.357828,153.697174,367.302826,367.302826,true,false,0
Guanyuan,30,GRU_R1,1,19,75.817176,72.995826,353.940491,167.059509,167.059509,true,false,18
Guanyuan,30,GRU_R1,6,19,142.019446,131.269006,305.125458,215.874542,215.874542,true,false,13
Guanyuan,30,GRU_R1,12,19,202.270579,202.270579,179.961823,341.038177,341.038177,true,false,6
Guanyuan,30,GRU_R1,24,19,241.273372,241.273372,154.457825,366.542175,366.542175,true,false,0
Guanyuan,30,B0,1,19,36.578947,2.789474,520.0,1.0,1.0,true,false,18
Guanyuan,30,B0,6,19,154.368421,68.684211,382.0,139.0,139.0,true,false,13
Guanyuan,30,B0,12,19,205.368421,191.157895,174.0,347.0,347.0,true,false,7
Guanyuan,30,B0,24,19,242.052632,242.052632,158.0,363.0,363.0,true,false,0
Guanyuan,31,B3_R2,1,4,17.48362,9.51226,219.00824,53.99176,53.99176,true,false,3
Guanyuan,31,B3_R2,6,4,148.945314,148.945314,152.322891,120.677109,120.677109,true,false,0
Guanyuan,31,B3_R2,12,4,21.963131,21.963131,268.503998,4.496002,4.496002,true,true,2
Guanyuan,31,B3_R2,24,4,168.664095,168.664095,105.410561,167.589439,167.589439,true,false,0
Guanyuan,31,GRU_R1,1,4,20.24094,18.426655,217.542633,55.457367,55.457367,true,false,3
Guanyuan,31,GRU_R1,6,4,175.79619,175.79619,99.192101,173.807899,173.807899,true,false,0
Guanyuan,31,GRU_R1,12,4,25.718136,-10.271458,317.704346,-44.704346,44.704346,false,true,4
Guanyuan,31,GRU_R1,24,4,12.448418,-12.448418,282.278076,-9.278076,9.278076,false,true,4
Guanyuan,31,B0,1,4,17.25,11.25,216.0,57.0,57.0,true,false,3
Guanyuan,31,B0,6,4,191.0,191.0,109.0,164.0,164.0,true,false,0
Guanyuan,31,B0,12,4,55.5,-55.5,385.0,-112.0,112.0,false,true,4
Guanyuan,31,B0,24,4,82.75,-82.75,359.0,-86.0,86.0,false,true,4
Guanyuan,32,B3_R2,1,1,173.392204,173.392204,84.607796,173.392204,173.392204,true,false,0
Guanyuan,32,B3_R2,6,1,150.256241,150.256241,107.743759,150.256241,150.256241,true,false,0
Guanyuan,32,B3_R2,12,1,207.539886,207.539886,50.460114,207.539886,207.539886,true,false,0
Guanyuan,32,B3_R2,24,1,204.909557,204.909557,53.090443,204.909557,204.909557,true,false,0
Guanyuan,32,GRU_R1,1,1,152.846184,152.846184,105.153816,152.846184,152.846184,true,false,0
Guanyuan,32,GRU_R1,6,1,143.635742,143.635742,114.364258,143.635742,143.635742,true,false,0
Guanyuan,32,GRU_R1,12,1,194.29425,194.29425,63.70575,194.29425,194.29425,true,false,0
Guanyuan,32,GRU_R1,24,1,242.032149,242.032149,15.967851,242.032149,242.032149,true,false,0
Guanyuan,32,B0,1,1,158.0,158.0,100.0,158.0,158.0,true,false,0
Guanyuan,32,B0,6,1,166.0,166.0,92.0,166.0,166.0,true,false,0
Guanyuan,32,B0,12,1,209.0,209.0,49.0,209.0,209.0,true,false,0
Guanyuan,32,B0,24,1,252.0,252.0,6.0,252.0,252.0,true,false,0
Guanyuan,33,B3_R2,1,1,2.084351,2.084351,248.915649,2.084351,2.084351,true,true,1
Guanyuan,33,B3_R2,6,1,56.352432,56.352432,194.647568,56.352432,56.352432,true,false,0
Guanyuan,33,B3_R2,12,1,143.526077,143.526077,107.473923,143.526077,143.526077,true,false,0
Guanyuan,33,B3_R2,24,1,222.958549,222.958549,28.041451,222.958549,222.958549,true,false,0
Guanyuan,33,GRU_R1,1,1,38.071075,38.071075,212.928925,38.071075,38.071075,true,false,0
Guanyuan,33,GRU_R1,6,1,25.274796,25.274796,225.725204,25.274796,25.274796,true,false,0
Guanyuan,33,GRU_R1,12,1,63.739777,63.739777,187.260223,63.739777,63.739777,true,false,0
Guanyuan,33,GRU_R1,24,1,69.444366,69.444366,181.555634,69.444366,69.444366,true,false,0
Guanyuan,33,B0,1,1,10.0,10.0,241.0,10.0,10.0,true,false,0
Guanyuan,33,B0,6,1,31.0,31.0,220.0,31.0,31.0,true,false,0
Guanyuan,33,B0,12,1,34.0,34.0,217.0,34.0,34.0,true,false,0
Guanyuan,33,B0,24,1,37.0,37.0,214.0,37.0,37.0,true,false,0
Guanyuan,34,B3_R2,1,4,10.762283,-1.781921,273.971375,-3.971375,3.971375,false,true,4
Guanyuan,34,B3_R2,6,4,60.390766,60.390766,228.880188,41.119812,41.119812,true,false,0
Guanyuan,34,B3_R2,12,4,147.807276,147.807276,121.203934,148.796066,148.796066,true,false,0
Guanyuan,34,B3_R2,24,4,184.422955,184.422955,73.698387,196.301613,196.301613,true,false,0
Guanyuan,34,GRU_R1,1,4,22.632343,22.632343,234.054733,35.945267,35.945267,true,false,1
Guanyuan,34,GRU_R1,6,4,88.853809,88.853809,193.279922,76.720078,76.720078,true,false,0
Guanyuan,34,GRU_R1,12,4,186.858964,186.858964,73.709808,196.290192,196.290192,true,false,0
Guanyuan,34,GRU_R1,24,4,210.863331,210.863331,49.621319,220.378681,220.378681,true,false,0
Guanyuan,34,B0,1,4,12.25,3.75,264.0,6.0,6.0,true,false,3
Guanyuan,34,B0,6,4,102.25,102.25,180.0,90.0,90.0,true,false,0
Guanyuan,34,B0,12,4,235.5,235.5,28.0,242.0,242.0,true,false,0
Guanyuan,34,B0,24,4,242.5,242.5,16.0,254.0,254.0,true,false,0
Guanyuan,35,B3_R2,1,12,17.395045,-3.035802,379.204437,4.795563,4.795563,true,false,11
Guanyuan,35,B3_R2,6,12,87.933709,80.887373,315.530975,68.469025,68.469025,true,false,7
Guanyuan,35,B3_R2,12,12,163.339471,163.339471,171.159546,212.840454,212.840454,true,false,0
Guanyuan,35,B3_R2,24,12,201.567169,201.567169,130.715927,253.284073,253.284073,true,false,0
Guanyuan,35,GRU_R1,1,12,33.319951,27.151606,323.936157,60.063843,60.063843,true,false,11
Guanyuan,35,GRU_R1,6,12,112.522296,107.738676,256.312744,127.687256,127.687256,true,false,6
Guanyuan,35,GRU_R1,12,12,166.212123,166.212123,133.479797,250.520203,250.520203,true,false,0
Guanyuan,35,GRU_R1,24,12,145.542979,145.542979,187.156616,196.843384,196.843384,true,false,0
Guanyuan,35,B0,1,12,24.333333,4.0,376.0,8.0,8.0,true,false,11
Guanyuan,35,B0,6,12,114.083333,100.25,281.0,103.0,103.0,true,false,6
Guanyuan,35,B0,12,12,165.166667,165.166667,93.0,291.0,291.0,true,false,0
Guanyuan,35,B0,24,12,109.333333,109.333333,253.0,131.0,131.0,true,false,4
Guanyuan,36,B3_R2,1,7,9.41357,-3.741616,290.482605,-5.482605,5.482605,false,true,7
Guanyuan,36,B3_R2,6,7,26.992743,6.356251,303.948822,-18.948822,18.948822,false,false,6
Guanyuan,36,B3_R2,12,7,79.902076,79.902076,228.538315,56.461685,56.461685,true,false,0
Guanyuan,36,B3_R2,24,7,171.213186,171.213186,107.286552,177.713448,177.713448,true,false,0
Guanyuan,36,GRU_R1,1,7,12.306131,11.316803,284.628601,0.371399,0.371399,true,true,7
Guanyuan,36,GRU_R1,6,7,41.38559,41.03748,244.221603,40.778397,40.778397,true,false,3
Guanyuan,36,GRU_R1,12,7,73.078631,73.078631,181.414703,103.585297,103.585297,true,false,0
Guanyuan,36,GRU_R1,24,7,9.26123,-5.571158,290.985168,-5.985168,5.985168,false,true,7
Guanyuan,36,B0,1,7,9.857143,3.571429,281.0,4.0,4.0,true,false,6
Guanyuan,36,B0,6,7,40.428571,38.428571,232.0,53.0,53.0,true,false,1
Guanyuan,36,B0,12,7,55.857143,55.857143,204.0,81.0,81.0,true,false,0
Guanyuan,36,B0,24,7,71.0,-71.0,376.0,-91.0,91.0,false,true,7
Guanyuan,37,B3_R2,1,5,25.547293,5.193521,275.806641,37.193359,37.193359,true,false,4
Guanyuan,37,B3_R2,6,5,80.24534,80.24534,210.293045,102.706955,102.706955,true,false,0
Guanyuan,37,B3_R2,12,5,154.682605,154.682605,140.140182,172.859818,172.859818,true,false,0
Guanyuan,37,B3_R2,24,5,199.478763,199.478763,84.476173,228.523827,228.523827,true,false,0
Guanyuan,37,GRU_R1,1,5,20.619727,10.371545,272.756683,40.243317,40.243317,true,true,5
Guanyuan,37,GRU_R1,6,5,64.836029,64.836029,240.425217,72.574783,72.574783,true,false,0
Guanyuan,37,GRU_R1,12,5,46.879761,46.879761,226.752625,86.247375,86.247375,true,false,3
Guanyuan,37,GRU_R1,24,5,83.171161,83.171161,184.055496,128.944504,128.944504,true,false,0
Guanyuan,37,B0,1,5,27.0,1.0,280.0,33.0,33.0,true,false,4
Guanyuan,37,B0,6,5,25.8,25.8,271.0,42.0,42.0,true,true,3
Guanyuan,37,B0,12,5,38.4,24.0,241.0,72.0,72.0,true,false,3
Guanyuan,37,B0,24,5,71.4,71.4,187.0,126.0,126.0,true,false,0
Guanyuan,38,B3_R2,1,1,12.472214,12.472214,237.527786,12.472214,12.472214,true,false,0
Guanyuan,38,B3_R2,6,1,29.046539,29.046539,220.953461,29.046539,29.046539,true,false,0
Guanyuan,38,B3_R2,12,1,135.608002,135.608002,114.391998,135.608002,135.608002,true,false,0
Guanyuan,38,B3_R2,24,1,194.205284,194.205284,55.794716,194.205284,194.205284,true,false,0
Guanyuan,38,GRU_R1,1,1,31.572266,31.572266,218.427734,31.572266,31.572266,true,false,0
Guanyuan,38,GRU_R1,6,1,1.351608,-1.351608,251.351608,-1.351608,1.351608,false,true,1
Guanyuan,38,GRU_R1,12,1,42.155945,42.155945,207.844055,42.155945,42.155945,true,false,0
Guanyuan,38,GRU_R1,24,1,57.587234,57.587234,192.412766,57.587234,57.587234,true,false,0
Guanyuan,38,B0,1,1,12.0,12.0,238.0,12.0,12.0,true,false,0
Guanyuan,38,B0,6,1,30.0,-30.0,280.0,-30.0,30.0,false,true,1
Guanyuan,38,B0,12,1,30.0,-30.0,280.0,-30.0,30.0,false,true,1
Guanyuan,38,B0,24,1,41.0,41.0,209.0,41.0,41.0,true,false,0
Guanyuan,39,B3_R2,1,2,12.568825,-4.590874,243.022049,7.977951,7.977951,true,false,1
Guanyuan,39,B3_R2,6,2,9.697395,9.697395,238.901093,12.098907,12.098907,true,false,0
Guanyuan,39,B3_R2,12,2,132.559784,132.559784,122.144569,128.855431,128.855431,true,false,0
Guanyuan,39,B3_R2,24,2,210.297491,210.297491,46.598942,204.401058,204.401058,true,false,0
Guanyuan,39,GRU_R1,1,2,41.570854,41.570854,192.409439,58.590561,58.590561,true,false,0
Guanyuan,39,GRU_R1,6,2,10.107498,-10.107498,261.313416,-10.313416,10.313416,false,true,2
Guanyuan,39,GRU_R1,12,2,52.42585,52.42585,206.591019,44.408981,44.408981,true,false,0
Guanyuan,39,GRU_R1,24,2,56.216843,56.216843,174.026764,76.973236,76.973236,true,false,0
Guanyuan,39,B0,1,2,7.5,1.5,242.0,9.0,9.0,true,false,1
Guanyuan,39,B0,6,2,38.0,-38.0,291.0,-40.0,40.0,false,true,2
Guanyuan,39,B0,12,2,8.5,-6.5,266.0,-15.0,15.0,false,true,1
Guanyuan,39,B0,24,2,13.0,13.0,229.0,22.0,22.0,true,false,0
Guanyuan,40,B3_R2,1,14,28.747403,14.353661,507.015442,16.984558,16.984558,true,true,14
Guanyuan,40,B3_R2,6,14,146.974679,146.056296,315.792847,208.207153,208.207153,true,true,14
Guanyuan,40,B3_R2,12,14,278.810255,278.810255,148.962341,375.037659,375.037659,true,false,0
Guanyuan,40,B3_R2,24,14,369.806125,369.806125,80.019493,443.980507,443.980507,true,false,0
Guanyuan,40,GRU_R1,1,14,109.152723,109.152723,351.879211,172.120789,172.120789,true,false,13
Guanyuan,40,GRU_R1,6,14,171.185749,171.185749,303.061096,220.938904,220.938904,true,false,7
Guanyuan,40,GRU_R1,12,14,226.127905,226.127905,188.524521,335.475479,335.475479,true,true,1
Guanyuan,40,GRU_R1,24,14,204.013924,204.013924,221.857788,302.142212,302.142212,true,true,5
Guanyuan,40,B0,1,14,35.357143,10.357143,510.0,14.0,14.0,true,false,13
Guanyuan,40,B0,6,14,131.071429,106.357143,399.0,125.0,125.0,true,true,9
Guanyuan,40,B0,12,14,195.785714,194.642857,204.0,320.0,320.0,true,true,7
Guanyuan,40,B0,24,14,166.785714,165.214286,243.0,281.0,281.0,true,true,11
Guanyuan,41,B3_R2,1,2,31.423698,20.857262,205.71904,52.28096,52.28096,true,false,1
Guanyuan,41,B3_R2,6,2,42.951279,-42.951279,298.126801,-40.126801,40.126801,false,true,2
Guanyuan,41,B3_R2,12,2,135.689693,135.689693,116.411278,141.588722,141.588722,true,false,0
Guanyuan,41,B3_R2,24,2,218.574778,218.574778,34.719421,223.280579,223.280579,true,false,0
Guanyuan,41,GRU_R1,1,2,22.543823,22.543823,215.401062,42.598938,42.598938,true,false,1
Guanyuan,41,GRU_R1,6,2,80.243942,-80.243942,334.267242,-76.267242,76.267242,false,true,2
Guanyuan,41,GRU_R1,12,2,46.661102,-46.661102,298.112488,-40.112488,40.112488,false,true,2
Guanyuan,41,GRU_R1,24,2,74.737671,74.737671,198.494431,59.505569,59.505569,true,false,0
Guanyuan,41,B0,1,2,19.0,11.0,228.0,30.0,30.0,true,false,1
Guanyuan,41,B0,6,2,248.5,-248.5,512.0,-254.0,254.0,false,true,2
Guanyuan,41,B0,12,2,213.0,-213.0,465.0,-207.0,207.0,false,true,2
Guanyuan,41,B0,24,2,8.0,8.0,250.0,8.0,8.0,true,true,1
Guanyuan,42,B3_R2,1,38,30.047026,6.217225,422.004639,85.995361,85.995361,true,true,38
Guanyuan,42,B3_R2,6,38,94.70028,92.031293,239.548492,268.451508,268.451508,true,true,35
Guanyuan,42,B3_R2,12,38,255.068248,255.068248,120.591454,387.408546,387.408546,true,false,0
Guanyuan,42,B3_R2,24,38,354.693203,354.693203,51.191639,456.808361,456.808361,true,false,0
Guanyuan,42,GRU_R1,1,38,82.694205,80.989002,342.459015,165.540985,165.540985,true,false,37
Guanyuan,42,GRU_R1,6,38,104.983806,103.401116,238.185455,269.814545,269.814545,true,true,34
Guanyuan,42,GRU_R1,12,38,111.205356,111.205356,328.985596,179.014404,179.014404,true,true,34
Guanyuan,42,GRU_R1,24,38,130.67761,130.171935,195.215515,312.784485,312.784485,true,false,27
Guanyuan,42,B0,1,38,32.473684,1.210526,420.0,88.0,88.0,true,false,37
Guanyuan,42,B0,6,38,66.0,14.684211,258.0,250.0,250.0,true,true,36
Guanyuan,42,B0,12,38,52.947368,5.263158,512.0,-4.0,4.0,false,true,36
Guanyuan,42,B0,24,38,101.684211,31.157895,202.0,306.0,306.0,true,true,31
Guanyuan,43,B3_R2,1,6,71.997243,39.049215,387.820862,54.179138,54.179138,true,false,5
Guanyuan,43,B3_R2,6,6,253.417828,253.417828,93.225937,348.774063,348.774063,true,false,0
Guanyuan,43,B3_R2,12,6,267.942284,267.942284,86.797371,355.202629,355.202629,true,false,0
Guanyuan,43,B3_R2,24,6,302.174942,302.174942,43.412552,398.587448,398.587448,true,false,0
Guanyuan,43,GRU_R1,1,6,85.979337,64.565885,334.620575,107.379425,107.379425,true,false,5
Guanyuan,43,GRU_R1,6,6,233.973335,233.973335,113.760384,328.239616,328.239616,true,false,0
Guanyuan,43,GRU_R1,12,6,266.401319,266.401319,95.417595,346.582405,346.582405,true,false,0
Guanyuan,43,GRU_R1,24,6,310.697008,310.697008,52.66021,389.33979,389.33979,true,false,0
Guanyuan,43,B0,1,6,74.833333,15.166667,431.0,11.0,11.0,true,false,5
Guanyuan,43,B0,6,6,255.666667,255.666667,93.0,349.0,349.0,true,false,0
Guanyuan,43,B0,12,6,312.0,312.0,53.0,389.0,389.0,true,false,0
Guanyuan,43,B0,24,6,341.5,341.5,10.0,432.0,432.0,true,false,0
Guanyuan,44,B3_R2,1,16,34.155974,13.094333,344.901703,27.098297,27.098297,true,false,14
Guanyuan,44,B3_R2,6,16,103.312345,96.166532,301.319611,70.680389,70.680389,true,false,5
Guanyuan,44,B3_R2,12,16,147.452657,147.452657,197.156006,174.843994,174.843994,true,false,0
Guanyuan,44,B3_R2,24,16,198.125791,198.125791,136.204086,235.795914,235.795914,true,false,0
Guanyuan,44,GRU_R1,1,16,40.003763,33.769396,301.668823,70.331177,70.331177,true,false,14
Guanyuan,44,GRU_R1,6,16,85.935826,79.336095,303.618866,68.381134,68.381134,true,false,10
Guanyuan,44,GRU_R1,12,16,145.030422,141.879085,163.179169,208.820831,208.820831,true,false,3
Guanyuan,44,GRU_R1,24,16,139.661421,138.670271,312.93927,59.06073,59.06073,true,false,4
Guanyuan,44,B0,1,16,34.9375,5.1875,353.0,19.0,19.0,true,false,15
Guanyuan,44,B0,6,16,97.375,56.5,355.0,17.0,17.0,true,false,10
Guanyuan,44,B0,12,16,142.6875,126.6875,132.0,240.0,240.0,true,false,4
Guanyuan,44,B0,24,16,143.0625,110.4375,442.0,-70.0,70.0,false,false,6
Guanyuan,45,B3_R2,1,40,26.887506,12.059849,505.204224,69.795776,69.795776,true,true,40
Guanyuan,45,B3_R2,6,40,157.243139,153.788699,331.644867,243.355133,243.355133,true,false,34
Guanyuan,45,B3_R2,12,40,261.763802,261.763802,187.2453,387.7547,387.7547,true,false,3
Guanyuan,45,B3_R2,24,40,367.636507,367.636507,76.940948,498.059052,498.059052,true,false,0
Guanyuan,45,GRU_R1,1,40,117.391345,113.631268,364.032623,210.967377,210.967377,true,false,38
Guanyuan,45,GRU_R1,6,40,146.7932,143.188839,335.288818,239.711182,239.711182,true,true,34
Guanyuan,45,GRU_R1,12,40,170.480931,166.527846,314.577942,260.422058,260.422058,true,true,31
Guanyuan,45,GRU_R1,24,40,200.705198,198.031789,291.389099,283.610901,283.610901,true,false,26
Guanyuan,45,B0,1,40,25.575,0.575,570.0,5.0,5.0,true,false,39
Guanyuan,45,B0,6,40,77.55,29.9,461.0,114.0,114.0,true,true,36
Guanyuan,45,B0,12,40,98.925,60.875,454.0,121.0,121.0,true,true,36
Guanyuan,45,B0,24,40,140.25,129.0,350.0,225.0,225.0,true,false,32
Guanyuan,46,B3_R2,1,1,167.229309,167.229309,84.770691,167.229309,167.229309,true,false,0
Guanyuan,46,B3_R2,6,1,171.524796,171.524796,80.475204,171.524796,171.524796,true,false,0
Guanyuan,46,B3_R2,12,1,141.8069,141.8069,110.1931,141.8069,141.8069,true,false,0
Guanyuan,46,B3_R2,24,1,177.607811,177.607811,74.392189,177.607811,177.607811,true,false,0
Guanyuan,46,GRU_R1,1,1,199.09705,199.09705,52.90295,199.09705,199.09705,true,false,0
Guanyuan,46,GRU_R1,6,1,224.913883,224.913883,27.086117,224.913883,224.913883,true,false,0
Guanyuan,46,GRU_R1,12,1,60.625793,-60.625793,312.625793,-60.625793,60.625793,false,true,1
Guanyuan,46,GRU_R1,24,1,75.5336,-75.5336,327.5336,-75.5336,75.5336,false,true,1
Guanyuan,46,B0,1,1,178.0,178.0,74.0,178.0,178.0,true,false,0
Guanyuan,46,B0,6,1,192.0,192.0,60.0,192.0,192.0,true,false,0
Guanyuan,46,B0,12,1,248.0,-248.0,500.0,-248.0,248.0,false,true,1
Guanyuan,46,B0,24,1,278.0,-278.0,530.0,-278.0,278.0,false,true,1
Guanyuan,47,B3_R2,1,1,16.055481,16.055481,246.944519,16.055481,16.055481,true,true,1
Guanyuan,47,B3_R2,6,1,224.658688,224.658688,38.341312,224.658688,224.658688,true,false,0
Guanyuan,47,B3_R2,12,1,122.775757,122.775757,140.224243,122.775757,122.775757,true,false,0
Guanyuan,47,B3_R2,24,1,137.736801,137.736801,125.263199,137.736801,137.736801,true,false,0
Guanyuan,47,GRU_R1,1,1,28.819046,28.819046,234.180954,28.819046,28.819046,true,false,0
Guanyuan,47,GRU_R1,6,1,228.357899,228.357899,34.642101,228.357899,228.357899,true,false,0
Guanyuan,47,GRU_R1,12,1,30.630707,30.630707,232.369293,30.630707,30.630707,true,false,0
Guanyuan,47,GRU_R1,24,1,64.672058,-64.672058,327.672058,-64.672058,64.672058,false,true,1
Guanyuan,47,B0,1,1,24.0,24.0,239.0,24.0,24.0,true,false,0
Guanyuan,47,B0,6,1,239.0,239.0,24.0,239.0,239.0,true,false,0
Guanyuan,47,B0,12,1,3.0,-3.0,266.0,-3.0,3.0,false,true,1
Guanyuan,47,B0,24,1,282.0,-282.0,545.0,-282.0,282.0,false,true,1
Guanyuan,48,B3_R2,1,6,11.151883,11.151883,280.374176,5.625824,5.625824,true,false,5
Guanyuan,48,B3_R2,6,6,128.808947,128.808947,173.109406,112.890594,112.890594,true,false,0
Guanyuan,48,B3_R2,12,6,174.978957,174.978957,113.912018,172.087982,172.087982,true,false,0
Guanyuan,48,B3_R2,24,6,189.223634,189.223634,106.447098,179.552902,179.552902,true,false,0
Guanyuan,48,GRU_R1,1,6,15.614746,15.614746,270.754486,15.245514,15.245514,true,false,5
Guanyuan,48,GRU_R1,6,6,84.755315,84.755315,219.695068,66.304932,66.304932,true,false,0
Guanyuan,48,GRU_R1,12,6,91.49835,91.49835,194.779053,91.220947,91.220947,true,false,0
Guanyuan,48,GRU_R1,24,6,129.72762,118.633728,202.493469,83.506531,83.506531,true,true,1
Guanyuan,48,B0,1,6,10.166667,8.833333,282.0,4.0,4.0,true,false,5
Guanyuan,48,B0,6,6,84.5,84.5,213.0,73.0,73.0,true,false,0
Guanyuan,48,B0,12,6,66.833333,66.833333,232.0,54.0,54.0,true,false,1
Guanyuan,48,B0,24,6,133.5,80.833333,229.0,57.0,57.0,true,true,2
Guanyuan,49,B3_R2,1,1,162.360504,162.360504,216.639496,162.360504,162.360504,true,false,0
Guanyuan,49,B3_R2,6,1,220.387299,220.387299,158.612701,220.387299,220.387299,true,false,0
Guanyuan,49,B3_R2,12,1,230.517044,230.517044,148.482956,230.517044,230.517044,true,false,0
Guanyuan,49,B3_R2,24,1,253.195961,253.195961,125.804039,253.195961,253.195961,true,false,0
Guanyuan,49,GRU_R1,1,1,126.562149,126.562149,252.437851,126.562149,126.562149,true,true,1
Guanyuan,49,GRU_R1,6,1,175.844055,175.844055,203.155945,175.844055,175.844055,true,false,0
Guanyuan,49,GRU_R1,12,1,133.936462,133.936462,245.063538,133.936462,133.936462,true,true,1
Guanyuan,49,GRU_R1,24,1,188.670441,188.670441,190.329559,188.670441,188.670441,true,false,0
Guanyuan,49,B0,1,1,147.0,147.0,232.0,147.0,147.0,true,false,0
Guanyuan,49,B0,6,1,191.0,191.0,188.0,191.0,191.0,true,false,0
Guanyuan,49,B0,12,1,93.0,93.0,286.0,93.0,93.0,true,true,1
Guanyuan,49,B0,24,1,147.0,147.0,232.0,147.0,147.0,true,false,0
Guanyuan,50,B3_R2,1,11,29.730645,8.058814,384.568665,-2.568665,2.568665,false,false,10
Guanyuan,50,B3_R2,6,11,141.564592,132.406084,310.141571,71.858429,71.858429,true,false,5
Guanyuan,50,B3_R2,12,11,212.9152,212.9152,145.24118,236.75882,236.75882,true,false,0
Guanyuan,50,B3_R2,24,11,235.932691,235.932691,101.600876,280.399124,280.399124,true,false,0
Guanyuan,50,GRU_R1,1,11,53.096992,44.742799,321.699921,60.300079,60.300079,true,false,10
Guanyuan,50,GRU_R1,6,11,145.01144,136.991604,277.978271,104.021729,104.021729,true,false,5
Guanyuan,50,GRU_R1,12,11,215.930312,215.930312,122.703049,259.296951,259.296951,true,false,0
Guanyuan,50,GRU_R1,24,11,83.648306,82.811486,304.599426,77.400574,77.400574,true,false,7
Guanyuan,50,B0,1,11,35.090909,11.454545,378.0,4.0,4.0,true,false,10
Guanyuan,50,B0,6,11,152.363636,134.727273,300.0,82.0,82.0,true,false,5
Guanyuan,50,B0,12,11,254.272727,254.272727,65.0,317.0,317.0,true,false,0
Guanyuan,50,B0,24,11,70.181818,39.272727,379.0,3.0,3.0,true,false,7
Guanyuan,51,B3_R2,1,7,29.235844,14.456059,263.551208,62.448792,62.448792,true,false,6
Guanyuan,51,B3_R2,6,7,122.410264,122.410264,165.994003,160.005997,160.005997,true,true,1
Guanyuan,51,B3_R2,12,7,136.316587,136.316587,149.834183,176.165817,176.165817,true,false,0
Guanyuan,51,B3_R2,24,7,165.283433,165.283433,115.368942,210.631058,210.631058,true,false,0
Guanyuan,51,GRU_R1,1,7,30.339351,29.285945,241.552429,84.447571,84.447571,true,false,4
Guanyuan,51,GRU_R1,6,7,88.982049,81.582356,193.383591,132.616409,132.616409,true,true,1
Guanyuan,51,GRU_R1,12,7,15.897984,-1.16837,290.527954,35.472046,35.472046,true,true,7
Guanyuan,51,GRU_R1,24,7,168.818364,168.818364,108.088951,217.911049,217.911049,true,false,0
Guanyuan,51,B0,1,7,32.142857,9.571429,262.0,64.0,64.0,true,false,6
Guanyuan,51,B0,6,7,78.571429,45.714286,267.0,59.0,59.0,true,true,3
Guanyuan,51,B0,12,7,88.0,-88.0,364.0,-38.0,38.0,false,true,7
Guanyuan,51,B0,24,7,212.142857,212.142857,65.0,261.0,261.0,true,false,0
Guanyuan,52,B3_R2,1,14,10.57026,1.748989,265.379242,44.620758,44.620758,true,false,13
Guanyuan,52,B3_R2,6,14,33.988075,33.471709,230.320618,79.679382,79.679382,true,true,6
Guanyuan,52,B3_R2,12,14,98.169555,98.169555,191.477112,118.522888,118.522888,true,false,0
Guanyuan,52,B3_R2,24,14,92.264508,92.264508,193.722748,116.277252,116.277252,true,false,0
Guanyuan,52,GRU_R1,1,14,15.38479,15.20954,248.784683,61.215317,61.215317,true,true,10
Guanyuan,52,GRU_R1,6,14,33.879762,29.542316,236.675323,73.324677,73.324677,true,false,5
Guanyuan,52,GRU_R1,12,14,62.88846,62.88846,208.472015,101.527985,101.527985,true,false,0
Guanyuan,52,GRU_R1,24,14,102.309202,102.309202,173.061127,136.938873,136.938873,true,false,0
Guanyuan,52,B0,1,14,10.642857,1.5,263.0,47.0,47.0,true,false,13
Guanyuan,52,B0,6,14,45.214286,20.214286,225.0,85.0,85.0,true,false,8
Guanyuan,52,B0,12,14,75.5,74.928571,165.0,145.0,145.0,true,false,2
Guanyuan,52,B0,24,14,105.285714,105.285714,163.0,147.0,147.0,true,false,0
Guanyuan,53,B3_R2,1,15,88.335382,53.881415,417.468628,246.531372,246.531372,true,false,14
Guanyuan,53,B3_R2,6,15,254.527393,254.527393,110.772026,553.227974,553.227974,true,false,4
Guanyuan,53,B3_R2,12,15,337.934234,337.934234,77.930367,586.069633,586.069633,true,false,0
Guanyuan,53,B3_R2,24,15,369.941671,369.941671,69.684097,594.315903,594.315903,true,false,0
Guanyuan,53,GRU_R1,1,15,118.972563,116.847738,339.901459,324.098541,324.098541,true,false,13
Guanyuan,53,GRU_R1,6,15,219.18926,205.468122,138.085388,525.914612,525.914612,true,false,8
Guanyuan,53,GRU_R1,12,15,314.424167,314.424167,71.723274,592.276726,592.276726,true,false,1
Guanyuan,53,GRU_R1,24,15,378.673964,378.673964,50.345005,613.654995,613.654995,true,false,0
Guanyuan,53,B0,1,15,97.333333,4.266667,462.0,202.0,202.0,true,false,14
Guanyuan,53,B0,6,15,243.2,122.0,123.0,541.0,541.0,true,false,9
Guanyuan,53,B0,12,15,328.733333,313.666667,41.0,623.0,623.0,true,false,3
Guanyuan,53,B0,24,15,416.933333,416.933333,9.0,655.0,655.0,true,false,0
Guanyuan,54,B3_R2,1,6,10.611699,2.575261,286.828247,6.171753,6.171753,true,true,6
Guanyuan,54,B3_R2,6,6,32.165789,32.165789,255.123154,37.876846,37.876846,true,false,3
Guanyuan,54,B3_R2,12,6,102.46448,102.46448,170.476395,122.523605,122.523605,true,false,0
Guanyuan,54,B3_R2,24,6,152.687672,152.687672,127.482498,165.517502,165.517502,true,false,0
Guanyuan,54,GRU_R1,1,6,7.638229,-0.196762,283.459961,9.540039,9.540039,true,true,6
Guanyuan,54,GRU_R1,6,6,45.818593,45.818593,257.646637,35.353363,35.353363,true,false,2
Guanyuan,54,GRU_R1,12,6,56.484652,13.313988,191.354172,101.645828,101.645828,true,true,4
Guanyuan,54,GRU_R1,24,6,60.225001,44.408452,262.92038,30.07962,30.07962,true,false,3
Guanyuan,54,B0,1,6,13.833333,3.166667,286.0,7.0,7.0,true,false,5
Guanyuan,54,B0,6,6,34.833333,34.833333,244.0,49.0,49.0,true,false,0
Guanyuan,54,B0,12,6,77.333333,-58.333333,259.0,34.0,34.0,true,true,5
Guanyuan,54,B0,24,6,85.666667,-12.0,353.0,-60.0,60.0,false,false,4
Guanyuan,55,B3_R2,1,7,16.835233,7.871994,328.847656,8.152344,8.152344,true,true,7
Guanyuan,55,B3_R2,6,7,100.470343,100.470343,187.945786,149.054214,149.054214,true,false,1
Guanyuan,55,B3_R2,12,7,153.855122,153.855122,149.379456,187.620544,187.620544,true,false,0
Guanyuan,55,B3_R2,24,7,190.61714,190.61714,113.211617,223.788383,223.788383,true,false,0
Guanyuan,55,GRU_R1,1,7,32.288103,32.288103,296.765503,40.234497,40.234497,true,false,5
Guanyuan,55,GRU_R1,6,7,115.671888,115.671888,206.132629,130.867371,130.867371,true,false,0
Guanyuan,55,GRU_R1,12,7,184.291571,184.291571,121.521736,215.478264,215.478264,true,false,0
Guanyuan,55,GRU_R1,24,7,169.630576,169.630576,140.473389,196.526611,196.526611,true,false,0
Guanyuan,55,B0,1,7,19.571429,7.857143,325.0,12.0,12.0,true,false,6
Guanyuan,55,B0,6,7,121.714286,121.714286,199.0,138.0,138.0,true,false,1
Guanyuan,55,B0,12,7,216.857143,216.857143,88.0,249.0,249.0,true,false,0
Guanyuan,55,B0,24,7,162.142857,162.142857,144.0,193.0,193.0,true,false,0
Guanyuan,56,B3_R2,1,11,16.720933,13.759929,306.537537,16.462463,16.462463,true,false,10
Guanyuan,56,B3_R2,6,11,72.993206,69.337444,171.216034,151.783966,151.783966,true,true,4
Guanyuan,56,B3_R2,12,11,143.496352,143.496352,136.860321,186.139679,186.139679,true,false,0
Guanyuan,56,B3_R2,24,11,199.184095,199.184095,93.505142,229.494858,229.494858,true,false,0
Guanyuan,56,GRU_R1,1,11,18.390857,17.03217,298.934814,24.065186,24.065186,true,false,9
Guanyuan,56,GRU_R1,6,11,43.50924,36.555399,203.986267,119.013733,119.013733,true,true,8
Guanyuan,56,GRU_R1,12,11,72.179024,72.179024,226.201233,96.798767,96.798767,true,false,3
Guanyuan,56,GRU_R1,24,11,175.99295,175.99295,113.605064,209.394936,209.394936,true,false,0
Guanyuan,56,B0,1,11,13.727273,3.545455,315.0,8.0,8.0,true,false,10
Guanyuan,56,B0,6,11,41.090909,-6.0,235.0,88.0,88.0,true,true,10
Guanyuan,56,B0,12,11,53.090909,25.090909,285.0,38.0,38.0,true,false,7
Guanyuan,56,B0,24,11,189.181818,189.181818,86.0,237.0,237.0,true,false,0
Guanyuan,57,B3_R2,1,4,28.803955,16.567032,345.413696,19.586304,19.586304,true,true,4
Guanyuan,57,B3_R2,6,4,131.291634,131.291634,226.228546,138.771454,138.771454,true,false,0
Guanyuan,57,B3_R2,12,4,182.561573,182.561573,166.877533,198.122467,198.122467,true,false,0
Guanyuan,57,B3_R2,24,4,285.31034,285.31034,66.072937,298.927063,298.927063,true,false,0
Guanyuan,57,GRU_R1,1,4,54.077087,54.077087,296.303558,68.696442,68.696442,true,true,4
Guanyuan,57,GRU_R1,6,4,85.656704,85.656704,271.136536,93.863464,93.863464,true,true,4
Guanyuan,57,GRU_R1,12,4,87.337154,87.337154,262.358093,102.641907,102.641907,true,false,3
Guanyuan,57,GRU_R1,24,4,147.522163,147.522163,204.142868,160.857132,160.857132,true,false,0
Guanyuan,57,B0,1,4,28.75,16.75,346.0,19.0,19.0,true,true,4
Guanyuan,57,B0,6,4,65.75,65.75,283.0,82.0,82.0,true,true,4
Guanyuan,57,B0,12,4,50.75,50.75,306.0,59.0,59.0,true,true,4
Guanyuan,57,B0,24,4,118.25,118.25,241.0,124.0,124.0,true,false,1
Guanyuan,58,B3_R2,1,1,121.083267,121.083267,161.916733,121.083267,121.083267,true,false,0
Guanyuan,58,B3_R2,6,1,211.015686,211.015686,71.984314,211.015686,211.015686,true,false,0
Guanyuan,58,B3_R2,12,1,207.805283,207.805283,75.194717,207.805283,207.805283,true,false,0
Guanyuan,58,B3_R2,24,1,209.219025,209.219025,73.780975,209.219025,209.219025,true,false,0
Guanyuan,58,GRU_R1,1,1,128.271057,128.271057,154.728943,128.271057,128.271057,true,false,0
Guanyuan,58,GRU_R1,6,1,239.817554,239.817554,43.182446,239.817554,239.817554,true,false,0
Guanyuan,58,GRU_R1,12,1,224.868305,224.868305,58.131695,224.868305,224.868305,true,false,0
Guanyuan,58,GRU_R1,24,1,239.350094,239.350094,43.649906,239.350094,239.350094,true,false,0
Guanyuan,58,B0,1,1,123.0,123.0,160.0,123.0,123.0,true,false,0
Guanyuan,58,B0,6,1,260.0,260.0,23.0,260.0,260.0,true,false,0
Guanyuan,58,B0,12,1,262.0,262.0,21.0,262.0,262.0,true,false,0
Guanyuan,58,B0,24,1,272.0,272.0,11.0,272.0,272.0,true,false,0
Guanyuan,59,B3_R2,1,16,8.643038,-2.64209,280.330475,5.669525,5.669525,true,true,16
Guanyuan,59,B3_R2,6,16,48.428016,31.994346,269.317047,16.682953,16.682953,true,false,9
Guanyuan,59,B3_R2,12,16,48.887264,48.049766,278.132385,7.867615,7.867615,true,false,3
Guanyuan,59,B3_R2,24,16,23.905027,23.568819,243.88118,42.11882,42.11882,true,true,6
Guanyuan,59,GRU_R1,1,16,12.466848,7.954302,279.640533,6.359467,6.359467,true,false,10
Guanyuan,59,GRU_R1,6,16,57.026996,56.154873,223.114212,62.885788,62.885788,true,false,4
Guanyuan,59,GRU_R1,12,16,69.284763,69.284763,236.545563,49.454437,49.454437,true,false,1
Guanyuan,59,GRU_R1,24,16,37.375742,37.375742,232.85463,53.14537,53.14537,true,false,1
Guanyuan,59,B0,1,16,8.3125,0.5625,268.0,18.0,18.0,true,false,15
Guanyuan,59,B0,6,16,50.625,41.75,241.0,45.0,45.0,true,false,10
Guanyuan,59,B0,12,16,59.375,56.5,230.0,56.0,56.0,true,false,4
Guanyuan,59,B0,24,16,38.875,38.875,207.0,79.0,79.0,true,false,0
Gucheng,1,B3_R2,1,37,18.189977,6.832663,380.242371,25.757629,25.757629,true,false,35
Gucheng,1,B3_R2,6,37,74.270766,68.704219,281.10788,124.89212,124.89212,true,false,27
Gucheng,1,B3_R2,12,37,144.57882,144.57882,206.081299,199.918701,199.918701,true,false,0
Gucheng,1,B3_R2,24,37,229.211888,229.211888,118.571037,287.428963,287.428963,true,false,0
Gucheng,1,GRU_R1,1,37,55.496255,52.285041,311.115845,94.884155,94.884155,true,false,31
Gucheng,1,GRU_R1,6,37,85.875532,83.39829,258.699738,147.300262,147.300262,true,false,25
Gucheng,1,GRU_R1,12,37,109.33587,108.042627,189.554611,216.445389,216.445389,true,false,20
Gucheng,1,GRU_R1,24,37,150.402448,148.236158,200.055984,205.944016,205.944016,true,false,8
Gucheng,1,B0,1,37,18.216216,0.432432,376.0,30.0,30.0,true,false,36
Gucheng,1,B0,6,37,55.972973,24.675676,333.0,73.0,73.0,true,false,31
Gucheng,1,B0,12,37,76.081081,47.162162,222.0,184.0,184.0,true,false,25
Gucheng,1,B0,24,37,127.135135,106.756757,228.0,178.0,178.0,true,false,13
Gucheng,2,B3_R2,1,47,14.668462,5.91177,376.096161,22.903839,22.903839,true,true,47
Gucheng,2,B3_R2,6,47,63.934001,57.798364,250.409409,148.590591,148.590591,true,false,36
Gucheng,2,B3_R2,12,47,118.658466,118.658466,221.628677,177.371323,177.371323,true,false,6
Gucheng,2,B3_R2,24,47,204.147144,204.147144,116.883369,282.116631,282.116631,true,false,0
Gucheng,2,GRU_R1,1,47,42.107943,40.091022,334.842285,64.157715,64.157715,true,false,43
Gucheng,2,GRU_R1,6,47,71.42062,67.782832,269.809509,129.190491,129.190491,true,false,33
Gucheng,2,GRU_R1,12,47,95.668621,94.936205,225.169846,173.830154,173.830154,true,false,25
Gucheng,2,GRU_R1,24,47,117.768285,117.768285,183.318161,215.681839,215.681839,true,false,16
Gucheng,2,B0,1,47,14.553191,0.340426,387.0,12.0,12.0,true,false,46
Gucheng,2,B0,6,47,44.12766,17.914894,303.0,96.0,96.0,true,false,41
Gucheng,2,B0,12,47,68.829787,40.148936,257.0,142.0,142.0,true,false,35
Gucheng,2,B0,24,47,86.93617,78.808511,205.0,194.0,194.0,true,false,23
Gucheng,3,B3_R2,1,1,28.695358,28.695358,235.304642,28.695358,28.695358,true,false,0
Gucheng,3,B3_R2,6,1,129.883911,129.883911,134.116089,129.883911,129.883911,true,false,0
Gucheng,3,B3_R2,12,1,174.530838,174.530838,89.469162,174.530838,174.530838,true,false,0
Gucheng,3,B3_R2,24,1,175.934746,175.934746,88.065254,175.934746,175.934746,true,false,0
Gucheng,3,GRU_R1,1,1,84.237854,84.237854,179.762146,84.237854,84.237854,true,false,0
Gucheng,3,GRU_R1,6,1,124.682266,124.682266,139.317734,124.682266,124.682266,true,false,0
Gucheng,3,GRU_R1,12,1,152.552521,152.552521,111.447479,152.552521,152.552521,true,false,0
Gucheng,3,GRU_R1,24,1,197.957741,197.957741,66.042259,197.957741,197.957741,true,false,0
Gucheng,3,B0,1,1,21.0,21.0,243.0,21.0,21.0,true,false,0
Gucheng,3,B0,6,1,140.0,140.0,124.0,140.0,140.0,true,false,0
Gucheng,3,B0,12,1,169.0,169.0,95.0,169.0,169.0,true,false,0
Gucheng,3,B0,24,1,227.0,227.0,37.0,227.0,227.0,true,false,0
Gucheng,4,B3_R2,1,1,34.417145,34.417145,210.582855,34.417145,34.417145,true,false,0
Gucheng,4,B3_R2,6,1,111.019669,111.019669,133.980331,111.019669,111.019669,true,false,0
Gucheng,4,B3_R2,12,1,170.982475,170.982475,74.017525,170.982475,170.982475,true,false,0
Gucheng,4,B3_R2,24,1,135.339455,135.339455,109.660545,135.339455,135.339455,true,false,0
Gucheng,4,GRU_R1,1,1,77.804291,77.804291,167.195709,77.804291,77.804291,true,false,0
Gucheng,4,GRU_R1,6,1,128.037079,128.037079,116.962921,128.037079,128.037079,true,false,0
Gucheng,4,GRU_R1,12,1,164.350967,164.350967,80.649033,164.350967,164.350967,true,false,0
Gucheng,4,GRU_R1,24,1,153.468605,153.468605,91.531395,153.468605,153.468605,true,false,0
Gucheng,4,B0,1,1,27.0,27.0,218.0,27.0,27.0,true,false,0
Gucheng,4,B0,6,1,106.0,106.0,139.0,106.0,106.0,true,false,0
Gucheng,4,B0,12,1,177.0,177.0,68.0,177.0,177.0,true,false,0
Gucheng,4,B0,24,1,106.0,106.0,139.0,106.0,106.0,true,false,0
Gucheng,5,B3_R2,1,1,14.827118,14.827118,230.172882,14.827118,14.827118,true,false,0
Gucheng,5,B3_R2,6,1,61.013428,61.013428,183.986572,61.013428,61.013428,true,false,0
Gucheng,5,B3_R2,12,1,161.450874,161.450874,83.549126,161.450874,161.450874,true,false,0
Gucheng,5,B3_R2,24,1,150.146919,150.146919,94.853081,150.146919,150.146919,true,false,0
Gucheng,5,GRU_R1,1,1,62.658554,62.658554,182.341446,62.658554,62.658554,true,false,0
Gucheng,5,GRU_R1,6,1,80.490204,80.490204,164.509796,80.490204,80.490204,true,false,0
Gucheng,5,GRU_R1,12,1,140.648956,140.648956,104.351044,140.648956,140.648956,true,false,0
Gucheng,5,GRU_R1,24,1,173.665588,173.665588,71.334412,173.665588,173.665588,true,false,0
Gucheng,5,B0,1,1,12.0,12.0,233.0,12.0,12.0,true,false,0
Gucheng,5,B0,6,1,34.0,34.0,211.0,34.0,34.0,true,false,0
Gucheng,5,B0,12,1,134.0,134.0,111.0,134.0,134.0,true,false,0
Gucheng,5,B0,24,1,184.0,184.0,61.0,184.0,184.0,true,false,0
Gucheng,6,B3_R2,1,2,170.065689,170.065689,198.771179,111.228821,111.228821,true,false,0
Gucheng,6,B3_R2,6,2,244.25337,244.25337,61.799309,248.200691,248.200691,true,false,0
Gucheng,6,B3_R2,12,2,249.767393,249.767393,52.922195,257.077805,257.077805,true,false,0
Gucheng,6,B3_R2,24,2,276.173879,276.173879,22.632654,287.367346,287.367346,true,false,0
Gucheng,6,GRU_R1,1,2,169.474152,169.474152,202.55661,107.44339,107.44339,true,false,0
Gucheng,6,GRU_R1,6,2,207.441372,207.441372,103.651932,206.348068,206.348068,true,false,0
Gucheng,6,GRU_R1,12,2,227.896713,227.896713,73.60907,236.39093,236.39093,true,false,0
Gucheng,6,GRU_R1,24,2,258.169327,258.169327,46.045116,263.954884,263.954884,true,false,0
Gucheng,6,B0,1,2,118.5,118.5,301.0,9.0,9.0,true,false,1
Gucheng,6,B0,6,2,229.5,229.5,80.0,230.0,230.0,true,false,0
Gucheng,6,B0,12,2,247.5,247.5,49.0,261.0,261.0,true,false,0
Gucheng,6,B0,24,2,281.0,281.0,23.0,287.0,287.0,true,false,0
Gucheng,7,B3_R2,1,1,6.616013,6.616013,242.383987,6.616013,6.616013,true,false,0
Gucheng,7,B3_R2,6,1,120.788849,120.788849,128.211151,120.788849,120.788849,true,false,0
Gucheng,7,B3_R2,12,1,199.681717,199.681717,49.318283,199.681717,199.681717,true,false,0
Gucheng,7,B3_R2,24,1,194.102211,194.102211,54.897789,194.102211,194.102211,true,false,0
Gucheng,7,GRU_R1,1,1,72.376526,72.376526,176.623474,72.376526,72.376526,true,false,0
Gucheng,7,GRU_R1,6,1,140.563301,140.563301,108.436699,140.563301,140.563301,true,false,0
Gucheng,7,GRU_R1,12,1,168.493874,168.493874,80.506126,168.493874,168.493874,true,false,0
Gucheng,7,GRU_R1,24,1,168.963699,168.963699,80.036301,168.963699,168.963699,true,false,0
Gucheng,7,B0,1,1,17.0,17.0,232.0,17.0,17.0,true,false,0
Gucheng,7,B0,6,1,120.0,120.0,129.0,120.0,120.0,true,false,0
Gucheng,7,B0,12,1,130.0,130.0,119.0,130.0,130.0,true,false,0
Gucheng,7,B0,24,1,131.0,131.0,118.0,131.0,131.0,true,false,0
Gucheng,8,B3_R2,1,1,45.906723,45.906723,203.093277,45.906723,45.906723,true,false,0
Gucheng,8,B3_R2,6,1,105.035431,105.035431,143.964569,105.035431,105.035431,true,false,0
Gucheng,8,B3_R2,12,1,120.680191,120.680191,128.319809,120.680191,120.680191,true,false,0
Gucheng,8,B3_R2,24,1,184.591293,184.591293,64.408707,184.591293,184.591293,true,false,0
Gucheng,8,GRU_R1,1,1,70.882324,70.882324,178.117676,70.882324,70.882324,true,false,0
Gucheng,8,GRU_R1,6,1,97.693695,97.693695,151.306305,97.693695,97.693695,true,false,0
Gucheng,8,GRU_R1,12,1,95.171814,95.171814,153.828186,95.171814,95.171814,true,false,0
Gucheng,8,GRU_R1,24,1,170.632935,170.632935,78.367065,170.632935,170.632935,true,false,0
Gucheng,8,B0,1,1,43.0,43.0,206.0,43.0,43.0,true,false,0
Gucheng,8,B0,6,1,84.0,84.0,165.0,84.0,84.0,true,false,0
Gucheng,8,B0,12,1,13.0,13.0,236.0,13.0,13.0,true,false,0
Gucheng,8,B0,24,1,111.0,111.0,138.0,111.0,111.0,true,false,0
Gucheng,9,B3_R2,1,1,14.573273,14.573273,240.426727,14.573273,14.573273,true,false,0
Gucheng,9,B3_R2,6,1,77.417938,77.417938,177.582062,77.417938,77.417938,true,false,0
Gucheng,9,B3_R2,12,1,159.345558,159.345558,95.654442,159.345558,159.345558,true,false,0
Gucheng,9,B3_R2,24,1,208.776875,208.776875,46.223125,208.776875,208.776875,true,false,0
Gucheng,9,GRU_R1,1,1,56.172302,56.172302,198.827698,56.172302,56.172302,true,false,0
Gucheng,9,GRU_R1,6,1,78.717117,78.717117,176.282883,78.717117,78.717117,true,false,0
Gucheng,9,GRU_R1,12,1,100.605255,100.605255,154.394745,100.605255,100.605255,true,false,0
Gucheng,9,GRU_R1,24,1,126.452744,126.452744,128.547256,126.452744,126.452744,true,false,0
Gucheng,9,B0,1,1,28.0,28.0,227.0,28.0,28.0,true,false,0
Gucheng,9,B0,6,1,34.0,34.0,221.0,34.0,34.0,true,false,0
Gucheng,9,B0,12,1,38.0,38.0,217.0,38.0,38.0,true,false,0
Gucheng,9,B0,24,1,136.0,136.0,119.0,136.0,136.0,true,false,0
Gucheng,10,B3_R2,1,2,63.756317,63.756317,174.80867,121.19133,121.19133,true,false,1
Gucheng,10,B3_R2,6,2,205.235497,205.235497,89.986969,206.013031,206.013031,true,false,0
Gucheng,10,B3_R2,12,2,207.22242,207.22242,65.302071,230.697929,230.697929,true,false,0
Gucheng,10,B3_R2,24,2,212.966711,212.966711,62.495697,233.504303,233.504303,true,false,0
Gucheng,10,GRU_R1,1,2,175.078781,175.078781,81.295151,214.704849,214.704849,true,false,0
Gucheng,10,GRU_R1,6,2,211.973499,211.973499,88.590317,207.409683,207.409683,true,false,0
Gucheng,10,GRU_R1,12,2,218.373552,218.373552,53.531387,242.468613,242.468613,true,false,0
Gucheng,10,GRU_R1,24,2,222.860172,222.860172,58.581615,237.418385,237.418385,true,false,0
Gucheng,10,B0,1,2,58.0,16.0,222.0,74.0,74.0,true,false,1
Gucheng,10,B0,6,2,186.5,186.5,90.0,206.0,206.0,true,false,0
Gucheng,10,B0,12,2,223.0,223.0,47.0,249.0,249.0,true,false,0
Gucheng,10,B0,24,2,238.0,238.0,37.0,259.0,259.0,true,false,0
Gucheng,11,B3_R2,1,4,16.151958,7.26437,257.542389,14.457611,14.457611,true,false,3
Gucheng,11,B3_R2,6,4,155.607489,155.607489,101.79686,170.20314,170.20314,true,false,0
Gucheng,11,B3_R2,12,4,160.364143,160.364143,99.74176,172.25824,172.25824,true,false,0
Gucheng,11,B3_R2,24,4,203.536175,203.536175,50.357361,221.642639,221.642639,true,false,0
Gucheng,11,GRU_R1,1,4,48.902416,48.902416,215.143829,56.856171,56.856171,true,false,0
Gucheng,11,GRU_R1,6,4,146.514874,146.514874,107.693665,164.306335,164.306335,true,false,0
Gucheng,11,GRU_R1,12,4,157.328903,157.328903,107.585518,164.414482,164.414482,true,false,0
Gucheng,11,GRU_R1,24,4,173.590637,173.590637,83.653305,188.346695,188.346695,true,false,0
Gucheng,11,B0,1,4,16.5,5.5,262.0,10.0,10.0,true,false,3
Gucheng,11,B0,6,4,138.25,138.25,107.0,165.0,165.0,true,false,0
Gucheng,11,B0,12,4,138.25,138.25,123.0,149.0,149.0,true,false,0
Gucheng,11,B0,24,4,176.75,176.75,76.0,196.0,196.0,true,false,0
Gucheng,12,B3_R2,1,5,10.723569,9.583701,257.68454,4.31546,4.31546,true,false,4
Gucheng,12,B3_R2,6,5,132.805898,132.805898,118.47213,143.52787,143.52787,true,false,0
Gucheng,12,B3_R2,12,5,185.162988,185.162988,69.581978,192.418022,192.418022,true,false,0
Gucheng,12,B3_R2,24,5,179.072086,179.072086,77.619164,184.380836,184.380836,true,false,0
Gucheng,12,GRU_R1,1,5,48.081436,48.081436,213.568512,48.431488,48.431488,true,false,0
Gucheng,12,GRU_R1,6,5,115.634314,115.634314,129.589172,132.410828,132.410828,true,false,0
Gucheng,12,GRU_R1,12,5,166.062918,166.062918,93.701172,168.298828,168.298828,true,false,0
Gucheng,12,GRU_R1,24,5,120.11071,120.11071,146.367676,115.632324,115.632324,true,false,0
Gucheng,12,B0,1,5,10.4,8.4,258.0,4.0,4.0,true,false,4
Gucheng,12,B0,6,5,88.0,88.0,164.0,98.0,98.0,true,false,0
Gucheng,12,B0,12,5,174.4,174.4,80.0,182.0,182.0,true,false,0
Gucheng,12,B0,24,5,76.2,76.2,189.0,73.0,73.0,true,false,0
Gucheng,13,B3_R2,1,3,14.494512,14.494512,222.083206,31.916794,31.916794,true,false,1
Gucheng,13,B3_R2,6,3,64.798569,64.798569,180.103989,73.896011,73.896011,true,false,0
Gucheng,13,B3_R2,12,3,167.442955,167.442955,83.703896,170.296104,170.296104,true,false,0
Gucheng,13,B3_R2,24,3,193.196077,193.196077,66.140442,187.859558,187.859558,true,false,0
Gucheng,13,GRU_R1,1,3,69.702225,69.702225,184.046692,69.953308,69.953308,true,false,0
Gucheng,13,GRU_R1,6,3,56.485753,56.485753,192.412018,61.587982,61.587982,true,false,0
Gucheng,13,GRU_R1,12,3,127.734034,127.734034,128.206909,125.793091,125.793091,true,false,0
Gucheng,13,GRU_R1,24,3,187.962332,187.962332,39.952549,214.047451,214.047451,true,false,0
Gucheng,13,B0,1,3,6.666667,2.0,241.0,13.0,13.0,true,false,2
Gucheng,13,B0,6,3,8.0,-6.666667,252.0,2.0,2.0,true,true,3
Gucheng,13,B0,12,3,93.333333,93.333333,147.0,107.0,107.0,true,false,0
Gucheng,13,B0,24,3,163.666667,163.666667,96.0,158.0,158.0,true,false,0
Gucheng,14,B3_R2,1,2,12.640518,3.692535,254.947983,-8.947983,8.947983,false,false,1
Gucheng,14,B3_R2,6,2,57.101738,57.101738,188.261383,57.738617,57.738617,true,false,0
Gucheng,14,B3_R2,12,2,108.138939,108.138939,132.87587,113.12413,113.12413,true,false,0
Gucheng,14,B3_R2,24,2,148.147427,148.147427,98.212273,147.787727,147.787727,true,false,0
Gucheng,14,GRU_R1,1,2,31.218697,31.218697,229.75206,16.24794,16.24794,true,false,0
Gucheng,14,GRU_R1,6,2,106.393082,106.393082,138.536774,107.463226,107.463226,true,false,0
Gucheng,14,GRU_R1,12,2,108.725433,108.725433,144.820923,101.179077,101.179077,true,false,0
Gucheng,14,GRU_R1,24,2,138.579414,138.579414,108.787415,137.212585,137.212585,true,false,0
Gucheng,14,B0,1,2,13.5,13.5,245.0,1.0,1.0,true,false,1
Gucheng,14,B0,6,2,98.0,98.0,151.0,95.0,95.0,true,false,0
Gucheng,14,B0,12,2,124.5,124.5,123.0,123.0,123.0,true,false,0
Gucheng,14,B0,24,2,123.5,123.5,129.0,117.0,117.0,true,false,0
Gucheng,15,B3_R2,1,17,17.036798,3.779154,363.19046,14.80954,14.80954,true,false,16
Gucheng,15,B3_R2,6,17,88.316993,78.534939,258.273407,119.726593,119.726593,true,false,11
Gucheng,15,B3_R2,12,17,136.789033,136.789033,146.70694,231.29306,231.29306,true,false,0
Gucheng,15,B3_R2,24,17,180.534949,180.534949,172.429871,205.570129,205.570129,true,false,0
Gucheng,15,GRU_R1,1,17,50.36166,47.918961,308.542053,69.457947,69.457947,true,false,16
Gucheng,15,GRU_R1,6,17,101.321197,93.396352,244.467422,133.532578,133.532578,true,false,9
Gucheng,15,GRU_R1,12,17,132.953604,132.953604,167.685898,210.314102,210.314102,true,false,0
Gucheng,15,GRU_R1,24,17,168.241768,168.241768,210.534134,167.465866,167.465866,true,false,0
Gucheng,15,B0,1,17,22.647059,1.352941,362.0,16.0,16.0,true,false,16
Gucheng,15,B0,6,17,78.529412,46.058824,357.0,21.0,21.0,true,false,11
Gucheng,15,B0,12,17,124.058824,95.823529,161.0,217.0,217.0,true,false,5
Gucheng,15,B0,24,17,140.235294,140.235294,246.0,132.0,132.0,true,false,2
Gucheng,16,B3_R2,1,3,5.26152,-1.766251,258.869812,-4.869812,4.869812,false,false,2
Gucheng,16,B3_R2,6,3,23.135905,23.135905,232.748322,21.251678,21.251678,true,false,0
Gucheng,16,B3_R2,12,3,59.280467,59.280467,194.907791,59.092209,59.092209,true,false,0
Gucheng,16,B3_R2,24,3,135.229551,135.229551,119.52652,134.47348,134.47348,true,false,0
Gucheng,16,GRU_R1,1,3,16.789561,16.789561,242.426758,11.573242,11.573242,true,false,0
Gucheng,16,GRU_R1,6,3,53.053131,53.053131,192.835373,61.164627,61.164627,true,false,0
Gucheng,16,GRU_R1,12,3,14.298838,-14.298838,255.305267,-1.305267,1.305267,false,true,3
Gucheng,16,GRU_R1,24,3,45.611176,45.611176,212.24881,41.75119,41.75119,true,false,0
Gucheng,16,B0,1,3,5.333333,5.333333,252.0,2.0,2.0,true,false,2
Gucheng,16,B0,6,3,27.0,27.0,226.0,28.0,28.0,true,false,0
Gucheng,16,B0,12,3,87.666667,-87.666667,314.0,-60.0,60.0,false,true,3
Gucheng,16,B0,24,3,40.333333,-23.0,307.0,-53.0,53.0,false,false,2
Gucheng,17,B3_R2,1,3,7.602051,2.25061,242.467957,12.532043,12.532043,true,false,2
Gucheng,17,B3_R2,6,3,20.216624,20.216624,241.845016,13.154984,13.154984,true,false,0
Gucheng,17,B3_R2,12,3,57.309952,57.309952,181.311066,73.688934,73.688934,true,false,0
Gucheng,17,B3_R2,24,3,110.648076,110.648076,145.502274,109.497726,109.497726,true,false,0
Gucheng,17,GRU_R1,1,3,34.092392,34.092392,213.207031,41.792969,41.792969,true,false,0
Gucheng,17,GRU_R1,6,3,88.090703,88.090703,168.502686,86.497314,86.497314,true,false,0
Gucheng,17,GRU_R1,12,3,47.824656,47.824656,186.507568,68.492432,68.492432,true,false,0
Gucheng,17,GRU_R1,24,3,31.527974,-31.527974,276.217987,-21.217987,21.217987,false,true,3
Gucheng,17,B0,1,3,7.0,2.333333,241.0,14.0,14.0,true,false,2
Gucheng,17,B0,6,3,35.666667,35.666667,231.0,24.0,24.0,true,false,0
Gucheng,17,B0,12,3,22.666667,22.0,205.0,50.0,50.0,true,false,1
Gucheng,17,B0,24,3,115.0,-115.0,362.0,-107.0,107.0,false,true,3
Gucheng,18,B3_R2,1,16,22.726513,8.960411,316.326477,26.673523,26.673523,true,false,15
Gucheng,18,B3_R2,6,16,51.272259,51.173306,218.5336,124.4664,124.4664,true,false,9
Gucheng,18,B3_R2,12,16,128.008788,128.008788,132.736389,210.263611,210.263611,true,false,0
Gucheng,18,B3_R2,24,16,208.345088,208.345088,91.285072,251.714928,251.714928,true,false,0
Gucheng,18,GRU_R1,1,16,38.270566,36.473973,276.343384,66.656616,66.656616,true,false,13
Gucheng,18,GRU_R1,6,16,58.001118,58.001118,216.774536,126.225464,126.225464,true,false,10
Gucheng,18,GRU_R1,12,16,86.866529,86.866529,202.978363,140.021637,140.021637,true,false,3
Gucheng,18,GRU_R1,24,16,155.345934,155.345934,93.586426,249.413574,249.413574,true,false,0
Gucheng,18,B0,1,16,20.875,3.25,320.0,23.0,23.0,true,false,15
Gucheng,18,B0,6,16,50.4375,28.3125,204.0,139.0,139.0,true,false,10
Gucheng,18,B0,12,16,73.0,60.875,219.0,124.0,124.0,true,false,4
Gucheng,18,B0,24,16,107.0,107.0,155.0,188.0,188.0,true,false,0
Gucheng,19,B3_R2,1,2,41.158646,7.569351,237.272003,48.727997,48.727997,true,false,1
Gucheng,19,B3_R2,6,2,118.206215,118.206215,134.853668,151.146332,151.146332,true,false,0
Gucheng,19,B3_R2,12,2,142.270908,142.270908,124.982544,161.017456,161.017456,true,false,0
Gucheng,19,B3_R2,24,2,183.192574,183.192574,81.821404,204.178596,204.178596,true,false,0
Gucheng,19,GRU_R1,1,2,40.758858,25.890572,219.350571,66.649429,66.649429,true,false,1
Gucheng,19,GRU_R1,6,2,112.789726,112.789726,137.01152,148.98848,148.98848,true,false,0
Gucheng,19,GRU_R1,12,2,147.061111,147.061111,113.734596,172.265404,172.265404,true,false,0
Gucheng,19,GRU_R1,24,2,130.65551,130.65551,132.132599,153.867401,153.867401,true,false,0
Gucheng,19,B0,1,2,52.0,13.0,221.0,65.0,65.0,true,false,1
Gucheng,19,B0,6,2,138.0,138.0,112.0,174.0,174.0,true,false,0
Gucheng,19,B0,12,2,159.5,159.5,103.0,183.0,183.0,true,false,0
Gucheng,19,B0,24,2,152.5,152.5,113.0,173.0,173.0,true,false,0
Gucheng,20,B3_R2,1,9,14.949151,4.834039,304.688293,5.311707,5.311707,true,false,8
Gucheng,20,B3_R2,6,9,46.638887,46.638887,208.942184,101.057816,101.057816,true,false,5
Gucheng,20,B3_R2,12,9,110.964727,110.964727,165.3069,144.6931,144.6931,true,false,0
Gucheng,20,B3_R2,24,9,173.140392,173.140392,121.343994,188.656006,188.656006,true,false,0
Gucheng,20,GRU_R1,1,9,18.918055,14.563536,277.112427,32.887573,32.887573,true,false,8
Gucheng,20,GRU_R1,6,9,51.919985,51.919985,217.045166,92.954834,92.954834,true,false,4
Gucheng,20,GRU_R1,12,9,115.764767,115.764767,133.505005,176.494995,176.494995,true,false,0
Gucheng,20,GRU_R1,24,9,127.649345,127.649345,168.808868,141.191132,141.191132,true,false,0
Gucheng,20,B0,1,9,18.222222,3.333333,301.0,9.0,9.0,true,false,8
Gucheng,20,B0,6,9,48.111111,36.111111,221.0,89.0,89.0,true,false,5
Gucheng,20,B0,12,9,134.0,134.0,105.0,205.0,205.0,true,false,0
Gucheng,20,B0,24,9,144.666667,144.666667,153.0,157.0,157.0,true,false,0
Gucheng,21,B3_R2,1,11,30.216614,9.810619,353.884949,31.115051,31.115051,true,false,10
Gucheng,21,B3_R2,6,11,113.340343,104.839977,162.435242,222.564758,222.564758,true,false,3
Gucheng,21,B3_R2,12,11,173.974779,173.974779,124.18837,260.81163,260.81163,true,false,0
Gucheng,21,B3_R2,24,11,241.711583,241.711583,72.992699,312.007301,312.007301,true,false,0
Gucheng,21,GRU_R1,1,11,42.123675,37.275681,300.789368,84.210632,84.210632,true,false,10
Gucheng,21,GRU_R1,6,11,87.077221,82.957286,264.226379,120.773621,120.773621,true,false,5
Gucheng,21,GRU_R1,12,11,100.765754,100.765754,204.448029,180.551971,180.551971,true,false,1
Gucheng,21,GRU_R1,24,11,113.03273,112.952519,199.384094,185.615906,185.615906,true,false,1
Gucheng,21,B0,1,11,30.818182,4.454545,361.0,24.0,24.0,true,false,10
Gucheng,21,B0,6,11,88.0,63.636364,294.0,91.0,91.0,true,false,5
Gucheng,21,B0,12,11,74.181818,74.181818,224.0,161.0,161.0,true,true,5
Gucheng,21,B0,24,11,104.272727,85.909091,247.0,138.0,138.0,true,false,5
Gucheng,22,B3_R2,1,1,16.265167,16.265167,234.734833,16.265167,16.265167,true,false,0
Gucheng,22,B3_R2,6,1,16.964172,-16.964172,267.964172,-16.964172,16.964172,false,true,1
Gucheng,22,B3_R2,12,1,71.163849,71.163849,179.836151,71.163849,71.163849,true,false,0
Gucheng,22,B3_R2,24,1,137.670937,137.670937,113.329063,137.670937,137.670937,true,false,0
Gucheng,22,GRU_R1,1,1,25.616486,25.616486,225.383514,25.616486,25.616486,true,false,0
Gucheng,22,GRU_R1,6,1,5.991516,-5.991516,256.991516,-5.991516,5.991516,false,true,1
Gucheng,22,GRU_R1,12,1,5.796143,-5.796143,256.796143,-5.796143,5.796143,false,true,1
Gucheng,22,GRU_R1,24,1,14.358643,14.358643,236.641357,14.358643,14.358643,true,false,0
Gucheng,22,B0,1,1,19.0,19.0,232.0,19.0,19.0,true,false,0
Gucheng,22,B0,6,1,45.0,-45.0,296.0,-45.0,45.0,false,true,1
Gucheng,22,B0,12,1,53.0,-53.0,304.0,-53.0,53.0,false,true,1
Gucheng,22,B0,24,1,30.0,-30.0,281.0,-30.0,30.0,false,true,1
Gucheng,23,B3_R2,1,1,8.043106,8.043106,238.956894,8.043106,8.043106,true,false,0
Gucheng,23,B3_R2,6,1,53.421631,53.421631,193.578369,53.421631,53.421631,true,false,0
Gucheng,23,B3_R2,12,1,102.295868,102.295868,144.704132,102.295868,102.295868,true,false,0
Gucheng,23,B3_R2,24,1,158.43013,158.43013,88.56987,158.43013,158.43013,true,false,0
Gucheng,23,GRU_R1,1,1,78.712296,78.712296,168.287704,78.712296,78.712296,true,false,0
Gucheng,23,GRU_R1,6,1,145.56871,145.56871,101.43129,145.56871,145.56871,true,false,0
Gucheng,23,GRU_R1,12,1,147.480797,147.480797,99.519203,147.480797,147.480797,true,false,0
Gucheng,23,GRU_R1,24,1,55.179459,55.179459,191.820541,55.179459,55.179459,true,false,0
Gucheng,23,B0,1,1,24.0,24.0,223.0,24.0,24.0,true,false,0
Gucheng,23,B0,6,1,58.0,58.0,189.0,58.0,58.0,true,false,0
Gucheng,23,B0,12,1,130.0,130.0,117.0,130.0,130.0,true,false,0
Gucheng,23,B0,24,1,1.0,1.0,246.0,1.0,1.0,true,true,1
Gucheng,24,B3_R2,1,8,11.206255,3.396242,250.832947,14.167053,14.167053,true,false,6
Gucheng,24,B3_R2,6,8,45.486475,45.486475,192.00882,72.99118,72.99118,true,false,0
Gucheng,24,B3_R2,12,8,130.80558,130.80558,83.470032,181.529968,181.529968,true,false,0
Gucheng,24,B3_R2,24,8,181.273055,181.273055,70.475174,194.524826,194.524826,true,false,0
Gucheng,24,GRU_R1,1,8,59.095137,59.095137,199.538879,65.461121,65.461121,true,false,0
Gucheng,24,GRU_R1,6,8,85.345179,85.345179,164.075241,100.924759,100.924759,true,false,0
Gucheng,24,GRU_R1,12,8,108.98562,108.98562,144.852692,120.147308,120.147308,true,false,0
Gucheng,24,GRU_R1,24,8,133.053342,133.053342,117.052048,147.947952,147.947952,true,false,0
Gucheng,24,B0,1,8,11.875,3.125,246.0,19.0,19.0,true,false,7
Gucheng,24,B0,6,8,39.5,36.25,190.0,75.0,75.0,true,false,2
Gucheng,24,B0,12,8,99.25,99.25,135.0,130.0,130.0,true,false,0
Gucheng,24,B0,24,8,148.75,148.75,92.0,173.0,173.0,true,false,0
Gucheng,25,B3_R2,1,3,27.566961,27.566961,273.127991,2.872009,2.872009,true,false,1
Gucheng,25,B3_R2,6,3,242.874484,242.874484,38.291328,237.708672,237.708672,true,false,0
Gucheng,25,B3_R2,12,3,225.26542,225.26542,16.868683,259.131317,259.131317,true,false,0
Gucheng,25,B3_R2,24,3,196.761574,196.761574,69.524445,206.475555,206.475555,true,false,0
Gucheng,25,GRU_R1,1,3,90.485321,90.485321,197.713272,78.286728,78.286728,true,false,0
Gucheng,25,GRU_R1,6,3,250.326168,250.326168,23.30364,252.69636,252.69636,true,false,0
Gucheng,25,GRU_R1,12,3,229.766286,229.766286,17.255156,258.744844,258.744844,true,false,0
Gucheng,25,GRU_R1,24,3,108.898727,108.898727,168.475403,107.524597,107.524597,true,false,0
Gucheng,25,B0,1,3,14.333333,14.333333,272.0,4.0,4.0,true,false,2
Gucheng,25,B0,6,3,244.666667,244.666667,35.0,241.0,241.0,true,false,0
Gucheng,25,B0,12,3,206.0,206.0,34.0,242.0,242.0,true,false,0
Gucheng,25,B0,24,3,18.333333,18.333333,258.0,18.0,18.0,true,true,3
Gucheng,26,B3_R2,1,10,46.274556,19.184694,394.403198,24.596802,24.596802,true,false,9
Gucheng,26,B3_R2,6,10,134.585239,133.828354,219.398102,199.601898,199.601898,true,false,2
Gucheng,26,B3_R2,12,10,172.860384,172.860384,192.846909,226.153091,226.153091,true,false,0
Gucheng,26,B3_R2,24,10,211.621923,211.621923,143.594574,275.405426,275.405426,true,false,0
Gucheng,26,GRU_R1,1,10,61.803598,52.191483,335.460571,83.539429,83.539429,true,false,9
Gucheng,26,GRU_R1,6,10,142.711807,133.981479,177.650894,241.349106,241.349106,true,false,4
Gucheng,26,GRU_R1,12,10,212.14565,212.14565,140.058044,278.941956,278.941956,true,false,0
Gucheng,26,GRU_R1,24,10,211.248867,211.248867,123.086334,295.913666,295.913666,true,false,0
Gucheng,26,B0,1,10,41.2,6.4,416.0,3.0,3.0,true,false,9
Gucheng,26,B0,6,10,169.3,115.1,171.0,248.0,248.0,true,false,4
Gucheng,26,B0,12,10,235.2,235.2,109.0,310.0,310.0,true,false,0
Gucheng,26,B0,24,10,208.6,208.6,129.0,290.0,290.0,true,false,0
Gucheng,27,B3_R2,1,14,41.802472,14.001438,423.637329,28.362671,28.362671,true,false,13
Gucheng,27,B3_R2,6,14,122.368132,112.363027,255.08873,196.91127,196.91127,true,false,4
Gucheng,27,B3_R2,12,14,156.865122,156.865122,197.486298,254.513702,254.513702,true,false,0
Gucheng,27,B3_R2,24,14,233.008692,233.008692,125.603348,326.396652,326.396652,true,false,0
Gucheng,27,GRU_R1,1,14,57.509579,52.977196,339.359924,112.640076,112.640076,true,false,12
Gucheng,27,GRU_R1,6,14,109.255574,101.468608,256.018066,195.981934,195.981934,true,true,7
Gucheng,27,GRU_R1,12,14,106.033241,101.808549,200.968445,251.031555,251.031555,true,true,8
Gucheng,27,GRU_R1,24,14,157.415429,150.489718,245.581314,206.418686,206.418686,true,false,5
Gucheng,27,B0,1,14,37.428571,2.428571,435.0,17.0,17.0,true,false,13
Gucheng,27,B0,6,14,88.714286,62.142857,313.0,139.0,139.0,true,true,9
Gucheng,27,B0,12,14,108.571429,47.428571,212.0,240.0,240.0,true,true,9
Gucheng,27,B0,24,14,162.0,123.428571,290.0,162.0,162.0,true,false,5
Gucheng,28,B3_R2,1,11,33.94909,8.219786,358.623993,17.376007,17.376007,true,false,10
Gucheng,28,B3_R2,6,11,98.293719,98.293719,204.201874,171.798126,171.798126,true,false,5
Gucheng,28,B3_R2,12,11,155.287394,155.287394,193.546143,182.453857,182.453857,true,false,0
Gucheng,28,B3_R2,24,11,205.610411,205.610411,130.531006,245.468994,245.468994,true,false,0
Gucheng,28,GRU_R1,1,11,52.679491,41.816997,304.506165,71.493835,71.493835,true,false,10
Gucheng,28,GRU_R1,6,11,122.885997,119.588201,146.072906,229.927094,229.927094,true,false,5
Gucheng,28,GRU_R1,12,11,203.291143,203.291143,132.479111,243.520889,243.520889,true,false,0
Gucheng,28,GRU_R1,24,11,198.715607,198.715607,129.965942,246.034058,246.034058,true,false,0
Gucheng,28,B0,1,11,38.272727,3.727273,362.0,14.0,14.0,true,false,10
Gucheng,28,B0,6,11,123.727273,94.818182,124.0,252.0,252.0,true,false,5
Gucheng,28,B0,12,11,223.454545,223.454545,113.0,263.0,263.0,true,false,0
Gucheng,28,B0,24,11,205.636364,205.636364,142.0,234.0,234.0,true,false,0
Gucheng,29,B3_R2,1,2,21.766762,6.453712,241.779526,28.220474,28.220474,true,false,1
Gucheng,29,B3_R2,6,2,118.802734,118.802734,148.095551,121.904449,121.904449,true,false,0
Gucheng,29,B3_R2,12,2,83.883308,83.883308,178.606552,91.393448,91.393448,true,false,0
Gucheng,29,B3_R2,24,2,191.28442,191.28442,83.32045,186.67955,186.67955,true,false,0
Gucheng,29,GRU_R1,1,2,13.765091,13.765091,243.033264,26.966736,26.966736,true,false,1
Gucheng,29,GRU_R1,6,2,115.65271,115.65271,144.22757,125.77243,125.77243,true,false,0
Gucheng,29,GRU_R1,12,2,42.948799,42.948799,224.726395,45.273605,45.273605,true,false,0
Gucheng,29,GRU_R1,24,2,147.603012,147.603012,127.397873,142.602127,142.602127,true,false,0
Gucheng,29,B0,1,2,17.5,13.5,239.0,31.0,31.0,true,false,1
Gucheng,29,B0,6,2,81.5,81.5,188.0,82.0,82.0,true,false,0
Gucheng,29,B0,12,2,14.5,-14.5,281.0,-11.0,11.0,false,true,2
Gucheng,29,B0,24,2,148.0,148.0,121.0,149.0,149.0,true,false,0
Gucheng,30,B3_R2,1,3,24.88917,14.620087,259.730804,11.269196,11.269196,true,false,2
Gucheng,30,B3_R2,6,3,177.441912,177.441912,80.112724,190.887276,190.887276,true,false,0
Gucheng,30,B3_R2,12,3,37.281301,37.281301,220.024628,50.975372,50.975372,true,false,1
Gucheng,30,B3_R2,24,3,134.068298,134.068298,127.780769,143.219231,143.219231,true,false,0
Gucheng,30,GRU_R1,1,3,54.548808,54.548808,204.542358,66.457642,66.457642,true,false,0
Gucheng,30,GRU_R1,6,3,210.5603,210.5603,50.089882,220.910118,220.910118,true,false,0
Gucheng,30,GRU_R1,12,3,32.538198,30.010427,232.391205,38.608795,38.608795,true,false,1
Gucheng,30,GRU_R1,24,3,10.918823,-2.321737,274.592651,-3.592651,3.592651,false,true,2
Gucheng,30,B0,1,3,26.666667,12.0,257.0,14.0,14.0,true,false,2
Gucheng,30,B0,6,3,201.0,201.0,58.0,213.0,213.0,true,false,0
Gucheng,30,B0,12,3,37.0,23.0,239.0,32.0,32.0,true,false,1
Gucheng,30,B0,24,3,76.333333,-76.333333,349.0,-78.0,78.0,false,true,3
Gucheng,31,B3_R2,1,1,14.727524,14.727524,234.272476,14.727524,14.727524,true,false,0
Gucheng,31,B3_R2,6,1,206.651333,206.651333,42.348667,206.651333,206.651333,true,false,0
Gucheng,31,B3_R2,12,1,180.420853,180.420853,68.579147,180.420853,180.420853,true,false,0
Gucheng,31,B3_R2,24,1,182.466423,182.466423,66.533577,182.466423,182.466423,true,false,0
Gucheng,31,GRU_R1,1,1,37.094421,37.094421,211.905579,37.094421,37.094421,true,false,0
Gucheng,31,GRU_R1,6,1,192.876278,192.876278,56.123722,192.876278,192.876278,true,false,0
Gucheng,31,GRU_R1,12,1,185.566799,185.566799,63.433201,185.566799,185.566799,true,false,0
Gucheng,31,GRU_R1,24,1,147.725067,147.725067,101.274933,147.725067,147.725067,true,false,0
Gucheng,31,B0,1,1,8.0,8.0,241.0,8.0,8.0,true,false,0
Gucheng,31,B0,6,1,218.0,218.0,31.0,218.0,218.0,true,false,0
Gucheng,31,B0,12,1,156.0,156.0,93.0,156.0,156.0,true,false,0
Gucheng,31,B0,24,1,173.0,173.0,76.0,173.0,173.0,true,false,0
Gucheng,32,B3_R2,1,4,15.561085,14.008228,244.79361,18.20639,18.20639,true,false,3
Gucheng,32,B3_R2,6,4,113.027744,113.027744,148.654663,114.345337,114.345337,true,false,0
Gucheng,32,B3_R2,12,4,122.901724,122.901724,150.924164,112.075836,112.075836,true,false,0
Gucheng,32,B3_R2,24,4,161.560028,161.560028,95.809563,167.190437,167.190437,true,false,0
Gucheng,32,GRU_R1,1,4,10.577164,4.769089,257.176758,5.823242,5.823242,true,false,3
Gucheng,32,GRU_R1,6,4,84.012043,84.012043,177.61911,85.38089,85.38089,true,false,0
Gucheng,32,GRU_R1,12,4,73.051865,73.051865,188.340988,74.659012,74.659012,true,false,0
Gucheng,32,GRU_R1,24,4,167.847261,167.847261,87.891953,175.108047,175.108047,true,false,0
Gucheng,32,B0,1,4,14.5,11.0,250.0,13.0,13.0,true,false,3
Gucheng,32,B0,6,4,88.0,88.0,183.0,80.0,80.0,true,false,0
Gucheng,32,B0,12,4,43.75,43.75,241.0,22.0,22.0,true,false,1
Gucheng,32,B0,24,4,159.25,159.25,101.0,162.0,162.0,true,false,0
Gucheng,33,B3_R2,1,3,4.287303,-4.287303,248.612274,-1.612274,1.612274,false,true,3
Gucheng,33,B3_R2,6,3,55.163762,55.163762,191.237198,55.762802,55.762802,true,false,0
Gucheng,33,B3_R2,12,3,163.221499,163.221499,84.67997,162.32003,162.32003,true,false,0
Gucheng,33,B3_R2,24,3,183.46191,183.46191,64.785416,182.214584,182.214584,true,false,0
Gucheng,33,GRU_R1,1,3,13.685811,13.685811,243.258362,3.741638,3.741638,true,false,0
Gucheng,33,GRU_R1,6,3,50.119858,50.119858,185.780579,61.219421,61.219421,true,false,0
Gucheng,33,GRU_R1,12,3,102.578326,102.578326,126.265572,120.734428,120.734428,true,false,0
Gucheng,33,GRU_R1,24,3,122.706601,122.706601,120.532364,126.467636,126.467636,true,false,0
Gucheng,33,B0,1,3,2.0,1.333333,245.0,2.0,2.0,true,false,2
Gucheng,33,B0,6,3,7.0,7.0,236.0,11.0,11.0,true,false,0
Gucheng,33,B0,12,3,18.333333,18.333333,227.0,20.0,20.0,true,false,0
Gucheng,33,B0,24,3,118.333333,118.333333,124.0,123.0,123.0,true,false,0
Gucheng,34,B3_R2,1,7,9.871763,-4.184799,274.042328,-2.042328,2.042328,false,true,7
Gucheng,34,B3_R2,6,7,38.462786,35.903355,248.254196,23.745804,23.745804,true,false,2
Gucheng,34,B3_R2,12,7,140.20008,140.20008,159.715805,112.284195,112.284195,true,false,0
Gucheng,34,B3_R2,24,7,212.427111,212.427111,63.002171,208.997829,208.997829,true,false,0
Gucheng,34,GRU_R1,1,7,15.0287,15.0287,239.995407,32.004593,32.004593,true,false,3
Gucheng,34,GRU_R1,6,7,37.003113,37.003113,229.150986,42.849014,42.849014,true,false,0
Gucheng,34,GRU_R1,12,7,54.178173,54.178173,234.78891,37.21109,37.21109,true,false,0
Gucheng,34,GRU_R1,24,7,118.610662,118.610662,162.536255,109.463745,109.463745,true,false,0
Gucheng,34,B0,1,7,11.428571,1.428571,264.0,8.0,8.0,true,false,6
Gucheng,34,B0,6,7,20.0,15.428571,238.0,34.0,34.0,true,false,4
Gucheng,34,B0,12,7,20.857143,20.857143,242.0,30.0,30.0,true,false,0
Gucheng,34,B0,24,7,39.571429,39.571429,228.0,44.0,44.0,true,false,0
Gucheng,35,B3_R2,1,3,28.059931,9.3989,226.811752,56.188248,56.188248,true,false,2
Gucheng,35,B3_R2,6,3,136.859815,136.859815,112.199471,170.800529,170.800529,true,false,0
Gucheng,35,B3_R2,12,3,172.29584,172.29584,84.021355,198.978645,198.978645,true,false,0
Gucheng,35,B3_R2,24,3,216.005487,216.005487,40.749836,242.250164,242.250164,true,false,0
Gucheng,35,GRU_R1,1,3,31.817963,31.817963,215.503784,67.496216,67.496216,true,false,1
Gucheng,35,GRU_R1,6,3,159.044011,159.044011,93.305138,189.694862,189.694862,true,false,0
Gucheng,35,GRU_R1,12,3,194.160767,194.160767,68.400864,214.599136,214.599136,true,false,0
Gucheng,35,GRU_R1,24,3,233.460327,233.460327,28.771917,254.228083,254.228083,true,false,0
Gucheng,35,B0,1,3,28.333333,14.333333,219.0,64.0,64.0,true,false,2
Gucheng,35,B0,6,3,189.666667,189.666667,65.0,218.0,218.0,true,false,0
Gucheng,35,B0,12,3,217.0,217.0,57.0,226.0,226.0,true,false,0
Gucheng,35,B0,24,3,253.0,253.0,15.0,268.0,268.0,true,false,0
Gucheng,36,B3_R2,1,4,20.498726,-7.219566,284.62796,0.37204,0.37204,true,true,4
Gucheng,36,B3_R2,6,4,123.134178,123.134178,132.35527,152.64473,152.64473,true,false,0
Gucheng,36,B3_R2,12,4,146.109892,146.109892,102.853745,182.146255,182.146255,true,false,0
Gucheng,36,B3_R2,24,4,177.202858,177.202858,88.275543,196.724457,196.724457,true,false,0
Gucheng,36,GRU_R1,1,4,47.32114,41.172886,226.062744,58.937256,58.937256,true,false,2
Gucheng,36,GRU_R1,6,4,146.988443,146.988443,116.58448,168.41552,168.41552,true,false,0
Gucheng,36,GRU_R1,12,4,185.246143,185.246143,76.945419,208.054581,208.054581,true,false,0
Gucheng,36,GRU_R1,24,4,64.687286,64.687286,233.668472,51.331528,51.331528,true,false,0
Gucheng,36,B0,1,4,20.25,3.25,272.0,13.0,13.0,true,false,3
Gucheng,36,B0,6,4,127.25,127.25,130.0,155.0,155.0,true,false,0
Gucheng,36,B0,12,4,200.0,200.0,61.0,224.0,224.0,true,false,0
Gucheng,36,B0,24,4,20.25,14.75,283.0,2.0,2.0,true,false,3
Gucheng,37,B3_R2,1,10,9.767274,-6.402965,311.020203,0.979797,0.979797,true,false,9
Gucheng,37,B3_R2,6,10,78.581849,60.358698,294.673889,17.326111,17.326111,true,false,5
Gucheng,37,B3_R2,12,10,126.368748,126.368748,191.514145,120.485855,120.485855,true,false,0
Gucheng,37,B3_R2,24,10,209.317234,209.317234,68.095337,243.904663,243.904663,true,false,0
Gucheng,37,GRU_R1,1,10,18.069824,16.298566,283.54483,28.45517,28.45517,true,false,8
Gucheng,37,GRU_R1,6,10,89.84995,88.158508,238.491608,73.508392,73.508392,true,false,3
Gucheng,37,GRU_R1,12,10,150.462298,150.462298,112.934937,199.065063,199.065063,true,false,0
Gucheng,37,GRU_R1,24,10,116.004417,116.004417,189.477325,122.522675,122.522675,true,false,0
Gucheng,37,B0,1,10,15.2,2.8,298.0,14.0,14.0,true,false,9
Gucheng,37,B0,6,10,94.4,88.4,251.0,61.0,61.0,true,false,4
Gucheng,37,B0,12,10,150.9,150.9,115.0,197.0,197.0,true,false,0
Gucheng,37,B0,24,10,55.3,55.1,251.0,61.0,61.0,true,false,4
Gucheng,38,B3_R2,1,2,8.076599,8.076599,261.420197,13.579803,13.579803,true,true,2
Gucheng,38,B3_R2,6,2,23.772728,6.088158,245.139114,29.860886,29.860886,true,true,2
Gucheng,38,B3_R2,12,2,57.262268,57.262268,213.070328,61.929672,61.929672,true,false,0
Gucheng,38,B3_R2,24,2,172.612854,172.612854,92.842751,182.157249,182.157249,true,false,0
Gucheng,38,GRU_R1,1,2,21.588341,21.588341,243.350235,31.649765,31.649765,true,false,0
Gucheng,38,GRU_R1,6,2,50.034683,50.034683,204.237274,70.762726,70.762726,true,false,0
Gucheng,38,GRU_R1,12,2,123.204666,123.204666,130.949966,144.050034,144.050034,true,false,0
Gucheng,38,GRU_R1,24,2,8.419273,6.867775,259.712952,15.287048,15.287048,true,true,2
Gucheng,38,B0,1,2,20.5,20.5,249.0,26.0,26.0,true,false,1
Gucheng,38,B0,6,2,50.0,50.0,209.0,66.0,66.0,true,false,0
Gucheng,38,B0,12,2,130.5,130.5,119.0,156.0,156.0,true,false,0
Gucheng,38,B0,24,2,43.0,-43.0,312.0,-37.0,37.0,false,true,2
Gucheng,39,B3_R2,1,45,43.793585,30.447974,483.377594,162.622406,162.622406,true,false,44
Gucheng,39,B3_R2,6,45,200.444819,200.444819,302.251312,343.748688,343.748688,true,false,39
Gucheng,39,B3_R2,12,45,335.965147,335.965147,97.935417,548.064583,548.064583,true,false,5
Gucheng,39,B3_R2,24,45,422.853586,422.853586,46.169903,599.830097,599.830097,true,false,0
Gucheng,39,GRU_R1,1,45,146.271851,146.271851,362.763885,283.236115,283.236115,true,false,44
Gucheng,39,GRU_R1,6,45,181.133902,181.133902,323.930389,322.069611,322.069611,true,false,39
Gucheng,39,GRU_R1,12,45,208.66375,208.66375,128.739014,517.260986,517.260986,true,false,33
Gucheng,39,GRU_R1,24,45,251.488235,251.488235,181.108704,464.891296,464.891296,true,false,21
Gucheng,39,B0,1,45,35.577778,4.288889,628.0,18.0,18.0,true,false,44
Gucheng,39,B0,6,45,102.888889,35.822222,448.0,198.0,198.0,true,false,39
Gucheng,39,B0,12,45,151.066667,69.288889,146.0,500.0,500.0,true,false,35
Gucheng,39,B0,24,45,213.755556,144.511111,209.0,437.0,437.0,true,false,23
Gucheng,40,B3_R2,1,9,33.805728,4.285831,392.441803,2.558197,2.558197,true,false,8
Gucheng,40,B3_R2,6,9,167.484054,167.484054,183.611984,211.388016,211.388016,true,false,1
Gucheng,40,B3_R2,12,9,220.948124,220.948124,118.653183,276.346817,276.346817,true,false,0
Gucheng,40,B3_R2,24,9,254.141467,254.141467,95.499527,299.500473,299.500473,true,false,0
Gucheng,40,GRU_R1,1,9,60.041809,50.138496,322.632446,72.367554,72.367554,true,false,8
Gucheng,40,GRU_R1,6,9,152.760324,147.428402,193.78833,201.21167,201.21167,true,false,3
Gucheng,40,GRU_R1,12,9,222.795998,222.795998,95.001526,299.998474,299.998474,true,false,0
Gucheng,40,GRU_R1,24,9,207.10307,207.10307,136.402573,258.597427,258.597427,true,false,0
Gucheng,40,B0,1,9,38.777778,8.333333,386.0,9.0,9.0,true,false,8
Gucheng,40,B0,6,9,167.666667,141.222222,183.0,212.0,212.0,true,false,3
Gucheng,40,B0,12,9,250.333333,250.333333,55.0,340.0,340.0,true,false,0
Gucheng,40,B0,24,9,237.777778,237.777778,104.0,291.0,291.0,true,false,0
Gucheng,41,B3_R2,1,39,34.821678,18.034179,505.133606,102.866394,102.866394,true,false,38
Gucheng,41,B3_R2,6,39,187.732213,184.590146,265.011108,342.988892,342.988892,true,false,33
Gucheng,41,B3_R2,12,39,309.343956,309.343956,130.804886,477.195114,477.195114,true,false,0
Gucheng,41,B3_R2,24,39,363.570382,363.570382,109.877693,498.122307,498.122307,true,false,0
Gucheng,41,GRU_R1,1,39,130.207189,127.175137,368.357971,239.642029,239.642029,true,false,38
Gucheng,41,GRU_R1,6,39,169.405433,166.949876,334.97644,273.02356,273.02356,true,false,33
Gucheng,41,GRU_R1,12,39,203.689677,201.338155,316.815491,291.184509,291.184509,true,false,27
Gucheng,41,GRU_R1,24,39,235.539993,234.283697,301.345459,306.654541,306.654541,true,false,19
Gucheng,41,B0,1,39,27.641026,2.512821,597.0,11.0,11.0,true,false,38
Gucheng,41,B0,6,39,105.333333,49.538462,438.0,170.0,170.0,true,false,33
Gucheng,41,B0,12,39,139.435897,104.564103,432.0,176.0,176.0,true,true,28
Gucheng,41,B0,24,39,172.769231,161.384615,413.0,195.0,195.0,true,false,24
Gucheng,42,B3_R2,1,5,49.773849,48.487863,246.110321,70.889679,70.889679,true,false,3
Gucheng,42,B3_R2,6,5,273.046834,273.046834,39.021465,277.978535,277.978535,true,false,0
Gucheng,42,B3_R2,12,5,214.534741,214.534741,112.313057,204.686943,204.686943,true,false,0
Gucheng,42,B3_R2,24,5,223.402263,223.402263,98.389748,218.610252,218.610252,true,false,0
Gucheng,42,GRU_R1,1,5,93.419614,93.419614,242.689972,74.310028,74.310028,true,false,2
Gucheng,42,GRU_R1,6,5,279.788236,279.788236,20.252176,296.747824,296.747824,true,false,0
Gucheng,42,GRU_R1,12,5,157.929452,129.991573,201.468323,115.531677,115.531677,true,true,2
Gucheng,42,GRU_R1,24,5,31.824097,-31.824097,332.306152,-15.306152,15.306152,false,true,5
Gucheng,42,B0,1,5,24.0,20.0,307.0,10.0,10.0,true,false,4
Gucheng,42,B0,6,5,277.8,277.8,34.0,283.0,283.0,true,false,0
Gucheng,42,B0,12,5,217.0,25.0,297.0,20.0,20.0,true,true,3
Gucheng,42,B0,24,5,272.8,-272.8,577.0,-260.0,260.0,false,true,5
Gucheng,43,B3_R2,1,2,7.560776,7.560776,248.309647,1.690353,1.690353,true,false,1
Gucheng,43,B3_R2,6,2,100.97068,100.97068,157.237167,92.762833,92.762833,true,false,0
Gucheng,43,B3_R2,12,2,141.884266,141.884266,126.638847,123.361153,123.361153,true,false,0
Gucheng,43,B3_R2,24,2,140.930683,140.930683,103.043655,146.956345,146.956345,true,false,0
Gucheng,43,GRU_R1,1,2,19.207306,19.207306,238.409775,11.590225,11.590225,true,false,0
Gucheng,43,GRU_R1,6,2,69.760178,69.760178,196.455688,53.544312,53.544312,true,false,0
Gucheng,43,GRU_R1,12,2,29.299599,29.299599,218.060013,31.939987,31.939987,true,false,0
Gucheng,43,GRU_R1,24,2,138.622708,138.622708,15.906073,234.093927,234.093927,true,false,0
Gucheng,43,B0,1,2,6.0,6.0,249.0,1.0,1.0,true,false,1
Gucheng,43,B0,6,2,69.5,69.5,193.0,57.0,57.0,true,false,0
Gucheng,43,B0,12,2,66.0,-66.0,314.0,-64.0,64.0,false,true,2
Gucheng,43,B0,24,2,137.5,89.5,23.0,227.0,227.0,true,true,1
Gucheng,44,B3_R2,1,18,82.051765,55.713396,522.574768,154.425232,154.425232,true,false,17
Gucheng,44,B3_R2,6,18,249.975931,247.023528,296.924194,380.075806,380.075806,true,false,14
Gucheng,44,B3_R2,12,18,339.858732,339.858732,179.210068,497.789932,497.789932,true,false,0
Gucheng,44,B3_R2,24,18,378.379673,378.379673,160.711639,516.288361,516.288361,true,false,0
Gucheng,44,GRU_R1,1,18,171.582977,163.892158,369.263,307.737,307.737,true,false,17
Gucheng,44,GRU_R1,6,18,227.041786,217.593856,329.436096,347.563904,347.563904,true,false,12
Gucheng,44,GRU_R1,12,18,290.439455,283.328011,207.393616,469.606384,469.606384,true,false,6
Gucheng,44,GRU_R1,24,18,331.209603,331.209603,207.181366,469.818634,469.818634,true,false,0
Gucheng,44,B0,1,18,56.666667,1.666667,640.0,37.0,37.0,true,false,17
Gucheng,44,B0,6,18,211.722222,83.944444,452.0,225.0,225.0,true,false,12
Gucheng,44,B0,12,18,274.444444,230.333333,206.0,471.0,471.0,true,true,7
Gucheng,44,B0,24,18,286.333333,286.333333,237.0,440.0,440.0,true,true,4
Gucheng,45,B3_R2,1,6,80.258995,72.159518,339.505157,228.494843,228.494843,true,false,5
Gucheng,45,B3_R2,6,6,145.357847,145.357847,236.874878,331.125122,331.125122,true,true,4
Gucheng,45,B3_R2,12,6,280.219245,280.219245,135.952301,432.047699,432.047699,true,false,0
Gucheng,45,B3_R2,24,6,292.828341,292.828341,112.693649,455.306351,455.306351,true,false,0
Gucheng,45,GRU_R1,1,6,114.261431,114.261431,303.07373,264.92627,264.92627,true,false,5
Gucheng,45,GRU_R1,6,6,131.30113,115.226494,244.473877,323.526123,323.526123,true,true,5
Gucheng,45,GRU_R1,12,6,81.879476,70.552419,332.895874,235.104126,235.104126,true,true,6
Gucheng,45,GRU_R1,24,6,198.530589,198.530589,202.023911,365.976089,365.976089,true,false,1
Gucheng,45,B0,1,6,75.166667,56.166667,353.0,215.0,215.0,true,false,5
Gucheng,45,B0,6,6,191.166667,24.833333,257.0,311.0,311.0,true,true,5
Gucheng,45,B0,12,6,240.333333,-240.333333,628.0,-60.0,60.0,false,true,6
Gucheng,45,B0,24,6,177.666667,177.666667,227.0,341.0,341.0,true,false,1
Gucheng,46,B3_R2,1,20,45.547723,18.830425,516.719238,69.280762,69.280762,true,false,19
Gucheng,46,B3_R2,6,20,114.759279,92.880055,295.549042,290.450958,290.450958,true,true,15
Gucheng,46,B3_R2,12,20,237.452959,237.452959,204.219864,381.780136,381.780136,true,false,0
Gucheng,46,B3_R2,24,20,254.22859,254.22859,105.799011,480.200989,480.200989,true,false,0
Gucheng,46,GRU_R1,1,20,99.811832,99.426035,363.936432,222.063568,222.063568,true,false,11
Gucheng,46,GRU_R1,6,20,113.3365,93.97833,344.359253,241.640747,241.640747,true,true,13
Gucheng,46,GRU_R1,12,20,115.012606,82.860964,241.480423,344.519577,344.519577,true,true,17
Gucheng,46,GRU_R1,24,20,86.731288,65.439616,329.695801,256.304199,256.304199,true,true,18
Gucheng,46,B0,1,20,47.45,3.35,571.0,15.0,15.0,true,false,19
Gucheng,46,B0,6,20,115.7,-34.6,568.0,18.0,18.0,true,true,19
Gucheng,46,B0,12,20,186.65,-41.85,257.0,329.0,329.0,true,true,18
Gucheng,46,B0,24,20,148.4,-110.5,530.0,56.0,56.0,true,true,19
Gucheng,47,B3_R2,1,1,27.506592,27.506592,228.493408,27.506592,27.506592,true,false,0
Gucheng,47,B3_R2,6,1,83.511826,83.511826,172.488174,83.511826,83.511826,true,false,0
Gucheng,47,B3_R2,12,1,159.134949,159.134949,96.865051,159.134949,159.134949,true,false,0
Gucheng,47,B3_R2,24,1,194.100327,194.100327,61.899673,194.100327,194.100327,true,false,0
Gucheng,47,GRU_R1,1,1,47.002563,47.002563,208.997437,47.002563,47.002563,true,false,0
Gucheng,47,GRU_R1,6,1,70.223862,70.223862,185.776138,70.223862,70.223862,true,false,0
Gucheng,47,GRU_R1,12,1,81.765884,81.765884,174.234116,81.765884,81.765884,true,false,0
Gucheng,47,GRU_R1,24,1,98.831451,98.831451,157.168549,98.831451,98.831451,true,false,0
Gucheng,47,B0,1,1,32.0,32.0,224.0,32.0,32.0,true,false,0
Gucheng,47,B0,6,1,38.0,38.0,218.0,38.0,38.0,true,false,0
Gucheng,47,B0,12,1,31.0,31.0,225.0,31.0,31.0,true,false,0
Gucheng,47,B0,24,1,91.0,91.0,165.0,91.0,91.0,true,false,0
Gucheng,48,B3_R2,1,3,5.27563,-0.208623,253.31369,-5.31369,5.31369,false,false,2
Gucheng,48,B3_R2,6,3,12.765986,12.765986,233.907181,14.092819,14.092819,true,false,0
Gucheng,48,B3_R2,12,3,70.230006,70.230006,188.117599,59.882401,59.882401,true,false,0
Gucheng,48,B3_R2,24,3,97.263173,97.263173,158.282425,89.717575,89.717575,true,false,0
Gucheng,48,GRU_R1,1,3,34.189484,34.189484,228.554901,19.445099,19.445099,true,false,0
Gucheng,48,GRU_R1,6,3,39.688695,39.688695,204.224899,43.775101,43.775101,true,false,0
Gucheng,48,GRU_R1,12,3,108.381607,108.381607,152.103516,95.896484,95.896484,true,false,0
Gucheng,48,GRU_R1,24,3,96.796689,96.796689,164.757996,83.242004,83.242004,true,false,0
Gucheng,48,B0,1,3,3.666667,2.333333,247.0,1.0,1.0,true,false,2
Gucheng,48,B0,6,3,46.666667,46.666667,192.0,56.0,56.0,true,false,0
Gucheng,48,B0,12,3,91.333333,91.333333,167.0,81.0,81.0,true,false,0
Gucheng,48,B0,24,3,78.666667,78.666667,171.0,77.0,77.0,true,false,0
Gucheng,49,B3_R2,1,8,13.086504,3.515017,268.869934,6.130066,6.130066,true,false,6
Gucheng,49,B3_R2,6,8,71.552198,71.552198,180.475739,94.524261,94.524261,true,false,0
Gucheng,49,B3_R2,12,8,132.284918,132.284918,132.931717,142.068283,142.068283,true,false,0
Gucheng,49,B3_R2,24,8,148.000961,148.000961,119.272774,155.727226,155.727226,true,false,0
Gucheng,49,GRU_R1,1,8,39.796013,39.796013,227.749908,47.250092,47.250092,true,false,1
Gucheng,49,GRU_R1,6,8,93.190401,93.190401,173.356506,101.643494,101.643494,true,false,0
Gucheng,49,GRU_R1,12,8,81.858866,81.858866,198.497253,76.502747,76.502747,true,false,0
Gucheng,49,GRU_R1,24,8,162.742656,162.742656,84.367905,190.632095,190.632095,true,false,0
Gucheng,49,B0,1,8,12.25,0.5,270.0,5.0,5.0,true,false,7
Gucheng,49,B0,6,8,21.875,15.625,242.0,33.0,33.0,true,true,4
Gucheng,49,B0,12,8,30.75,30.5,224.0,51.0,51.0,true,false,3
Gucheng,49,B0,24,8,120.625,120.625,127.0,148.0,148.0,true,false,0
Gucheng,50,B3_R2,1,15,93.475886,67.252636,484.610596,282.389404,282.389404,true,false,14
Gucheng,50,B3_R2,6,15,271.501919,270.119306,131.278046,635.721954,635.721954,true,false,3
Gucheng,50,B3_R2,12,15,364.52025,364.52025,71.489929,695.510071,695.510071,true,false,0
Gucheng,50,B3_R2,24,15,406.403934,406.403934,33.249268,733.750732,733.750732,true,false,0
Gucheng,50,GRU_R1,1,15,148.696601,148.696601,366.540985,400.459015,400.459015,true,false,12
Gucheng,50,GRU_R1,6,15,236.547266,227.156608,146.860718,620.139282,620.139282,true,false,8
Gucheng,50,GRU_R1,12,15,347.703731,343.17998,58.0247,708.9753,708.9753,true,false,1
Gucheng,50,GRU_R1,24,15,425.165059,425.165059,11.75451,755.24549,755.24549,true,false,0
Gucheng,50,B0,1,15,94.266667,2.133333,739.0,28.0,28.0,true,false,14
Gucheng,50,B0,6,15,261.533333,105.133333,152.0,615.0,615.0,true,false,9
Gucheng,50,B0,12,15,346.666667,316.933333,45.0,722.0,722.0,true,false,3
Gucheng,50,B0,24,15,435.866667,435.866667,5.0,762.0,762.0,true,false,0
Gucheng,51,B3_R2,1,5,18.615778,6.148907,261.731659,34.268341,34.268341,true,false,4
Gucheng,51,B3_R2,6,5,49.860013,49.860013,210.131897,85.868103,85.868103,true,false,0
Gucheng,51,B3_R2,12,5,85.692609,85.692609,176.045258,119.954742,119.954742,true,false,0
Gucheng,51,B3_R2,24,5,169.80968,169.80968,95.513428,200.486572,200.486572,true,false,0
Gucheng,51,GRU_R1,1,5,45.363577,45.363577,200.881744,95.118256,95.118256,true,false,1
Gucheng,51,GRU_R1,6,5,92.148138,92.148138,152.166519,143.833481,143.833481,true,false,0
Gucheng,51,GRU_R1,12,5,57.394312,-3.692175,237.549622,58.450378,58.450378,true,true,2
Gucheng,51,GRU_R1,24,5,88.963145,88.963145,175.000671,120.999329,120.999329,true,false,1
Gucheng,51,B0,1,5,19.8,5.0,259.0,37.0,37.0,true,false,4
Gucheng,51,B0,6,5,38.0,38.0,216.0,80.0,80.0,true,false,0
Gucheng,51,B0,12,5,136.6,-136.6,350.0,-54.0,54.0,false,true,5
Gucheng,51,B0,24,5,83.6,43.6,224.0,72.0,72.0,true,false,2
Gucheng,52,B3_R2,1,11,18.91189,12.534615,301.376862,48.623138,48.623138,true,false,9
Gucheng,52,B3_R2,6,11,93.514158,93.514158,207.129837,142.870163,142.870163,true,false,3
Gucheng,52,B3_R2,12,11,126.697501,126.697501,186.669403,163.330597,163.330597,true,false,0
Gucheng,52,B3_R2,24,11,173.292818,173.292818,130.331787,219.668213,219.668213,true,false,0
Gucheng,52,GRU_R1,1,11,39.491315,39.491315,264.21405,85.78595,85.78595,true,false,8
Gucheng,52,GRU_R1,6,11,109.017001,109.017001,187.304199,162.695801,162.695801,true,false,2
Gucheng,52,GRU_R1,12,11,174.078861,174.078861,117.349228,232.650772,232.650772,true,false,0
Gucheng,52,GRU_R1,24,11,167.4892,167.4892,144.389893,205.610107,205.610107,true,false,0
Gucheng,52,B0,1,11,19.636364,7.090909,300.0,50.0,50.0,true,false,10
Gucheng,52,B0,6,11,101.0,95.909091,203.0,147.0,147.0,true,false,5
Gucheng,52,B0,12,11,191.454545,191.454545,101.0,249.0,249.0,true,false,0
Gucheng,52,B0,24,11,174.909091,174.909091,154.0,196.0,196.0,true,false,0
Gucheng,53,B3_R2,1,15,24.904002,7.225022,379.490265,11.509735,11.509735,true,false,13
Gucheng,53,B3_R2,6,15,88.325992,88.109335,258.818237,132.181763,132.181763,true,true,3
Gucheng,53,B3_R2,12,15,142.884448,142.884448,166.711624,224.288376,224.288376,true,false,0
Gucheng,53,B3_R2,24,15,230.407463,230.407463,68.929199,322.070801,322.070801,true,false,0
Gucheng,53,GRU_R1,1,15,40.913336,33.937437,324.938416,66.061584,66.061584,true,false,13
Gucheng,53,GRU_R1,6,15,63.736083,61.746076,268.989838,122.010162,122.010162,true,true,10
Gucheng,53,GRU_R1,12,15,80.852478,80.852478,243.625977,147.374023,147.374023,true,false,3
Gucheng,53,GRU_R1,24,15,168.152207,168.152207,223.607697,167.392303,167.392303,true,false,0
Gucheng,53,B0,1,15,22.4,3.2,377.0,14.0,14.0,true,false,14
Gucheng,53,B0,6,15,41.2,14.266667,307.0,84.0,84.0,true,true,14
Gucheng,53,B0,12,15,37.133333,18.6,263.0,128.0,128.0,true,true,14
Gucheng,53,B0,24,15,161.466667,161.466667,268.0,123.0,123.0,true,false,3
Gucheng,54,B3_R2,1,1,82.567093,82.567093,201.432907,82.567093,82.567093,true,false,0
Gucheng,54,B3_R2,6,1,182.651093,182.651093,101.348907,182.651093,182.651093,true,false,0
Gucheng,54,B3_R2,12,1,209.841103,209.841103,74.158897,209.841103,209.841103,true,false,0
Gucheng,54,B3_R2,24,1,210.011452,210.011452,73.988548,210.011452,210.011452,true,false,0
Gucheng,54,GRU_R1,1,1,98.007965,98.007965,185.992035,98.007965,98.007965,true,false,0
Gucheng,54,GRU_R1,6,1,203.978104,203.978104,80.021896,203.978104,203.978104,true,false,0
Gucheng,54,GRU_R1,12,1,239.626038,239.626038,44.373962,239.626038,239.626038,true,false,0
Gucheng,54,GRU_R1,24,1,252.6084,252.6084,31.3916,252.6084,252.6084,true,false,0
Gucheng,54,B0,1,1,86.0,86.0,198.0,86.0,86.0,true,false,0
Gucheng,54,B0,6,1,225.0,225.0,59.0,225.0,225.0,true,false,0
Gucheng,54,B0,12,1,259.0,259.0,25.0,259.0,259.0,true,false,0
Gucheng,54,B0,24,1,270.0,270.0,14.0,270.0,270.0,true,false,0
Gucheng,55,B3_R2,1,18,6.685243,-2.439143,302.274017,-5.274017,5.274017,false,false,17
Gucheng,55,B3_R2,6,18,21.452261,17.542705,275.086365,21.913635,21.913635,true,false,11
Gucheng,55,B3_R2,12,18,47.600951,47.600951,254.682449,42.317551,42.317551,true,false,7
Gucheng,55,B3_R2,24,18,66.690818,66.690818,230.307907,66.692093,66.692093,true,false,0
Gucheng,55,GRU_R1,1,18,13.352845,10.529806,282.934509,14.065491,14.065491,true,false,14
Gucheng,55,GRU_R1,6,18,34.206658,32.060337,231.709747,65.290253,65.290253,true,false,8
Gucheng,55,GRU_R1,12,18,54.125802,53.669629,215.300156,81.699844,81.699844,true,false,3
Gucheng,55,GRU_R1,24,18,69.43993,69.43993,176.56543,120.43457,120.43457,true,false,0
Gucheng,55,B0,1,18,7.222222,1.222222,293.0,4.0,4.0,true,false,17
Gucheng,55,B0,6,18,35.222222,13.444444,224.0,73.0,73.0,true,false,12
Gucheng,55,B0,12,18,48.944444,34.833333,216.0,81.0,81.0,true,false,6
Gucheng,55,B0,24,18,53.388889,53.388889,217.0,80.0,80.0,true,false,0
Huairou,1,B3_R2,1,36,16.081565,10.642868,419.37381,29.62619,29.62619,true,false,35
Huairou,1,B3_R2,6,36,83.930191,83.930191,311.468506,137.531494,137.531494,true,false,27
Huairou,1,B3_R2,12,36,166.275361,166.275361,230.015274,218.984726,218.984726,true,false,0
Huairou,1,B3_R2,24,36,248.307904,248.307904,57.184475,391.815525,391.815525,true,false,0
Huairou,1,GRU_R1,1,36,55.288857,55.288857,343.72406,105.27594,105.27594,true,false,31
Huairou,1,GRU_R1,6,36,104.088537,104.088537,297.241028,151.758972,151.758972,true,false,25
Huairou,1,GRU_R1,12,36,148.92217,148.92217,265.679962,183.320038,183.320038,true,false,18
Huairou,1,GRU_R1,24,36,203.549562,203.549562,246.846756,202.153244,202.153244,true,false,6
Huairou,1,B0,1,36,15.472222,5.805556,420.0,29.0,29.0,true,false,35
Huairou,1,B0,6,36,51.805556,43.25,328.0,121.0,121.0,true,false,30
Huairou,1,B0,12,36,84.666667,78.166667,331.0,118.0,118.0,true,false,24
Huairou,1,B0,24,36,150.944444,150.944444,354.0,95.0,95.0,true,false,12
Huairou,2,B3_R2,1,44,9.360457,0.854021,294.930084,60.069916,60.069916,true,false,42
Huairou,2,B3_R2,6,44,40.543266,37.778356,242.548492,112.451508,112.451508,true,false,32
Huairou,2,B3_R2,12,44,89.398704,89.398704,192.520706,162.479294,162.479294,true,false,0
Huairou,2,B3_R2,24,44,191.212052,191.212052,135.94664,219.05336,219.05336,true,false,0
Huairou,2,GRU_R1,1,44,44.838435,44.838435,253.306091,101.693909,101.693909,true,false,27
Huairou,2,GRU_R1,6,44,68.780183,68.780183,221.607025,133.392975,133.392975,true,false,14
Huairou,2,GRU_R1,12,44,97.150223,97.150223,153.983017,201.016983,201.016983,true,false,2
Huairou,2,GRU_R1,24,44,120.558405,120.558405,242.894653,112.105347,112.105347,true,false,4
Huairou,2,B0,1,44,11.227273,1.136364,293.0,62.0,62.0,true,false,43
Huairou,2,B0,6,44,36.431818,13.068182,268.0,87.0,87.0,true,false,38
Huairou,2,B0,12,44,56.25,31.204545,255.0,100.0,100.0,true,false,32
Huairou,2,B0,24,44,65.454545,61.727273,323.0,32.0,32.0,true,false,20
Huairou,3,B3_R2,1,1,46.745773,46.745773,227.254227,46.745773,46.745773,true,false,0
Huairou,3,B3_R2,6,1,85.023743,85.023743,188.976257,85.023743,85.023743,true,false,0
Huairou,3,B3_R2,12,1,167.555702,167.555702,106.444298,167.555702,167.555702,true,false,0
Huairou,3,B3_R2,24,1,174.007355,174.007355,99.992645,174.007355,174.007355,true,false,0
Huairou,3,GRU_R1,1,1,44.23819,44.23819,229.76181,44.23819,44.23819,true,false,0
Huairou,3,GRU_R1,6,1,90.840378,90.840378,183.159622,90.840378,90.840378,true,false,0
Huairou,3,GRU_R1,12,1,168.381668,168.381668,105.618332,168.381668,168.381668,true,false,0
Huairou,3,GRU_R1,24,1,189.894333,189.894333,84.105667,189.894333,189.894333,true,false,0
Huairou,3,B0,1,1,45.0,45.0,229.0,45.0,45.0,true,false,0
Huairou,3,B0,6,1,65.0,65.0,209.0,65.0,65.0,true,false,0
Huairou,3,B0,12,1,166.0,166.0,108.0,166.0,166.0,true,false,0
Huairou,3,B0,24,1,220.0,220.0,54.0,220.0,220.0,true,false,0
Huairou,4,B3_R2,1,6,15.819084,7.009076,283.144684,-0.144684,0.144684,false,false,5
Huairou,4,B3_R2,6,6,169.620734,169.620734,97.913551,185.086449,185.086449,true,false,0
Huairou,4,B3_R2,12,6,225.345557,225.345557,42.43985,240.56015,240.56015,true,false,0
Huairou,4,B3_R2,24,6,222.939657,222.939657,41.023746,241.976254,241.976254,true,false,0
Huairou,4,GRU_R1,1,6,83.091314,83.091314,204.913666,78.086334,78.086334,true,false,0
Huairou,4,GRU_R1,6,6,188.994336,188.994336,69.726028,213.273972,213.273972,true,false,0
Huairou,4,GRU_R1,12,6,208.201171,208.201171,57.382206,225.617794,225.617794,true,false,0
Huairou,4,GRU_R1,24,6,205.174445,205.174445,70.415298,212.584702,212.584702,true,false,0
Huairou,4,B0,1,6,19.5,10.833333,281.0,2.0,2.0,true,false,5
Huairou,4,B0,6,6,150.0,150.0,108.0,175.0,175.0,true,false,0
Huairou,4,B0,12,6,200.166667,200.166667,63.0,220.0,220.0,true,false,0
Huairou,4,B0,24,6,208.166667,208.166667,65.0,218.0,218.0,true,false,0
Huairou,5,B3_R2,1,3,127.242633,127.242633,219.065903,125.934097,125.934097,true,false,0
Huairou,5,B3_R2,6,3,238.219003,238.219003,58.62965,286.37035,286.37035,true,false,0
Huairou,5,B3_R2,12,3,227.246974,227.246974,67.804535,277.195465,277.195465,true,false,0
Huairou,5,B3_R2,24,3,241.472321,241.472321,54.590698,290.409302,290.409302,true,false,0
Huairou,5,GRU_R1,1,3,219.078499,219.078499,89.505211,255.494789,255.494789,true,false,0
Huairou,5,GRU_R1,6,3,229.408424,229.408424,66.866776,278.133224,278.133224,true,false,0
Huairou,5,GRU_R1,12,3,233.524139,233.524139,58.885063,286.114937,286.114937,true,false,0
Huairou,5,GRU_R1,24,3,247.404788,247.404788,50.535755,294.464245,294.464245,true,false,0
Huairou,5,B0,1,3,86.666667,33.333333,281.0,64.0,64.0,true,false,2
Huairou,5,B0,6,3,241.666667,241.666667,53.0,292.0,292.0,true,false,0
Huairou,5,B0,12,3,242.0,242.0,43.0,302.0,302.0,true,false,0
Huairou,5,B0,24,3,264.0,264.0,32.0,313.0,313.0,true,false,0
Huairou,6,B3_R2,1,16,16.040039,3.676983,377.569916,1.430084,1.430084,true,false,15
Huairou,6,B3_R2,6,16,78.728512,68.499264,255.019577,123.980423,123.980423,true,false,9
Huairou,6,B3_R2,12,16,141.776669,141.776669,152.826569,226.173431,226.173431,true,false,0
Huairou,6,B3_R2,24,16,205.505531,205.505531,115.627647,263.372353,263.372353,true,false,0
Huairou,6,GRU_R1,1,16,60.033165,59.665016,294.361725,84.638275,84.638275,true,false,8
Huairou,6,GRU_R1,6,16,108.988245,105.996641,201.177261,177.822739,177.822739,true,false,4
Huairou,6,GRU_R1,12,16,160.762127,160.762127,137.804749,241.195251,241.195251,true,false,0
Huairou,6,GRU_R1,24,16,192.416241,192.416241,117.019852,261.980148,261.980148,true,false,0
Huairou,6,B0,1,16,20.0,2.0,378.0,1.0,1.0,true,false,15
Huairou,6,B0,6,16,96.5,44.125,270.0,109.0,109.0,true,false,10
Huairou,6,B0,12,16,120.125,116.5,177.0,202.0,202.0,true,false,4
Huairou,6,B0,24,16,144.8125,144.8125,192.0,187.0,187.0,true,false,0
Huairou,7,B3_R2,1,3,7.840022,6.706833,245.491287,5.508713,5.508713,true,false,2
Huairou,7,B3_R2,6,3,82.543157,82.543157,170.907974,80.092026,80.092026,true,false,0
Huairou,7,B3_R2,12,3,146.2932,146.2932,100.13398,150.86602,150.86602,true,false,0
Huairou,7,B3_R2,24,3,162.343564,162.343564,95.057938,155.942062,155.942062,true,false,0
Huairou,7,GRU_R1,1,3,23.373871,23.373871,239.880539,11.119461,11.119461,true,false,0
Huairou,7,GRU_R1,6,3,85.116938,85.116938,166.571106,84.428894,84.428894,true,false,0
Huairou,7,GRU_R1,12,3,137.649895,137.649895,108.44883,142.55117,142.55117,true,false,0
Huairou,7,GRU_R1,24,3,177.103076,177.103076,76.742279,174.257721,174.257721,true,false,0
Huairou,7,B0,1,3,10.666667,10.0,245.0,6.0,6.0,true,false,2
Huairou,7,B0,6,3,77.0,77.0,176.0,75.0,75.0,true,false,0
Huairou,7,B0,12,3,89.666667,89.666667,156.0,95.0,95.0,true,false,0
Huairou,7,B0,24,3,177.0,177.0,82.0,169.0,169.0,true,false,0
Huairou,8,B3_R2,1,11,14.14424,3.732264,278.926056,42.073944,42.073944,true,false,9
Huairou,8,B3_R2,6,11,54.876276,49.330794,233.283401,87.716599,87.716599,true,false,3
Huairou,8,B3_R2,12,11,153.405315,153.405315,108.374725,212.625275,212.625275,true,false,0
Huairou,8,B3_R2,24,11,195.350696,195.350696,79.642982,241.357018,241.357018,true,false,0
Huairou,8,GRU_R1,1,11,21.936254,16.17817,259.380249,61.619751,61.619751,true,false,9
Huairou,8,GRU_R1,6,11,59.77297,51.386717,231.084412,89.915588,89.915588,true,false,3
Huairou,8,GRU_R1,12,11,107.125383,107.125383,164.258209,156.741791,156.741791,true,false,0
Huairou,8,GRU_R1,24,11,167.547323,167.547323,110.080765,210.919235,210.919235,true,false,0
Huairou,8,B0,1,11,15.909091,0.454545,279.0,42.0,42.0,true,false,10
Huairou,8,B0,6,11,50.727273,26.545455,245.0,76.0,76.0,true,false,8
Huairou,8,B0,12,11,88.0,87.090909,176.0,145.0,145.0,true,false,3
Huairou,8,B0,24,11,135.909091,135.909091,129.0,192.0,192.0,true,false,0
Huairou,9,B3_R2,1,1,13.817825,13.817825,232.182175,13.817825,13.817825,true,false,0
Huairou,9,B3_R2,6,1,8.877808,8.877808,237.122192,8.877808,8.877808,true,false,0
Huairou,9,B3_R2,12,1,55.236816,55.236816,190.763184,55.236816,55.236816,true,false,0
Huairou,9,B3_R2,24,1,155.391838,155.391838,90.608162,155.391838,155.391838,true,false,0
Huairou,9,GRU_R1,1,1,2.722534,2.722534,243.277466,2.722534,2.722534,true,false,0
Huairou,9,GRU_R1,6,1,13.145264,-13.145264,259.145264,-13.145264,13.145264,false,true,1
Huairou,9,GRU_R1,12,1,24.835449,24.835449,221.164551,24.835449,24.835449,true,false,0
Huairou,9,GRU_R1,24,1,112.676224,112.676224,133.323776,112.676224,112.676224,true,false,0
Huairou,9,B0,1,1,6.0,6.0,240.0,6.0,6.0,true,false,0
Huairou,9,B0,6,1,44.0,-44.0,290.0,-44.0,44.0,false,true,1
Huairou,9,B0,12,1,1.0,1.0,245.0,1.0,1.0,true,true,1
Huairou,9,B0,24,1,89.0,89.0,157.0,89.0,89.0,true,false,0
Huairou,10,B3_R2,1,9,17.796885,7.004713,298.052734,24.947266,24.947266,true,false,8
Huairou,10,B3_R2,6,9,88.232673,88.232673,177.160309,145.839691,145.839691,true,false,1
Huairou,10,B3_R2,12,9,160.973718,160.973718,97.871315,225.128685,225.128685,true,false,0
Huairou,10,B3_R2,24,9,194.757451,194.757451,80.158279,242.841721,242.841721,true,false,0
Huairou,10,GRU_R1,1,9,33.426249,33.426249,294.000854,28.999146,28.999146,true,false,6
Huairou,10,GRU_R1,6,9,80.7673,69.715658,198.764862,124.235138,124.235138,true,false,2
Huairou,10,GRU_R1,12,9,170.168338,170.168338,87.446304,235.553696,235.553696,true,false,0
Huairou,10,GRU_R1,24,9,174.981593,174.981593,123.313477,199.686523,199.686523,true,false,0
Huairou,10,B0,1,9,18.111111,1.222222,318.0,5.0,5.0,true,false,8
Huairou,10,B0,6,9,82.0,53.777778,209.0,114.0,114.0,true,false,3
Huairou,10,B0,12,9,190.111111,190.111111,62.0,261.0,261.0,true,false,0
Huairou,10,B0,24,9,180.444444,180.444444,101.0,222.0,222.0,true,false,0
Huairou,11,B3_R2,1,6,12.299838,8.336184,287.67099,20.32901,20.32901,true,false,5
Huairou,11,B3_R2,6,6,125.192352,125.192352,137.07637,170.92363,170.92363,true,false,0
Huairou,11,B3_R2,12,6,154.587215,154.587215,122.034454,185.965546,185.965546,true,false,0
Huairou,11,B3_R2,24,6,211.645266,211.645266,72.21682,235.78318,235.78318,true,false,0
Huairou,11,GRU_R1,1,6,31.409304,31.409304,262.096619,45.903381,45.903381,true,false,3
Huairou,11,GRU_R1,6,6,110.218714,110.218714,178.555206,129.444794,129.444794,true,false,0
Huairou,11,GRU_R1,12,6,111.530685,111.530685,178.378387,129.621613,129.621613,true,false,0
Huairou,11,GRU_R1,24,6,92.66836,92.66836,184.581543,123.418457,123.418457,true,false,0
Huairou,11,B0,1,6,13.833333,11.833333,285.0,23.0,23.0,true,false,5
Huairou,11,B0,6,6,87.666667,87.666667,183.0,125.0,125.0,true,false,0
Huairou,11,B0,12,6,53.333333,48.333333,218.0,90.0,90.0,true,true,2
Huairou,11,B0,24,6,55.166667,55.166667,236.0,72.0,72.0,true,false,1
Huairou,12,B3_R2,1,2,18.230331,-18.230331,309.266266,-35.266266,35.266266,false,true,2
Huairou,12,B3_R2,6,2,17.475082,17.475082,247.842957,26.157043,26.157043,true,true,2
Huairou,12,B3_R2,12,2,150.47258,150.47258,110.163513,163.836487,163.836487,true,false,0
Huairou,12,B3_R2,24,2,178.691051,178.691051,88.721992,185.278008,185.278008,true,false,0
Huairou,12,GRU_R1,1,2,10.634247,-1.804962,286.439209,-12.439209,12.439209,false,true,2
Huairou,12,GRU_R1,6,2,37.152306,37.152306,227.249023,46.750977,46.750977,true,false,0
Huairou,12,GRU_R1,12,2,115.70208,115.70208,156.980499,117.019501,117.019501,true,false,0
Huairou,12,GRU_R1,24,2,19.918777,19.918777,264.023438,9.976562,9.976562,true,true,1
Huairou,12,B0,1,2,17.0,-17.0,302.0,-28.0,28.0,false,true,2
Huairou,12,B0,6,2,13.5,4.5,256.0,18.0,18.0,true,true,2
Huairou,12,B0,12,2,86.0,86.0,191.0,83.0,83.0,true,false,0
Huairou,12,B0,24,2,45.0,-45.0,323.0,-49.0,49.0,false,true,2
Huairou,13,B3_R2,1,2,63.02877,63.02877,242.623352,36.376648,36.376648,true,false,0
Huairou,13,B3_R2,6,2,85.682709,85.682709,160.246735,118.753265,118.753265,true,false,0
Huairou,13,B3_R2,12,2,119.669373,119.669373,150.728333,128.271667,128.271667,true,false,0
Huairou,13,B3_R2,24,2,161.223045,161.223045,112.401176,166.598824,166.598824,true,false,0
Huairou,13,GRU_R1,1,2,128.410931,128.410931,151.905334,127.094666,127.094666,true,false,0
Huairou,13,GRU_R1,6,2,113.686806,113.686806,128.272049,150.727951,150.727951,true,false,0
Huairou,13,GRU_R1,12,2,165.343422,165.343422,107.747574,171.252426,171.252426,true,false,0
Huairou,13,GRU_R1,24,2,163.208126,163.208126,97.937737,181.062263,181.062263,true,false,0
Huairou,13,B0,1,2,38.5,38.5,257.0,22.0,22.0,true,false,1
Huairou,13,B0,6,2,98.5,98.5,145.0,134.0,134.0,true,false,0
Huairou,13,B0,12,2,123.0,123.0,145.0,134.0,134.0,true,false,0
Huairou,13,B0,24,2,140.5,140.5,116.0,163.0,163.0,true,false,0
Huairou,14,B3_R2,1,9,41.723346,10.549308,298.329407,129.670593,129.670593,true,false,7
Huairou,14,B3_R2,6,9,105.961227,83.381535,138.345398,289.654602,289.654602,true,false,5
Huairou,14,B3_R2,12,9,185.933264,185.933264,120.713905,307.286095,307.286095,true,false,0
Huairou,14,B3_R2,24,9,207.562965,207.562965,118.174454,309.825546,309.825546,true,false,0
Huairou,14,GRU_R1,1,9,70.664776,70.664776,220.379013,207.620987,207.620987,true,false,4
Huairou,14,GRU_R1,6,9,128.861462,122.756048,123.297287,304.702713,304.702713,true,false,2
Huairou,14,GRU_R1,12,9,203.482579,203.482579,92.866478,335.133522,335.133522,true,false,0
Huairou,14,GRU_R1,24,9,219.156365,219.156365,100.698196,327.301804,327.301804,true,false,0
Huairou,14,B0,1,9,50.222222,5.333333,281.0,147.0,147.0,true,false,8
Huairou,14,B0,6,9,157.666667,86.111111,94.0,334.0,334.0,true,false,3
Huairou,14,B0,12,9,233.0,233.0,66.0,362.0,362.0,true,false,0
Huairou,14,B0,24,9,232.555556,232.555556,104.0,324.0,324.0,true,false,0
Huairou,15,B3_R2,1,1,33.32106,33.32106,224.67894,33.32106,33.32106,true,false,0
Huairou,15,B3_R2,6,1,57.095886,57.095886,200.904114,57.095886,57.095886,true,false,0
Huairou,15,B3_R2,12,1,124.983536,124.983536,133.016464,124.983536,124.983536,true,false,0
Huairou,15,B3_R2,24,1,200.772057,200.772057,57.227943,200.772057,200.772057,true,false,0
Huairou,15,GRU_R1,1,1,49.667816,49.667816,208.332184,49.667816,49.667816,true,false,0
Huairou,15,GRU_R1,6,1,72.938446,72.938446,185.061554,72.938446,72.938446,true,false,0
Huairou,15,GRU_R1,12,1,108.739899,108.739899,149.260101,108.739899,108.739899,true,false,0
Huairou,15,GRU_R1,24,1,134.569199,134.569199,123.430801,134.569199,134.569199,true,false,0
Huairou,15,B0,1,1,42.0,42.0,216.0,42.0,42.0,true,false,0
Huairou,15,B0,6,1,63.0,63.0,195.0,63.0,63.0,true,false,0
Huairou,15,B0,12,1,67.0,67.0,191.0,67.0,67.0,true,false,0
Huairou,15,B0,24,1,71.0,71.0,187.0,71.0,71.0,true,false,0
Huairou,16,B3_R2,1,3,108.177287,44.09377,333.807495,24.192505,24.192505,true,false,2
Huairou,16,B3_R2,6,3,212.341105,212.341105,100.573364,257.426636,257.426636,true,false,0
Huairou,16,B3_R2,12,3,181.238561,181.238561,128.401993,229.598007,229.598007,true,false,0
Huairou,16,B3_R2,24,3,225.959473,225.959473,91.171364,266.828636,266.828636,true,false,0
Huairou,16,GRU_R1,1,3,121.903422,118.885986,215.409088,142.590912,142.590912,true,false,1
Huairou,16,GRU_R1,6,3,236.023977,236.023977,76.47168,281.52832,281.52832,true,false,0
Huairou,16,GRU_R1,12,3,213.533638,213.533638,99.252869,258.747131,258.747131,true,false,0
Huairou,16,GRU_R1,24,3,236.208148,236.208148,86.933777,271.066223,271.066223,true,false,0
Huairou,16,B0,1,3,113.0,45.0,332.0,26.0,26.0,true,false,2
Huairou,16,B0,6,3,243.0,243.0,69.0,289.0,289.0,true,false,0
Huairou,16,B0,12,3,246.0,246.0,64.0,294.0,294.0,true,false,0
Huairou,16,B0,24,3,182.333333,182.333333,133.0,225.0,225.0,true,false,0
Huairou,17,B3_R2,1,51,27.4844,12.79243,426.19809,66.80191,66.80191,true,false,50
Huairou,17,B3_R2,6,51,93.094416,89.331185,313.130402,179.869598,179.869598,true,false,36
Huairou,17,B3_R2,12,51,206.051534,206.051534,133.103943,359.896057,359.896057,true,false,0
Huairou,17,B3_R2,24,51,281.962466,281.962466,75.822884,417.177116,417.177116,true,false,0
Huairou,17,GRU_R1,1,51,59.626548,59.216026,337.645325,155.354675,155.354675,true,false,46
Huairou,17,GRU_R1,6,51,91.01888,90.469969,285.91748,207.08252,207.08252,true,false,35
Huairou,17,GRU_R1,12,51,128.638398,128.638398,283.279907,209.720093,209.720093,true,false,29
Huairou,17,GRU_R1,24,51,175.037415,175.037415,289.667664,203.332336,203.332336,true,false,17
Huairou,17,B0,1,51,25.431373,5.509804,422.0,71.0,71.0,true,false,50
Huairou,17,B0,6,51,56.882353,21.54902,318.0,175.0,175.0,true,false,48
Huairou,17,B0,12,51,81.764706,61.843137,338.0,155.0,155.0,true,false,42
Huairou,17,B0,24,51,131.764706,124.588235,352.0,141.0,141.0,true,false,30
Huairou,18,B3_R2,1,2,90.128769,41.228714,192.642517,131.357483,131.357483,true,false,1
Huairou,18,B3_R2,6,2,117.208534,117.208534,181.413986,142.586014,142.586014,true,false,0
Huairou,18,B3_R2,12,2,125.217949,125.217949,176.449173,147.550827,147.550827,true,false,0
Huairou,18,B3_R2,24,2,216.294937,216.294937,84.963722,239.036278,239.036278,true,false,0
Huairou,18,GRU_R1,1,2,91.254211,91.254211,176.305695,147.694305,147.694305,true,false,1
Huairou,18,GRU_R1,6,2,138.20713,138.20713,153.464127,170.535873,170.535873,true,false,0
Huairou,18,GRU_R1,12,2,171.08313,171.08313,130.899948,193.100052,193.100052,true,false,0
Huairou,18,GRU_R1,24,2,192.64497,192.64497,106.924332,217.075668,217.075668,true,false,0
Huairou,18,B0,1,2,87.0,42.0,195.0,129.0,129.0,true,false,1
Huairou,18,B0,6,2,114.5,114.5,167.0,157.0,157.0,true,false,0
Huairou,18,B0,12,2,194.5,194.5,106.0,218.0,218.0,true,false,0
Huairou,18,B0,24,2,164.0,164.0,143.0,181.0,181.0,true,false,0
Huairou,19,B3_R2,1,27,45.565837,10.32343,515.108887,42.891113,42.891113,true,false,25
Huairou,19,B3_R2,6,27,164.256277,161.076745,236.902344,321.097656,321.097656,true,false,16
Huairou,19,B3_R2,12,27,233.612959,233.612959,208.258881,349.741119,349.741119,true,false,0
Huairou,19,B3_R2,24,27,308.705568,308.705568,82.883759,475.116241,475.116241,true,false,0
Huairou,19,GRU_R1,1,27,105.616475,100.658434,362.237946,195.762054,195.762054,true,false,22
Huairou,19,GRU_R1,6,27,147.520426,135.924574,294.165314,263.834686,263.834686,true,false,17
Huairou,19,GRU_R1,12,27,198.51607,189.60329,327.230621,230.769379,230.769379,true,false,10
Huairou,19,GRU_R1,24,27,268.926918,267.494308,135.989807,422.010193,422.010193,true,false,1
Huairou,19,B0,1,27,47.888889,2.481481,525.0,33.0,33.0,true,false,26
Huairou,19,B0,6,27,135.37037,25.592593,375.0,183.0,183.0,true,false,23
Huairou,19,B0,12,27,152.814815,103.925926,488.0,70.0,70.0,true,false,17
Huairou,19,B0,24,27,248.703704,228.185185,167.0,391.0,391.0,true,false,5
Huairou,20,B3_R2,1,4,35.309128,-0.898132,283.884827,23.115173,23.115173,true,false,3
Huairou,20,B3_R2,6,4,213.665728,213.665728,61.674694,245.325306,245.325306,true,false,0
Huairou,20,B3_R2,12,4,136.193783,136.193783,161.70668,145.29332,145.29332,true,false,0
Huairou,20,B3_R2,24,4,197.77211,197.77211,69.551224,237.448776,237.448776,true,false,0
Huairou,20,GRU_R1,1,4,48.66629,46.172668,239.114838,67.885162,67.885162,true,false,1
Huairou,20,GRU_R1,6,4,212.022139,212.022139,58.741512,248.258488,248.258488,true,false,0
Huairou,20,GRU_R1,12,4,161.975338,161.975338,118.065308,188.934692,188.934692,true,false,0
Huairou,20,GRU_R1,24,4,48.595657,-48.595657,319.098999,-12.098999,12.098999,false,true,4
Huairou,20,B0,1,4,41.25,15.25,269.0,38.0,38.0,true,false,3
Huairou,20,B0,6,4,257.25,257.25,12.0,295.0,295.0,true,false,0
Huairou,20,B0,12,4,170.5,170.5,101.0,206.0,206.0,true,false,0
Huairou,20,B0,24,4,228.0,-228.0,477.0,-170.0,170.0,false,true,4
Huairou,21,B3_R2,1,3,45.238759,24.094737,280.035797,38.964203,38.964203,true,false,2
Huairou,21,B3_R2,6,3,125.446737,125.446737,161.16629,157.83371,157.83371,true,false,0
Huairou,21,B3_R2,12,3,103.375549,103.375549,193.977539,125.022461,125.022461,true,false,0
Huairou,21,B3_R2,24,3,124.076681,124.076681,164.461151,154.538849,154.538849,true,false,0
Huairou,21,GRU_R1,1,3,76.575007,76.575007,220.890839,98.109161,98.109161,true,false,1
Huairou,21,GRU_R1,6,3,157.204015,157.204015,134.43483,184.56517,184.56517,true,false,0
Huairou,21,GRU_R1,12,3,165.393748,165.393748,128.563293,190.436707,190.436707,true,false,0
Huairou,21,GRU_R1,24,3,90.993195,90.993195,227.044342,91.955658,91.955658,true,false,0
Huairou,21,B0,1,3,53.666667,37.666667,262.0,57.0,57.0,true,false,2
Huairou,21,B0,6,3,182.0,182.0,109.0,210.0,210.0,true,false,0
Huairou,21,B0,12,3,141.333333,141.333333,151.0,168.0,168.0,true,false,0
Huairou,21,B0,24,3,19.666667,15.0,307.0,12.0,12.0,true,true,3
Huairou,22,B3_R2,1,2,36.159752,36.159752,241.876953,27.123047,27.123047,true,false,0
Huairou,22,B3_R2,6,2,101.567345,101.567345,188.46814,80.53186,80.53186,true,false,0
Huairou,22,B3_R2,12,2,65.85788,65.85788,193.373215,75.626785,75.626785,true,false,0
Huairou,22,B3_R2,24,2,97.256203,97.256203,161.336426,107.663574,107.663574,true,false,0
Huairou,22,GRU_R1,1,2,71.035042,71.035042,203.919495,65.080505,65.080505,true,false,0
Huairou,22,GRU_R1,6,2,116.435677,116.435677,170.404739,98.595261,98.595261,true,false,0
Huairou,22,GRU_R1,12,2,126.546791,126.546791,134.150116,134.849884,134.849884,true,false,0
Huairou,22,GRU_R1,24,2,170.304062,170.304062,96.000198,172.999802,172.999802,true,false,0
Huairou,22,B0,1,2,21.5,21.5,253.0,16.0,16.0,true,false,1
Huairou,22,B0,6,2,110.0,110.0,182.0,87.0,87.0,true,false,0
Huairou,22,B0,12,2,137.5,137.5,120.0,149.0,149.0,true,false,0
Huairou,22,B0,24,2,91.5,91.5,160.0,109.0,109.0,true,false,0
Huairou,23,B3_R2,1,22,27.115494,5.257659,390.638214,2.361786,2.361786,true,false,19
Huairou,23,B3_R2,6,22,103.21093,99.102589,238.606491,154.393509,154.393509,true,false,5
Huairou,23,B3_R2,12,22,171.19959,171.19959,138.638535,254.361465,254.361465,true,false,0
Huairou,23,B3_R2,24,22,189.517779,189.517779,127.843185,265.156815,265.156815,true,false,0
Huairou,23,GRU_R1,1,22,50.792292,48.490354,313.157288,79.842712,79.842712,true,false,14
Huairou,23,GRU_R1,6,22,106.202755,97.093713,225.142044,167.857956,167.857956,true,false,5
Huairou,23,GRU_R1,12,22,136.897349,136.897349,110.466019,282.533981,282.533981,true,false,3
Huairou,23,GRU_R1,24,22,173.816188,173.816188,220.615997,172.384003,172.384003,true,false,0
Huairou,23,B0,1,22,29.454545,1.818182,381.0,12.0,12.0,true,false,21
Huairou,23,B0,6,22,88.045455,49.772727,228.0,165.0,165.0,true,false,16
Huairou,23,B0,12,22,122.727273,103.0,57.0,336.0,336.0,true,false,10
Huairou,23,B0,24,22,150.818182,150.818182,295.0,98.0,98.0,true,false,5
Huairou,24,B3_R2,1,1,30.921432,30.921432,220.078568,30.921432,30.921432,true,false,0
Huairou,24,B3_R2,6,1,107.652695,107.652695,143.347305,107.652695,107.652695,true,false,0
Huairou,24,B3_R2,12,1,119.14296,119.14296,131.85704,119.14296,119.14296,true,false,0
Huairou,24,B3_R2,24,1,96.325806,96.325806,154.674194,96.325806,96.325806,true,false,0
Huairou,24,GRU_R1,1,1,48.940369,48.940369,202.059631,48.940369,48.940369,true,false,0
Huairou,24,GRU_R1,6,1,98.168076,98.168076,152.831924,98.168076,98.168076,true,false,0
Huairou,24,GRU_R1,12,1,125.604103,125.604103,125.395897,125.604103,125.604103,true,false,0
Huairou,24,GRU_R1,24,1,131.71624,131.71624,119.28376,131.71624,131.71624,true,false,0
Huairou,24,B0,1,1,38.0,38.0,213.0,38.0,38.0,true,false,0
Huairou,24,B0,6,1,58.0,58.0,193.0,58.0,58.0,true,false,0
Huairou,24,B0,12,1,49.0,49.0,202.0,49.0,49.0,true,false,0
Huairou,24,B0,24,1,139.0,139.0,112.0,139.0,139.0,true,false,0
Huairou,25,B3_R2,1,2,106.088108,81.392063,96.519829,187.480171,187.480171,true,false,1
Huairou,25,B3_R2,6,2,79.147972,79.147972,186.555435,97.444565,97.444565,true,false,0
Huairou,25,B3_R2,12,2,175.705498,175.705498,100.09745,183.90255,183.90255,true,false,0
Huairou,25,B3_R2,24,2,162.02853,162.02853,110.850746,173.149254,173.149254,true,false,0
Huairou,25,GRU_R1,1,2,164.992044,164.992044,42.106136,241.893864,241.893864,true,false,0
Huairou,25,GRU_R1,6,2,99.414467,99.414467,159.37886,124.62114,124.62114,true,false,0
Huairou,25,GRU_R1,12,2,173.467484,173.467484,102.41481,181.58519,181.58519,true,false,0
Huairou,25,GRU_R1,24,2,136.854488,136.854488,127.863564,156.136436,156.136436,true,false,0
Huairou,25,B0,1,2,113.5,86.5,84.0,200.0,200.0,true,false,1
Huairou,25,B0,6,2,72.0,72.0,194.0,90.0,90.0,true,false,0
Huairou,25,B0,12,2,84.0,84.0,192.0,92.0,92.0,true,false,0
Huairou,25,B0,24,2,159.5,159.5,111.0,173.0,173.0,true,false,0
Huairou,26,B3_R2,1,1,82.394775,82.394775,207.605225,82.394775,82.394775,true,false,0
Huairou,26,B3_R2,6,1,203.875076,203.875076,86.124924,203.875076,203.875076,true,false,0
Huairou,26,B3_R2,12,1,219.254021,219.254021,70.745979,219.254021,219.254021,true,false,0
Huairou,26,B3_R2,24,1,249.104885,249.104885,40.895115,249.104885,249.104885,true,false,0
Huairou,26,GRU_R1,1,1,100.455399,100.455399,189.544601,100.455399,100.455399,true,false,0
Huairou,26,GRU_R1,6,1,210.462395,210.462395,79.537605,210.462395,210.462395,true,false,0
Huairou,26,GRU_R1,12,1,228.651043,228.651043,61.348957,228.651043,228.651043,true,false,0
Huairou,26,GRU_R1,24,1,277.042296,277.042296,12.957704,277.042296,277.042296,true,false,0
Huairou,26,B0,1,1,79.0,79.0,211.0,79.0,79.0,true,false,0
Huairou,26,B0,6,1,243.0,243.0,47.0,243.0,243.0,true,false,0
Huairou,26,B0,12,1,269.0,269.0,21.0,269.0,269.0,true,false,0
Huairou,26,B0,24,1,285.0,285.0,5.0,285.0,285.0,true,false,0
Huairou,27,B3_R2,1,2,287.351089,131.913498,136.735413,419.264587,419.264587,true,false,1
Huairou,27,B3_R2,6,2,268.266663,268.266663,154.438614,401.561386,401.561386,true,false,0
Huairou,27,B3_R2,12,2,353.393089,353.393089,79.313019,476.686981,476.686981,true,false,0
Huairou,27,B3_R2,24,2,381.119762,381.119762,54.26889,501.73111,501.73111,true,false,0
Huairou,27,GRU_R1,1,2,260.983864,260.983864,99.017059,456.982941,456.982941,true,false,1
Huairou,27,GRU_R1,6,2,267.747612,267.747612,159.396591,396.603409,396.603409,true,false,0
Huairou,27,GRU_R1,12,2,333.864311,333.864311,101.602722,454.397278,454.397278,true,false,0
Huairou,27,GRU_R1,24,2,415.763769,415.763769,21.668024,534.331976,534.331976,true,false,0
Huairou,27,B0,1,2,318.5,76.5,161.0,395.0,395.0,true,false,1
Huairou,27,B0,6,2,255.5,255.5,155.0,401.0,401.0,true,false,0
Huairou,27,B0,12,2,400.5,400.5,36.0,520.0,520.0,true,false,0
Huairou,27,B0,24,2,431.5,431.5,3.0,553.0,553.0,true,false,0
Huairou,28,B3_R2,1,1,1.942093,1.942093,244.057907,1.942093,1.942093,true,true,1
Huairou,28,B3_R2,6,1,62.082306,62.082306,183.917694,62.082306,62.082306,true,false,0
Huairou,28,B3_R2,12,1,96.648315,96.648315,149.351685,96.648315,96.648315,true,false,0
Huairou,28,B3_R2,24,1,137.39785,137.39785,108.60215,137.39785,137.39785,true,false,0
Huairou,28,GRU_R1,1,1,45.81897,45.81897,200.18103,45.81897,45.81897,true,false,0
Huairou,28,GRU_R1,6,1,47.971436,47.971436,198.028564,47.971436,47.971436,true,false,0
Huairou,28,GRU_R1,12,1,60.581299,60.581299,185.418701,60.581299,60.581299,true,false,0
Huairou,28,GRU_R1,24,1,83.166168,83.166168,162.833832,83.166168,83.166168,true,false,0
Huairou,28,B0,1,1,8.0,8.0,238.0,8.0,8.0,true,false,0
Huairou,28,B0,6,1,80.0,80.0,166.0,80.0,80.0,true,false,0
Huairou,28,B0,12,1,15.0,15.0,231.0,15.0,15.0,true,false,0
Huairou,28,B0,24,1,42.0,42.0,204.0,42.0,42.0,true,false,0
Huairou,29,B3_R2,1,10,7.683682,3.408734,306.259216,-2.259216,2.259216,false,true,10
Huairou,29,B3_R2,6,10,80.619847,80.619847,249.612457,54.387543,54.387543,true,false,1
Huairou,29,B3_R2,12,10,126.709737,126.709737,177.496735,126.503265,126.503265,true,false,0
Huairou,29,B3_R2,24,10,188.851123,188.851123,88.055191,215.944809,215.944809,true,false,0
Huairou,29,GRU_R1,1,10,28.882071,28.882071,226.865143,77.134857,77.134857,true,false,2
Huairou,29,GRU_R1,6,10,73.560678,73.560678,219.555069,84.444931,84.444931,true,false,0
Huairou,29,GRU_R1,12,10,132.240199,132.240199,157.535431,146.464569,146.464569,true,false,0
Huairou,29,GRU_R1,24,10,147.214343,147.214343,102.748688,201.251312,201.251312,true,false,0
Huairou,29,B0,1,10,11.3,6.1,297.0,7.0,7.0,true,false,9
Huairou,29,B0,6,10,43.5,39.1,245.0,59.0,59.0,true,false,4
Huairou,29,B0,12,10,84.2,84.2,202.0,102.0,102.0,true,false,0
Huairou,29,B0,24,10,126.2,126.2,224.0,80.0,80.0,true,false,0
Huairou,30,B3_R2,1,2,18.59874,7.954971,263.643768,-10.643768,10.643768,false,false,1
Huairou,30,B3_R2,6,2,51.043587,51.043587,181.10817,71.89183,71.89183,true,false,0
Huairou,30,B3_R2,12,2,82.342163,82.342163,181.203278,71.796722,71.796722,true,false,0
Huairou,30,B3_R2,24,2,85.796783,85.796783,188.336044,64.663956,64.663956,true,false,0
Huairou,30,GRU_R1,1,2,52.286705,52.286705,201.997849,51.002151,51.002151,true,false,0
Huairou,30,GRU_R1,6,2,67.746712,67.746712,172.490433,80.509567,80.509567,true,false,0
Huairou,30,GRU_R1,12,2,131.616814,131.616814,129.393997,123.606003,123.606003,true,false,0
Huairou,30,GRU_R1,24,2,168.550093,168.550093,105.935699,147.064301,147.064301,true,false,0
Huairou,30,B0,1,2,17.0,17.0,251.0,2.0,2.0,true,false,1
Huairou,30,B0,6,2,88.5,88.5,158.0,95.0,95.0,true,false,0
Huairou,30,B0,12,2,145.0,145.0,113.0,140.0,140.0,true,false,0
Huairou,30,B0,24,2,183.0,183.0,107.0,146.0,146.0,true,false,0
Nongzhanguan,1,B3_R2,1,1,43.724609,43.724609,204.275391,43.724609,43.724609,true,false,0
Nongzhanguan,1,B3_R2,6,1,83.017303,83.017303,164.982697,83.017303,83.017303,true,false,0
Nongzhanguan,1,B3_R2,12,1,123.410004,123.410004,124.589996,123.410004,123.410004,true,false,0
Nongzhanguan,1,B3_R2,24,1,112.309189,112.309189,135.690811,112.309189,112.309189,true,false,0
Nongzhanguan,1,GRU_R1,1,1,39.827194,39.827194,208.172806,39.827194,39.827194,true,false,0
Nongzhanguan,1,GRU_R1,6,1,49.827301,49.827301,198.172699,49.827301,49.827301,true,false,0
Nongzhanguan,1,GRU_R1,12,1,114.52597,114.52597,133.47403,114.52597,114.52597,true,false,0
Nongzhanguan,1,GRU_R1,24,1,115.829254,115.829254,132.170746,115.829254,115.829254,true,false,0
Nongzhanguan,1,B0,1,1,34.0,34.0,214.0,34.0,34.0,true,false,0
Nongzhanguan,1,B0,6,1,45.0,45.0,203.0,45.0,45.0,true,false,0
Nongzhanguan,1,B0,12,1,139.0,139.0,109.0,139.0,139.0,true,false,0
Nongzhanguan,1,B0,24,1,144.0,144.0,104.0,144.0,144.0,true,false,0
Nongzhanguan,2,B3_R2,1,2,12.279968,12.115601,237.604431,24.395569,24.395569,true,false,1
Nongzhanguan,2,B3_R2,6,2,96.424934,96.424934,170.543533,91.456467,91.456467,true,false,0
Nongzhanguan,2,B3_R2,12,2,116.246048,116.246048,148.722107,113.277893,113.277893,true,false,0
Nongzhanguan,2,B3_R2,24,2,110.076012,110.076012,151.711044,110.288956,110.288956,true,false,0
Nongzhanguan,2,GRU_R1,1,2,19.342728,19.342728,235.553162,26.446838,26.446838,true,false,0
Nongzhanguan,2,GRU_R1,6,2,99.58622,99.58622,173.88475,88.11525,88.11525,true,false,0
Nongzhanguan,2,GRU_R1,12,2,116.112839,116.112839,149.800934,112.199066,112.199066,true,false,0
Nongzhanguan,2,GRU_R1,24,2,40.138634,40.138634,222.064194,39.935806,39.935806,true,false,0
Nongzhanguan,2,B0,1,2,15.5,9.5,237.0,25.0,25.0,true,false,1
Nongzhanguan,2,B0,6,2,106.0,106.0,162.0,100.0,100.0,true,false,0
Nongzhanguan,2,B0,12,2,148.5,148.5,119.0,143.0,143.0,true,false,0
Nongzhanguan,2,B0,24,2,16.5,16.5,248.0,14.0,14.0,true,true,1
Nongzhanguan,3,B3_R2,1,38,15.757421,5.533291,398.817017,10.182983,10.182983,true,false,37
Nongzhanguan,3,B3_R2,6,38,55.84778,53.022775,308.341248,100.658752,100.658752,true,false,32
Nongzhanguan,3,B3_R2,12,38,126.855848,126.855848,262.768158,146.231842,146.231842,true,false,7
Nongzhanguan,3,B3_R2,24,38,193.438756,193.438756,150.433212,258.566788,258.566788,true,false,0
Nongzhanguan,3,GRU_R1,1,38,35.574506,35.574506,336.07193,72.92807,72.92807,true,false,37
Nongzhanguan,3,GRU_R1,6,38,63.152428,59.136819,293.652039,115.347961,115.347961,true,false,31
Nongzhanguan,3,GRU_R1,12,38,88.567208,88.567208,276.440826,132.559174,132.559174,true,false,25
Nongzhanguan,3,GRU_R1,24,38,122.325297,122.325297,149.585724,259.414276,259.414276,true,false,12
Nongzhanguan,3,B0,1,38,16.394737,2.184211,404.0,5.0,5.0,true,false,37
Nongzhanguan,3,B0,6,38,51.447368,16.026316,327.0,82.0,82.0,true,false,34
Nongzhanguan,3,B0,12,38,77.763158,44.605263,322.0,87.0,87.0,true,false,28
Nongzhanguan,3,B0,24,38,111.894737,102.684211,144.0,265.0,265.0,true,false,16
Nongzhanguan,4,B3_R2,1,3,8.01978,3.195602,275.236267,-7.236267,7.236267,false,false,2
Nongzhanguan,4,B3_R2,6,3,41.668691,41.668691,192.905777,75.094223,75.094223,true,false,0
Nongzhanguan,4,B3_R2,12,3,101.374929,101.374929,156.843063,111.156937,111.156937,true,false,0
Nongzhanguan,4,B3_R2,24,3,110.566996,110.566996,139.142715,128.857285,128.857285,true,false,0
Nongzhanguan,4,GRU_R1,1,3,11.881953,11.881953,256.585693,11.414307,11.414307,true,false,2
Nongzhanguan,4,GRU_R1,6,3,32.672745,32.672745,226.150299,41.849701,41.849701,true,false,0
Nongzhanguan,4,GRU_R1,12,3,72.031306,72.031306,199.291473,68.708527,68.708527,true,false,0
Nongzhanguan,4,GRU_R1,24,3,96.912786,96.912786,158.049469,109.950531,109.950531,true,false,0
Nongzhanguan,4,B0,1,3,10.666667,10.666667,266.0,2.0,2.0,true,false,2
Nongzhanguan,4,B0,6,3,24.666667,24.666667,232.0,36.0,36.0,true,false,0
Nongzhanguan,4,B0,12,3,47.0,47.0,219.0,49.0,49.0,true,false,0
Nongzhanguan,4,B0,24,3,120.0,120.0,141.0,127.0,127.0,true,false,0
Nongzhanguan,5,B3_R2,1,9,15.810971,0.98425,294.290466,4.709534,4.709534,true,false,8
Nongzhanguan,5,B3_R2,6,9,26.658178,24.660172,230.35849,68.64151,68.64151,true,false,5
Nongzhanguan,5,B3_R2,12,9,70.765223,70.765223,185.372742,113.627258,113.627258,true,false,0
Nongzhanguan,5,B3_R2,24,9,133.042291,133.042291,129.429672,169.570328,169.570328,true,false,0
Nongzhanguan,5,GRU_R1,1,9,12.850905,-0.775465,301.501099,-2.501099,2.501099,false,false,7
Nongzhanguan,5,GRU_R1,6,9,26.927078,26.693524,235.818359,63.181641,63.181641,true,false,5
Nongzhanguan,5,GRU_R1,12,9,49.141271,49.141271,225.660065,73.339935,73.339935,true,false,1
Nongzhanguan,5,GRU_R1,24,9,88.33096,88.33096,184.530319,114.469681,114.469681,true,false,0
Nongzhanguan,5,B0,1,9,13.888889,1.666667,288.0,11.0,11.0,true,false,8
Nongzhanguan,5,B0,6,9,21.777778,18.0,239.0,60.0,60.0,true,false,6
Nongzhanguan,5,B0,12,9,36.0,36.0,232.0,67.0,67.0,true,false,1
Nongzhanguan,5,B0,24,9,91.0,91.0,180.0,119.0,119.0,true,false,0
Nongzhanguan,6,B3_R2,1,27,10.442883,3.290261,351.656769,15.343231,15.343231,true,false,26
Nongzhanguan,6,B3_R2,6,27,39.942889,33.42126,297.584106,69.415894,69.415894,true,false,25
Nongzhanguan,6,B3_R2,12,27,82.525631,82.112285,228.193359,138.806641,138.806641,true,true,3
Nongzhanguan,6,B3_R2,24,27,154.467476,154.467476,160.917969,206.082031,206.082031,true,false,0
Nongzhanguan,6,GRU_R1,1,27,23.10051,23.10051,322.825439,44.174561,44.174561,true,false,26
Nongzhanguan,6,GRU_R1,6,27,50.76718,46.348911,282.569336,84.430664,84.430664,true,false,18
Nongzhanguan,6,GRU_R1,12,27,71.473668,70.149952,231.975555,135.024445,135.024445,true,true,10
Nongzhanguan,6,GRU_R1,24,27,80.571251,80.571251,213.24234,153.75766,153.75766,true,false,5
Nongzhanguan,6,B0,1,27,11.333333,1.407407,362.0,5.0,5.0,true,false,26
Nongzhanguan,6,B0,6,27,44.37037,20.740741,304.0,63.0,63.0,true,false,21
Nongzhanguan,6,B0,12,27,50.185185,41.666667,290.0,77.0,77.0,true,true,19
Nongzhanguan,6,B0,24,27,60.259259,58.703704,225.0,142.0,142.0,true,false,15
Nongzhanguan,7,B3_R2,1,3,24.218689,11.374797,249.40033,39.59967,39.59967,true,false,2
Nongzhanguan,7,B3_R2,6,3,104.954844,104.954844,154.992523,134.007477,134.007477,true,false,0
Nongzhanguan,7,B3_R2,12,3,169.397451,169.397451,97.703247,191.296753,191.296753,true,false,0
Nongzhanguan,7,B3_R2,24,3,166.245595,166.245595,100.696358,188.303642,188.303642,true,false,0
Nongzhanguan,7,GRU_R1,1,3,21.159627,21.159627,238.728455,50.271545,50.271545,true,false,1
Nongzhanguan,7,GRU_R1,6,3,115.222168,115.222168,141.963013,147.036987,147.036987,true,false,0
Nongzhanguan,7,GRU_R1,12,3,149.180481,149.180481,117.909866,171.090134,171.090134,true,false,0
Nongzhanguan,7,GRU_R1,24,3,203.630098,203.630098,64.734962,224.265038,224.265038,true,false,0
Nongzhanguan,7,B0,1,3,26.0,8.666667,251.0,38.0,38.0,true,false,2
Nongzhanguan,7,B0,6,3,129.0,129.0,127.0,162.0,162.0,true,false,0
Nongzhanguan,7,B0,12,3,160.666667,160.666667,106.0,183.0,183.0,true,false,0
Nongzhanguan,7,B0,24,3,240.666667,240.666667,25.0,264.0,264.0,true,false,0
Nongzhanguan,8,B3_R2,1,1,21.641968,21.641968,228.358032,21.641968,21.641968,true,false,0
Nongzhanguan,8,B3_R2,6,1,146.722054,146.722054,103.277946,146.722054,146.722054,true,false,0
Nongzhanguan,8,B3_R2,12,1,162.925926,162.925926,87.074074,162.925926,162.925926,true,false,0
Nongzhanguan,8,B3_R2,24,1,162.840073,162.840073,87.159927,162.840073,162.840073,true,false,0
Nongzhanguan,8,GRU_R1,1,1,75.77005,75.77005,174.22995,75.77005,75.77005,true,false,0
Nongzhanguan,8,GRU_R1,6,1,158.764145,158.764145,91.235855,158.764145,158.764145,true,false,0
Nongzhanguan,8,GRU_R1,12,1,132.707794,132.707794,117.292206,132.707794,132.707794,true,false,0
Nongzhanguan,8,GRU_R1,24,1,126.317398,126.317398,123.682602,126.317398,126.317398,true,false,0
Nongzhanguan,8,B0,1,1,23.0,23.0,227.0,23.0,23.0,true,false,0
Nongzhanguan,8,B0,6,1,151.0,151.0,99.0,151.0,151.0,true,false,0
Nongzhanguan,8,B0,12,1,108.0,108.0,142.0,108.0,108.0,true,false,0
Nongzhanguan,8,B0,24,1,163.0,163.0,87.0,163.0,163.0,true,false,0
Nongzhanguan,9,B3_R2,1,1,91.06076,91.06076,189.93924,91.06076,91.06076,true,false,0
Nongzhanguan,9,B3_R2,6,1,153.709763,153.709763,127.290237,153.709763,153.709763,true,false,0
Nongzhanguan,9,B3_R2,12,1,198.584541,198.584541,82.415459,198.584541,198.584541,true,false,0
Nongzhanguan,9,B3_R2,24,1,207.956413,207.956413,73.043587,207.956413,207.956413,true,false,0
Nongzhanguan,9,GRU_R1,1,1,120.240799,120.240799,160.759201,120.240799,120.240799,true,false,0
Nongzhanguan,9,GRU_R1,6,1,157.374985,157.374985,123.625015,157.374985,157.374985,true,false,0
Nongzhanguan,9,GRU_R1,12,1,156.313087,156.313087,124.686913,156.313087,156.313087,true,false,0
Nongzhanguan,9,GRU_R1,24,1,182.309433,182.309433,98.690567,182.309433,182.309433,true,false,0
Nongzhanguan,9,B0,1,1,76.0,76.0,205.0,76.0,76.0,true,false,0
Nongzhanguan,9,B0,6,1,127.0,127.0,154.0,127.0,127.0,true,false,0
Nongzhanguan,9,B0,12,1,152.0,152.0,129.0,152.0,152.0,true,false,0
Nongzhanguan,9,B0,24,1,198.0,198.0,83.0,198.0,198.0,true,false,0
Nongzhanguan,10,B3_R2,1,4,18.764854,9.688271,254.396561,35.603439,35.603439,true,false,3
Nongzhanguan,10,B3_R2,6,4,61.27504,61.27504,203.118698,86.881302,86.881302,true,false,0
Nongzhanguan,10,B3_R2,12,4,154.5758,154.5758,115.381569,174.618431,174.618431,true,false,0
Nongzhanguan,10,B3_R2,24,4,176.231897,176.231897,90.034584,199.965416,199.965416,true,false,0
Nongzhanguan,10,GRU_R1,1,4,18.906235,18.906235,249.340118,40.659882,40.659882,true,false,3
Nongzhanguan,10,GRU_R1,6,4,91.116226,91.116226,172.74678,117.25322,117.25322,true,false,0
Nongzhanguan,10,GRU_R1,12,4,139.16305,139.16305,128.311935,161.688065,161.688065,true,false,0
Nongzhanguan,10,GRU_R1,24,4,194.947676,194.947676,73.781792,216.218208,216.218208,true,false,0
Nongzhanguan,10,B0,1,4,19.75,5.25,255.0,35.0,35.0,true,false,3
Nongzhanguan,10,B0,6,4,32.5,32.5,236.0,54.0,54.0,true,false,0
Nongzhanguan,10,B0,12,4,67.5,67.5,207.0,83.0,83.0,true,false,0
Nongzhanguan,10,B0,24,4,199.25,199.25,65.0,225.0,225.0,true,false,0
Nongzhanguan,11,B3_R2,1,5,22.627945,4.906961,260.479401,35.520599,35.520599,true,false,4
Nongzhanguan,11,B3_R2,6,5,117.012134,117.012134,171.275253,124.724747,124.724747,true,false,0
Nongzhanguan,11,B3_R2,12,5,199.517703,199.517703,74.368805,221.631195,221.631195,true,false,0
Nongzhanguan,11,B3_R2,24,5,228.111046,228.111046,49.231934,246.768066,246.768066,true,false,0
Nongzhanguan,11,GRU_R1,1,5,52.757166,52.757166,212.222824,83.777176,83.777176,true,false,1
Nongzhanguan,11,GRU_R1,6,5,122.161728,122.161728,159.428955,136.571045,136.571045,true,false,0
Nongzhanguan,11,GRU_R1,12,5,182.082582,182.082582,90.096519,205.903481,205.903481,true,false,0
Nongzhanguan,11,GRU_R1,24,5,188.82867,188.82867,91.154602,204.845398,204.845398,true,false,0
Nongzhanguan,11,B0,1,5,23.4,7.4,262.0,34.0,34.0,true,false,4
Nongzhanguan,11,B0,6,5,107.0,107.0,178.0,118.0,118.0,true,false,0
Nongzhanguan,11,B0,12,5,179.4,179.4,94.0,202.0,202.0,true,false,0
Nongzhanguan,11,B0,24,5,186.0,186.0,96.0,200.0,200.0,true,false,0
Nongzhanguan,12,B3_R2,1,1,25.357315,25.357315,241.642685,25.357315,25.357315,true,false,0
Nongzhanguan,12,B3_R2,6,1,167.296524,167.296524,99.703476,167.296524,167.296524,true,false,0
Nongzhanguan,12,B3_R2,12,1,181.574356,181.574356,85.425644,181.574356,181.574356,true,false,0
Nongzhanguan,12,B3_R2,24,1,207.943062,207.943062,59.056938,207.943062,207.943062,true,false,0
Nongzhanguan,12,GRU_R1,1,1,75.680115,75.680115,191.319885,75.680115,75.680115,true,false,0
Nongzhanguan,12,GRU_R1,6,1,168.761307,168.761307,98.238693,168.761307,168.761307,true,false,0
Nongzhanguan,12,GRU_R1,12,1,188.583771,188.583771,78.416229,188.583771,188.583771,true,false,0
Nongzhanguan,12,GRU_R1,24,1,189.001572,189.001572,77.998428,189.001572,189.001572,true,false,0
Nongzhanguan,12,B0,1,1,30.0,30.0,237.0,30.0,30.0,true,false,0
Nongzhanguan,12,B0,6,1,162.0,162.0,105.0,162.0,162.0,true,false,0
Nongzhanguan,12,B0,12,1,194.0,194.0,73.0,194.0,194.0,true,false,0
Nongzhanguan,12,B0,24,1,197.0,197.0,70.0,197.0,197.0,true,false,0
Nongzhanguan,13,B3_R2,1,1,10.07016,10.07016,235.92984,10.07016,10.07016,true,false,0
Nongzhanguan,13,B3_R2,6,1,108.267227,108.267227,137.732773,108.267227,108.267227,true,false,0
Nongzhanguan,13,B3_R2,12,1,94.383041,94.383041,151.616959,94.383041,94.383041,true,false,0
Nongzhanguan,13,B3_R2,24,1,190.844398,190.844398,55.155602,190.844398,190.844398,true,false,0
Nongzhanguan,13,GRU_R1,1,1,13.522766,13.522766,232.477234,13.522766,13.522766,true,false,0
Nongzhanguan,13,GRU_R1,6,1,91.739349,91.739349,154.260651,91.739349,91.739349,true,false,0
Nongzhanguan,13,GRU_R1,12,1,109.986694,109.986694,136.013306,109.986694,109.986694,true,false,0
Nongzhanguan,13,GRU_R1,24,1,183.233906,183.233906,62.766094,183.233906,183.233906,true,false,0
Nongzhanguan,13,B0,1,1,10.0,10.0,236.0,10.0,10.0,true,false,0
Nongzhanguan,13,B0,6,1,72.0,72.0,174.0,72.0,72.0,true,false,0
Nongzhanguan,13,B0,12,1,19.0,19.0,227.0,19.0,19.0,true,false,0
Nongzhanguan,13,B0,24,1,208.0,208.0,38.0,208.0,208.0,true,false,0
Nongzhanguan,14,B3_R2,1,1,15.621552,15.621552,235.378448,15.621552,15.621552,true,false,0
Nongzhanguan,14,B3_R2,6,1,87.511475,87.511475,163.488525,87.511475,87.511475,true,false,0
Nongzhanguan,14,B3_R2,12,1,134.161087,134.161087,116.838913,134.161087,134.161087,true,false,0
Nongzhanguan,14,B3_R2,24,1,175.982521,175.982521,75.017479,175.982521,175.982521,true,false,0
Nongzhanguan,14,GRU_R1,1,1,52.393829,52.393829,198.606171,52.393829,52.393829,true,false,0
Nongzhanguan,14,GRU_R1,6,1,62.138611,62.138611,188.861389,62.138611,62.138611,true,false,0
Nongzhanguan,14,GRU_R1,12,1,100.509308,100.509308,150.490692,100.509308,100.509308,true,false,0
Nongzhanguan,14,GRU_R1,24,1,158.444672,158.444672,92.555328,158.444672,158.444672,true,false,0
Nongzhanguan,14,B0,1,1,22.0,22.0,229.0,22.0,22.0,true,false,0
Nongzhanguan,14,B0,6,1,20.0,20.0,231.0,20.0,20.0,true,false,0
Nongzhanguan,14,B0,12,1,59.0,59.0,192.0,59.0,59.0,true,false,0
Nongzhanguan,14,B0,24,1,132.0,132.0,119.0,132.0,132.0,true,false,0
Nongzhanguan,15,B3_R2,1,2,113.54998,113.54998,208.340378,74.659622,74.659622,true,false,0
Nongzhanguan,15,B3_R2,6,2,189.331013,189.331013,77.129059,205.870941,205.870941,true,false,0
Nongzhanguan,15,B3_R2,12,2,200.280523,200.280523,69.479523,213.520477,213.520477,true,false,0
Nongzhanguan,15,B3_R2,24,2,200.447136,200.447136,64.815483,218.184517,218.184517,true,false,0
Nongzhanguan,15,GRU_R1,1,2,184.082699,184.082699,91.225014,191.774986,191.774986,true,false,0
Nongzhanguan,15,GRU_R1,6,2,187.37429,187.37429,78.07222,204.92778,204.92778,true,false,0
Nongzhanguan,15,GRU_R1,12,2,208.569439,208.569439,59.927074,223.072926,223.072926,true,false,0
Nongzhanguan,15,GRU_R1,24,2,208.940218,208.940218,54.233921,228.766079,228.766079,true,false,0
Nongzhanguan,15,B0,1,2,47.0,47.0,248.0,35.0,35.0,true,false,1
Nongzhanguan,15,B0,6,2,191.5,191.5,74.0,209.0,209.0,true,false,0
Nongzhanguan,15,B0,12,2,221.5,221.5,49.0,234.0,234.0,true,false,0
Nongzhanguan,15,B0,24,2,230.0,230.0,35.0,248.0,248.0,true,false,0
Nongzhanguan,16,B3_R2,1,2,23.292953,7.956375,241.750671,31.249329,31.249329,true,false,1
Nongzhanguan,16,B3_R2,6,2,131.309868,131.309868,130.29097,142.70903,142.70903,true,false,0
Nongzhanguan,16,B3_R2,12,2,166.889103,166.889103,95.011375,177.988625,177.988625,true,false,0
Nongzhanguan,16,B3_R2,24,2,182.895943,182.895943,81.230003,191.769997,191.769997,true,false,0
Nongzhanguan,16,GRU_R1,1,2,51.083595,51.083595,207.160583,65.839417,65.839417,true,false,0
Nongzhanguan,16,GRU_R1,6,2,132.468414,132.468414,128.919281,144.080719,144.080719,true,false,0
Nongzhanguan,16,GRU_R1,12,2,172.222755,172.222755,91.055695,181.944305,181.944305,true,false,0
Nongzhanguan,16,GRU_R1,24,2,173.108688,173.108688,94.487411,178.512589,178.512589,true,false,0
Nongzhanguan,16,B0,1,2,26.5,10.5,236.0,37.0,37.0,true,false,1
Nongzhanguan,16,B0,6,2,123.5,123.5,130.0,143.0,143.0,true,false,0
Nongzhanguan,16,B0,12,2,189.0,189.0,71.0,202.0,202.0,true,false,0
Nongzhanguan,16,B0,24,2,190.5,190.5,79.0,194.0,194.0,true,false,0
Nongzhanguan,17,B3_R2,1,1,19.032669,19.032669,231.967331,19.032669,19.032669,true,false,0
Nongzhanguan,17,B3_R2,6,1,100.410904,100.410904,150.589096,100.410904,100.410904,true,false,0
Nongzhanguan,17,B3_R2,12,1,132.580635,132.580635,118.419365,132.580635,132.580635,true,false,0
Nongzhanguan,17,B3_R2,24,1,139.738266,139.738266,111.261734,139.738266,139.738266,true,false,0
Nongzhanguan,17,GRU_R1,1,1,54.757858,54.757858,196.242142,54.757858,54.757858,true,false,0
Nongzhanguan,17,GRU_R1,6,1,95.160431,95.160431,155.839569,95.160431,95.160431,true,false,0
Nongzhanguan,17,GRU_R1,12,1,142.756203,142.756203,108.243797,142.756203,142.756203,true,false,0
Nongzhanguan,17,GRU_R1,24,1,140.447372,140.447372,110.552628,140.447372,140.447372,true,false,0
Nongzhanguan,17,B0,1,1,13.0,13.0,238.0,13.0,13.0,true,false,0
Nongzhanguan,17,B0,6,1,54.0,54.0,197.0,54.0,54.0,true,false,0
Nongzhanguan,17,B0,12,1,111.0,111.0,140.0,111.0,111.0,true,false,0
Nongzhanguan,17,B0,24,1,102.0,102.0,149.0,102.0,102.0,true,false,0
Nongzhanguan,18,B3_R2,1,4,10.10059,10.10059,241.110428,8.889572,8.889572,true,false,0
Nongzhanguan,18,B3_R2,6,4,83.255459,83.255459,163.705719,86.294281,86.294281,true,false,0
Nongzhanguan,18,B3_R2,12,4,156.739819,156.739819,90.214012,159.785988,159.785988,true,false,0
Nongzhanguan,18,B3_R2,24,4,159.08716,159.08716,90.42347,159.57653,159.57653,true,false,0
Nongzhanguan,18,GRU_R1,1,4,57.048656,57.048656,189.792358,60.207642,60.207642,true,false,0
Nongzhanguan,18,GRU_R1,6,4,68.435623,68.435623,184.517487,65.482513,65.482513,true,false,0
Nongzhanguan,18,GRU_R1,12,4,117.473402,117.473402,126.887718,123.112282,123.112282,true,false,0
Nongzhanguan,18,GRU_R1,24,4,138.738645,138.738645,153.298691,96.701309,96.701309,true,false,0
Nongzhanguan,18,B0,1,4,3.75,1.25,246.0,4.0,4.0,true,false,3
Nongzhanguan,18,B0,6,4,38.0,38.0,211.0,39.0,39.0,true,false,0
Nongzhanguan,18,B0,12,4,117.5,117.5,117.0,133.0,133.0,true,false,0
Nongzhanguan,18,B0,24,4,103.5,103.5,195.0,55.0,55.0,true,false,0
Nongzhanguan,19,B3_R2,1,1,5.380096,5.380096,243.619904,5.380096,5.380096,true,false,0
Nongzhanguan,19,B3_R2,6,1,85.418533,85.418533,163.581467,85.418533,85.418533,true,false,0
Nongzhanguan,19,B3_R2,12,1,103.478088,103.478088,145.521912,103.478088,103.478088,true,false,0
Nongzhanguan,19,B3_R2,24,1,97.586441,97.586441,151.413559,97.586441,97.586441,true,false,0
Nongzhanguan,19,GRU_R1,1,1,28.922577,28.922577,220.077423,28.922577,28.922577,true,false,0
Nongzhanguan,19,GRU_R1,6,1,113.463928,113.463928,135.536072,113.463928,113.463928,true,false,0
Nongzhanguan,19,GRU_R1,12,1,120.984833,120.984833,128.015167,120.984833,120.984833,true,false,0
Nongzhanguan,19,GRU_R1,24,1,103.675568,103.675568,145.324432,103.675568,103.675568,true,false,0
Nongzhanguan,19,B0,1,1,11.0,11.0,238.0,11.0,11.0,true,false,0
Nongzhanguan,19,B0,6,1,77.0,77.0,172.0,77.0,77.0,true,false,0
Nongzhanguan,19,B0,12,1,70.0,70.0,179.0,70.0,70.0,true,false,0
Nongzhanguan,19,B0,24,1,99.0,99.0,150.0,99.0,99.0,true,false,0
Nongzhanguan,20,B3_R2,1,9,8.450434,3.017153,249.877472,21.122528,21.122528,true,false,8
Nongzhanguan,20,B3_R2,6,9,38.97947,38.97947,235.859009,35.140991,35.140991,true,false,0
Nongzhanguan,20,B3_R2,12,9,109.702402,109.702402,175.037979,95.962021,95.962021,true,false,0
Nongzhanguan,20,B3_R2,24,9,168.870086,168.870086,82.156448,188.843552,188.843552,true,false,0
Nongzhanguan,20,GRU_R1,1,9,9.431085,-2.118612,253.562057,17.437943,17.437943,true,true,9
Nongzhanguan,20,GRU_R1,6,9,32.517124,32.517124,263.613892,7.386108,7.386108,true,false,3
Nongzhanguan,20,GRU_R1,12,9,85.599019,85.599019,193.748962,77.251038,77.251038,true,false,0
Nongzhanguan,20,GRU_R1,24,9,120.608281,120.608281,143.535339,127.464661,127.464661,true,false,0
Nongzhanguan,20,B0,1,9,8.555556,2.333333,262.0,9.0,9.0,true,false,8
Nongzhanguan,20,B0,6,9,39.333333,39.111111,254.0,17.0,17.0,true,false,3
Nongzhanguan,20,B0,12,9,101.111111,101.111111,197.0,74.0,74.0,true,false,0
Nongzhanguan,20,B0,24,9,140.333333,140.333333,127.0,144.0,144.0,true,false,0
Nongzhanguan,21,B3_R2,1,1,19.169708,19.169708,243.830292,19.169708,19.169708,true,false,0
Nongzhanguan,21,B3_R2,6,1,38.842407,38.842407,224.157593,38.842407,38.842407,true,false,0
Nongzhanguan,21,B3_R2,12,1,71.047867,71.047867,191.952133,71.047867,71.047867,true,false,0
Nongzhanguan,21,B3_R2,24,1,166.966133,166.966133,96.033867,166.966133,166.966133,true,false,0
Nongzhanguan,21,GRU_R1,1,1,32.660217,32.660217,230.339783,32.660217,32.660217,true,false,0
Nongzhanguan,21,GRU_R1,6,1,37.83844,37.83844,225.16156,37.83844,37.83844,true,false,0
Nongzhanguan,21,GRU_R1,12,1,26.790802,26.790802,236.209198,26.790802,26.790802,true,false,0
Nongzhanguan,21,GRU_R1,24,1,100.467926,100.467926,162.532074,100.467926,100.467926,true,false,0
Nongzhanguan,21,B0,1,1,32.0,32.0,231.0,32.0,32.0,true,false,0
Nongzhanguan,21,B0,6,1,34.0,34.0,229.0,34.0,34.0,true,false,0
Nongzhanguan,21,B0,12,1,2.0,-2.0,265.0,-2.0,2.0,false,true,1
Nongzhanguan,21,B0,24,1,111.0,111.0,152.0,111.0,111.0,true,false,0
Nongzhanguan,22,B3_R2,1,1,39.2724,39.2724,223.7276,39.2724,39.2724,true,false,0
Nongzhanguan,22,B3_R2,6,1,55.223373,55.223373,207.776627,55.223373,55.223373,true,false,0
Nongzhanguan,22,B3_R2,12,1,72.380997,72.380997,190.619003,72.380997,72.380997,true,false,0
Nongzhanguan,22,B3_R2,24,1,166.848221,166.848221,96.151779,166.848221,166.848221,true,false,0
Nongzhanguan,22,GRU_R1,1,1,8.989777,8.989777,254.010223,8.989777,8.989777,true,true,1
Nongzhanguan,22,GRU_R1,6,1,50.424973,50.424973,212.575027,50.424973,50.424973,true,false,0
Nongzhanguan,22,GRU_R1,12,1,37.408691,37.408691,225.591309,37.408691,37.408691,true,false,0
Nongzhanguan,22,GRU_R1,24,1,79.720078,79.720078,183.279922,79.720078,79.720078,true,false,0
Nongzhanguan,22,B0,1,1,0.0,0.0,263.0,0.0,0.0,false,true,1
Nongzhanguan,22,B0,6,1,64.0,64.0,199.0,64.0,64.0,true,false,0
Nongzhanguan,22,B0,12,1,8.0,-8.0,271.0,-8.0,8.0,false,true,1
Nongzhanguan,22,B0,24,1,66.0,66.0,197.0,66.0,66.0,true,false,0
Nongzhanguan,23,B3_R2,1,9,13.041402,2.977132,276.452271,30.547729,30.547729,true,false,8
Nongzhanguan,23,B3_R2,6,9,83.401099,83.401099,175.040146,131.959854,131.959854,true,false,0
Nongzhanguan,23,B3_R2,12,9,180.11456,180.11456,88.621788,218.378212,218.378212,true,false,0
Nongzhanguan,23,B3_R2,24,9,195.906041,195.906041,71.376106,235.623894,235.623894,true,false,0
Nongzhanguan,23,GRU_R1,1,9,17.836856,12.75553,262.777954,44.222046,44.222046,true,false,8
Nongzhanguan,23,GRU_R1,6,9,62.095964,61.280392,201.771088,105.228912,105.228912,true,false,3
Nongzhanguan,23,GRU_R1,12,9,119.246446,119.246446,155.238419,151.761581,151.761581,true,false,0
Nongzhanguan,23,GRU_R1,24,9,149.483905,149.483905,131.129257,175.870743,175.870743,true,false,0
Nongzhanguan,23,B0,1,9,16.222222,2.444444,275.0,32.0,32.0,true,false,8
Nongzhanguan,23,B0,6,9,79.666667,73.888889,169.0,138.0,138.0,true,false,3
Nongzhanguan,23,B0,12,9,115.555556,115.555556,166.0,141.0,141.0,true,false,0
Nongzhanguan,23,B0,24,9,141.111111,141.111111,135.0,172.0,172.0,true,false,0
Nongzhanguan,24,B3_R2,1,11,16.190412,-0.066374,245.848251,58.151749,58.151749,true,true,11
Nongzhanguan,24,B3_R2,6,11,58.662932,48.642346,149.694504,154.305496,154.305496,true,false,4
Nongzhanguan,24,B3_R2,12,11,112.033478,112.033478,132.290283,171.709717,171.709717,true,false,0
Nongzhanguan,24,B3_R2,24,11,142.325374,142.325374,119.640892,184.359108,184.359108,true,false,0
Nongzhanguan,24,GRU_R1,1,11,14.69974,7.346824,244.233185,59.766815,59.766815,true,true,11
Nongzhanguan,24,GRU_R1,6,11,56.527283,55.491144,131.452881,172.547119,172.547119,true,false,4
Nongzhanguan,24,GRU_R1,12,11,111.932761,111.932761,157.838501,146.161499,146.161499,true,false,0
Nongzhanguan,24,GRU_R1,24,11,120.798117,120.798117,135.446808,168.553192,168.553192,true,false,0
Nongzhanguan,24,B0,1,11,16.181818,0.909091,240.0,64.0,64.0,true,false,10
Nongzhanguan,24,B0,6,11,70.454545,53.0,116.0,188.0,188.0,true,false,5
Nongzhanguan,24,B0,12,11,108.454545,108.454545,194.0,110.0,110.0,true,false,0
Nongzhanguan,24,B0,24,11,125.090909,125.090909,112.0,192.0,192.0,true,false,0
Nongzhanguan,25,B3_R2,1,8,23.479012,2.931717,338.21933,9.78067,9.78067,true,false,7
Nongzhanguan,25,B3_R2,6,8,71.452892,63.762905,214.168457,133.831543,133.831543,true,false,2
Nongzhanguan,25,B3_R2,12,8,168.87349,168.87349,123.271278,224.728722,224.728722,true,false,0
Nongzhanguan,25,B3_R2,24,8,224.455815,224.455815,55.070591,292.929409,292.929409,true,false,0
Nongzhanguan,25,GRU_R1,1,8,24.525764,22.351189,308.945435,39.054565,39.054565,true,false,5
Nongzhanguan,25,GRU_R1,6,8,64.599871,54.997332,225.167297,122.832703,122.832703,true,false,2
Nongzhanguan,25,GRU_R1,12,8,71.021528,71.021528,216.961365,131.038635,131.038635,true,false,0
Nongzhanguan,25,GRU_R1,24,8,80.508215,80.508215,215.3349,132.6651,132.6651,true,false,2
Nongzhanguan,25,B0,1,8,27.75,2.25,332.0,16.0,16.0,true,false,7
Nongzhanguan,25,B0,6,8,70.0,50.75,220.0,128.0,128.0,true,false,2
Nongzhanguan,25,B0,12,8,47.25,47.25,238.0,110.0,110.0,true,true,3
Nongzhanguan,25,B0,24,8,70.0,53.0,240.0,108.0,108.0,true,false,4
Nongzhanguan,26,B3_R2,1,3,10.213323,1.927007,267.164856,3.835144,3.835144,true,true,3
Nongzhanguan,26,B3_R2,6,3,18.148585,16.648321,263.385895,7.614105,7.614105,true,false,2
Nongzhanguan,26,B3_R2,12,3,93.2202,93.2202,167.615341,103.384659,103.384659,true,false,0
Nongzhanguan,26,B3_R2,24,3,161.644333,161.644333,103.975693,167.024307,167.024307,true,false,0
Nongzhanguan,26,GRU_R1,1,3,18.188441,18.188441,245.755707,25.244293,25.244293,true,false,2
Nongzhanguan,26,GRU_R1,6,3,46.586472,46.586472,213.444397,57.555603,57.555603,true,false,0
Nongzhanguan,26,GRU_R1,12,3,23.740957,16.672475,251.126282,19.873718,19.873718,true,false,2
Nongzhanguan,26,GRU_R1,24,3,32.580744,32.580744,227.239105,43.760895,43.760895,true,false,0
Nongzhanguan,26,B0,1,3,14.0,5.333333,263.0,8.0,8.0,true,false,2
Nongzhanguan,26,B0,6,3,14.0,8.0,250.0,21.0,21.0,true,true,3
Nongzhanguan,26,B0,12,3,26.333333,-3.0,274.0,-3.0,3.0,false,false,2
Nongzhanguan,26,B0,24,3,8.333333,1.0,257.0,14.0,14.0,true,true,3
Nongzhanguan,27,B3_R2,1,1,20.943924,20.943924,225.056076,20.943924,20.943924,true,false,0
Nongzhanguan,27,B3_R2,6,1,32.847183,32.847183,213.152817,32.847183,32.847183,true,false,0
Nongzhanguan,27,B3_R2,12,1,30.254059,30.254059,215.745941,30.254059,30.254059,true,false,0
Nongzhanguan,27,B3_R2,24,1,89.969452,89.969452,156.030548,89.969452,89.969452,true,false,0
Nongzhanguan,27,GRU_R1,1,1,12.584808,12.584808,233.415192,12.584808,12.584808,true,false,0
Nongzhanguan,27,GRU_R1,6,1,17.791504,17.791504,228.208496,17.791504,17.791504,true,false,0
Nongzhanguan,27,GRU_R1,12,1,30.225494,30.225494,215.774506,30.225494,30.225494,true,false,0
Nongzhanguan,27,GRU_R1,24,1,116.323776,116.323776,129.676224,116.323776,116.323776,true,false,0
Nongzhanguan,27,B0,1,1,20.0,20.0,226.0,20.0,20.0,true,false,0
Nongzhanguan,27,B0,6,1,51.0,51.0,195.0,51.0,51.0,true,false,0
Nongzhanguan,27,B0,12,1,55.0,55.0,191.0,55.0,55.0,true,false,0
Nongzhanguan,27,B0,24,1,154.0,154.0,92.0,154.0,154.0,true,false,0
Nongzhanguan,28,B3_R2,1,2,17.903336,17.903336,244.922333,28.077667,28.077667,true,false,1
Nongzhanguan,28,B3_R2,6,2,42.349579,42.349579,218.968155,54.031845,54.031845,true,false,0
Nongzhanguan,28,B3_R2,12,2,136.982735,136.982735,129.902405,143.097595,143.097595,true,false,0
Nongzhanguan,28,B3_R2,24,2,179.760433,179.760433,70.345665,202.654335,202.654335,true,false,0
Nongzhanguan,28,GRU_R1,1,2,13.622383,13.622383,247.892563,25.107437,25.107437,true,true,2
Nongzhanguan,28,GRU_R1,6,2,41.831772,41.831772,221.612854,51.387146,51.387146,true,false,0
Nongzhanguan,28,GRU_R1,12,2,86.372131,86.372131,171.102081,101.897919,101.897919,true,false,0
Nongzhanguan,28,GRU_R1,24,2,111.217293,111.217293,155.436707,117.563293,117.563293,true,false,0
Nongzhanguan,28,B0,1,2,15.0,15.0,248.0,25.0,25.0,true,false,1
Nongzhanguan,28,B0,6,2,27.0,27.0,234.0,39.0,39.0,true,false,0
Nongzhanguan,28,B0,12,2,85.5,85.5,177.0,96.0,96.0,true,false,0
Nongzhanguan,28,B0,24,2,125.0,125.0,146.0,127.0,127.0,true,false,0
Nongzhanguan,29,B3_R2,1,17,14.923957,11.363999,342.114685,16.885315,16.885315,true,false,16
Nongzhanguan,29,B3_R2,6,17,89.57007,89.57007,261.937012,97.062988,97.062988,true,false,11
Nongzhanguan,29,B3_R2,12,17,146.845873,146.845873,161.016418,197.983582,197.983582,true,false,0
Nongzhanguan,29,B3_R2,24,17,199.939625,199.939625,117.725731,241.274269,241.274269,true,false,0
Nongzhanguan,29,GRU_R1,1,17,35.918945,35.918945,309.030823,49.969177,49.969177,true,false,16
Nongzhanguan,29,GRU_R1,6,17,95.440702,95.440702,273.825531,85.174469,85.174469,true,false,11
Nongzhanguan,29,GRU_R1,12,17,155.585603,155.585603,186.636154,172.363846,172.363846,true,false,1
Nongzhanguan,29,GRU_R1,24,17,178.966316,178.966316,125.54982,233.45018,233.45018,true,false,0
Nongzhanguan,29,B0,1,17,14.705882,5.647059,358.0,1.0,1.0,true,false,16
Nongzhanguan,29,B0,6,17,74.529412,70.411765,323.0,36.0,36.0,true,false,11
Nongzhanguan,29,B0,12,17,157.058824,157.058824,228.0,131.0,131.0,true,false,5
Nongzhanguan,29,B0,24,17,175.588235,175.588235,105.0,254.0,254.0,true,false,0
Nongzhanguan,30,B3_R2,1,2,85.223549,85.223549,214.06163,39.93837,39.93837,true,false,0
Nongzhanguan,30,B3_R2,6,2,22.552696,-10.224007,241.67131,12.32869,12.32869,true,true,1
Nongzhanguan,30,B3_R2,12,2,85.572014,85.572014,159.547012,94.452988,94.452988,true,false,0
Nongzhanguan,30,B3_R2,24,2,170.146828,170.146828,86.56218,167.43782,167.43782,true,false,0
Nongzhanguan,30,GRU_R1,1,2,60.361458,60.361458,234.665314,19.334686,19.334686,true,false,0
Nongzhanguan,30,GRU_R1,6,2,41.616974,-41.616974,290.270355,-36.270355,36.270355,false,true,2
Nongzhanguan,30,GRU_R1,12,2,13.118042,-10.322754,251.204712,2.795288,2.795288,true,true,2
Nongzhanguan,30,GRU_R1,24,2,122.859917,122.859917,131.258392,122.741608,122.741608,true,false,0
Nongzhanguan,30,B0,1,2,49.0,49.0,251.0,3.0,3.0,true,false,1
Nongzhanguan,30,B0,6,2,93.0,-93.0,341.0,-87.0,87.0,false,true,2
Nongzhanguan,30,B0,12,2,86.5,-86.5,328.0,-74.0,74.0,false,true,2
Nongzhanguan,30,B0,24,2,145.5,145.5,111.0,143.0,143.0,true,false,0
Nongzhanguan,31,B3_R2,1,9,17.768329,5.426682,306.995422,26.004578,26.004578,true,false,8
Nongzhanguan,31,B3_R2,6,9,71.161263,71.161263,252.239227,80.760773,80.760773,true,false,5
Nongzhanguan,31,B3_R2,12,9,97.778216,97.778216,115.97245,217.02755,217.02755,true,false,0
Nongzhanguan,31,B3_R2,24,9,179.702169,179.702169,104.483124,228.516876,228.516876,true,false,0
Nongzhanguan,31,GRU_R1,1,9,26.589511,24.081292,283.837402,49.162598,49.162598,true,true,9
Nongzhanguan,31,GRU_R1,6,9,71.69861,71.69861,241.580963,91.419037,91.419037,true,false,2
Nongzhanguan,31,GRU_R1,12,9,79.134373,66.496386,97.440865,235.559135,235.559135,true,true,4
Nongzhanguan,31,GRU_R1,24,9,38.789537,38.789537,269.104706,63.895294,63.895294,true,false,6
Nongzhanguan,31,B0,1,9,18.222222,7.555556,309.0,24.0,24.0,true,false,8
Nongzhanguan,31,B0,6,9,63.555556,63.555556,228.0,105.0,105.0,true,false,5
Nongzhanguan,31,B0,12,9,78.555556,13.444444,172.0,161.0,161.0,true,true,7
Nongzhanguan,31,B0,24,9,16.666667,-14.0,323.0,10.0,10.0,true,true,9
Nongzhanguan,32,B3_R2,1,1,43.808762,43.808762,214.191238,43.808762,43.808762,true,false,0
Nongzhanguan,32,B3_R2,6,1,71.787048,71.787048,186.212952,71.787048,71.787048,true,false,0
Nongzhanguan,32,B3_R2,12,1,121.263184,121.263184,136.736816,121.263184,121.263184,true,false,0
Nongzhanguan,32,B3_R2,24,1,86.422882,86.422882,171.577118,86.422882,86.422882,true,false,0
Nongzhanguan,32,GRU_R1,1,1,45.92131,45.92131,212.07869,45.92131,45.92131,true,false,0
Nongzhanguan,32,GRU_R1,6,1,60.423218,60.423218,197.576782,60.423218,60.423218,true,false,0
Nongzhanguan,32,GRU_R1,12,1,156.570755,156.570755,101.429245,156.570755,156.570755,true,false,0
Nongzhanguan,32,GRU_R1,24,1,119.911911,119.911911,138.088089,119.911911,119.911911,true,false,0
Nongzhanguan,32,B0,1,1,39.0,39.0,219.0,39.0,39.0,true,false,0
Nongzhanguan,32,B0,6,1,53.0,53.0,205.0,53.0,53.0,true,false,0
Nongzhanguan,32,B0,12,1,213.0,213.0,45.0,213.0,213.0,true,false,0
Nongzhanguan,32,B0,24,1,108.0,108.0,150.0,108.0,108.0,true,false,0
Nongzhanguan,33,B3_R2,1,20,30.619024,13.72326,517.451355,36.548645,36.548645,true,true,20
Nongzhanguan,33,B3_R2,6,20,161.979638,159.36148,331.798065,222.201935,222.201935,true,false,16
Nongzhanguan,33,B3_R2,12,20,226.75209,226.75209,208.362656,345.637344,345.637344,true,false,3
Nongzhanguan,33,B3_R2,24,20,299.495759,299.495759,166.239639,387.760361,387.760361,true,false,0
Nongzhanguan,33,GRU_R1,1,20,103.756599,99.987968,358.778442,195.221558,195.221558,true,false,19
Nongzhanguan,33,GRU_R1,6,20,165.992971,157.765316,298.993683,255.006317,255.006317,true,false,14
Nongzhanguan,33,GRU_R1,12,20,228.120093,223.219452,138.719574,415.280426,415.280426,true,false,7
Nongzhanguan,33,GRU_R1,24,20,274.53065,274.53065,199.664001,354.335999,354.335999,true,false,0
Nongzhanguan,33,B0,1,20,31.4,1.6,536.0,18.0,18.0,true,false,19
Nongzhanguan,33,B0,6,20,170.95,64.75,366.0,188.0,188.0,true,false,14
Nongzhanguan,33,B0,12,20,249.05,184.75,90.0,464.0,464.0,true,false,8
Nongzhanguan,33,B0,24,20,274.8,274.8,240.0,314.0,314.0,true,false,1
Nongzhanguan,34,B3_R2,1,4,10.28508,-3.095215,271.183441,-1.183441,1.183441,false,true,4
Nongzhanguan,34,B3_R2,6,4,64.671883,64.671883,198.955902,71.044098,71.044098,true,false,0
Nongzhanguan,34,B3_R2,12,4,51.307644,51.307644,205.797134,64.202866,64.202866,true,true,1
Nongzhanguan,34,B3_R2,24,4,147.722185,147.722185,117.247063,152.752937,152.752937,true,false,0
Nongzhanguan,34,GRU_R1,1,4,11.216061,7.190807,253.362701,16.637299,16.637299,true,false,3
Nongzhanguan,34,GRU_R1,6,4,121.930237,121.930237,132.909241,137.090759,137.090759,true,false,0
Nongzhanguan,34,GRU_R1,12,4,30.676235,3.257565,281.273621,-11.273621,11.273621,false,true,2
Nongzhanguan,34,GRU_R1,24,4,64.136398,-64.136398,324.401733,-54.401733,54.401733,false,true,4
Nongzhanguan,34,B0,1,4,11.75,1.25,261.0,9.0,9.0,true,false,3
Nongzhanguan,34,B0,6,4,143.75,143.75,115.0,155.0,155.0,true,false,0
Nongzhanguan,34,B0,12,4,39.75,-31.25,316.0,-46.0,46.0,false,true,3
Nongzhanguan,34,B0,24,4,259.25,-259.25,516.0,-246.0,246.0,false,true,4
Nongzhanguan,35,B3_R2,1,5,7.400027,4.168253,272.368927,-1.368927,1.368927,false,false,4
Nongzhanguan,35,B3_R2,6,5,31.125482,31.125482,247.52243,23.47757,23.47757,true,false,1
Nongzhanguan,35,B3_R2,12,5,36.796677,36.796677,247.060242,23.939758,23.939758,true,true,3
Nongzhanguan,35,B3_R2,24,5,131.672519,131.672519,135.688507,135.311493,135.311493,true,false,0
Nongzhanguan,35,GRU_R1,1,5,5.656897,3.102576,262.920654,8.079346,8.079346,true,true,5
Nongzhanguan,35,GRU_R1,6,5,53.937234,53.937234,217.249817,53.750183,53.750183,true,false,0
Nongzhanguan,35,GRU_R1,12,5,53.006491,53.006491,221.183441,49.816559,49.816559,true,false,0
Nongzhanguan,35,GRU_R1,24,5,138.794095,138.794095,117.237442,153.762558,153.762558,true,false,0
Nongzhanguan,35,B0,1,5,10.8,5.6,269.0,2.0,2.0,true,false,4
Nongzhanguan,35,B0,6,5,67.2,67.2,201.0,70.0,70.0,true,false,0
Nongzhanguan,35,B0,12,5,42.2,42.2,231.0,40.0,40.0,true,false,0
Nongzhanguan,35,B0,24,5,147.4,147.4,108.0,163.0,163.0,true,false,0
Nongzhanguan,36,B3_R2,1,3,18.1203,7.75533,258.542664,-0.542664,0.542664,false,false,2
Nongzhanguan,36,B3_R2,6,3,81.750137,81.750137,171.47612,86.52388,86.52388,true,false,0
Nongzhanguan,36,B3_R2,12,3,134.003805,134.003805,122.7257,135.2743,135.2743,true,false,0
Nongzhanguan,36,B3_R2,24,3,179.603545,179.603545,74.690231,183.309769,183.309769,true,false,0
Nongzhanguan,36,GRU_R1,1,3,35.315933,35.315933,223.79303,34.20697,34.20697,true,false,0
Nongzhanguan,36,GRU_R1,6,3,99.927994,99.927994,153.7341,104.2659,104.2659,true,false,0
Nongzhanguan,36,GRU_R1,12,3,179.774943,179.774943,70.544518,187.455482,187.455482,true,false,0
Nongzhanguan,36,GRU_R1,24,3,208.065975,208.065975,47.239025,210.760975,210.760975,true,false,0
Nongzhanguan,36,B0,1,3,21.0,13.666667,253.0,5.0,5.0,true,false,2
Nongzhanguan,36,B0,6,3,128.0,128.0,118.0,140.0,140.0,true,false,0
Nongzhanguan,36,B0,12,3,222.0,222.0,27.0,231.0,231.0,true,false,0
Nongzhanguan,36,B0,24,3,237.666667,237.666667,14.0,244.0,244.0,true,false,0
Nongzhanguan,37,B3_R2,1,2,14.673477,14.673477,245.231186,10.768814,10.768814,true,false,1
Nongzhanguan,37,B3_R2,6,2,10.893578,0.589714,244.516708,11.483292,11.483292,true,true,2
Nongzhanguan,37,B3_R2,12,2,91.682343,91.682343,175.286179,80.713821,80.713821,true,false,0
Nongzhanguan,37,B3_R2,24,2,142.117813,142.117813,133.322495,122.677505,122.677505,true,false,0
Nongzhanguan,37,GRU_R1,1,2,31.325462,31.325462,233.240997,22.759003,22.759003,true,false,0
Nongzhanguan,37,GRU_R1,6,2,41.603661,41.603661,217.043823,38.956177,38.956177,true,false,0
Nongzhanguan,37,GRU_R1,12,2,120.854992,120.854992,147.958374,108.041626,108.041626,true,false,0
Nongzhanguan,37,GRU_R1,24,2,148.997017,148.997017,134.283218,121.716782,121.716782,true,false,0
Nongzhanguan,37,B0,1,2,11.5,11.5,251.0,5.0,5.0,true,false,1
Nongzhanguan,37,B0,6,2,2.0,-2.0,258.0,-2.0,2.0,false,true,2
Nongzhanguan,37,B0,12,2,157.5,157.5,118.0,138.0,138.0,true,false,0
Nongzhanguan,37,B0,24,2,156.0,156.0,155.0,101.0,101.0,true,false,0
Nongzhanguan,38,B3_R2,1,18,13.82588,1.746894,374.676849,10.323151,10.323151,true,true,18
Nongzhanguan,38,B3_R2,6,18,77.073299,75.171399,331.228058,53.771942,53.771942,true,false,13
Nongzhanguan,38,B3_R2,12,18,161.274101,161.274101,161.506866,223.493134,223.493134,true,false,0
Nongzhanguan,38,B3_R2,24,18,227.455942,227.455942,127.952682,257.047318,257.047318,true,false,0
Nongzhanguan,38,GRU_R1,1,18,35.655953,31.60488,324.965912,60.034088,60.034088,true,false,17
Nongzhanguan,38,GRU_R1,6,18,95.640865,86.904194,278.475281,106.524719,106.524719,true,false,12
Nongzhanguan,38,GRU_R1,12,18,148.164882,144.433531,133.952026,251.047974,251.047974,true,false,4
Nongzhanguan,38,GRU_R1,24,18,168.176858,168.176858,119.384644,265.615356,265.615356,true,false,0
Nongzhanguan,38,B0,1,18,17.833333,0.722222,380.0,5.0,5.0,true,false,17
Nongzhanguan,38,B0,6,18,97.444444,57.666667,316.0,69.0,69.0,true,false,12
Nongzhanguan,38,B0,12,18,148.888889,125.555556,86.0,299.0,299.0,true,true,7
Nongzhanguan,38,B0,24,18,134.555556,134.555556,182.0,203.0,203.0,true,false,5
Nongzhanguan,39,B3_R2,1,12,26.588033,4.464152,306.657898,48.342102,48.342102,true,false,11
Nongzhanguan,39,B3_R2,6,12,43.749073,40.75892,251.125626,103.874374,103.874374,true,false,8
Nongzhanguan,39,B3_R2,12,12,93.338072,93.338072,172.33786,182.66214,182.66214,true,false,0
Nongzhanguan,39,B3_R2,24,12,192.247131,192.247131,90.971062,264.028938,264.028938,true,false,0
Nongzhanguan,39,GRU_R1,1,12,33.742842,23.140268,286.578888,68.421112,68.421112,true,false,9
Nongzhanguan,39,GRU_R1,6,12,65.518974,64.143557,228.009949,126.990051,126.990051,true,false,3
Nongzhanguan,39,GRU_R1,12,12,96.202045,95.514052,204.26265,150.73735,150.73735,true,true,1
Nongzhanguan,39,GRU_R1,24,12,24.560018,6.852402,284.280151,70.719849,70.719849,true,true,12
Nongzhanguan,39,B0,1,12,28.5,5.0,311.0,44.0,44.0,true,false,11
Nongzhanguan,39,B0,6,12,62.75,54.083333,290.0,65.0,65.0,true,false,6
Nongzhanguan,39,B0,12,12,90.166667,84.833333,195.0,160.0,160.0,true,true,2
Nongzhanguan,39,B0,24,12,66.833333,-63.5,362.0,-7.0,7.0,false,true,12
Nongzhanguan,40,B3_R2,1,57,19.786487,5.2854,430.648102,56.351898,56.351898,true,false,56
Nongzhanguan,40,B3_R2,6,57,73.193102,69.983776,278.620544,208.379456,208.379456,true,false,54
Nongzhanguan,40,B3_R2,12,57,210.631407,210.631407,180.50206,306.49794,306.49794,true,false,0
Nongzhanguan,40,B3_R2,24,57,313.977418,313.977418,41.318527,445.681473,445.681473,true,false,0
Nongzhanguan,40,GRU_R1,1,57,59.945709,59.945709,315.374359,171.625641,171.625641,true,false,54
Nongzhanguan,40,GRU_R1,6,57,89.918892,87.610097,195.870712,291.129288,291.129288,true,false,45
Nongzhanguan,40,GRU_R1,12,57,115.443128,115.443128,137.274048,349.725952,349.725952,true,false,36
Nongzhanguan,40,GRU_R1,24,57,127.21219,127.21219,208.45462,278.54538,278.54538,true,true,29
Nongzhanguan,40,B0,1,57,20.561404,2.175439,420.0,67.0,67.0,true,false,56
Nongzhanguan,40,B0,6,57,65.649123,22.385965,222.0,265.0,265.0,true,false,51
Nongzhanguan,40,B0,12,57,80.421053,49.859649,129.0,358.0,358.0,true,false,45
Nongzhanguan,40,B0,24,57,83.877193,65.140351,262.0,225.0,225.0,true,true,44
Nongzhanguan,41,B3_R2,1,5,69.481256,69.481256,386.880798,42.119202,42.119202,true,false,4
Nongzhanguan,41,B3_R2,6,5,294.777019,294.777019,84.616257,344.383743,344.383743,true,false,0
Nongzhanguan,41,B3_R2,12,5,304.301624,304.301624,87.767563,341.232437,341.232437,true,false,0
Nongzhanguan,41,B3_R2,24,5,328.099088,328.099088,50.984512,378.015488,378.015488,true,false,0
Nongzhanguan,41,GRU_R1,1,5,93.015207,93.015207,332.408844,96.591156,96.591156,true,false,4
Nongzhanguan,41,GRU_R1,6,5,278.480461,278.480461,85.712524,343.287476,343.287476,true,false,0
Nongzhanguan,41,GRU_R1,12,5,311.214587,311.214587,80.77005,348.22995,348.22995,true,false,0
Nongzhanguan,41,GRU_R1,24,5,346.142053,346.142053,35.422619,393.577381,393.577381,true,false,0
Nongzhanguan,41,B0,1,5,54.2,39.8,420.0,9.0,9.0,true,false,4
Nongzhanguan,41,B0,6,5,304.2,304.2,58.0,371.0,371.0,true,false,0
Nongzhanguan,41,B0,12,5,362.6,362.6,25.0,404.0,404.0,true,false,0
Nongzhanguan,41,B0,24,5,379.4,379.4,9.0,420.0,420.0,true,false,0
Nongzhanguan,42,B3_R2,1,2,36.450974,-30.131485,394.582458,-66.582458,66.582458,false,true,2
Nongzhanguan,42,B3_R2,6,2,137.163094,137.163094,170.364349,157.635651,157.635651,true,false,0
Nongzhanguan,42,B3_R2,12,2,244.308289,244.308289,76.938011,251.061989,251.061989,true,false,0
Nongzhanguan,42,B3_R2,24,2,277.461443,277.461443,43.681122,284.318878,284.318878,true,false,0
Nongzhanguan,42,GRU_R1,1,2,24.33017,18.888885,333.441284,-5.441284,5.441284,false,true,2
Nongzhanguan,42,GRU_R1,6,2,45.918068,44.042824,238.039108,89.960892,89.960892,true,false,1
Nongzhanguan,42,GRU_R1,12,2,227.033405,227.033405,95.691757,232.308243,232.308243,true,false,0
Nongzhanguan,42,GRU_R1,24,2,264.780262,264.780262,54.195225,273.804775,273.804775,true,false,0
Nongzhanguan,42,B0,1,2,58.0,-58.0,421.0,-93.0,93.0,false,true,2
Nongzhanguan,42,B0,6,2,85.5,-29.5,272.0,56.0,56.0,true,true,2
Nongzhanguan,42,B0,12,2,260.0,260.0,58.0,270.0,270.0,true,false,0
Nongzhanguan,42,B0,24,2,305.0,305.0,12.0,316.0,316.0,true,false,0
Nongzhanguan,43,B3_R2,1,14,35.73245,19.655415,380.013702,23.986298,23.986298,true,false,13
Nongzhanguan,43,B3_R2,6,14,131.237251,131.237251,292.175995,111.824005,111.824005,true,false,4
Nongzhanguan,43,B3_R2,12,14,182.304786,182.304786,182.391586,221.608414,221.608414,true,false,0
Nongzhanguan,43,B3_R2,24,14,232.369856,232.369856,137.971771,266.028229,266.028229,true,false,0
Nongzhanguan,43,GRU_R1,1,14,54.571313,50.345753,328.146667,75.853333,75.853333,true,false,13
Nongzhanguan,43,GRU_R1,6,14,112.462481,109.287667,285.000427,118.999573,118.999573,true,false,8
Nongzhanguan,43,GRU_R1,12,14,161.155964,159.646391,170.854218,233.145782,233.145782,true,false,2
Nongzhanguan,43,GRU_R1,24,14,129.690811,129.690811,303.25235,100.74765,100.74765,true,false,5
Nongzhanguan,43,B0,1,14,32.571429,6.428571,403.0,1.0,1.0,true,false,13
Nongzhanguan,43,B0,6,14,118.571429,94.285714,340.0,64.0,64.0,true,false,8
Nongzhanguan,43,B0,12,14,171.0,159.285714,134.0,270.0,270.0,true,false,2
Nongzhanguan,43,B0,24,14,105.857143,69.0,421.0,-17.0,17.0,false,false,8
Nongzhanguan,44,B3_R2,1,35,27.411113,12.878497,505.781158,52.218842,52.218842,true,true,35
Nongzhanguan,44,B3_R2,6,35,143.110486,143.110486,327.444885,230.555115,230.555115,true,false,30
Nongzhanguan,44,B3_R2,12,35,232.564369,232.564369,183.061661,374.938339,374.938339,true,false,6
Nongzhanguan,44,B3_R2,24,35,358.484517,358.484517,85.524925,472.475075,472.475075,true,false,0
Nongzhanguan,44,GRU_R1,1,35,99.072293,99.072293,362.205933,195.794067,195.794067,true,true,35
Nongzhanguan,44,GRU_R1,6,35,134.11937,134.11937,322.59494,235.40506,235.40506,true,false,30
Nongzhanguan,44,GRU_R1,12,35,156.453056,156.453056,304.725769,253.274231,253.274231,true,true,28
Nongzhanguan,44,GRU_R1,24,35,178.004324,178.004324,295.552155,262.447845,262.447845,true,false,23
Nongzhanguan,44,B0,1,35,25.485714,5.314286,555.0,3.0,3.0,true,false,34
Nongzhanguan,44,B0,6,35,109.285714,39.8,413.0,145.0,145.0,true,false,29
Nongzhanguan,44,B0,12,35,110.4,71.657143,407.0,151.0,151.0,true,true,28
Nongzhanguan,44,B0,24,35,131.457143,111.0,356.0,202.0,202.0,true,false,25
Nongzhanguan,45,B3_R2,1,2,2.410995,-2.152267,397.563263,-4.563263,4.563263,false,true,2
Nongzhanguan,45,B3_R2,6,2,55.255371,55.255371,327.813385,65.186615,65.186615,true,true,2
Nongzhanguan,45,B3_R2,12,2,203.422089,203.422089,183.605438,209.394562,209.394562,true,false,0
Nongzhanguan,45,B3_R2,24,2,258.766815,258.766815,133.444519,259.555481,259.555481,true,false,0
Nongzhanguan,45,GRU_R1,1,2,54.051865,54.051865,330.170471,62.829529,62.829529,true,true,2
Nongzhanguan,45,GRU_R1,6,2,68.120438,68.120438,319.870239,73.129761,73.129761,true,true,2
Nongzhanguan,45,GRU_R1,12,2,51.157852,51.157852,336.506256,56.493744,56.493744,true,true,2
Nongzhanguan,45,GRU_R1,24,2,85.005035,85.005035,306.542664,86.457336,86.457336,true,true,2
Nongzhanguan,45,B0,1,2,15.5,-15.5,407.0,-14.0,14.0,false,true,2
Nongzhanguan,45,B0,6,2,27.0,-27.0,425.0,-32.0,32.0,false,true,2
Nongzhanguan,45,B0,12,2,165.5,-165.5,558.0,-165.0,165.0,false,true,2
Nongzhanguan,45,B0,24,2,7.5,-6.5,407.0,-14.0,14.0,false,true,2
Nongzhanguan,46,B3_R2,1,2,30.710846,30.710846,211.854523,60.145477,60.145477,true,false,1
Nongzhanguan,46,B3_R2,6,2,246.956695,246.956695,21.18206,250.81794,250.81794,true,false,0
Nongzhanguan,46,B3_R2,12,2,119.143433,119.143433,146.61879,125.38121,125.38121,true,false,0
Nongzhanguan,46,B3_R2,24,2,188.551109,188.551109,89.991928,182.008072,182.008072,true,false,0
Nongzhanguan,46,GRU_R1,1,2,38.48201,33.374619,200.143372,71.856628,71.856628,true,false,1
Nongzhanguan,46,GRU_R1,6,2,235.407243,235.407243,28.584761,243.415239,243.415239,true,false,0
Nongzhanguan,46,GRU_R1,12,2,27.12056,-27.12056,298.493286,-26.493286,26.493286,false,true,2
Nongzhanguan,46,GRU_R1,24,2,58.599884,-58.599884,328.716888,-56.716888,56.716888,false,true,2
Nongzhanguan,46,B0,1,2,33.5,26.5,212.0,60.0,60.0,true,false,1
Nongzhanguan,46,B0,6,2,254.5,254.5,13.0,259.0,259.0,true,false,0
Nongzhanguan,46,B0,12,2,116.0,-116.0,393.0,-121.0,121.0,false,true,2
Nongzhanguan,46,B0,24,2,281.5,-281.5,558.0,-286.0,286.0,false,true,2
Nongzhanguan,47,B3_R2,1,48,31.645744,12.93583,522.045654,56.954346,56.954346,true,false,46
Nongzhanguan,47,B3_R2,6,48,135.858387,130.268782,331.917358,247.082642,247.082642,true,false,34
Nongzhanguan,47,B3_R2,12,48,243.431816,243.431816,109.688736,469.311264,469.311264,true,false,0
Nongzhanguan,47,B3_R2,24,48,281.193077,281.193077,143.832611,435.167389,435.167389,true,false,0
Nongzhanguan,47,GRU_R1,1,48,77.317465,73.492575,363.507263,215.492737,215.492737,true,false,45
Nongzhanguan,47,GRU_R1,6,48,113.971594,103.098522,343.334045,235.665955,235.665955,true,false,39
Nongzhanguan,47,GRU_R1,12,48,129.317412,124.271212,279.934143,299.065857,299.065857,true,false,34
Nongzhanguan,47,GRU_R1,24,48,167.916956,164.728034,285.454559,293.545441,293.545441,true,true,26
Nongzhanguan,47,B0,1,48,29.25,1.208333,550.0,29.0,29.0,true,false,47
Nongzhanguan,47,B0,6,48,99.0625,21.270833,533.0,46.0,46.0,true,false,42
Nongzhanguan,47,B0,12,48,146.708333,33.166667,320.0,259.0,259.0,true,false,38
Nongzhanguan,47,B0,24,48,151.166667,106.458333,368.0,211.0,211.0,true,true,31
Nongzhanguan,48,B3_R2,1,6,13.12648,10.653234,276.273132,7.726868,7.726868,true,false,5
Nongzhanguan,48,B3_R2,6,6,158.548097,158.548097,94.092125,189.907875,189.907875,true,false,0
Nongzhanguan,48,B3_R2,12,6,153.963383,153.963383,141.518723,142.481277,142.481277,true,false,0
Nongzhanguan,48,B3_R2,24,6,161.318052,161.318052,114.746124,169.253876,169.253876,true,false,0
Nongzhanguan,48,GRU_R1,1,6,53.592481,53.592481,222.929428,61.070572,61.070572,true,false,0
Nongzhanguan,48,GRU_R1,6,6,154.169889,154.169889,104.537537,179.462463,179.462463,true,false,0
Nongzhanguan,48,GRU_R1,12,6,22.300817,21.264297,277.259644,6.740356,6.740356,true,true,5
Nongzhanguan,48,GRU_R1,24,6,40.868523,-26.288897,329.341797,-45.341797,45.341797,false,true,5
Nongzhanguan,48,B0,1,6,12.833333,6.833333,275.0,9.0,9.0,true,false,5
Nongzhanguan,48,B0,6,6,99.666667,99.666667,145.0,139.0,139.0,true,false,0
Nongzhanguan,48,B0,12,6,73.0,-71.0,354.0,-70.0,70.0,false,true,6
Nongzhanguan,48,B0,24,6,153.833333,-153.833333,525.0,-241.0,241.0,false,true,6
Nongzhanguan,49,B3_R2,1,3,20.521698,8.417531,277.870148,22.129852,22.129852,true,true,3
Nongzhanguan,49,B3_R2,6,3,115.768667,115.768667,175.206543,124.793457,124.793457,true,false,0
Nongzhanguan,49,B3_R2,12,3,189.985181,189.985181,91.138145,208.861855,208.861855,true,false,0
Nongzhanguan,49,B3_R2,24,3,186.300377,186.300377,98.863571,201.136429,201.136429,true,false,0
Nongzhanguan,49,GRU_R1,1,3,17.625509,11.638163,275.308899,24.691101,24.691101,true,true,3
Nongzhanguan,49,GRU_R1,6,3,79.707357,79.707357,203.912201,96.087799,96.087799,true,false,0
Nongzhanguan,49,GRU_R1,12,3,107.823858,107.823858,184.057709,115.942291,115.942291,true,false,0
Nongzhanguan,49,GRU_R1,24,3,75.828842,75.828842,228.352127,71.647873,71.647873,true,false,0
Nongzhanguan,49,B0,1,3,25.0,12.333333,272.0,28.0,28.0,true,false,2
Nongzhanguan,49,B0,6,3,70.666667,70.666667,215.0,85.0,85.0,true,false,0
Nongzhanguan,49,B0,12,3,91.333333,91.333333,201.0,99.0,99.0,true,false,0
Nongzhanguan,49,B0,24,3,33.333333,33.333333,266.0,34.0,34.0,true,true,2
Nongzhanguan,50,B3_R2,1,10,12.008818,4.297209,287.73761,9.26239,9.26239,true,false,8
Nongzhanguan,50,B3_R2,6,10,35.60842,32.398669,208.431839,88.568161,88.568161,true,true,5
Nongzhanguan,50,B3_R2,12,10,132.970141,132.970141,113.781441,183.218559,183.218559,true,false,0
Nongzhanguan,50,B3_R2,24,10,145.224657,145.224657,108.877579,188.122421,188.122421,true,false,0
Nongzhanguan,50,GRU_R1,1,10,12.574326,2.016898,285.3414,11.6586,11.6586,true,true,10
Nongzhanguan,50,GRU_R1,6,10,32.838861,32.838861,242.363068,54.636932,54.636932,true,false,3
Nongzhanguan,50,GRU_R1,12,10,50.708879,47.704491,202.738861,94.261139,94.261139,true,false,2
Nongzhanguan,50,GRU_R1,24,10,75.6161,75.6161,196.596405,100.403595,100.403595,true,false,0
Nongzhanguan,50,B0,1,10,11.5,2.1,294.0,3.0,3.0,true,false,9
Nongzhanguan,50,B0,6,10,35.8,32.6,266.0,31.0,31.0,true,false,4
Nongzhanguan,50,B0,12,10,40.9,28.5,221.0,76.0,76.0,true,false,3
Nongzhanguan,50,B0,24,10,70.1,70.1,215.0,82.0,82.0,true,false,0
Nongzhanguan,51,B3_R2,1,15,10.94628,5.648823,300.330444,38.669556,38.669556,true,false,14
Nongzhanguan,51,B3_R2,6,15,56.614532,56.614532,236.626663,102.373337,102.373337,true,false,6
Nongzhanguan,51,B3_R2,12,15,124.089257,124.089257,189.90065,149.09935,149.09935,true,false,0
Nongzhanguan,51,B3_R2,24,15,120.601917,120.601917,197.849564,141.150436,141.150436,true,false,0
Nongzhanguan,51,GRU_R1,1,15,29.059614,29.059614,274.266968,64.733032,64.733032,true,true,15
Nongzhanguan,51,GRU_R1,6,15,53.67344,52.988633,237.521881,101.478119,101.478119,true,false,5
Nongzhanguan,51,GRU_R1,12,15,99.960924,99.960924,194.143585,144.856415,144.856415,true,false,0
Nongzhanguan,51,GRU_R1,24,15,132.059957,132.059957,188.385956,150.614044,150.614044,true,false,0
Nongzhanguan,51,B0,1,15,12.4,4.533333,306.0,33.0,33.0,true,false,14
Nongzhanguan,51,B0,6,15,61.466667,37.733333,232.0,107.0,107.0,true,false,9
Nongzhanguan,51,B0,12,15,114.6,114.6,146.0,193.0,193.0,true,false,3
Nongzhanguan,51,B0,24,15,134.6,134.6,198.0,141.0,141.0,true,false,0
Nongzhanguan,52,B3_R2,1,14,115.133966,95.563577,473.839142,361.160858,361.160858,true,false,12
Nongzhanguan,52,B3_R2,6,14,295.419466,295.419466,111.180382,723.819618,723.819618,true,false,3
Nongzhanguan,52,B3_R2,12,14,378.77967,378.77967,82.471817,752.528183,752.528183,true,false,0
Nongzhanguan,52,B3_R2,24,14,400.034403,400.034403,80.863091,754.136909,754.136909,true,false,0
Nongzhanguan,52,GRU_R1,1,14,161.467926,158.54388,362.372528,472.627472,472.627472,true,false,11
Nongzhanguan,52,GRU_R1,6,14,276.874848,242.467582,133.544128,701.455872,701.455872,true,false,7
Nongzhanguan,52,GRU_R1,12,14,364.400419,362.977833,69.037239,765.962761,765.962761,true,false,1
Nongzhanguan,52,GRU_R1,24,14,416.5518,416.5518,45.960735,789.039265,789.039265,true,false,0
Nongzhanguan,52,B0,1,14,98.428571,5.0,640.0,195.0,195.0,true,false,13
Nongzhanguan,52,B0,6,14,387.285714,107.285714,117.0,718.0,718.0,true,false,8
Nongzhanguan,52,B0,12,14,383.785714,368.785714,36.0,799.0,799.0,true,false,2
Nongzhanguan,52,B0,24,14,456.785714,456.785714,5.0,830.0,830.0,true,false,0
Nongzhanguan,53,B3_R2,1,5,14.54791,8.4173,265.55484,21.44516,21.44516,true,true,5
Nongzhanguan,53,B3_R2,6,5,34.325922,34.325922,254.304184,32.695816,32.695816,true,false,2
Nongzhanguan,53,B3_R2,12,5,104.473312,104.473312,168.818832,118.181168,118.181168,true,false,0
Nongzhanguan,53,B3_R2,24,5,147.962994,147.962994,132.36673,154.63327,154.63327,true,false,0
Nongzhanguan,53,GRU_R1,1,5,11.367218,3.177618,285.225281,1.774719,1.774719,true,true,5
Nongzhanguan,53,GRU_R1,6,5,45.112997,45.112997,239.199768,47.800232,47.800232,true,false,0
Nongzhanguan,53,GRU_R1,12,5,61.475125,61.475125,216.845947,70.154053,70.154053,true,true,1
Nongzhanguan,53,GRU_R1,24,5,41.465326,23.902289,268.909973,18.090027,18.090027,true,false,3
Nongzhanguan,53,B0,1,5,15.0,8.6,272.0,15.0,15.0,true,false,4
Nongzhanguan,53,B0,6,5,44.6,44.6,238.0,49.0,49.0,true,false,0
Nongzhanguan,53,B0,12,5,37.4,21.4,247.0,40.0,40.0,true,true,3
Nongzhanguan,53,B0,24,5,121.4,-82.6,352.0,-65.0,65.0,false,false,4
Nongzhanguan,54,B3_R2,1,1,86.45575,86.45575,176.54425,86.45575,86.45575,true,false,0
Nongzhanguan,54,B3_R2,6,1,109.732208,109.732208,153.267792,109.732208,109.732208,true,false,0
Nongzhanguan,54,B3_R2,12,1,131.29541,131.29541,131.70459,131.29541,131.29541,true,false,0
Nongzhanguan,54,B3_R2,24,1,81.956375,81.956375,181.043625,81.956375,81.956375,true,false,0
Nongzhanguan,54,GRU_R1,1,1,99.57016,99.57016,163.42984,99.57016,99.57016,true,false,0
Nongzhanguan,54,GRU_R1,6,1,124.904022,124.904022,138.095978,124.904022,124.904022,true,false,0
Nongzhanguan,54,GRU_R1,12,1,155.67688,155.67688,107.32312,155.67688,155.67688,true,false,0
Nongzhanguan,54,GRU_R1,24,1,132.584061,132.584061,130.415939,132.584061,132.584061,true,false,0
Nongzhanguan,54,B0,1,1,87.0,87.0,176.0,87.0,87.0,true,false,0
Nongzhanguan,54,B0,6,1,142.0,142.0,121.0,142.0,142.0,true,false,0
Nongzhanguan,54,B0,12,1,203.0,203.0,60.0,203.0,203.0,true,false,0
Nongzhanguan,54,B0,24,1,111.0,111.0,152.0,111.0,111.0,true,false,0
Nongzhanguan,55,B3_R2,1,1,27.827454,27.827454,217.172546,27.827454,27.827454,true,false,0
Nongzhanguan,55,B3_R2,6,1,90.359634,90.359634,154.640366,90.359634,90.359634,true,false,0
Nongzhanguan,55,B3_R2,12,1,121.262917,121.262917,123.737083,121.262917,121.262917,true,false,0
Nongzhanguan,55,B3_R2,24,1,62.296982,62.296982,182.703018,62.296982,62.296982,true,false,0
Nongzhanguan,55,GRU_R1,1,1,55.211853,55.211853,189.788147,55.211853,55.211853,true,false,0
Nongzhanguan,55,GRU_R1,6,1,95.944458,95.944458,149.055542,95.944458,95.944458,true,false,0
Nongzhanguan,55,GRU_R1,12,1,131.769623,131.769623,113.230377,131.769623,131.769623,true,false,0
Nongzhanguan,55,GRU_R1,24,1,127.034004,127.034004,117.965996,127.034004,127.034004,true,false,0
Nongzhanguan,55,B0,1,1,10.0,10.0,235.0,10.0,10.0,true,false,0
Nongzhanguan,55,B0,6,1,91.0,91.0,154.0,91.0,91.0,true,false,0
Nongzhanguan,55,B0,12,1,179.0,179.0,66.0,179.0,179.0,true,false,0
Nongzhanguan,55,B0,24,1,105.0,105.0,140.0,105.0,105.0,true,false,0
Nongzhanguan,56,B3_R2,1,25,13.853974,8.400539,371.581177,6.418823,6.418823,true,false,24
Nongzhanguan,56,B3_R2,6,25,95.642582,95.642582,227.987091,150.012909,150.012909,true,false,7
Nongzhanguan,56,B3_R2,12,25,162.444501,162.444501,121.463013,256.536987,256.536987,true,false,0
Nongzhanguan,56,B3_R2,24,25,217.524751,217.524751,92.937759,285.062241,285.062241,true,false,0
Nongzhanguan,56,GRU_R1,1,25,33.327203,32.53454,329.467712,48.532288,48.532288,true,false,23
Nongzhanguan,56,GRU_R1,6,25,74.344703,70.600856,260.457642,117.542358,117.542358,true,false,17
Nongzhanguan,56,GRU_R1,12,25,120.357382,120.357382,217.627319,160.372681,160.372681,true,false,7
Nongzhanguan,56,GRU_R1,24,25,171.31828,171.31828,116.662376,261.337624,261.337624,true,false,0
Nongzhanguan,56,B0,1,25,13.4,5.64,377.0,1.0,1.0,true,false,24
Nongzhanguan,56,B0,6,25,68.16,40.72,307.0,71.0,71.0,true,false,19
Nongzhanguan,56,B0,12,25,105.64,100.76,272.0,106.0,106.0,true,false,13
Nongzhanguan,56,B0,24,25,163.72,163.72,70.0,308.0,308.0,true,false,3
Nongzhanguan,57,B3_R2,1,6,92.283966,41.200877,153.202576,375.797424,375.797424,true,false,5
Nongzhanguan,57,B3_R2,6,6,238.265306,238.265306,61.217785,467.782215,467.782215,true,false,0
Nongzhanguan,57,B3_R2,12,6,264.14703,264.14703,64.567009,464.432991,464.432991,true,false,0
Nongzhanguan,57,B3_R2,24,6,253.528402,253.528402,73.625412,455.374588,455.374588,true,false,0
Nongzhanguan,57,GRU_R1,1,6,91.308828,85.037059,139.484711,389.515289,389.515289,true,false,5
Nongzhanguan,57,GRU_R1,6,6,245.988014,245.988014,37.835388,491.164612,491.164612,true,false,0
Nongzhanguan,57,GRU_R1,12,6,277.39877,277.39877,62.899097,466.100903,466.100903,true,false,0
Nongzhanguan,57,GRU_R1,24,6,285.849094,285.849094,42.405571,486.594429,486.594429,true,false,0
Nongzhanguan,57,B0,1,6,111.166667,18.166667,141.0,388.0,388.0,true,false,5
Nongzhanguan,57,B0,6,6,266.666667,266.666667,11.0,518.0,518.0,true,false,0
Nongzhanguan,57,B0,12,6,311.0,311.0,28.0,501.0,501.0,true,false,0
Nongzhanguan,57,B0,24,6,318.5,318.5,10.0,519.0,519.0,true,false,0
Nongzhanguan,58,B3_R2,1,4,7.46875,5.66922,254.156555,5.843445,5.843445,true,false,3
Nongzhanguan,58,B3_R2,6,4,9.297588,3.240673,265.949951,-5.949951,5.949951,false,true,3
Nongzhanguan,58,B3_R2,12,4,16.839832,-3.84219,248.351166,11.648834,11.648834,true,false,3
Nongzhanguan,58,B3_R2,24,4,46.405617,46.405617,194.235123,65.764877,65.764877,true,false,0
Nongzhanguan,58,GRU_R1,1,4,10.018482,-10.018482,260.937256,-0.937256,0.937256,false,true,4
Nongzhanguan,58,GRU_R1,6,4,23.43441,23.43441,229.582581,30.417419,30.417419,true,false,0
Nongzhanguan,58,GRU_R1,12,4,39.624107,39.624107,217.464752,42.535248,42.535248,true,false,0
Nongzhanguan,58,GRU_R1,24,4,94.930035,94.930035,167.951355,92.048645,92.048645,true,false,0
Nongzhanguan,58,B0,1,4,10.25,7.75,248.0,12.0,12.0,true,false,3
Nongzhanguan,58,B0,6,4,50.25,50.25,207.0,53.0,53.0,true,false,0
Nongzhanguan,58,B0,12,4,60.25,60.25,191.0,69.0,69.0,true,false,0
Nongzhanguan,58,B0,24,4,103.75,103.75,163.0,97.0,97.0,true,false,0
Nongzhanguan,59,B3_R2,1,3,14.85139,10.687022,224.690475,33.309525,33.309525,true,false,1
Nongzhanguan,59,B3_R2,6,3,17.603546,17.603546,235.950241,22.049759,22.049759,true,false,0
Nongzhanguan,59,B3_R2,12,3,6.766734,-0.426158,260.210052,-2.210052,2.210052,false,true,2
Nongzhanguan,59,B3_R2,24,3,10.312205,10.312205,240.41153,17.58847,17.58847,true,false,1
Nongzhanguan,59,GRU_R1,1,3,17.021749,5.032715,225.562103,32.437897,32.437897,true,false,2
Nongzhanguan,59,GRU_R1,6,3,9.220566,-1.214462,245.990845,12.009155,12.009155,true,true,3
Nongzhanguan,59,GRU_R1,12,3,38.024592,38.024592,218.052322,39.947678,39.947678,true,false,0
Nongzhanguan,59,GRU_R1,24,3,87.147751,87.147751,167.222748,90.777252,90.777252,true,false,0
Nongzhanguan,59,B0,1,3,12.666667,4.0,233.0,25.0,25.0,true,false,2
Nongzhanguan,59,B0,6,3,10.0,-3.333333,248.0,10.0,10.0,true,true,3
Nongzhanguan,59,B0,12,3,45.666667,45.666667,211.0,47.0,47.0,true,false,0
Nongzhanguan,59,B0,24,3,115.666667,115.666667,141.0,117.0,117.0,true,false,0
Nongzhanguan,60,B3_R2,1,3,4.057638,3.057709,265.031281,4.968719,4.968719,true,false,2
Nongzhanguan,60,B3_R2,6,3,23.072962,23.072962,243.387695,26.612305,26.612305,true,false,0
Nongzhanguan,60,B3_R2,12,3,24.090195,24.090195,228.903412,41.096588,41.096588,true,false,0
Nongzhanguan,60,B3_R2,24,3,35.056742,35.056742,223.526871,46.473129,46.473129,true,false,0
Nongzhanguan,60,GRU_R1,1,3,12.712209,12.712209,257.95874,12.04126,12.04126,true,false,1
Nongzhanguan,60,GRU_R1,6,3,16.024251,16.024251,247.650269,22.349731,22.349731,true,false,2
Nongzhanguan,60,GRU_R1,12,3,22.132009,22.132009,238.194214,31.805786,31.805786,true,false,0
Nongzhanguan,60,GRU_R1,24,3,53.528646,53.528646,206.640717,63.359283,63.359283,true,false,0
Nongzhanguan,60,B0,1,3,12.666667,12.666667,254.0,16.0,16.0,true,false,2
Nongzhanguan,60,B0,6,3,14.0,5.333333,245.0,25.0,25.0,true,true,3
Nongzhanguan,60,B0,12,3,8.0,2.0,255.0,15.0,15.0,true,true,3
Nongzhanguan,60,B0,24,3,63.666667,63.666667,210.0,60.0,60.0,true,false,0
Nongzhanguan,61,B3_R2,1,15,9.881066,-1.16631,244.443146,35.556854,35.556854,true,false,14
Nongzhanguan,61,B3_R2,6,15,29.449149,-2.95169,266.714447,13.285553,13.285553,true,true,12
Nongzhanguan,61,B3_R2,12,15,28.088583,16.25888,239.775162,40.224838,40.224838,true,false,8
Nongzhanguan,61,B3_R2,24,15,33.092641,31.309615,240.212143,39.787857,39.787857,true,false,6
Nongzhanguan,61,GRU_R1,1,15,19.215885,8.455465,249.407288,30.592712,30.592712,true,false,11
Nongzhanguan,61,GRU_R1,6,15,20.286349,16.890182,239.613892,40.386108,40.386108,true,true,9
Nongzhanguan,61,GRU_R1,12,15,32.651705,32.651705,227.875183,52.124817,52.124817,true,false,1
Nongzhanguan,61,GRU_R1,24,15,36.941677,36.941677,226.089142,53.910858,53.910858,true,false,2
Nongzhanguan,61,B0,1,15,8.8,1.6,256.0,24.0,24.0,true,false,14
Nongzhanguan,61,B0,6,15,16.933333,12.4,250.0,30.0,30.0,true,true,11
Nongzhanguan,61,B0,12,15,24.4,24.0,223.0,57.0,57.0,true,true,8
Nongzhanguan,61,B0,24,15,29.866667,29.6,243.0,37.0,37.0,true,false,7
Shunyi,1,B3_R2,1,2,13.789978,10.04184,242.168182,23.831818,23.831818,true,false,1
Shunyi,1,B3_R2,6,2,133.571487,133.571487,99.120178,166.879822,166.879822,true,false,0
Shunyi,1,B3_R2,12,2,88.547859,88.547859,169.681351,96.318649,96.318649,true,false,0
Shunyi,1,B3_R2,24,2,179.274609,179.274609,83.478882,182.521118,182.521118,true,false,0
Shunyi,1,GRU_R1,1,2,27.35257,27.35257,223.430984,42.569016,42.569016,true,false,1
Shunyi,1,GRU_R1,6,2,157.799847,157.799847,86.504608,179.495392,179.495392,true,false,0
Shunyi,1,GRU_R1,12,2,93.779312,93.779312,175.28717,90.71283,90.71283,true,false,0
Shunyi,1,GRU_R1,24,2,74.33139,74.33139,189.618378,76.381622,76.381622,true,false,0
Shunyi,1,B0,1,2,18.0,12.0,236.0,30.0,30.0,true,false,1
Shunyi,1,B0,6,2,158.5,158.5,80.0,186.0,186.0,true,false,0
Shunyi,1,B0,12,2,82.5,82.5,184.0,82.0,82.0,true,false,0
Shunyi,1,B0,24,2,43.5,43.5,208.0,58.0,58.0,true,false,0
Shunyi,2,B3_R2,1,20,14.954358,14.232581,392.49826,43.50174,43.50174,true,false,19
Shunyi,2,B3_R2,6,20,96.394998,96.394998,309.569336,126.430664,126.430664,true,false,10
Shunyi,2,B3_R2,12,20,166.950756,166.950756,248.146957,187.853043,187.853043,true,false,2
Shunyi,2,B3_R2,24,20,247.390361,247.390361,136.725906,299.274094,299.274094,true,false,0
Shunyi,2,GRU_R1,1,20,46.212223,46.212223,340.609314,95.390686,95.390686,true,false,19
Shunyi,2,GRU_R1,6,20,88.104391,88.104391,314.961609,121.038391,121.038391,true,false,14
Shunyi,2,GRU_R1,12,20,130.870308,130.870308,272.432098,163.567902,163.567902,true,false,8
Shunyi,2,GRU_R1,24,20,205.993637,205.993637,189.702087,246.297913,246.297913,true,false,0
Shunyi,2,B0,1,20,13.3,9.8,416.0,20.0,20.0,true,false,19
Shunyi,2,B0,6,20,57.5,57.5,380.0,56.0,56.0,true,false,14
Shunyi,2,B0,12,20,96.8,96.8,319.0,117.0,117.0,true,false,11
Shunyi,2,B0,24,20,181.85,181.85,224.0,212.0,212.0,true,false,3
Shunyi,3,B3_R2,1,18,43.333077,8.154848,376.650391,92.349609,92.349609,true,true,18
Shunyi,3,B3_R2,6,18,76.257859,76.257859,323.977814,145.022186,145.022186,true,true,17
Shunyi,3,B3_R2,12,18,159.038912,159.038912,231.050964,237.949036,237.949036,true,true,1
Shunyi,3,B3_R2,24,18,223.589388,223.589388,156.855942,312.144058,312.144058,true,false,0
Shunyi,3,GRU_R1,1,18,61.246107,56.356377,305.021088,163.978912,163.978912,true,true,18
Shunyi,3,GRU_R1,6,18,63.13805,63.076533,311.593445,157.406555,157.406555,true,true,18
Shunyi,3,GRU_R1,12,18,74.916902,73.795388,304.978149,164.021851,164.021851,true,true,18
Shunyi,3,GRU_R1,24,18,116.342495,116.342495,295.159088,173.840912,173.840912,true,false,11
Shunyi,3,B0,1,18,36.888889,-1.666667,386.0,83.0,83.0,true,true,18
Shunyi,3,B0,6,18,55.833333,-6.944444,389.0,80.0,80.0,true,true,18
Shunyi,3,B0,12,18,41.888889,-10.888889,363.0,106.0,106.0,true,true,18
Shunyi,3,B0,24,18,69.222222,63.333333,384.0,85.0,85.0,true,false,15
Shunyi,4,B3_R2,1,6,27.67053,17.035154,260.665161,19.334839,19.334839,true,false,5
Shunyi,4,B3_R2,6,6,93.642141,93.642141,172.041412,107.958588,107.958588,true,false,0
Shunyi,4,B3_R2,12,6,101.636169,101.636169,167.292358,112.707642,112.707642,true,false,0
Shunyi,4,B3_R2,24,6,108.693097,108.693097,164.31601,115.68399,115.68399,true,false,0
Shunyi,4,GRU_R1,1,6,38.710228,38.710228,241.203323,38.796677,38.796677,true,false,2
Shunyi,4,GRU_R1,6,6,84.626656,84.626656,183.485611,96.514389,96.514389,true,false,0
Shunyi,4,GRU_R1,12,6,98.865384,98.865384,164.287018,115.712982,115.712982,true,false,0
Shunyi,4,GRU_R1,24,6,127.706444,127.706444,137.957428,142.042572,142.042572,true,false,0
Shunyi,4,B0,1,6,27.333333,12.333333,266.0,14.0,14.0,true,false,5
Shunyi,4,B0,6,6,97.833333,97.833333,172.0,108.0,108.0,true,false,0
Shunyi,4,B0,12,6,117.333333,117.333333,146.0,134.0,134.0,true,false,0
Shunyi,4,B0,24,6,152.166667,152.166667,128.0,152.0,152.0,true,false,0
Shunyi,5,B3_R2,1,13,24.435135,1.808168,289.214783,36.785217,36.785217,true,false,12
Shunyi,5,B3_R2,6,13,53.611438,46.330738,234.905579,91.094421,91.094421,true,false,4
Shunyi,5,B3_R2,12,13,80.690474,80.690474,214.886902,111.113098,111.113098,true,false,0
Shunyi,5,B3_R2,24,13,162.304057,162.304057,94.742256,231.257744,231.257744,true,false,0
Shunyi,5,GRU_R1,1,13,24.170711,15.598802,305.402618,20.597382,20.597382,true,false,10
Shunyi,5,GRU_R1,6,13,74.56829,71.083831,221.013107,104.986893,104.986893,true,false,2
Shunyi,5,GRU_R1,12,13,97.910646,97.910646,183.015137,142.984863,142.984863,true,false,0
Shunyi,5,GRU_R1,24,13,107.159639,107.159639,157.335266,168.664734,168.664734,true,false,0
Shunyi,5,B0,1,13,24.923077,0.153846,298.0,28.0,28.0,true,false,12
Shunyi,5,B0,6,13,48.0,36.769231,256.0,70.0,70.0,true,false,7
Shunyi,5,B0,12,13,49.923077,46.076923,210.0,116.0,116.0,true,true,6
Shunyi,5,B0,24,13,105.0,101.153846,173.0,153.0,153.0,true,false,2
Shunyi,6,B3_R2,1,16,12.082206,5.788367,349.784576,67.215424,67.215424,true,false,15
Shunyi,6,B3_R2,6,16,45.928041,45.928041,281.466187,135.533813,135.533813,true,false,12
Shunyi,6,B3_R2,12,16,73.508405,73.508405,224.59494,192.40506,192.40506,true,false,2
Shunyi,6,B3_R2,24,16,156.25541,156.25541,146.718399,270.281601,270.281601,true,false,0
Shunyi,6,GRU_R1,1,16,30.113153,29.304781,303.279999,113.720001,113.720001,true,true,13
Shunyi,6,GRU_R1,6,16,59.706647,59.706647,260.340271,156.659729,156.659729,true,false,7
Shunyi,6,GRU_R1,12,16,76.368275,74.469883,241.265289,175.734711,175.734711,true,true,2
Shunyi,6,GRU_R1,24,16,75.454313,74.773867,241.949066,175.050934,175.050934,true,false,4
Shunyi,6,B0,1,16,15.375,8.125,348.0,69.0,69.0,true,false,15
Shunyi,6,B0,6,16,48.5,48.5,276.0,141.0,141.0,true,false,10
Shunyi,6,B0,12,16,67.75,54.75,259.0,158.0,158.0,true,true,7
Shunyi,6,B0,24,16,40.8125,30.0625,287.0,130.0,130.0,true,false,13
Shunyi,7,B3_R2,1,7,9.592377,-4.244912,331.437744,15.562256,15.562256,true,true,7
Shunyi,7,B3_R2,6,7,28.791609,10.936637,298.772156,48.227844,48.227844,true,true,7
Shunyi,7,B3_R2,12,7,92.198177,92.198177,236.893982,110.106018,110.106018,true,false,0
Shunyi,7,B3_R2,24,7,174.446392,174.446392,145.803482,201.196518,201.196518,true,false,0
Shunyi,7,GRU_R1,1,7,38.479462,38.479462,296.718475,50.281525,50.281525,true,true,6
Shunyi,7,GRU_R1,6,7,27.474919,27.474919,282.343567,64.656433,64.656433,true,true,7
Shunyi,7,GRU_R1,12,7,76.769747,76.769747,232.942429,114.057571,114.057571,true,false,4
Shunyi,7,GRU_R1,24,7,96.962056,96.962056,209.468796,137.531204,137.531204,true,false,0
Shunyi,7,B0,1,7,14.142857,-13.0,343.0,4.0,4.0,true,true,7
Shunyi,7,B0,6,7,58.428571,-48.142857,348.0,-1.0,1.0,false,true,7
Shunyi,7,B0,12,7,43.571429,35.571429,278.0,69.0,69.0,true,true,7
Shunyi,7,B0,24,7,92.0,92.0,221.0,126.0,126.0,true,false,0
Shunyi,8,B3_R2,1,5,29.533804,19.824136,252.802643,30.197357,30.197357,true,false,4
Shunyi,8,B3_R2,6,5,133.985892,133.985892,167.763947,115.236053,115.236053,true,false,0
Shunyi,8,B3_R2,12,5,157.618764,157.618764,105.473061,177.526939,177.526939,true,false,0
Shunyi,8,B3_R2,24,5,170.25303,170.25303,100.424904,182.575096,182.575096,true,false,0
Shunyi,8,GRU_R1,1,5,26.762756,26.762756,240.794327,42.205673,42.205673,true,false,2
Shunyi,8,GRU_R1,6,5,144.61257,144.61257,152.890701,130.109299,130.109299,true,false,0
Shunyi,8,GRU_R1,12,5,156.555875,156.555875,124.063766,158.936234,158.936234,true,false,0
Shunyi,8,GRU_R1,24,5,215.400338,215.400338,54.687244,228.312756,228.312756,true,false,0
Shunyi,8,B0,1,5,25.4,9.8,271.0,12.0,12.0,true,false,4
Shunyi,8,B0,6,5,165.0,165.0,133.0,150.0,150.0,true,false,0
Shunyi,8,B0,12,5,155.2,155.2,117.0,166.0,166.0,true,false,0
Shunyi,8,B0,24,5,248.8,248.8,22.0,261.0,261.0,true,false,0
Shunyi,9,B3_R2,1,11,10.630746,9.704526,275.776001,7.223999,7.223999,true,false,10
Shunyi,9,B3_R2,6,11,108.73451,108.73451,67.132065,215.867935,215.867935,true,false,0
Shunyi,9,B3_R2,12,11,197.28568,197.28568,68.477699,214.522301,214.522301,true,false,0
Shunyi,9,B3_R2,24,11,173.84897,173.84897,105.209442,177.790558,177.790558,true,false,0
Shunyi,9,GRU_R1,1,11,27.767645,26.639038,252.891998,30.108002,30.108002,true,false,8
Shunyi,9,GRU_R1,6,11,102.288411,102.288411,93.103088,189.896912,189.896912,true,false,1
Shunyi,9,GRU_R1,12,11,174.664597,174.664597,98.245529,184.754471,184.754471,true,false,0
Shunyi,9,GRU_R1,24,11,197.013828,197.013828,68.930908,214.069092,214.069092,true,false,0
Shunyi,9,B0,1,11,8.818182,3.363636,279.0,4.0,4.0,true,false,10
Shunyi,9,B0,6,11,83.545455,76.454545,60.0,223.0,223.0,true,false,5
Shunyi,9,B0,12,11,176.909091,176.909091,90.0,193.0,193.0,true,false,0
Shunyi,9,B0,24,11,217.454545,217.454545,49.0,234.0,234.0,true,false,0
Shunyi,10,B3_R2,1,6,21.547569,17.757988,337.678345,22.321655,22.321655,true,true,6
Shunyi,10,B3_R2,6,6,155.593773,155.593773,195.389542,164.610458,164.610458,true,false,0
Shunyi,10,B3_R2,12,6,250.04047,250.04047,84.219147,275.780853,275.780853,true,false,0
Shunyi,10,B3_R2,24,6,280.9467,280.9467,40.164303,319.835697,319.835697,true,false,0
Shunyi,10,GRU_R1,1,6,62.031792,62.031792,278.029114,81.970886,81.970886,true,false,4
Shunyi,10,GRU_R1,6,6,162.740468,162.740468,203.350739,156.649261,156.649261,true,false,0
Shunyi,10,GRU_R1,12,6,220.071587,220.071587,115.871719,244.128281,244.128281,true,false,0
Shunyi,10,GRU_R1,24,6,233.863538,233.863538,105.531395,254.468605,254.468605,true,false,0
Shunyi,10,B0,1,6,22.666667,19.333333,343.0,17.0,17.0,true,false,5
Shunyi,10,B0,6,6,133.0,133.0,244.0,116.0,116.0,true,false,0
Shunyi,10,B0,12,6,194.333333,194.333333,152.0,208.0,208.0,true,false,0
Shunyi,10,B0,24,6,235.5,235.5,110.0,250.0,250.0,true,false,0
Shunyi,11,B3_R2,1,2,17.189903,17.189903,241.83046,17.16954,17.16954,true,false,0
Shunyi,11,B3_R2,6,2,130.619411,130.619411,147.883392,111.116608,111.116608,true,false,0
Shunyi,11,B3_R2,12,2,147.354393,147.354393,111.01889,147.98111,147.98111,true,false,0
Shunyi,11,B3_R2,24,2,204.81354,204.81354,50.77174,208.22826,208.22826,true,false,0
Shunyi,11,GRU_R1,1,2,48.057304,48.057304,205.152634,53.847366,53.847366,true,false,0
Shunyi,11,GRU_R1,6,2,139.551193,139.551193,118.709846,140.290154,140.290154,true,false,0
Shunyi,11,GRU_R1,12,2,113.141922,113.141922,145.683929,113.316071,113.316071,true,false,0
Shunyi,11,GRU_R1,24,2,194.843006,194.843006,58.041012,200.958988,200.958988,true,false,0
Shunyi,11,B0,1,2,13.5,13.5,245.0,14.0,14.0,true,false,1
Shunyi,11,B0,6,2,30.0,30.0,208.0,51.0,51.0,true,false,0
Shunyi,11,B0,12,2,86.0,86.0,181.0,78.0,78.0,true,false,0
Shunyi,11,B0,24,2,222.0,222.0,30.0,229.0,229.0,true,false,0
Shunyi,12,B3_R2,1,2,132.966991,132.966991,253.021957,71.978043,71.978043,true,false,1
Shunyi,12,B3_R2,6,2,132.375145,132.375145,168.534821,156.465179,156.465179,true,false,0
Shunyi,12,B3_R2,12,2,152.262421,152.262421,127.457138,197.542862,197.542862,true,false,0
Shunyi,12,B3_R2,24,2,201.494095,201.494095,91.912071,233.087929,233.087929,true,false,0
Shunyi,12,GRU_R1,1,2,153.522429,153.522429,206.612198,118.387802,118.387802,true,false,0
Shunyi,12,GRU_R1,6,2,73.672333,73.672333,215.161987,109.838013,109.838013,true,false,0
Shunyi,12,GRU_R1,12,2,96.393448,96.393448,186.673752,138.326248,138.326248,true,false,0
Shunyi,12,GRU_R1,24,2,176.326729,176.326729,114.551834,210.448166,210.448166,true,false,0
Shunyi,12,B0,1,2,132.5,132.5,250.0,75.0,75.0,true,false,1
Shunyi,12,B0,6,2,59.5,59.5,228.0,97.0,97.0,true,false,0
Shunyi,12,B0,12,2,47.0,47.0,240.0,85.0,85.0,true,false,0
Shunyi,12,B0,24,2,98.5,98.5,191.0,134.0,134.0,true,false,0
Shunyi,13,B3_R2,1,3,118.547396,118.547396,230.19223,103.80777,103.80777,true,false,1
Shunyi,13,B3_R2,6,3,248.40664,248.40664,59.032898,274.967102,274.967102,true,false,0
Shunyi,13,B3_R2,12,3,249.23885,249.23885,58.329353,275.670647,275.670647,true,false,0
Shunyi,13,B3_R2,24,3,256.087753,256.087753,48.928562,285.071438,285.071438,true,false,0
Shunyi,13,GRU_R1,1,3,196.297806,196.297806,124.81398,209.18602,209.18602,true,false,0
Shunyi,13,GRU_R1,6,3,236.789108,236.789108,68.26123,265.73877,265.73877,true,false,0
Shunyi,13,GRU_R1,12,3,232.128693,232.128693,76.665054,257.334946,257.334946,true,false,0
Shunyi,13,GRU_R1,24,3,264.953242,264.953242,39.807281,294.192719,294.192719,true,false,0
Shunyi,13,B0,1,3,64.0,29.333333,306.0,28.0,28.0,true,false,2
Shunyi,13,B0,6,3,249.333333,249.333333,56.0,278.0,278.0,true,false,0
Shunyi,13,B0,12,3,258.0,258.0,50.0,284.0,284.0,true,false,0
Shunyi,13,B0,24,3,292.0,292.0,11.0,323.0,323.0,true,false,0
Shunyi,14,B3_R2,1,13,27.880037,4.858686,373.317871,23.682129,23.682129,true,true,13
Shunyi,14,B3_R2,6,13,89.532397,68.818154,236.67276,160.32724,160.32724,true,false,7
Shunyi,14,B3_R2,12,13,134.790509,134.790509,149.084686,247.915314,247.915314,true,false,0
Shunyi,14,B3_R2,24,13,192.828485,192.828485,77.046013,319.953987,319.953987,true,false,0
Shunyi,14,GRU_R1,1,13,48.67574,48.047364,293.984985,103.015015,103.015015,true,false,7
Shunyi,14,GRU_R1,6,13,112.844481,98.989548,190.572098,206.427902,206.427902,true,false,4
Shunyi,14,GRU_R1,12,13,151.952079,151.952079,134.741592,262.258408,262.258408,true,false,0
Shunyi,14,GRU_R1,24,13,154.522086,154.522086,40.653706,356.346294,356.346294,true,false,0
Shunyi,14,B0,1,13,31.538462,2.0,383.0,14.0,14.0,true,false,12
Shunyi,14,B0,6,13,112.538462,51.307692,234.0,163.0,163.0,true,false,7
Shunyi,14,B0,12,13,125.615385,117.461538,163.0,234.0,234.0,true,false,1
Shunyi,14,B0,24,13,147.307692,147.307692,17.0,380.0,380.0,true,false,0
Shunyi,15,B3_R2,1,8,15.009302,5.714457,316.026794,4.973206,4.973206,true,false,7
Shunyi,15,B3_R2,6,8,111.159811,111.159811,191.075424,129.924576,129.924576,true,false,0
Shunyi,15,B3_R2,12,8,185.653673,185.653673,107.276955,213.723045,213.723045,true,false,0
Shunyi,15,B3_R2,24,8,217.338502,217.338502,70.237167,250.762833,250.762833,true,false,0
Shunyi,15,GRU_R1,1,8,30.398361,27.193161,278.527893,42.472107,42.472107,true,false,7
Shunyi,15,GRU_R1,6,8,92.121292,92.121292,208.747116,112.252884,112.252884,true,false,2
Shunyi,15,GRU_R1,12,8,127.645794,127.645794,177.03244,143.96756,143.96756,true,false,0
Shunyi,15,GRU_R1,24,8,167.601454,167.601454,131.131531,189.868469,189.868469,true,false,0
Shunyi,15,B0,1,8,18.25,5.0,319.0,2.0,2.0,true,false,7
Shunyi,15,B0,6,8,106.75,103.5,193.0,128.0,128.0,true,false,2
Shunyi,15,B0,12,8,138.875,138.875,160.0,161.0,161.0,true,false,0
Shunyi,15,B0,24,8,179.25,179.25,126.0,195.0,195.0,true,false,0
Shunyi,16,B3_R2,1,9,17.180823,1.208662,268.329254,42.670746,42.670746,true,true,9
Shunyi,16,B3_R2,6,9,101.199816,101.199816,143.126785,167.873215,167.873215,true,false,2
Shunyi,16,B3_R2,12,9,140.897443,140.897443,132.586716,178.413284,178.413284,true,false,0
Shunyi,16,B3_R2,24,9,168.781558,168.781558,110.173004,200.826996,200.826996,true,false,0
Shunyi,16,GRU_R1,1,9,26.14779,19.526221,258.613007,52.386993,52.386993,true,false,7
Shunyi,16,GRU_R1,6,9,98.978599,98.841344,156.093369,154.906631,154.906631,true,false,1
Shunyi,16,GRU_R1,12,9,159.099427,159.099427,116.606033,194.393967,194.393967,true,false,0
Shunyi,16,GRU_R1,24,9,151.932027,151.932027,118.136154,192.863846,192.863846,true,false,0
Shunyi,16,B0,1,9,16.0,1.777778,283.0,28.0,28.0,true,false,8
Shunyi,16,B0,6,9,107.888889,99.888889,127.0,184.0,184.0,true,false,3
Shunyi,16,B0,12,9,159.888889,159.888889,126.0,185.0,185.0,true,false,0
Shunyi,16,B0,24,9,183.0,183.0,94.0,217.0,217.0,true,false,0
Shunyi,17,B3_R2,1,6,22.604464,12.030703,270.417572,25.582428,25.582428,true,false,5
Shunyi,17,B3_R2,6,6,148.569702,148.569702,123.160637,172.839363,172.839363,true,false,0
Shunyi,17,B3_R2,12,6,185.564147,185.564147,92.277702,203.722298,203.722298,true,false,0
Shunyi,17,B3_R2,24,6,204.936572,204.936572,66.623055,229.376945,229.376945,true,false,0
Shunyi,17,GRU_R1,1,6,31.404755,31.404755,256.043671,39.956329,39.956329,true,false,5
Shunyi,17,GRU_R1,6,6,135.23568,135.23568,126.039185,169.960815,169.960815,true,false,0
Shunyi,17,GRU_R1,12,6,125.563978,125.563978,149.870834,146.129166,146.129166,true,false,0
Shunyi,17,GRU_R1,24,6,58.467484,58.467484,217.24884,78.75116,78.75116,true,false,0
Shunyi,17,B0,1,6,26.666667,14.333333,264.0,32.0,32.0,true,false,5
Shunyi,17,B0,6,6,162.833333,162.833333,104.0,192.0,192.0,true,false,0
Shunyi,17,B0,12,6,130.333333,130.333333,157.0,139.0,139.0,true,false,0
Shunyi,17,B0,24,6,27.0,6.0,256.0,40.0,40.0,true,false,5
Shunyi,18,B3_R2,1,1,26.123337,26.123337,220.876663,26.123337,26.123337,true,false,0
Shunyi,18,B3_R2,6,1,51.734512,51.734512,195.265488,51.734512,51.734512,true,false,0
Shunyi,18,B3_R2,12,1,77.792984,77.792984,169.207016,77.792984,77.792984,true,false,0
Shunyi,18,B3_R2,24,1,70.956024,70.956024,176.043976,70.956024,70.956024,true,false,0
Shunyi,18,GRU_R1,1,1,29.290466,29.290466,217.709534,29.290466,29.290466,true,false,0
Shunyi,18,GRU_R1,6,1,51.792236,51.792236,195.207764,51.792236,51.792236,true,false,0
Shunyi,18,GRU_R1,12,1,93.683777,93.683777,153.316223,93.683777,93.683777,true,false,0
Shunyi,18,GRU_R1,24,1,110.482254,110.482254,136.517746,110.482254,110.482254,true,false,0
Shunyi,18,B0,1,1,28.0,28.0,219.0,28.0,28.0,true,false,0
Shunyi,18,B0,6,1,63.0,63.0,184.0,63.0,63.0,true,false,0
Shunyi,18,B0,12,1,137.0,137.0,110.0,137.0,137.0,true,false,0
Shunyi,18,B0,24,1,113.0,113.0,134.0,113.0,113.0,true,false,0
Shunyi,19,B3_R2,1,10,19.774889,12.85659,322.157288,28.842712,28.842712,true,false,9
Shunyi,19,B3_R2,6,10,116.321228,116.321228,166.424149,184.575851,184.575851,true,false,2
Shunyi,19,B3_R2,12,10,153.064229,153.064229,163.447647,187.552353,187.552353,true,false,0
Shunyi,19,B3_R2,24,10,187.60394,187.60394,123.669487,227.330513,227.330513,true,false,0
Shunyi,19,GRU_R1,1,10,45.674237,45.674237,276.860168,74.139832,74.139832,true,false,8
Shunyi,19,GRU_R1,6,10,124.758984,123.214422,183.030136,167.969864,167.969864,true,false,3
Shunyi,19,GRU_R1,12,10,197.051862,197.051862,119.090073,231.909927,231.909927,true,false,0
Shunyi,19,GRU_R1,24,10,184.436032,184.436032,132.86908,218.13092,218.13092,true,false,0
Shunyi,19,B0,1,10,25.6,7.4,338.0,13.0,13.0,true,false,9
Shunyi,19,B0,6,10,139.1,113.7,186.0,165.0,165.0,true,false,4
Shunyi,19,B0,12,10,222.3,222.3,84.0,267.0,267.0,true,false,0
Shunyi,19,B0,24,10,178.6,178.6,140.0,211.0,211.0,true,false,0
Shunyi,20,B3_R2,1,1,118.943832,118.943832,129.056168,118.943832,118.943832,true,false,0
Shunyi,20,B3_R2,6,1,42.90448,42.90448,205.09552,42.90448,42.90448,true,false,0
Shunyi,20,B3_R2,12,1,57.350006,57.350006,190.649994,57.350006,57.350006,true,false,0
Shunyi,20,B3_R2,24,1,134.197121,134.197121,113.802879,134.197121,134.197121,true,false,0
Shunyi,20,GRU_R1,1,1,129.376846,129.376846,118.623154,129.376846,129.376846,true,false,0
Shunyi,20,GRU_R1,6,1,17.028931,17.028931,230.971069,17.028931,17.028931,true,false,0
Shunyi,20,GRU_R1,12,1,37.830383,37.830383,210.169617,37.830383,37.830383,true,false,0
Shunyi,20,GRU_R1,24,1,115.130676,115.130676,132.869324,115.130676,115.130676,true,false,0
Shunyi,20,B0,1,1,127.0,127.0,121.0,127.0,127.0,true,false,0
Shunyi,20,B0,6,1,8.0,8.0,240.0,8.0,8.0,true,false,0
Shunyi,20,B0,12,1,12.0,-12.0,260.0,-12.0,12.0,false,true,1
Shunyi,20,B0,24,1,128.0,128.0,120.0,128.0,128.0,true,false,0
Shunyi,21,B3_R2,1,1,41.574051,41.574051,203.425949,41.574051,41.574051,true,false,0
Shunyi,21,B3_R2,6,1,174.225121,174.225121,70.774879,174.225121,174.225121,true,false,0
Shunyi,21,B3_R2,12,1,10.935791,10.935791,234.064209,10.935791,10.935791,true,false,0
Shunyi,21,B3_R2,24,1,117.695129,117.695129,127.304871,117.695129,117.695129,true,false,0
Shunyi,21,GRU_R1,1,1,44.755905,44.755905,200.244095,44.755905,44.755905,true,false,0
Shunyi,21,GRU_R1,6,1,187.160465,187.160465,57.839535,187.160465,187.160465,true,false,0
Shunyi,21,GRU_R1,12,1,49.531128,49.531128,195.468872,49.531128,49.531128,true,false,0
Shunyi,21,GRU_R1,24,1,37.313873,37.313873,207.686127,37.313873,37.313873,true,false,0
Shunyi,21,B0,1,1,49.0,49.0,196.0,49.0,49.0,true,false,0
Shunyi,21,B0,6,1,142.0,142.0,103.0,142.0,142.0,true,false,0
Shunyi,21,B0,12,1,17.0,17.0,228.0,17.0,17.0,true,false,0
Shunyi,21,B0,24,1,5.0,-5.0,250.0,-5.0,5.0,false,true,1
Shunyi,22,B3_R2,1,4,25.573875,18.631416,314.044739,6.955261,6.955261,true,true,4
Shunyi,22,B3_R2,6,4,124.915956,124.915956,214.074249,106.925751,106.925751,true,false,0
Shunyi,22,B3_R2,12,4,167.789721,167.789721,161.746246,159.253754,159.253754,true,false,0
Shunyi,22,B3_R2,24,4,186.799807,186.799807,111.389839,209.610161,209.610161,true,false,0
Shunyi,22,GRU_R1,1,4,37.888638,37.888638,292.265869,28.734131,28.734131,true,false,3
Shunyi,22,GRU_R1,6,4,107.911289,107.911289,179.805054,141.194946,141.194946,true,false,0
Shunyi,22,GRU_R1,12,4,159.342111,159.342111,206.816864,114.183136,114.183136,true,false,0
Shunyi,22,GRU_R1,24,4,59.265404,59.265404,245.213654,75.786346,75.786346,true,true,3
Shunyi,22,B0,1,4,29.5,16.5,314.0,7.0,7.0,true,false,3
Shunyi,22,B0,6,4,80.25,80.25,220.0,101.0,101.0,true,true,2
Shunyi,22,B0,12,4,119.75,119.75,239.0,82.0,82.0,true,false,0
Shunyi,22,B0,24,4,32.75,-32.75,338.0,-17.0,17.0,false,true,4
Shunyi,23,B3_R2,1,16,28.51375,14.224688,520.287354,24.712646,24.712646,true,false,15
Shunyi,23,B3_R2,6,16,165.486237,161.600197,299.031342,245.968658,245.968658,true,false,11
Shunyi,23,B3_R2,12,16,235.892399,235.892399,173.377426,371.622574,371.622574,true,false,0
Shunyi,23,B3_R2,24,16,287.301731,287.301731,151.24234,393.75766,393.75766,true,false,0
Shunyi,23,GRU_R1,1,16,94.676464,94.676464,353.808594,191.191406,191.191406,true,false,14
Shunyi,23,GRU_R1,6,16,181.483343,171.191194,270.611633,274.388367,274.388367,true,false,8
Shunyi,23,GRU_R1,12,16,261.632536,259.038698,110.956482,434.043518,434.043518,true,false,2
Shunyi,23,GRU_R1,24,16,290.533848,290.533848,156.971405,388.028595,388.028595,true,false,0
Shunyi,23,B0,1,16,38.625,2.625,537.0,8.0,8.0,true,false,15
Shunyi,23,B0,6,16,198.6875,105.5625,308.0,237.0,237.0,true,false,10
Shunyi,23,B0,12,16,278.875,264.5,64.0,481.0,481.0,true,false,4
Shunyi,23,B0,24,16,304.0625,304.0625,185.0,360.0,360.0,true,false,0
Shunyi,24,B3_R2,1,7,16.213294,7.653837,320.207214,16.792786,16.792786,true,true,7
Shunyi,24,B3_R2,6,7,126.51897,126.51897,139.793152,197.206848,197.206848,true,false,0
Shunyi,24,B3_R2,12,7,79.864112,79.864112,224.936447,112.063553,112.063553,true,false,1
Shunyi,24,B3_R2,24,7,215.691714,215.691714,94.44532,242.55468,242.55468,true,false,0
Shunyi,24,GRU_R1,1,7,46.446742,45.710066,272.302795,64.697205,64.697205,true,false,6
Shunyi,24,GRU_R1,6,7,165.24474,165.24474,126.43576,210.56424,210.56424,true,false,0
Shunyi,24,GRU_R1,12,7,167.650181,167.650181,134.151794,202.848206,202.848206,true,false,0
Shunyi,24,GRU_R1,24,7,12.98124,-6.821128,323.865112,13.134888,13.134888,true,true,7
Shunyi,24,B0,1,7,22.142857,9.0,323.0,14.0,14.0,true,false,6
Shunyi,24,B0,6,7,163.285714,163.285714,97.0,240.0,240.0,true,false,1
Shunyi,24,B0,12,7,119.857143,119.857143,182.0,155.0,155.0,true,false,0
Shunyi,24,B0,24,7,191.142857,-191.142857,521.0,-184.0,184.0,false,true,7
Shunyi,25,B3_R2,1,1,10.165833,10.165833,241.834167,10.165833,10.165833,true,false,0
Shunyi,25,B3_R2,6,1,58.492844,58.492844,193.507156,58.492844,58.492844,true,false,0
Shunyi,25,B3_R2,12,1,129.782227,129.782227,122.217773,129.782227,129.782227,true,false,0
Shunyi,25,B3_R2,24,1,166.864624,166.864624,85.135376,166.864624,166.864624,true,false,0
Shunyi,25,GRU_R1,1,1,39.0811,39.0811,212.9189,39.0811,39.0811,true,false,0
Shunyi,25,GRU_R1,6,1,74.412323,74.412323,177.587677,74.412323,74.412323,true,false,0
Shunyi,25,GRU_R1,12,1,158.230629,158.230629,93.769371,158.230629,158.230629,true,false,0
Shunyi,25,GRU_R1,24,1,180.583679,180.583679,71.416321,180.583679,180.583679,true,false,0
Shunyi,25,B0,1,1,23.0,23.0,229.0,23.0,23.0,true,false,0
Shunyi,25,B0,6,1,102.0,102.0,150.0,102.0,102.0,true,false,0
Shunyi,25,B0,12,1,189.0,189.0,63.0,189.0,189.0,true,false,0
Shunyi,25,B0,24,1,217.0,217.0,35.0,217.0,217.0,true,false,0
Shunyi,26,B3_R2,1,2,17.727119,4.437111,241.83577,22.16423,22.16423,true,false,1
Shunyi,26,B3_R2,6,2,18.69239,18.69239,233.407303,30.592697,30.592697,true,false,1
Shunyi,26,B3_R2,12,2,92.541603,92.541603,168.09436,95.90564,95.90564,true,false,0
Shunyi,26,B3_R2,24,2,107.024071,107.024071,153.299759,110.700241,110.700241,true,false,0
Shunyi,26,GRU_R1,1,2,15.210205,15.210205,237.002045,26.997955,26.997955,true,false,1
Shunyi,26,GRU_R1,6,2,66.670837,66.670837,186.316742,77.683258,77.683258,true,false,0
Shunyi,26,GRU_R1,12,2,150.295147,150.295147,105.958351,158.041649,158.041649,true,false,0
Shunyi,26,GRU_R1,24,2,144.50029,144.50029,99.655762,164.344238,164.344238,true,false,0
Shunyi,26,B0,1,2,18.5,8.5,237.0,27.0,27.0,true,false,1
Shunyi,26,B0,6,2,65.0,65.0,185.0,79.0,79.0,true,false,0
Shunyi,26,B0,12,2,199.0,199.0,59.0,205.0,205.0,true,false,0
Shunyi,26,B0,24,2,125.5,125.5,105.0,159.0,159.0,true,false,0
Shunyi,27,B3_R2,1,8,20.646873,9.408974,261.466492,65.533508,65.533508,true,false,7
Shunyi,27,B3_R2,6,8,68.99115,68.99115,220.563583,106.436417,106.436417,true,false,0
Shunyi,27,B3_R2,12,8,119.202491,119.202491,166.441116,160.558884,160.558884,true,false,0
Shunyi,27,B3_R2,24,8,222.998255,222.998255,65.102745,261.897255,261.897255,true,false,0
Shunyi,27,GRU_R1,1,8,18.219479,12.845013,255.762848,71.237152,71.237152,true,false,7
Shunyi,27,GRU_R1,6,8,81.548891,81.548891,197.318588,129.681412,129.681412,true,false,2
Shunyi,27,GRU_R1,12,8,116.96981,116.96981,144.990509,182.009491,182.009491,true,false,0
Shunyi,27,GRU_R1,24,8,85.644766,85.644766,220.769501,106.230499,106.230499,true,false,0
Shunyi,27,B0,1,8,25.375,9.875,257.0,70.0,70.0,true,false,7
Shunyi,27,B0,6,8,72.75,72.75,173.0,154.0,154.0,true,false,2
Shunyi,27,B0,12,8,72.75,72.75,198.0,129.0,129.0,true,false,0
Shunyi,27,B0,24,8,38.125,38.125,264.0,63.0,63.0,true,false,3
Shunyi,28,B3_R2,1,13,25.780067,5.688134,331.38031,64.61969,64.61969,true,false,12
Shunyi,28,B3_R2,6,13,89.717259,84.991908,225.74968,170.25032,170.25032,true,false,7
Shunyi,28,B3_R2,12,13,177.753882,177.753882,114.031738,281.968262,281.968262,true,false,0
Shunyi,28,B3_R2,24,13,232.463689,232.463689,73.162582,322.837418,322.837418,true,false,0
Shunyi,28,GRU_R1,1,13,44.006625,44.006625,290.382263,105.617737,105.617737,true,false,11
Shunyi,28,GRU_R1,6,13,100.943591,99.890006,195.225845,200.774155,200.774155,true,false,4
Shunyi,28,GRU_R1,12,13,192.260147,192.260147,82.768097,313.231903,313.231903,true,false,0
Shunyi,28,GRU_R1,24,13,217.607367,217.607367,86.973602,309.026398,309.026398,true,false,0
Shunyi,28,B0,1,13,27.923077,3.0,325.0,71.0,71.0,true,false,12
Shunyi,28,B0,6,13,111.846154,75.538462,207.0,189.0,189.0,true,false,7
Shunyi,28,B0,12,13,196.846154,196.846154,53.0,343.0,343.0,true,false,1
Shunyi,28,B0,24,13,212.153846,212.153846,58.0,338.0,338.0,true,false,0
Shunyi,29,B3_R2,1,4,22.186142,4.466919,256.693878,53.306122,53.306122,true,true,4
Shunyi,29,B3_R2,6,4,137.04528,137.04528,148.671768,161.328232,161.328232,true,false,0
Shunyi,29,B3_R2,12,4,85.768169,85.768169,213.445999,96.554001,96.554001,true,false,0
Shunyi,29,B3_R2,24,4,177.948036,177.948036,108.623886,201.376114,201.376114,true,false,0
Shunyi,29,GRU_R1,1,4,45.133949,45.133949,208.109497,101.890503,101.890503,true,false,2
Shunyi,29,GRU_R1,6,4,163.891333,163.891333,118.912308,191.087692,191.087692,true,false,0
Shunyi,29,GRU_R1,12,4,152.400543,152.400543,133.478195,176.521805,176.521805,true,false,0
Shunyi,29,GRU_R1,24,4,49.585575,49.585575,239.681503,70.318497,70.318497,true,false,1
Shunyi,29,B0,1,4,29.5,4.0,243.0,67.0,67.0,true,false,3
Shunyi,29,B0,6,4,181.5,181.5,86.0,224.0,224.0,true,false,0
Shunyi,29,B0,12,4,162.75,162.75,149.0,161.0,161.0,true,false,0
Shunyi,29,B0,24,4,34.5,-34.5,328.0,-18.0,18.0,false,true,4
Shunyi,30,B3_R2,1,10,67.412076,14.23345,300.526947,207.473053,207.473053,true,false,9
Shunyi,30,B3_R2,6,10,151.35862,136.783645,143.681351,364.318649,364.318649,true,false,4
Shunyi,30,B3_R2,12,10,164.984697,164.984697,194.513779,313.486221,313.486221,true,false,0
Shunyi,30,B3_R2,24,10,243.27159,243.27159,71.534019,436.465981,436.465981,true,false,0
Shunyi,30,GRU_R1,1,10,83.278159,70.729623,241.489502,266.510498,266.510498,true,false,6
Shunyi,30,GRU_R1,6,10,179.50548,149.277612,101.031464,406.968536,406.968536,true,false,3
Shunyi,30,GRU_R1,12,10,216.286388,216.286388,121.957214,386.042786,386.042786,true,false,0
Shunyi,30,GRU_R1,24,10,167.995316,167.995316,147.876068,360.123932,360.123932,true,false,0
Shunyi,30,B0,1,10,69.9,14.9,286.0,222.0,222.0,true,false,9
Shunyi,30,B0,6,10,239.6,117.0,61.0,447.0,447.0,true,false,4
Shunyi,30,B0,12,10,252.5,252.5,94.0,414.0,414.0,true,false,0
Shunyi,30,B0,24,10,122.5,115.5,187.0,321.0,321.0,true,false,4
Shunyi,31,B3_R2,1,1,9.977402,9.977402,244.022598,9.977402,9.977402,true,true,1
Shunyi,31,B3_R2,6,1,40.657364,40.657364,213.342636,40.657364,40.657364,true,false,0
Shunyi,31,B3_R2,12,1,146.272438,146.272438,107.727562,146.272438,146.272438,true,false,0
Shunyi,31,B3_R2,24,1,205.252914,205.252914,48.747086,205.252914,205.252914,true,false,0
Shunyi,31,GRU_R1,1,1,29.476288,29.476288,224.523712,29.476288,29.476288,true,false,0
Shunyi,31,GRU_R1,6,1,46.735596,46.735596,207.264404,46.735596,46.735596,true,false,0
Shunyi,31,GRU_R1,12,1,33.226105,-33.226105,287.226105,-33.226105,33.226105,false,true,1
Shunyi,31,GRU_R1,24,1,144.088028,144.088028,109.911972,144.088028,144.088028,true,false,0
Shunyi,31,B0,1,1,16.0,16.0,238.0,16.0,16.0,true,false,0
Shunyi,31,B0,6,1,0.0,0.0,254.0,0.0,0.0,false,true,1
Shunyi,31,B0,12,1,154.0,-154.0,408.0,-154.0,154.0,false,true,1
Shunyi,31,B0,24,1,160.0,160.0,94.0,160.0,160.0,true,false,0
Shunyi,32,B3_R2,1,15,18.305483,-1.270872,370.502136,15.497864,15.497864,true,true,15
Shunyi,32,B3_R2,6,15,65.27421,33.55832,221.502579,164.497421,164.497421,true,false,11
Shunyi,32,B3_R2,12,15,123.407036,123.407036,138.474442,247.525558,247.525558,true,false,0
Shunyi,32,B3_R2,24,15,248.122405,248.122405,54.152809,331.847191,331.847191,true,false,0
Shunyi,32,GRU_R1,1,15,37.385581,37.365594,306.16272,79.83728,79.83728,true,false,13
Shunyi,32,GRU_R1,6,15,69.529366,66.425651,225.611664,160.388336,160.388336,true,false,8
Shunyi,32,GRU_R1,12,15,105.068359,96.55365,209.317917,176.682083,176.682083,true,false,2
Shunyi,32,GRU_R1,24,15,134.679058,134.679058,106.594467,279.405533,279.405533,true,false,3
Shunyi,32,B0,1,15,23.333333,0.133333,359.0,27.0,27.0,true,false,14
Shunyi,32,B0,6,15,70.866667,24.333333,235.0,151.0,151.0,true,false,10
Shunyi,32,B0,12,15,81.733333,51.333333,267.0,119.0,119.0,true,true,9
Shunyi,32,B0,24,15,165.4,100.733333,61.0,325.0,325.0,true,false,8
Shunyi,33,B3_R2,1,22,26.973206,10.892531,451.68222,71.31778,71.31778,true,false,21
Shunyi,33,B3_R2,6,22,130.620264,130.620264,367.796387,155.203613,155.203613,true,false,16
Shunyi,33,B3_R2,12,22,280.449931,280.449931,170.307159,352.692841,352.692841,true,false,0
Shunyi,33,B3_R2,24,22,377.075078,377.075078,35.18335,487.81665,487.81665,true,false,0
Shunyi,33,GRU_R1,1,22,91.824172,91.824172,346.41217,176.58783,176.58783,true,false,21
Shunyi,33,GRU_R1,6,22,137.400227,137.400227,328.08847,194.91153,194.91153,true,false,16
Shunyi,33,GRU_R1,12,22,167.387599,167.387599,302.956177,220.043823,220.043823,true,false,11
Shunyi,33,GRU_R1,24,22,189.493145,189.493145,265.367523,257.632477,257.632477,true,false,9
Shunyi,33,B0,1,22,24.0,7.0,457.0,66.0,66.0,true,false,21
Shunyi,33,B0,6,22,79.636364,62.454545,418.0,105.0,105.0,true,true,18
Shunyi,33,B0,12,22,100.909091,97.454545,371.0,152.0,152.0,true,true,18
Shunyi,33,B0,24,22,128.863636,128.863636,332.0,191.0,191.0,true,false,16
Shunyi,34,B3_R2,1,5,73.184164,26.633957,145.892593,236.107407,236.107407,true,false,4
Shunyi,34,B3_R2,6,5,146.332593,146.332593,170.17717,211.82283,211.82283,true,false,0
Shunyi,34,B3_R2,12,5,161.87804,161.87804,166.590088,215.409912,215.409912,true,false,0
Shunyi,34,B3_R2,24,5,184.684445,184.684445,143.711777,238.288223,238.288223,true,false,0
Shunyi,34,GRU_R1,1,5,80.55101,80.55101,141.775925,240.224075,240.224075,true,false,4
Shunyi,34,GRU_R1,6,5,158.035205,158.035205,133.703186,248.296814,248.296814,true,false,0
Shunyi,34,GRU_R1,12,5,174.325562,174.325562,129.948456,252.051544,252.051544,true,false,0
Shunyi,34,GRU_R1,24,5,169.260391,169.260391,145.59845,236.40155,236.40155,true,false,0
Shunyi,34,B0,1,5,75.4,21.8,144.0,238.0,238.0,true,false,4
Shunyi,34,B0,6,5,144.8,144.8,140.0,242.0,242.0,true,false,0
Shunyi,34,B0,12,5,187.8,187.8,100.0,282.0,282.0,true,false,0
Shunyi,34,B0,24,5,139.2,139.2,119.0,263.0,263.0,true,false,0
Shunyi,35,B3_R2,1,35,29.356063,8.228547,532.28479,54.71521,54.71521,true,false,34
Shunyi,35,B3_R2,6,35,143.038605,143.038605,216.911148,370.088852,370.088852,true,false,29
Shunyi,35,B3_R2,12,35,221.389212,221.389212,197.170624,389.829376,389.829376,true,false,8
Shunyi,35,B3_R2,24,35,335.413294,335.413294,75.24424,511.75576,511.75576,true,false,0
Shunyi,35,GRU_R1,1,35,99.356289,97.846474,358.854065,228.145935,228.145935,true,false,34
Shunyi,35,GRU_R1,6,35,135.995439,134.547748,206.058319,380.941681,380.941681,true,false,29
Shunyi,35,GRU_R1,12,35,173.457161,171.594158,127.51149,459.48851,459.48851,true,false,22
Shunyi,35,GRU_R1,24,35,219.098404,218.18229,228.641235,358.358765,358.358765,true,false,13
Shunyi,35,B0,1,35,34.457143,1.428571,540.0,47.0,47.0,true,false,34
Shunyi,35,B0,6,35,123.228571,39.8,200.0,387.0,387.0,true,false,29
Shunyi,35,B0,12,35,146.285714,87.942857,101.0,486.0,486.0,true,false,23
Shunyi,35,B0,24,35,192.228571,156.342857,325.0,262.0,262.0,true,false,16
Shunyi,36,B3_R2,1,1,70.291153,70.291153,195.708847,70.291153,70.291153,true,false,0
Shunyi,36,B3_R2,6,1,216.976398,216.976398,49.023602,216.976398,216.976398,true,false,0
Shunyi,36,B3_R2,12,1,89.098938,89.098938,176.901062,89.098938,89.098938,true,false,0
Shunyi,36,B3_R2,24,1,207.627151,207.627151,58.372849,207.627151,207.627151,true,false,0
Shunyi,36,GRU_R1,1,1,48.507263,48.507263,217.492737,48.507263,48.507263,true,false,0
Shunyi,36,GRU_R1,6,1,211.29483,211.29483,54.70517,211.29483,211.29483,true,false,0
Shunyi,36,GRU_R1,12,1,84.292679,84.292679,181.707321,84.292679,84.292679,true,false,0
Shunyi,36,GRU_R1,24,1,45.387695,-45.387695,311.387695,-45.387695,45.387695,false,true,1
Shunyi,36,B0,1,1,62.0,62.0,204.0,62.0,62.0,true,false,0
Shunyi,36,B0,6,1,241.0,241.0,25.0,241.0,241.0,true,false,0
Shunyi,36,B0,12,1,10.0,-10.0,276.0,-10.0,10.0,false,true,1
Shunyi,36,B0,24,1,160.0,-160.0,426.0,-160.0,160.0,false,true,1
Shunyi,37,B3_R2,1,8,25.195602,2.467873,299.341248,64.658752,64.658752,true,true,8
Shunyi,37,B3_R2,6,8,89.629079,89.629079,271.752106,92.247894,92.247894,true,false,4
Shunyi,37,B3_R2,12,8,145.760123,145.760123,109.508049,254.491951,254.491951,true,false,0
Shunyi,37,B3_R2,24,8,226.073855,226.073855,67.768188,296.231812,296.231812,true,false,0
Shunyi,37,GRU_R1,1,8,33.229414,28.072981,275.519653,88.480347,88.480347,true,false,7
Shunyi,37,GRU_R1,6,8,94.622961,94.622961,243.475067,120.524933,120.524933,true,false,1
Shunyi,37,GRU_R1,12,8,201.386009,201.386009,72.300369,291.699631,291.699631,true,false,0
Shunyi,37,GRU_R1,24,8,32.020939,3.581997,295.938995,68.061005,68.061005,true,true,8
Shunyi,37,B0,1,8,29.625,2.875,300.0,64.0,64.0,true,false,7
Shunyi,37,B0,6,8,107.5,97.25,266.0,98.0,98.0,true,false,3
Shunyi,37,B0,12,8,215.5,215.5,25.0,339.0,339.0,true,false,0
Shunyi,37,B0,24,8,122.0,-122.0,418.0,-54.0,54.0,false,true,8
Shunyi,38,B3_R2,1,18,51.50253,20.437717,471.291901,110.708099,110.708099,true,false,16
Shunyi,38,B3_R2,6,18,211.412392,209.054912,303.747375,278.252625,278.252625,true,false,11
Shunyi,38,B3_R2,12,18,299.183117,299.183117,165.658554,416.341446,416.341446,true,false,0
Shunyi,38,B3_R2,24,18,332.156088,332.156088,129.537567,452.462433,452.462433,true,false,0
Shunyi,38,GRU_R1,1,18,135.386543,131.013327,346.928223,235.071777,235.071777,true,false,16
Shunyi,38,GRU_R1,6,18,197.752385,187.082436,331.958618,250.041382,250.041382,true,false,12
Shunyi,38,GRU_R1,12,18,259.246665,251.570043,179.992462,402.007538,402.007538,true,false,6
Shunyi,38,GRU_R1,24,18,259.535945,259.535945,175.656677,406.343323,406.343323,true,false,3
Shunyi,38,B0,1,18,59.388889,8.166667,472.0,110.0,110.0,true,false,17
Shunyi,38,B0,6,18,175.611111,84.055556,507.0,75.0,75.0,true,false,12
Shunyi,38,B0,12,18,266.5,184.055556,166.0,416.0,416.0,true,false,6
Shunyi,38,B0,24,18,212.666667,212.666667,235.0,347.0,347.0,true,false,9
Shunyi,39,B3_R2,1,6,33.993729,0.9661,319.304382,12.695618,12.695618,true,false,5
Shunyi,39,B3_R2,6,6,35.772624,31.765462,266.020691,65.979309,65.979309,true,true,4
Shunyi,39,B3_R2,12,6,149.097679,149.097679,131.349686,200.650314,200.650314,true,false,0
Shunyi,39,B3_R2,24,6,192.295207,192.295207,91.560905,240.439095,240.439095,true,false,0
Shunyi,39,GRU_R1,1,6,29.525169,28.299278,284.875244,47.124756,47.124756,true,false,4
Shunyi,39,GRU_R1,6,6,26.660502,21.658691,316.136719,15.863281,15.863281,true,true,4
Shunyi,39,GRU_R1,12,6,44.711563,-37.096837,313.158508,18.841492,18.841492,true,true,6
Shunyi,39,GRU_R1,24,6,125.867849,111.539693,127.844986,204.155014,204.155014,true,false,1
Shunyi,39,B0,1,6,31.0,3.333333,313.0,19.0,19.0,true,false,5
Shunyi,39,B0,6,6,63.666667,-54.0,439.0,-107.0,107.0,false,true,5
Shunyi,39,B0,12,6,222.833333,-222.833333,473.0,-141.0,141.0,false,true,6
Shunyi,39,B0,24,6,160.5,93.833333,119.0,213.0,213.0,true,false,1
Shunyi,40,B3_R2,1,3,75.078934,0.769099,348.452148,15.547852,15.547852,true,true,3
Shunyi,40,B3_R2,6,3,47.016195,14.344849,307.164734,56.835266,56.835266,true,true,3
Shunyi,40,B3_R2,12,3,96.919713,96.919713,210.004578,153.995422,153.995422,true,false,0
Shunyi,40,B3_R2,24,3,212.417625,212.417625,108.5009,255.4991,255.4991,true,false,0
Shunyi,40,GRU_R1,1,3,108.423553,88.525075,273.242676,90.757324,90.757324,true,false,2
Shunyi,40,GRU_R1,6,3,83.948552,83.948552,241.678986,122.321014,122.321014,true,true,1
Shunyi,40,GRU_R1,12,3,87.192037,87.192037,184.425262,179.574738,179.574738,true,true,2
Shunyi,40,GRU_R1,24,3,41.998922,-3.5071,328.846375,35.153625,35.153625,true,true,3
Shunyi,40,B0,1,3,80.0,7.333333,345.0,19.0,19.0,true,false,2
Shunyi,40,B0,6,3,55.0,55.0,258.0,106.0,106.0,true,true,3
Shunyi,40,B0,12,3,60.333333,21.666667,249.0,115.0,115.0,true,true,3
Shunyi,40,B0,24,3,181.0,-181.0,530.0,-166.0,166.0,false,true,3
Shunyi,41,B3_R2,1,11,24.401466,9.476966,283.049164,35.950836,35.950836,true,false,10
Shunyi,41,B3_R2,6,11,120.899021,120.899021,186.246902,132.753098,132.753098,true,false,0
Shunyi,41,B3_R2,12,11,207.605158,207.605158,58.619373,260.380627,260.380627,true,false,0
Shunyi,41,B3_R2,24,11,178.289564,178.289564,108.341682,210.658318,210.658318,true,false,0
Shunyi,41,GRU_R1,1,11,49.413777,48.715701,227.208984,91.791016,91.791016,true,false,3
Shunyi,41,GRU_R1,6,11,94.985783,94.985783,219.930237,99.069763,99.069763,true,false,0
Shunyi,41,GRU_R1,12,11,128.694702,128.694702,130.841248,188.158752,188.158752,true,false,0
Shunyi,41,GRU_R1,24,11,60.839195,27.194863,186.167664,132.832336,132.832336,true,true,6
Shunyi,41,B0,1,11,25.0,5.909091,281.0,38.0,38.0,true,false,10
Shunyi,41,B0,6,11,63.272727,53.636364,257.0,62.0,62.0,true,true,6
Shunyi,41,B0,12,11,86.636364,66.636364,192.0,127.0,127.0,true,true,5
Shunyi,41,B0,24,11,110.181818,-86.0,229.0,90.0,90.0,true,true,10
Shunyi,42,B3_R2,1,4,53.033951,36.960449,245.170441,121.829559,121.829559,true,false,3
Shunyi,42,B3_R2,6,4,153.739304,153.739304,153.864807,213.135193,213.135193,true,false,0
Shunyi,42,B3_R2,12,4,205.180635,205.180635,85.835876,281.164124,281.164124,true,false,0
Shunyi,42,B3_R2,24,4,204.609915,204.609915,109.104393,257.895607,257.895607,true,false,0
Shunyi,42,GRU_R1,1,4,47.003998,47.003998,248.577393,118.422607,118.422607,true,false,3
Shunyi,42,GRU_R1,6,4,113.201439,113.201439,181.955566,185.044434,185.044434,true,false,0
Shunyi,42,GRU_R1,12,4,143.125969,143.125969,162.327698,204.672302,204.672302,true,false,0
Shunyi,42,GRU_R1,24,4,120.545387,120.545387,170.96402,196.03598,196.03598,true,false,0
Shunyi,42,B0,1,4,56.5,27.0,248.0,119.0,119.0,true,false,3
Shunyi,42,B0,6,4,130.5,130.5,163.0,204.0,204.0,true,false,0
Shunyi,42,B0,12,4,115.75,112.75,204.0,163.0,163.0,true,true,1
Shunyi,42,B0,24,4,93.0,93.0,189.0,178.0,178.0,true,false,2
Shunyi,43,B3_R2,1,3,18.886124,2.280411,274.426544,-2.426544,2.426544,false,false,2
Shunyi,43,B3_R2,6,3,18.14061,18.14061,241.981537,30.018463,30.018463,true,true,1
Shunyi,43,B3_R2,12,3,77.573232,77.573232,182.857803,89.142197,89.142197,true,false,0
Shunyi,43,B3_R2,24,3,126.230815,126.230815,140.424744,131.575256,131.575256,true,false,0
Shunyi,43,GRU_R1,1,3,20.069865,14.066508,260.216553,11.783447,11.783447,true,false,2
Shunyi,43,GRU_R1,6,3,48.510569,48.510569,214.764908,57.235092,57.235092,true,false,0
Shunyi,43,GRU_R1,12,3,89.865295,89.865295,162.144135,109.855865,109.855865,true,false,0
Shunyi,43,GRU_R1,24,3,45.712977,45.712977,218.152496,53.847504,53.847504,true,false,0
Shunyi,43,B0,1,3,23.333333,6.666667,271.0,1.0,1.0,true,false,2
Shunyi,43,B0,6,3,80.0,80.0,182.0,90.0,90.0,true,false,0
Shunyi,43,B0,12,3,88.0,88.0,161.0,111.0,111.0,true,false,0
Shunyi,43,B0,24,3,48.666667,48.666667,214.0,58.0,58.0,true,false,0
Shunyi,44,B3_R2,1,1,33.767883,33.767883,219.232117,33.767883,33.767883,true,false,0
Shunyi,44,B3_R2,6,1,45.271805,45.271805,207.728195,45.271805,45.271805,true,false,0
Shunyi,44,B3_R2,12,1,40.185654,40.185654,212.814346,40.185654,40.185654,true,false,0
Shunyi,44,B3_R2,24,1,44.328842,44.328842,208.671158,44.328842,44.328842,true,false,0
Shunyi,44,GRU_R1,1,1,34.208649,34.208649,218.791351,34.208649,34.208649,true,false,0
Shunyi,44,GRU_R1,6,1,64.08754,64.08754,188.91246,64.08754,64.08754,true,false,0
Shunyi,44,GRU_R1,12,1,99.933762,99.933762,153.066238,99.933762,99.933762,true,false,0
Shunyi,44,GRU_R1,24,1,111.509827,111.509827,141.490173,111.509827,111.509827,true,false,0
Shunyi,44,B0,1,1,45.0,45.0,208.0,45.0,45.0,true,false,0
Shunyi,44,B0,6,1,102.0,102.0,151.0,102.0,102.0,true,false,0
Shunyi,44,B0,12,1,138.0,138.0,115.0,138.0,138.0,true,false,0
Shunyi,44,B0,24,1,133.0,133.0,120.0,133.0,133.0,true,false,0
Shunyi,45,B3_R2,1,10,14.742987,6.48204,335.566772,7.433228,7.433228,true,true,10
Shunyi,45,B3_R2,6,10,51.061671,47.980196,242.781479,100.218521,100.218521,true,false,6
Shunyi,45,B3_R2,12,10,118.212137,118.212137,203.485992,139.514008,139.514008,true,false,0
Shunyi,45,B3_R2,24,10,110.494106,110.494106,193.408508,149.591492,149.591492,true,false,0
Shunyi,45,GRU_R1,1,10,24.552631,21.912109,302.959381,40.040619,40.040619,true,false,9
Shunyi,45,GRU_R1,6,10,66.333337,56.025195,218.407822,124.592178,124.592178,true,false,5
Shunyi,45,GRU_R1,12,10,125.404313,125.404313,160.437149,182.562851,182.562851,true,false,0
Shunyi,45,GRU_R1,24,10,141.120508,141.120508,208.008011,134.991989,134.991989,true,false,0
Shunyi,45,B0,1,10,19.2,1.2,338.0,5.0,5.0,true,false,9
Shunyi,45,B0,6,10,93.9,39.9,200.0,143.0,143.0,true,false,5
Shunyi,45,B0,12,10,142.9,142.9,123.0,220.0,220.0,true,false,0
Shunyi,45,B0,24,10,138.4,138.4,234.0,109.0,109.0,true,false,0
Shunyi,46,B3_R2,1,5,12.123874,3.344162,281.132751,10.867249,10.867249,true,false,4
Shunyi,46,B3_R2,6,5,40.951883,38.773392,222.655579,69.344421,69.344421,true,true,1
Shunyi,46,B3_R2,12,5,102.483997,102.483997,156.152878,135.847122,135.847122,true,false,0
Shunyi,46,B3_R2,24,5,130.742682,130.742682,131.275101,160.724899,160.724899,true,false,0
Shunyi,46,GRU_R1,1,5,65.33985,65.33985,192.455078,99.544922,99.544922,true,false,0
Shunyi,46,GRU_R1,6,5,37.140454,30.071423,234.833618,57.166382,57.166382,true,true,1
Shunyi,46,GRU_R1,12,5,21.22601,21.22601,258.598572,33.401428,33.401428,true,false,4
Shunyi,46,GRU_R1,24,5,133.784554,133.784554,145.106689,146.893311,146.893311,true,false,0
Shunyi,46,B0,1,5,15.6,4.4,276.0,16.0,16.0,true,false,4
Shunyi,46,B0,6,5,29.6,-4.0,257.0,35.0,35.0,true,true,5
Shunyi,46,B0,12,5,46.0,-44.4,343.0,-51.0,51.0,false,false,4
Shunyi,46,B0,24,5,155.2,155.2,123.0,169.0,169.0,true,false,0
Shunyi,47,B3_R2,1,14,125.231239,98.278162,481.562988,280.437012,280.437012,true,false,13
Shunyi,47,B3_R2,6,14,326.274042,326.274042,126.288902,635.711098,635.711098,true,false,6
Shunyi,47,B3_R2,12,14,428.75045,428.75045,76.7033,685.2967,685.2967,true,false,0
Shunyi,47,B3_R2,24,14,461.937295,461.937295,36.080311,725.919689,725.919689,true,false,0
Shunyi,47,GRU_R1,1,14,191.515521,189.88692,367.854553,394.145447,394.145447,true,false,13
Shunyi,47,GRU_R1,6,14,286.813463,275.396903,153.230804,608.769196,608.769196,true,false,8
Shunyi,47,GRU_R1,12,14,398.397778,394.818267,84.29715,677.70285,677.70285,true,false,2
Shunyi,47,GRU_R1,24,14,481.673699,481.673699,14.364888,747.635112,747.635112,true,false,0
Shunyi,47,B0,1,14,80.214286,6.5,637.0,125.0,125.0,true,false,13
Shunyi,47,B0,6,14,360.357143,125.5,140.0,622.0,622.0,true,false,8
Shunyi,47,B0,12,14,438.0,394.142857,43.0,719.0,719.0,true,false,2
Shunyi,47,B0,24,14,504.785714,504.785714,7.0,755.0,755.0,true,false,0
Shunyi,48,B3_R2,1,7,26.989062,8.673894,268.344635,53.655365,53.655365,true,false,6
Shunyi,48,B3_R2,6,7,47.03331,44.625713,237.958649,84.041351,84.041351,true,false,1
Shunyi,48,B3_R2,12,7,120.69904,120.69904,169.882355,152.117645,152.117645,true,false,0
Shunyi,48,B3_R2,24,7,159.819738,159.819738,115.149239,206.850761,206.850761,true,false,0
Shunyi,48,GRU_R1,1,7,21.8397,12.84419,267.071381,54.928619,54.928619,true,false,6
Shunyi,48,GRU_R1,6,7,44.729364,41.663393,241.405304,80.594696,80.594696,true,false,1
Shunyi,48,GRU_R1,12,7,60.823528,55.525075,209.826004,112.173996,112.173996,true,true,3
Shunyi,48,GRU_R1,24,7,45.489301,1.746364,318.970215,3.029785,3.029785,true,false,5
Shunyi,48,B0,1,7,26.857143,4.285714,271.0,51.0,51.0,true,false,6
Shunyi,48,B0,6,7,64.142857,63.571429,209.0,113.0,113.0,true,false,1
Shunyi,48,B0,12,7,72.142857,0.428571,283.0,39.0,39.0,true,true,4
Shunyi,48,B0,24,7,236.0,-189.714286,531.0,-209.0,209.0,false,false,5
Shunyi,49,B3_R2,1,25,13.342842,6.435665,343.379608,44.620392,44.620392,true,false,24
Shunyi,49,B3_R2,6,25,78.574557,78.574557,203.027664,184.972336,184.972336,true,false,1
Shunyi,49,B3_R2,12,25,140.404721,140.404721,138.024246,249.975754,249.975754,true,false,0
Shunyi,49,B3_R2,24,25,187.895312,187.895312,133.686081,254.313919,254.313919,true,false,0
Shunyi,49,GRU_R1,1,25,31.550725,31.550725,269.448792,118.551208,118.551208,true,false,19
Shunyi,49,GRU_R1,6,25,67.735117,67.735117,223.789246,164.210754,164.210754,true,false,9
Shunyi,49,GRU_R1,12,25,113.103346,113.103346,114.51136,273.48864,273.48864,true,false,2
Shunyi,49,GRU_R1,24,25,172.663011,172.663011,110.161751,277.838249,277.838249,true,false,0
Shunyi,49,B0,1,25,13.48,3.4,343.0,45.0,45.0,true,false,24
Shunyi,49,B0,6,25,55.16,26.6,235.0,153.0,153.0,true,false,19
Shunyi,49,B0,12,25,102.36,76.76,79.0,309.0,309.0,true,false,13
Shunyi,49,B0,24,25,171.32,171.32,174.0,214.0,214.0,true,false,1
Shunyi,50,B3_R2,1,1,66.60759,66.60759,198.39241,66.60759,66.60759,true,false,0
Shunyi,50,B3_R2,6,1,123.091354,123.091354,141.908646,123.091354,123.091354,true,false,0
Shunyi,50,B3_R2,12,1,145.438034,145.438034,119.561966,145.438034,145.438034,true,false,0
Shunyi,50,B3_R2,24,1,127.866409,127.866409,137.133591,127.866409,127.866409,true,false,0
Shunyi,50,GRU_R1,1,1,68.064575,68.064575,196.935425,68.064575,68.064575,true,false,0
Shunyi,50,GRU_R1,6,1,123.051849,123.051849,141.948151,123.051849,123.051849,true,false,0
Shunyi,50,GRU_R1,12,1,181.173477,181.173477,83.826523,181.173477,181.173477,true,false,0
Shunyi,50,GRU_R1,24,1,181.193558,181.193558,83.806442,181.193558,181.193558,true,false,0
Shunyi,50,B0,1,1,65.0,65.0,200.0,65.0,65.0,true,false,0
Shunyi,50,B0,6,1,143.0,143.0,122.0,143.0,143.0,true,false,0
Shunyi,50,B0,12,1,229.0,229.0,36.0,229.0,229.0,true,false,0
Shunyi,50,B0,24,1,142.0,142.0,123.0,142.0,142.0,true,false,0
Shunyi,51,B3_R2,1,1,11.427017,11.427017,234.572983,11.427017,11.427017,true,false,0
Shunyi,51,B3_R2,6,1,13.926102,13.926102,232.073898,13.926102,13.926102,true,false,0
Shunyi,51,B3_R2,12,1,91.031891,91.031891,154.968109,91.031891,91.031891,true,false,0
Shunyi,51,B3_R2,24,1,127.856339,127.856339,118.143661,127.856339,127.856339,true,false,0
Shunyi,51,GRU_R1,1,1,1.999435,-1.999435,247.999435,-1.999435,1.999435,false,true,1
Shunyi,51,GRU_R1,6,1,9.228485,9.228485,236.771515,9.228485,9.228485,true,false,0
Shunyi,51,GRU_R1,12,1,62.684891,62.684891,183.315109,62.684891,62.684891,true,false,0
Shunyi,51,GRU_R1,24,1,180.935555,180.935555,65.064445,180.935555,180.935555,true,false,0
Shunyi,51,B0,1,1,18.0,18.0,228.0,18.0,18.0,true,false,0
Shunyi,51,B0,6,1,38.0,38.0,208.0,38.0,38.0,true,false,0
Shunyi,51,B0,12,1,103.0,103.0,143.0,103.0,103.0,true,false,0
Shunyi,51,B0,24,1,233.0,233.0,13.0,233.0,233.0,true,false,0
Shunyi,52,B3_R2,1,9,20.071019,4.365833,294.595306,16.404694,16.404694,true,true,9
Shunyi,52,B3_R2,6,9,19.204352,16.363037,255.166016,55.833984,55.833984,true,true,8
Shunyi,52,B3_R2,12,9,36.187125,32.809833,259.246552,51.753448,51.753448,true,false,5
Shunyi,52,B3_R2,24,9,52.112474,52.112474,249.530014,61.469986,61.469986,true,false,1
Shunyi,52,GRU_R1,1,9,19.821292,16.576372,273.025665,37.974335,37.974335,true,true,8
Shunyi,52,GRU_R1,6,9,32.648449,32.648449,240.684326,70.315674,70.315674,true,false,4
Shunyi,52,GRU_R1,12,9,60.166712,60.166712,221.167877,89.832123,89.832123,true,false,0
Shunyi,52,GRU_R1,24,9,114.962977,114.962977,148.802139,162.197861,162.197861,true,false,0
Shunyi,52,B0,1,9,21.222222,3.0,301.0,10.0,10.0,true,false,8
Shunyi,52,B0,6,9,40.666667,36.222222,263.0,48.0,48.0,true,false,4
Shunyi,52,B0,12,9,83.444444,83.444444,217.0,94.0,94.0,true,false,0
Shunyi,52,B0,24,9,126.888889,126.888889,131.0,180.0,180.0,true,false,0
Shunyi,53,B3_R2,1,6,13.175143,-1.996213,261.964874,10.035126,10.035126,true,false,5
Shunyi,53,B3_R2,6,6,17.735128,11.103139,249.321182,22.678818,22.678818,true,false,4
Shunyi,53,B3_R2,12,6,28.44987,-21.040507,291.292358,-19.292358,19.292358,false,true,5
Shunyi,53,B3_R2,24,6,17.080365,17.080365,249.308701,22.691299,22.691299,true,true,4
Shunyi,53,GRU_R1,1,6,15.250806,9.017682,254.722183,17.277817,17.277817,true,false,4
Shunyi,53,GRU_R1,6,6,33.771304,33.771304,219.114563,52.885437,52.885437,true,false,1
Shunyi,53,GRU_R1,12,6,53.665446,53.665446,179.104996,92.895004,92.895004,true,false,0
Shunyi,53,GRU_R1,24,6,30.944595,30.944595,204.858994,67.141006,67.141006,true,false,1
Shunyi,53,B0,1,6,17.166667,4.833333,247.0,25.0,25.0,true,false,5
Shunyi,53,B0,6,6,48.5,48.5,202.0,70.0,70.0,true,false,0
Shunyi,53,B0,12,6,42.833333,42.833333,215.0,57.0,57.0,true,false,0
Shunyi,53,B0,24,6,27.166667,-24.166667,263.0,9.0,9.0,true,true,6
Tiantan,1,B3_R2,1,16,10.532431,6.296122,369.813202,0.186798,0.186798,true,true,16
Tiantan,1,B3_R2,6,16,71.194183,71.194183,300.711761,69.288239,69.288239,true,false,11
Tiantan,1,B3_R2,12,16,149.784846,149.784846,252.308792,117.691208,117.691208,true,false,2
Tiantan,1,B3_R2,24,16,219.433983,219.433983,122.02256,247.97744,247.97744,true,false,0
Tiantan,1,GRU_R1,1,16,35.598442,35.598442,317.332123,52.667877,52.667877,true,false,15
Tiantan,1,GRU_R1,6,16,81.60114,81.60114,285.73233,84.26767,84.26767,true,false,9
Tiantan,1,GRU_R1,12,16,138.649239,138.649239,270.304657,99.695343,99.695343,true,false,3
Tiantan,1,GRU_R1,24,16,165.944307,165.944307,157.581161,212.418839,212.418839,true,false,0
Tiantan,1,B0,1,16,10.75,7.875,369.0,1.0,1.0,true,false,15
Tiantan,1,B0,6,16,54.0,53.125,338.0,32.0,32.0,true,false,10
Tiantan,1,B0,12,16,123.75,123.75,325.0,45.0,45.0,true,false,4
Tiantan,1,B0,24,16,180.5625,180.5625,144.0,226.0,226.0,true,false,0
Tiantan,2,B3_R2,1,19,13.752448,-1.120622,311.158081,24.841919,24.841919,true,true,19
Tiantan,2,B3_R2,6,19,27.421671,15.036619,274.41507,61.58493,61.58493,true,true,19
Tiantan,2,B3_R2,12,19,76.062337,76.062337,202.633896,133.366104,133.366104,true,true,3
Tiantan,2,B3_R2,24,19,174.375819,174.375819,81.800468,254.199532,254.199532,true,false,0
Tiantan,2,GRU_R1,1,19,21.737976,19.473732,260.41864,75.58136,75.58136,true,true,19
Tiantan,2,GRU_R1,6,19,35.786166,25.01818,259.838776,76.161224,76.161224,true,true,16
Tiantan,2,GRU_R1,12,19,31.629273,29.704867,238.359726,97.640274,97.640274,true,true,16
Tiantan,2,GRU_R1,24,19,62.088175,61.697717,274.112732,61.887268,61.887268,true,false,11
Tiantan,2,B0,1,19,16.736842,-4.0,303.0,33.0,33.0,true,true,19
Tiantan,2,B0,6,19,43.526316,-19.0,313.0,23.0,23.0,true,true,19
Tiantan,2,B0,12,19,42.210526,-27.684211,272.0,64.0,64.0,true,true,19
Tiantan,2,B0,24,19,50.0,17.789474,333.0,3.0,3.0,true,false,12
Tiantan,3,B3_R2,1,3,27.043533,-0.152695,261.1297,23.8703,23.8703,true,false,2
Tiantan,3,B3_R2,6,3,78.939611,78.939611,199.156265,85.843735,85.843735,true,false,0
Tiantan,3,B3_R2,12,3,106.200938,106.200938,153.923843,131.076157,131.076157,true,false,0
Tiantan,3,B3_R2,24,3,115.288233,115.288233,150.127914,134.872086,134.872086,true,false,0
Tiantan,3,GRU_R1,1,3,23.913762,13.291367,255.184769,29.815231,29.815231,true,false,2
Tiantan,3,GRU_R1,6,3,76.656509,76.656509,183.233841,101.766159,101.766159,true,false,0
Tiantan,3,GRU_R1,12,3,74.366089,74.366089,184.748444,100.251556,100.251556,true,false,0
Tiantan,3,GRU_R1,24,3,98.597056,98.597056,166.650604,118.349396,118.349396,true,false,0
Tiantan,3,B0,1,3,30.333333,9.0,250.0,35.0,35.0,true,false,2
Tiantan,3,B0,6,3,83.333333,83.333333,173.0,112.0,112.0,true,false,0
Tiantan,3,B0,12,3,50.333333,50.333333,216.0,69.0,69.0,true,false,0
Tiantan,3,B0,24,3,121.666667,121.666667,141.0,144.0,144.0,true,false,0
Tiantan,4,B3_R2,1,2,31.358704,15.184357,216.45694,46.54306,46.54306,true,false,1
Tiantan,4,B3_R2,6,2,35.402153,35.402153,212.384552,50.615448,50.615448,true,false,0
Tiantan,4,B3_R2,12,2,102.346748,102.346748,148.460205,114.539795,114.539795,true,false,0
Tiantan,4,B3_R2,24,2,119.352898,119.352898,136.508621,126.491379,126.491379,true,false,0
Tiantan,4,GRU_R1,1,2,16.652069,15.354187,230.993744,32.006256,32.006256,true,false,1
Tiantan,4,GRU_R1,6,2,38.848122,38.848122,215.712051,47.287949,47.287949,true,false,0
Tiantan,4,GRU_R1,12,2,88.683838,88.683838,170.513947,92.486053,92.486053,true,false,0
Tiantan,4,GRU_R1,24,2,94.167091,94.167091,158.607544,104.392456,104.392456,true,false,0
Tiantan,4,B0,1,2,22.0,9.0,232.0,31.0,31.0,true,false,1
Tiantan,4,B0,6,2,34.5,34.5,218.0,45.0,45.0,true,false,0
Tiantan,4,B0,12,2,79.0,79.0,185.0,78.0,78.0,true,false,0
Tiantan,4,B0,24,2,92.5,92.5,164.0,99.0,99.0,true,false,0
Tiantan,5,B3_R2,1,7,9.373108,-1.806754,279.552216,5.447784,5.447784,true,true,7
Tiantan,5,B3_R2,6,7,28.343454,27.696899,223.589767,61.410233,61.410233,true,false,4
Tiantan,5,B3_R2,12,7,79.04381,79.04381,171.371582,113.628418,113.628418,true,false,0
Tiantan,5,B3_R2,24,7,148.6065,148.6065,122.629341,162.370659,162.370659,true,false,0
Tiantan,5,GRU_R1,1,7,6.693856,-3.243583,291.393219,-6.393219,6.393219,false,true,7
Tiantan,5,GRU_R1,6,7,29.544279,25.302745,231.927979,53.072021,53.072021,true,true,4
Tiantan,5,GRU_R1,12,7,54.979246,54.979246,213.124969,71.875031,71.875031,true,false,1
Tiantan,5,GRU_R1,24,7,89.589118,89.589118,175.012817,109.987183,109.987183,true,false,0
Tiantan,5,B0,1,7,9.857143,2.142857,273.0,12.0,12.0,true,false,6
Tiantan,5,B0,6,7,28.571429,18.0,232.0,53.0,53.0,true,true,5
Tiantan,5,B0,12,7,54.714286,47.285714,209.0,76.0,76.0,true,false,2
Tiantan,5,B0,24,7,91.285714,91.285714,164.0,121.0,121.0,true,false,0
Tiantan,6,B3_R2,1,25,11.591183,0.945956,332.778259,9.221741,9.221741,true,true,25
Tiantan,6,B3_R2,6,25,33.395045,28.938619,276.328217,65.671783,65.671783,true,false,22
Tiantan,6,B3_R2,12,25,76.138047,75.755823,226.729889,115.270111,115.270111,true,true,3
Tiantan,6,B3_R2,24,25,150.968806,150.968806,144.646408,197.353592,197.353592,true,false,0
Tiantan,6,GRU_R1,1,25,19.791011,17.924385,307.239868,34.760132,34.760132,true,false,24
Tiantan,6,GRU_R1,6,25,45.39144,42.82657,272.614075,69.385925,69.385925,true,false,15
Tiantan,6,GRU_R1,12,25,65.276857,65.276857,222.443237,119.556763,119.556763,true,false,8
Tiantan,6,GRU_R1,24,25,73.730673,73.730673,209.055817,132.944183,132.944183,true,false,5
Tiantan,6,B0,1,25,13.32,1.48,340.0,2.0,2.0,true,false,24
Tiantan,6,B0,6,25,38.68,22.6,290.0,52.0,52.0,true,false,19
Tiantan,6,B0,12,25,42.52,38.92,274.0,68.0,68.0,true,true,17
Tiantan,6,B0,24,25,53.36,53.12,212.0,130.0,130.0,true,false,13
Tiantan,7,B3_R2,1,3,18.447032,1.97877,269.974365,9.025635,9.025635,true,false,2
Tiantan,7,B3_R2,6,3,132.348267,132.348267,136.37674,142.62326,142.62326,true,false,0
Tiantan,7,B3_R2,12,3,196.083666,196.083666,66.361992,212.638008,212.638008,true,false,0
Tiantan,7,B3_R2,24,3,221.229327,221.229327,47.242199,231.757801,231.757801,true,false,0
Tiantan,7,GRU_R1,1,3,60.405538,60.405538,204.97699,74.02301,74.02301,true,false,0
Tiantan,7,GRU_R1,6,3,142.067212,142.067212,125.858643,153.141357,153.141357,true,false,0
Tiantan,7,GRU_R1,12,3,179.247042,179.247042,81.663849,197.336151,197.336151,true,false,0
Tiantan,7,GRU_R1,24,3,181.968053,181.968053,86.601898,192.398102,192.398102,true,false,0
Tiantan,7,B0,1,3,22.666667,8.666667,265.0,14.0,14.0,true,false,2
Tiantan,7,B0,6,3,142.666667,142.666667,123.0,156.0,156.0,true,false,0
Tiantan,7,B0,12,3,173.666667,173.666667,85.0,194.0,194.0,true,false,0
Tiantan,7,B0,24,3,181.0,181.0,88.0,191.0,191.0,true,false,0
Tiantan,8,B3_R2,1,3,47.221242,47.221242,257.575836,13.424164,13.424164,true,false,2
Tiantan,8,B3_R2,6,3,162.993454,162.993454,114.108521,156.891479,156.891479,true,false,0
Tiantan,8,B3_R2,12,3,160.737651,160.737651,101.243507,169.756493,169.756493,true,false,0
Tiantan,8,B3_R2,24,3,185.055761,185.055761,83.549652,187.450348,187.450348,true,false,0
Tiantan,8,GRU_R1,1,3,72.940572,72.940572,199.72168,71.27832,71.27832,true,false,0
Tiantan,8,GRU_R1,6,3,161.648333,161.648333,107.741745,163.258255,163.258255,true,false,0
Tiantan,8,GRU_R1,12,3,173.909958,173.909958,89.272667,181.727333,181.727333,true,false,0
Tiantan,8,GRU_R1,24,3,175.029325,175.029325,83.646301,187.353699,187.353699,true,false,0
Tiantan,8,B0,1,3,31.333333,31.333333,260.0,11.0,11.0,true,false,2
Tiantan,8,B0,6,3,164.666667,164.666667,111.0,160.0,160.0,true,false,0
Tiantan,8,B0,12,3,176.666667,176.666667,88.0,183.0,183.0,true,false,0
Tiantan,8,B0,24,3,154.0,154.0,104.0,167.0,167.0,true,false,0
Tiantan,9,B3_R2,1,2,115.714073,115.714073,224.589066,74.410934,74.410934,true,false,0
Tiantan,9,B3_R2,6,2,233.022398,233.022398,59.351414,239.648586,239.648586,true,false,0
Tiantan,9,B3_R2,12,2,232.828688,232.828688,60.039295,238.960705,238.960705,true,false,0
Tiantan,9,B3_R2,24,2,230.059139,230.059139,61.710796,237.289204,237.289204,true,false,0
Tiantan,9,GRU_R1,1,2,197.420708,197.420708,101.498886,197.501114,197.501114,true,false,0
Tiantan,9,GRU_R1,6,2,225.074291,225.074291,66.568924,232.431076,232.431076,true,false,0
Tiantan,9,GRU_R1,12,2,236.517597,236.517597,56.412544,242.587456,242.587456,true,false,0
Tiantan,9,GRU_R1,24,2,241.735733,241.735733,47.024971,251.975029,251.975029,true,false,0
Tiantan,9,B0,1,2,32.5,32.5,286.0,13.0,13.0,true,false,1
Tiantan,9,B0,6,2,235.0,235.0,56.0,243.0,243.0,true,false,0
Tiantan,9,B0,12,2,249.5,249.5,42.0,257.0,257.0,true,false,0
Tiantan,9,B0,24,2,264.0,264.0,24.0,275.0,275.0,true,false,0
Tiantan,10,B3_R2,1,3,36.186701,26.294652,259.448792,8.551208,8.551208,true,false,2
Tiantan,10,B3_R2,6,3,133.381887,133.381887,129.555923,138.444077,138.444077,true,false,0
Tiantan,10,B3_R2,12,3,161.627734,161.627734,97.954498,170.045502,170.045502,true,false,0
Tiantan,10,B3_R2,24,3,182.748179,182.748179,76.934273,191.065727,191.065727,true,false,0
Tiantan,10,GRU_R1,1,3,61.982457,61.982457,212.6091,55.3909,55.3909,true,false,0
Tiantan,10,GRU_R1,6,3,140.297816,140.297816,122.051224,145.948776,145.948776,true,false,0
Tiantan,10,GRU_R1,12,3,162.049141,162.049141,100.288643,167.711357,167.711357,true,false,0
Tiantan,10,GRU_R1,24,3,170.393295,170.393295,85.540031,182.459969,182.459969,true,false,0
Tiantan,10,B0,1,3,39.0,32.333333,255.0,13.0,13.0,true,false,2
Tiantan,10,B0,6,3,142.333333,142.333333,123.0,145.0,145.0,true,false,0
Tiantan,10,B0,12,3,167.0,167.0,94.0,174.0,174.0,true,false,0
Tiantan,10,B0,24,3,189.333333,189.333333,62.0,206.0,206.0,true,false,0
Tiantan,11,B3_R2,1,1,73.724182,73.724182,211.275818,73.724182,73.724182,true,false,0
Tiantan,11,B3_R2,6,1,76.607727,76.607727,208.392273,76.607727,76.607727,true,false,0
Tiantan,11,B3_R2,12,1,113.452545,113.452545,171.547455,113.452545,113.452545,true,false,0
Tiantan,11,B3_R2,24,1,211.126389,211.126389,73.873611,211.126389,211.126389,true,false,0
Tiantan,11,GRU_R1,1,1,77.57312,77.57312,207.42688,77.57312,77.57312,true,false,0
Tiantan,11,GRU_R1,6,1,78.630814,78.630814,206.369186,78.630814,78.630814,true,false,0
Tiantan,11,GRU_R1,12,1,73.332794,73.332794,211.667206,73.332794,73.332794,true,false,0
Tiantan,11,GRU_R1,24,1,139.24942,139.24942,145.75058,139.24942,139.24942,true,false,0
Tiantan,11,B0,1,1,85.0,85.0,200.0,85.0,85.0,true,false,0
Tiantan,11,B0,6,1,76.0,76.0,209.0,76.0,76.0,true,false,0
Tiantan,11,B0,12,1,69.0,69.0,216.0,69.0,69.0,true,false,0
Tiantan,11,B0,24,1,151.0,151.0,134.0,151.0,151.0,true,false,0
Tiantan,12,B3_R2,1,3,58.913147,16.706706,257.430145,85.569855,85.569855,true,false,2
Tiantan,12,B3_R2,6,3,100.497777,100.497777,190.869949,152.130051,152.130051,true,false,0
Tiantan,12,B3_R2,12,3,121.97407,121.97407,170.436844,172.563156,172.563156,true,false,0
Tiantan,12,B3_R2,24,3,206.799922,206.799922,88.274666,254.725334,254.725334,true,false,0
Tiantan,12,GRU_R1,1,3,35.113073,35.113073,244.445267,98.554733,98.554733,true,true,3
Tiantan,12,GRU_R1,6,3,101.951299,101.951299,186.302994,156.697006,156.697006,true,false,0
Tiantan,12,GRU_R1,12,3,98.267034,98.267034,204.240021,138.759979,138.759979,true,false,0
Tiantan,12,GRU_R1,24,3,125.741704,125.741704,165.644287,177.355713,177.355713,true,false,0
Tiantan,12,B0,1,3,56.666667,-0.666667,259.0,84.0,84.0,true,true,3
Tiantan,12,B0,6,3,112.0,112.0,170.0,173.0,173.0,true,false,0
Tiantan,12,B0,12,3,72.666667,72.666667,235.0,108.0,108.0,true,false,0
Tiantan,12,B0,24,3,123.666667,123.666667,169.0,174.0,174.0,true,false,0
Tiantan,13,B3_R2,1,7,8.116071,7.244899,287.035736,4.964264,4.964264,true,false,6
Tiantan,13,B3_R2,6,7,87.527775,87.527775,179.580963,112.419037,112.419037,true,false,0
Tiantan,13,B3_R2,12,7,170.957019,170.957019,97.529427,194.470573,194.470573,true,false,0
Tiantan,13,B3_R2,24,7,190.95112,190.95112,67.562477,224.437523,224.437523,true,false,0
Tiantan,13,GRU_R1,1,7,12.050629,12.050629,269.219025,22.780975,22.780975,true,true,7
Tiantan,13,GRU_R1,6,7,61.533316,61.533316,206.850861,85.149139,85.149139,true,false,2
Tiantan,13,GRU_R1,12,7,115.569674,115.569674,167.822098,124.177902,124.177902,true,false,0
Tiantan,13,GRU_R1,24,7,143.376922,143.376922,136.045532,155.954468,155.954468,true,false,0
Tiantan,13,B0,1,7,11.714286,6.571429,284.0,8.0,8.0,true,false,6
Tiantan,13,B0,6,7,82.285714,82.285714,173.0,119.0,119.0,true,false,1
Tiantan,13,B0,12,7,104.142857,104.142857,182.0,110.0,110.0,true,false,0
Tiantan,13,B0,24,7,140.571429,140.571429,136.0,156.0,156.0,true,false,0
Tiantan,14,B3_R2,1,6,21.866478,10.451653,212.077393,71.922607,71.922607,true,false,5
Tiantan,14,B3_R2,6,6,92.421778,92.421778,165.991119,118.008881,118.008881,true,false,0
Tiantan,14,B3_R2,12,6,139.902617,139.902617,117.816681,166.183319,166.183319,true,false,0
Tiantan,14,B3_R2,24,6,148.697894,148.697894,109.694939,174.305061,174.305061,true,false,0
Tiantan,14,GRU_R1,1,6,22.729472,15.362356,208.395935,75.604065,75.604065,true,false,5
Tiantan,14,GRU_R1,6,6,97.05131,97.05131,153.927383,130.072617,130.072617,true,false,0
Tiantan,14,GRU_R1,12,6,132.356817,132.356817,130.773117,153.226883,153.226883,true,false,0
Tiantan,14,GRU_R1,24,6,120.064695,120.064695,146.428421,137.571579,137.571579,true,false,0
Tiantan,14,B0,1,6,25.166667,7.833333,200.0,84.0,84.0,true,false,5
Tiantan,14,B0,6,6,115.666667,115.666667,146.0,138.0,138.0,true,false,0
Tiantan,14,B0,12,6,119.666667,119.666667,151.0,133.0,133.0,true,false,0
Tiantan,14,B0,24,6,150.333333,150.333333,120.0,164.0,164.0,true,false,0
Tiantan,15,B3_R2,1,1,12.742661,12.742661,248.257339,12.742661,12.742661,true,true,1
Tiantan,15,B3_R2,6,1,42.967758,42.967758,218.032242,42.967758,42.967758,true,false,0
Tiantan,15,B3_R2,12,1,86.385315,86.385315,174.614685,86.385315,86.385315,true,false,0
Tiantan,15,B3_R2,24,1,116.68541,116.68541,144.31459,116.68541,116.68541,true,false,0
Tiantan,15,GRU_R1,1,1,14.647049,14.647049,246.352951,14.647049,14.647049,true,true,1
Tiantan,15,GRU_R1,6,1,10.918854,10.918854,250.081146,10.918854,10.918854,true,true,1
Tiantan,15,GRU_R1,12,1,116.680298,116.680298,144.319702,116.680298,116.680298,true,false,0
Tiantan,15,GRU_R1,24,1,116.372223,116.372223,144.627777,116.372223,116.372223,true,false,0
Tiantan,15,B0,1,1,19.0,19.0,242.0,19.0,19.0,true,false,0
Tiantan,15,B0,6,1,16.0,-16.0,277.0,-16.0,16.0,false,true,1
Tiantan,15,B0,12,1,138.0,138.0,123.0,138.0,138.0,true,false,0
Tiantan,15,B0,24,1,109.0,109.0,152.0,109.0,109.0,true,false,0
Tiantan,16,B3_R2,1,7,25.408273,2.600673,299.311462,30.688538,30.688538,true,false,6
Tiantan,16,B3_R2,6,7,91.404208,91.120913,205.711609,124.288391,124.288391,true,false,1
Tiantan,16,B3_R2,12,7,164.152621,164.152621,115.729988,214.270012,214.270012,true,false,0
Tiantan,16,B3_R2,24,7,206.597495,206.597495,70.612373,259.387627,259.387627,true,false,0
Tiantan,16,GRU_R1,1,7,23.773887,16.810612,290.463684,39.536316,39.536316,true,false,6
Tiantan,16,GRU_R1,6,7,76.8581,76.8581,215.752777,114.247223,114.247223,true,false,1
Tiantan,16,GRU_R1,12,7,100.47547,100.47547,185.005966,144.994034,144.994034,true,false,0
Tiantan,16,GRU_R1,24,7,94.53581,94.53581,238.018845,91.981155,91.981155,true,false,0
Tiantan,16,B0,1,7,27.857143,5.571429,296.0,34.0,34.0,true,false,6
Tiantan,16,B0,6,7,79.428571,77.428571,209.0,121.0,121.0,true,false,1
Tiantan,16,B0,12,7,82.0,82.0,195.0,135.0,135.0,true,false,0
Tiantan,16,B0,24,7,77.714286,75.714286,284.0,46.0,46.0,true,false,3
Tiantan,17,B3_R2,1,1,13.822372,13.822372,234.177628,13.822372,13.822372,true,false,0
Tiantan,17,B3_R2,6,1,25.921692,-25.921692,273.921692,-25.921692,25.921692,false,true,1
Tiantan,17,B3_R2,12,1,94.485184,94.485184,153.514816,94.485184,94.485184,true,false,0
Tiantan,17,B3_R2,24,1,163.428627,163.428627,84.571373,163.428627,163.428627,true,false,0
Tiantan,17,GRU_R1,1,1,29.797928,29.797928,218.202072,29.797928,29.797928,true,false,0
Tiantan,17,GRU_R1,6,1,33.205841,-33.205841,281.205841,-33.205841,33.205841,false,true,1
Tiantan,17,GRU_R1,12,1,31.836456,31.836456,216.163544,31.836456,31.836456,true,false,0
Tiantan,17,GRU_R1,24,1,28.974442,28.974442,219.025558,28.974442,28.974442,true,false,0
Tiantan,17,B0,1,1,15.0,15.0,233.0,15.0,15.0,true,false,0
Tiantan,17,B0,6,1,48.0,-48.0,296.0,-48.0,48.0,false,true,1
Tiantan,17,B0,12,1,32.0,32.0,216.0,32.0,32.0,true,false,0
Tiantan,17,B0,24,1,1.0,1.0,247.0,1.0,1.0,true,true,1
Tiantan,18,B3_R2,1,2,8.404861,8.404861,247.36821,3.63179,3.63179,true,false,1
Tiantan,18,B3_R2,6,2,47.858459,47.858459,182.940216,68.059784,68.059784,true,false,0
Tiantan,18,B3_R2,12,2,95.443367,95.443367,150.916946,100.083054,100.083054,true,false,0
Tiantan,18,B3_R2,24,2,173.112736,173.112736,75.857971,175.142029,175.142029,true,false,0
Tiantan,18,GRU_R1,1,2,25.734619,25.734619,224.279633,26.720367,26.720367,true,false,0
Tiantan,18,GRU_R1,6,2,44.853081,44.853081,195.21521,55.78479,55.78479,true,false,0
Tiantan,18,GRU_R1,12,2,13.226768,-13.226768,251.192001,-0.192001,0.192001,false,true,2
Tiantan,18,GRU_R1,24,2,63.179428,63.179428,181.996002,69.003998,69.003998,true,false,0
Tiantan,18,B0,1,2,6.5,6.5,249.0,2.0,2.0,true,false,1
Tiantan,18,B0,6,2,20.5,20.5,216.0,35.0,35.0,true,false,0
Tiantan,18,B0,12,2,68.5,-68.5,307.0,-56.0,56.0,false,true,2
Tiantan,18,B0,24,2,58.0,58.0,189.0,62.0,62.0,true,false,0
Tiantan,19,B3_R2,1,10,14.217352,10.47384,287.898743,7.101257,7.101257,true,false,9
Tiantan,19,B3_R2,6,10,63.062306,63.062306,242.266403,52.733597,52.733597,true,false,2
Tiantan,19,B3_R2,12,10,105.538712,105.538712,177.842072,117.157928,117.157928,true,false,0
Tiantan,19,B3_R2,24,10,136.876628,136.876628,143.324722,151.675278,151.675278,true,false,0
Tiantan,19,GRU_R1,1,10,20.87822,20.864877,280.099792,14.900208,14.900208,true,false,8
Tiantan,19,GRU_R1,6,10,87.798404,87.798404,242.918976,52.081024,52.081024,true,false,1
Tiantan,19,GRU_R1,12,10,146.973768,146.973768,139.780304,155.219696,155.219696,true,false,0
Tiantan,19,GRU_R1,24,10,124.837651,124.837651,131.659973,163.340027,163.340027,true,false,0
Tiantan,19,B0,1,10,16.4,10.4,294.0,1.0,1.0,true,false,9
Tiantan,19,B0,6,10,91.0,91.0,261.0,34.0,34.0,true,false,4
Tiantan,19,B0,12,10,176.8,176.8,111.0,184.0,184.0,true,false,0
Tiantan,19,B0,24,10,119.4,119.4,161.0,134.0,134.0,true,false,0
Tiantan,20,B3_R2,1,9,31.636856,29.774789,292.308258,37.691742,37.691742,true,false,6
Tiantan,20,B3_R2,6,9,77.329422,77.329422,188.874573,141.125427,141.125427,true,false,0
Tiantan,20,B3_R2,12,9,124.778887,124.778887,172.788986,157.211014,157.211014,true,false,0
Tiantan,20,B3_R2,24,9,184.526794,184.526794,114.022095,215.977905,215.977905,true,false,0
Tiantan,20,GRU_R1,1,9,39.009655,39.009655,273.86853,56.13147,56.13147,true,false,7
Tiantan,20,GRU_R1,6,9,61.110518,61.110518,188.018265,141.981735,141.981735,true,true,5
Tiantan,20,GRU_R1,12,9,71.564936,71.564936,213.762848,116.237152,116.237152,true,false,1
Tiantan,20,GRU_R1,24,9,181.424124,181.424124,111.855042,218.144958,218.144958,true,false,0
Tiantan,20,B0,1,9,16.444444,7.111111,295.0,35.0,35.0,true,false,8
Tiantan,20,B0,6,9,37.111111,25.333333,231.0,99.0,99.0,true,true,7
Tiantan,20,B0,12,9,23.222222,23.0,257.0,73.0,73.0,true,true,9
Tiantan,20,B0,24,9,202.222222,202.222222,89.0,241.0,241.0,true,false,0
Tiantan,21,B3_R2,1,10,15.407996,4.355176,300.744904,18.255096,18.255096,true,true,10
Tiantan,21,B3_R2,6,10,59.279916,55.782645,263.243591,55.756409,55.756409,true,false,6
Tiantan,21,B3_R2,12,10,97.335654,97.335654,145.69194,173.30806,173.30806,true,false,0
Tiantan,21,B3_R2,24,10,153.527992,153.527992,133.770966,185.229034,185.229034,true,false,0
Tiantan,21,GRU_R1,1,10,21.827039,14.836108,277.984436,41.015564,41.015564,true,false,9
Tiantan,21,GRU_R1,6,10,38.10816,37.993103,247.212952,71.787048,71.787048,true,true,6
Tiantan,21,GRU_R1,12,10,44.716597,41.796706,245.740082,73.259918,73.259918,true,false,5
Tiantan,21,GRU_R1,24,10,52.854813,52.854813,256.882324,62.117676,62.117676,true,false,3
Tiantan,21,B0,1,10,15.8,6.6,303.0,16.0,16.0,true,false,9
Tiantan,21,B0,6,10,35.7,5.3,265.0,54.0,54.0,true,true,8
Tiantan,21,B0,12,10,24.3,-9.3,305.0,14.0,14.0,true,false,9
Tiantan,21,B0,24,10,20.9,16.5,294.0,25.0,25.0,true,false,9
Tiantan,22,B3_R2,1,20,23.560724,12.825269,478.743561,6.256439,6.256439,true,false,19
Tiantan,22,B3_R2,6,20,134.616677,134.616677,311.827026,173.172974,173.172974,true,false,15
Tiantan,22,B3_R2,12,20,195.263364,195.263364,207.066452,277.933548,277.933548,true,false,1
Tiantan,22,B3_R2,24,20,255.960454,255.960454,166.062561,318.937439,318.937439,true,false,0
Tiantan,22,GRU_R1,1,20,70.772232,69.519434,350.104889,134.895111,134.895111,true,false,19
Tiantan,22,GRU_R1,6,20,136.88258,134.912979,298.380005,186.619995,186.619995,true,false,14
Tiantan,22,GRU_R1,12,20,193.364755,193.364755,145.226776,339.773224,339.773224,true,false,7
Tiantan,22,GRU_R1,24,20,232.131858,232.131858,196.016113,288.983887,288.983887,true,false,0
Tiantan,22,B0,1,20,27.3,6.1,474.0,11.0,11.0,true,false,19
Tiantan,22,B0,6,20,119.85,83.45,356.0,129.0,129.0,true,false,14
Tiantan,22,B0,12,20,191.8,175.6,96.0,389.0,389.0,true,false,8
Tiantan,22,B0,24,20,231.85,231.85,243.0,242.0,242.0,true,false,0
Tiantan,23,B3_R2,1,5,29.298123,19.221536,246.313812,31.686188,31.686188,true,false,4
Tiantan,23,B3_R2,6,5,116.449312,116.449312,211.642609,66.357391,66.357391,true,false,0
Tiantan,23,B3_R2,12,5,30.05806,30.05806,250.634949,27.365051,27.365051,true,false,1
Tiantan,23,B3_R2,24,5,148.209857,148.209857,115.170982,162.829018,162.829018,true,false,0
Tiantan,23,GRU_R1,1,5,29.379401,27.321063,239.41658,38.58342,38.58342,true,false,3
Tiantan,23,GRU_R1,6,5,140.852893,140.852893,162.573486,115.426514,115.426514,true,false,0
Tiantan,23,GRU_R1,12,5,35.77406,-16.466003,315.55304,-37.55304,37.55304,false,true,4
Tiantan,23,GRU_R1,24,5,35.566711,-35.566711,293.334656,-15.334656,15.334656,false,true,5
Tiantan,23,B0,1,5,31.8,23.4,254.0,24.0,24.0,true,false,4
Tiantan,23,B0,6,5,160.4,160.4,157.0,121.0,121.0,true,false,0
Tiantan,23,B0,12,5,81.8,-71.4,383.0,-105.0,105.0,false,true,4
Tiantan,23,B0,24,5,139.4,-139.4,383.0,-105.0,105.0,false,true,5
Tiantan,24,B3_R2,1,1,14.672592,14.672592,232.327408,14.672592,14.672592,true,false,0
Tiantan,24,B3_R2,6,1,7.406921,-7.406921,254.406921,-7.406921,7.406921,false,true,1
Tiantan,24,B3_R2,12,1,9.350067,9.350067,237.649933,9.350067,9.350067,true,false,0
Tiantan,24,B3_R2,24,1,123.179092,123.179092,123.820908,123.179092,123.179092,true,false,0
Tiantan,24,GRU_R1,1,1,19.048126,19.048126,227.951874,19.048126,19.048126,true,false,0
Tiantan,24,GRU_R1,6,1,31.335861,31.335861,215.664139,31.335861,31.335861,true,false,0
Tiantan,24,GRU_R1,12,1,63.029221,63.029221,183.970779,63.029221,63.029221,true,false,0
Tiantan,24,GRU_R1,24,1,139.34803,139.34803,107.65197,139.34803,139.34803,true,false,0
Tiantan,24,B0,1,1,25.0,25.0,222.0,25.0,25.0,true,false,0
Tiantan,24,B0,6,1,42.0,42.0,205.0,42.0,42.0,true,false,0
Tiantan,24,B0,12,1,46.0,46.0,201.0,46.0,46.0,true,false,0
Tiantan,24,B0,24,1,155.0,155.0,92.0,155.0,155.0,true,false,0
Tiantan,25,B3_R2,1,5,5.530145,4.525702,256.83847,6.16153,6.16153,true,false,4
Tiantan,25,B3_R2,6,5,28.811353,28.811353,229.408829,33.591171,33.591171,true,false,0
Tiantan,25,B3_R2,12,5,126.796912,126.796912,174.719025,88.280975,88.280975,true,false,0
Tiantan,25,B3_R2,24,5,179.897653,179.897653,76.884125,186.115875,186.115875,true,false,0
Tiantan,25,GRU_R1,1,5,24.545392,24.545392,228.174423,34.825577,34.825577,true,false,1
Tiantan,25,GRU_R1,6,5,60.813486,60.813486,185.856796,77.143204,77.143204,true,false,0
Tiantan,25,GRU_R1,12,5,143.003959,143.003959,185.369888,77.630112,77.630112,true,false,0
Tiantan,25,GRU_R1,24,5,200.473448,200.473448,58.345303,204.654697,204.654697,true,false,0
Tiantan,25,B0,1,5,8.2,8.2,261.0,2.0,2.0,true,false,4
Tiantan,25,B0,6,5,56.6,56.6,196.0,67.0,67.0,true,false,0
Tiantan,25,B0,12,5,176.4,176.4,193.0,70.0,70.0,true,false,0
Tiantan,25,B0,24,5,241.0,241.0,16.0,247.0,247.0,true,false,0
Tiantan,26,B3_R2,1,18,7.60603,-1.658722,355.281982,-0.281982,0.281982,false,false,17
Tiantan,26,B3_R2,6,18,56.353175,50.655537,304.073364,50.926636,50.926636,true,false,12
Tiantan,26,B3_R2,12,18,129.084757,129.084757,181.988312,173.011688,173.011688,true,false,0
Tiantan,26,B3_R2,24,18,186.647452,186.647452,145.486511,209.513489,209.513489,true,false,0
Tiantan,26,GRU_R1,1,18,22.802301,20.619498,313.179016,41.820984,41.820984,true,false,17
Tiantan,26,GRU_R1,6,18,73.602363,69.740696,250.536133,104.463867,104.463867,true,false,12
Tiantan,26,GRU_R1,12,18,117.085134,114.44421,137.894714,217.105286,217.105286,true,false,3
Tiantan,26,GRU_R1,24,18,123.320305,123.320305,210.240402,144.759598,144.759598,true,false,0
Tiantan,26,B0,1,18,15.055556,2.277778,342.0,13.0,13.0,true,false,17
Tiantan,26,B0,6,18,84.055556,53.722222,256.0,99.0,99.0,true,false,12
Tiantan,26,B0,12,18,121.055556,104.5,103.0,252.0,252.0,true,false,6
Tiantan,26,B0,24,18,91.722222,91.722222,247.0,108.0,108.0,true,false,5
Tiantan,27,B3_R2,1,7,5.565798,-3.747077,282.409668,-15.409668,15.409668,false,true,7
Tiantan,27,B3_R2,6,7,37.637004,-9.077621,276.334808,-9.334808,9.334808,false,false,6
Tiantan,27,B3_R2,12,7,70.743417,70.743417,198.575012,68.424988,68.424988,true,false,0
Tiantan,27,B3_R2,24,7,149.731112,149.731112,113.614876,153.385124,153.385124,true,false,0
Tiantan,27,GRU_R1,1,7,11.775733,6.854041,269.463257,-2.463257,2.463257,false,false,4
Tiantan,27,GRU_R1,6,7,30.378353,30.378353,219.138977,47.861023,47.861023,true,false,1
Tiantan,27,GRU_R1,12,7,68.842194,68.842194,191.777527,75.222473,75.222473,true,false,0
Tiantan,27,GRU_R1,24,7,18.74292,-18.74292,288.351624,-21.351624,21.351624,false,true,7
Tiantan,27,B0,1,7,6.714286,2.142857,265.0,2.0,2.0,true,false,6
Tiantan,27,B0,6,7,36.428571,36.428571,212.0,55.0,55.0,true,false,1
Tiantan,27,B0,12,7,54.857143,54.285714,196.0,71.0,71.0,true,true,1
Tiantan,27,B0,24,7,76.142857,-76.142857,355.0,-88.0,88.0,false,true,7
Tiantan,28,B3_R2,1,3,19.251048,8.401683,247.957413,23.042587,23.042587,true,false,2
Tiantan,28,B3_R2,6,3,56.04424,56.04424,201.842621,69.157379,69.157379,true,false,0
Tiantan,28,B3_R2,12,3,118.003281,118.003281,141.22287,129.77713,129.77713,true,false,0
Tiantan,28,B3_R2,24,3,183.786743,183.786743,72.080711,198.919289,198.919289,true,false,0
Tiantan,28,GRU_R1,1,3,14.20606,6.630458,251.271866,19.728134,19.728134,true,false,2
Tiantan,28,GRU_R1,6,3,46.135625,46.135625,210.626556,60.373444,60.373444,true,false,0
Tiantan,28,GRU_R1,12,3,29.886093,29.886093,225.1353,45.8647,45.8647,true,false,0
Tiantan,28,GRU_R1,24,3,44.445002,44.445002,219.563324,51.436676,51.436676,true,false,0
Tiantan,28,B0,1,3,18.333333,5.666667,248.0,23.0,23.0,true,false,2
Tiantan,28,B0,6,3,10.666667,8.666667,251.0,20.0,20.0,true,true,2
Tiantan,28,B0,12,3,16.333333,7.666667,247.0,24.0,24.0,true,false,2
Tiantan,28,B0,24,3,26.666667,15.333333,249.0,22.0,22.0,true,true,2
Tiantan,29,B3_R2,1,1,7.779907,-7.779907,260.779907,-7.779907,7.779907,false,true,1
Tiantan,29,B3_R2,6,1,77.979492,77.979492,175.020508,77.979492,77.979492,true,false,0
Tiantan,29,B3_R2,12,1,125.307404,125.307404,127.692596,125.307404,125.307404,true,false,0
Tiantan,29,B3_R2,24,1,233.452028,233.452028,19.547972,233.452028,233.452028,true,false,0
Tiantan,29,GRU_R1,1,1,8.920715,8.920715,244.079285,8.920715,8.920715,true,true,1
Tiantan,29,GRU_R1,6,1,89.556442,89.556442,163.443558,89.556442,89.556442,true,false,0
Tiantan,29,GRU_R1,12,1,41.048645,41.048645,211.951355,41.048645,41.048645,true,false,0
Tiantan,29,GRU_R1,24,1,47.018799,47.018799,205.981201,47.018799,47.018799,true,false,0
Tiantan,29,B0,1,1,11.0,11.0,242.0,11.0,11.0,true,false,0
Tiantan,29,B0,6,1,69.0,69.0,184.0,69.0,69.0,true,false,0
Tiantan,29,B0,12,1,18.0,18.0,235.0,18.0,18.0,true,false,0
Tiantan,29,B0,24,1,45.0,45.0,208.0,45.0,45.0,true,false,0
Tiantan,30,B3_R2,1,56,17.778143,7.554658,427.168579,38.831421,38.831421,true,false,55
Tiantan,30,B3_R2,6,56,79.752278,78.836678,277.515991,188.484009,188.484009,true,true,56
Tiantan,30,B3_R2,12,56,225.569116,225.569116,133.984619,332.015381,332.015381,true,false,0
Tiantan,30,B3_R2,24,56,309.609886,309.609886,108.784126,357.215874,357.215874,true,false,0
Tiantan,30,GRU_R1,1,56,67.375235,67.375235,326.639343,139.360657,139.360657,true,false,55
Tiantan,30,GRU_R1,6,56,91.918996,91.146429,290.632904,175.367096,175.367096,true,false,51
Tiantan,30,GRU_R1,12,56,117.172384,117.172384,253.365784,212.634216,212.634216,true,false,43
Tiantan,30,GRU_R1,24,56,134.687963,134.687963,300.573914,165.426086,165.426086,true,true,31
Tiantan,30,B0,1,56,19.267857,1.982143,420.0,46.0,46.0,true,false,55
Tiantan,30,B0,6,56,66.732143,14.767857,334.0,132.0,132.0,true,false,51
Tiantan,30,B0,12,56,72.446429,39.517857,346.0,120.0,120.0,true,false,45
Tiantan,30,B0,24,56,86.25,66.821429,403.0,63.0,63.0,true,true,41
Tiantan,31,B3_R2,1,9,36.706356,31.079417,282.26236,93.73764,93.73764,true,false,8
Tiantan,31,B3_R2,6,9,194.522396,194.522396,82.960983,293.039017,293.039017,true,false,0
Tiantan,31,B3_R2,12,9,248.170088,248.170088,80.270699,295.729301,295.729301,true,false,0
Tiantan,31,B3_R2,24,9,270.105086,270.105086,72.014244,303.985756,303.985756,true,false,0
Tiantan,31,GRU_R1,1,9,56.758184,54.139986,274.818909,101.181091,101.181091,true,false,7
Tiantan,31,GRU_R1,6,9,145.741002,145.741002,82.034256,293.965744,293.965744,true,false,3
Tiantan,31,GRU_R1,12,9,233.938327,233.938327,68.341293,307.658707,307.658707,true,false,0
Tiantan,31,GRU_R1,24,9,272.262816,272.262816,33.618031,342.381969,342.381969,true,false,0
Tiantan,31,B0,1,9,33.222222,12.555556,297.0,79.0,79.0,true,false,8
Tiantan,31,B0,6,9,159.111111,136.444444,53.0,323.0,323.0,true,false,3
Tiantan,31,B0,12,9,275.888889,275.888889,17.0,359.0,359.0,true,false,0
Tiantan,31,B0,24,9,307.777778,307.777778,7.0,369.0,369.0,true,false,0
Tiantan,32,B3_R2,1,3,68.856862,31.468943,270.599579,47.400421,47.400421,true,false,2
Tiantan,32,B3_R2,6,3,70.012756,70.012756,206.863876,111.136124,111.136124,true,false,0
Tiantan,32,B3_R2,12,3,176.610168,176.610168,91.702087,226.297913,226.297913,true,false,0
Tiantan,32,B3_R2,24,3,241.198348,241.198348,39.131126,278.868874,278.868874,true,false,0
Tiantan,32,GRU_R1,1,3,60.42599,40.66008,266.981354,51.018646,51.018646,true,false,2
Tiantan,32,GRU_R1,6,3,51.695552,51.695552,224.59964,93.40036,93.40036,true,false,1
Tiantan,32,GRU_R1,12,3,30.914469,25.383789,274.538971,43.461029,43.461029,true,false,2
Tiantan,32,GRU_R1,24,3,217.165092,217.165092,60.75098,257.24902,257.24902,true,false,0
Tiantan,32,B0,1,3,71.666667,25.666667,275.0,43.0,43.0,true,false,2
Tiantan,32,B0,6,3,36.0,-30.666667,310.0,8.0,8.0,true,true,3
Tiantan,32,B0,12,3,61.333333,-61.333333,376.0,-58.0,58.0,false,true,3
Tiantan,32,B0,24,3,262.666667,262.666667,17.0,301.0,301.0,true,false,0
Tiantan,33,B3_R2,1,61,22.321903,7.598991,507.159393,19.840607,19.840607,true,false,60
Tiantan,33,B3_R2,6,61,93.698906,91.626863,314.068756,212.931244,212.931244,true,false,39
Tiantan,33,B3_R2,12,61,190.007321,190.007321,183.034378,343.965622,343.965622,true,false,1
Tiantan,33,B3_R2,24,61,265.230231,265.230231,84.47686,442.52314,442.52314,true,false,0
Tiantan,33,GRU_R1,1,61,59.911988,59.345659,357.154175,169.845825,169.845825,true,true,59
Tiantan,33,GRU_R1,6,61,82.931344,81.077476,295.413849,231.586151,231.586151,true,true,50
Tiantan,33,GRU_R1,12,61,103.480276,103.466975,273.946289,253.053711,253.053711,true,false,40
Tiantan,33,GRU_R1,24,61,128.633993,128.459054,314.054016,212.945984,212.945984,true,false,27
Tiantan,33,B0,1,61,21.360656,2.311475,518.0,9.0,9.0,true,false,60
Tiantan,33,B0,6,61,70.688525,11.114754,357.0,170.0,170.0,true,true,58
Tiantan,33,B0,12,61,91.0,28.147541,351.0,176.0,176.0,true,true,55
Tiantan,33,B0,24,61,94.213115,70.245902,433.0,94.0,94.0,true,false,49
Tiantan,34,B3_R2,1,5,71.242059,57.568207,278.631805,47.368195,47.368195,true,false,3
Tiantan,34,B3_R2,6,5,202.009891,202.009891,114.040718,211.959282,211.959282,true,false,0
Tiantan,34,B3_R2,12,5,182.057761,182.057761,121.386978,204.613022,204.613022,true,false,0
Tiantan,34,B3_R2,24,5,173.119363,173.119363,128.487915,197.512085,197.512085,true,false,0
Tiantan,34,GRU_R1,1,5,82.055255,82.055255,212.569641,113.430359,113.430359,true,false,3
Tiantan,34,GRU_R1,6,5,234.942114,234.942114,70.257736,255.742264,255.742264,true,false,0
Tiantan,34,GRU_R1,12,5,47.015009,45.168036,253.109238,72.890762,72.890762,true,true,5
Tiantan,34,GRU_R1,24,5,17.688324,-12.070111,318.692017,7.307983,7.307983,true,true,5
Tiantan,34,B0,1,5,43.4,22.6,314.0,12.0,12.0,true,false,4
Tiantan,34,B0,6,5,215.2,215.2,102.0,224.0,224.0,true,false,0
Tiantan,34,B0,12,5,41.4,-41.4,346.0,-20.0,20.0,false,true,5
Tiantan,34,B0,24,5,189.0,-189.0,484.0,-158.0,158.0,false,true,5
Tiantan,35,B3_R2,1,48,28.64843,12.697728,503.333282,44.666718,44.666718,true,false,47
Tiantan,35,B3_R2,6,48,145.120026,142.491961,315.826782,232.173218,232.173218,true,false,30
Tiantan,35,B3_R2,12,48,262.529688,262.529688,115.226669,432.773331,432.773331,true,false,0
Tiantan,35,B3_R2,24,48,290.49362,290.49362,134.594223,413.405777,413.405777,true,false,0
Tiantan,35,GRU_R1,1,48,80.81442,79.929193,363.100586,184.899414,184.899414,true,true,48
Tiantan,35,GRU_R1,6,48,108.494736,106.961823,337.566254,210.433746,210.433746,true,false,40
Tiantan,35,GRU_R1,12,48,131.350461,129.27224,305.961426,242.038574,242.038574,true,false,33
Tiantan,35,GRU_R1,24,48,172.804303,171.217933,275.540771,272.459229,272.459229,true,true,25
Tiantan,35,B0,1,48,24.916667,1.375,544.0,4.0,4.0,true,false,47
Tiantan,35,B0,6,48,75.270833,18.3125,494.0,54.0,54.0,true,false,42
Tiantan,35,B0,12,48,115.729167,33.104167,389.0,159.0,159.0,true,true,40
Tiantan,35,B0,24,48,148.125,107.125,344.0,204.0,204.0,true,true,34
Tiantan,36,B3_R2,1,6,22.60819,9.691544,273.03833,24.96167,24.96167,true,false,5
Tiantan,36,B3_R2,6,6,149.280688,149.280688,97.217461,200.782539,200.782539,true,false,0
Tiantan,36,B3_R2,12,6,125.790323,125.790323,160.27002,137.72998,137.72998,true,false,0
Tiantan,36,B3_R2,24,6,154.584039,154.584039,128.164948,169.835052,169.835052,true,false,0
Tiantan,36,GRU_R1,1,6,47.162621,47.162621,226.692017,71.307983,71.307983,true,false,0
Tiantan,36,GRU_R1,6,6,141.896793,141.896793,108.897675,189.102325,189.102325,true,false,0
Tiantan,36,GRU_R1,12,6,18.813421,18.03331,275.4646,22.5354,22.5354,true,true,4
Tiantan,36,GRU_R1,24,6,60.41924,-60.41924,327.636017,-29.636017,29.636017,false,true,6
Tiantan,36,B0,1,6,24.333333,5.666667,271.0,27.0,27.0,true,false,5
Tiantan,36,B0,6,6,85.666667,85.666667,155.0,143.0,143.0,true,false,0
Tiantan,36,B0,12,6,75.5,-75.5,357.0,-59.0,59.0,false,true,6
Tiantan,36,B0,24,6,240.333333,-240.333333,514.0,-216.0,216.0,false,true,6
Tiantan,37,B3_R2,1,13,17.493035,5.06746,314.971252,49.028748,49.028748,true,true,13
Tiantan,37,B3_R2,6,13,63.039124,61.314533,213.685135,150.314865,150.314865,true,false,4
Tiantan,37,B3_R2,12,13,122.944005,122.944005,199.216904,164.783096,164.783096,true,false,0
Tiantan,37,B3_R2,24,13,119.794422,119.794422,199.21199,164.78801,164.78801,true,false,0
Tiantan,37,GRU_R1,1,13,28.914803,28.62333,291.991516,72.008484,72.008484,true,true,10
Tiantan,37,GRU_R1,6,13,60.05712,52.372117,218.080704,145.919296,145.919296,true,false,5
Tiantan,37,GRU_R1,12,13,94.842617,94.842617,202.124054,161.875946,161.875946,true,false,0
Tiantan,37,GRU_R1,24,13,131.847391,131.847391,179.587189,184.412811,184.412811,true,false,0
Tiantan,37,B0,1,13,19.846154,3.384615,322.0,42.0,42.0,true,false,12
Tiantan,37,B0,6,13,77.615385,35.615385,200.0,164.0,164.0,true,false,7
Tiantan,37,B0,12,13,110.923077,110.923077,157.0,207.0,207.0,true,false,1
Tiantan,37,B0,24,13,127.461538,127.461538,180.0,184.0,184.0,true,false,0
Tiantan,38,B3_R2,1,12,113.679183,91.452132,479.753845,328.246155,328.246155,true,false,11
Tiantan,38,B3_R2,6,12,290.314283,290.314283,157.275192,650.724808,650.724808,true,false,3
Tiantan,38,B3_R2,12,12,381.313411,381.313411,83.133598,724.866402,724.866402,true,false,0
Tiantan,38,B3_R2,24,12,390.090721,390.090721,88.270264,719.729736,719.729736,true,false,0
Tiantan,38,GRU_R1,1,12,154.39062,154.39062,370.148071,437.851929,437.851929,true,false,11
Tiantan,38,GRU_R1,6,12,262.127961,244.871456,191.111816,616.888184,616.888184,true,false,5
Tiantan,38,GRU_R1,12,12,371.538673,371.538673,65.097832,742.902168,742.902168,true,false,0
Tiantan,38,GRU_R1,24,12,411.31588,411.31588,49.365604,758.634396,758.634396,true,false,0
Tiantan,38,B0,1,12,91.583333,4.25,743.0,65.0,65.0,true,false,11
Tiantan,38,B0,6,12,364.25,127.083333,195.0,613.0,613.0,true,false,6
Tiantan,38,B0,12,12,382.166667,382.166667,45.0,763.0,763.0,true,false,0
Tiantan,38,B0,24,12,456.0,456.0,7.0,801.0,801.0,true,false,0
Tiantan,39,B3_R2,1,1,22.38736,22.38736,229.61264,22.38736,22.38736,true,false,0
Tiantan,39,B3_R2,6,1,4.399246,4.399246,247.600754,4.399246,4.399246,true,true,1
Tiantan,39,B3_R2,12,1,116.793991,116.793991,135.206009,116.793991,116.793991,true,false,0
Tiantan,39,B3_R2,24,1,170.469887,170.469887,81.530113,170.469887,170.469887,true,false,0
Tiantan,39,GRU_R1,1,1,27.462173,27.462173,224.537827,27.462173,27.462173,true,false,0
Tiantan,39,GRU_R1,6,1,43.343079,-43.343079,295.343079,-43.343079,43.343079,false,true,1
Tiantan,39,GRU_R1,12,1,12.753525,12.753525,239.246475,12.753525,12.753525,true,false,0
Tiantan,39,GRU_R1,24,1,199.777859,199.777859,52.222141,199.777859,199.777859,true,false,0
Tiantan,39,B0,1,1,12.0,12.0,240.0,12.0,12.0,true,false,0
Tiantan,39,B0,6,1,134.0,-134.0,386.0,-134.0,134.0,false,true,1
Tiantan,39,B0,12,1,75.0,-75.0,327.0,-75.0,75.0,false,true,1
Tiantan,39,B0,24,1,208.0,208.0,44.0,208.0,208.0,true,false,0
Tiantan,40,B3_R2,1,1,6.594238,6.594238,248.405762,6.594238,6.594238,true,true,1
Tiantan,40,B3_R2,6,1,18.793564,18.793564,236.206436,18.793564,18.793564,true,false,0
Tiantan,40,B3_R2,12,1,69.736084,69.736084,185.263916,69.736084,69.736084,true,false,0
Tiantan,40,B3_R2,24,1,137.619865,137.619865,117.380135,137.619865,137.619865,true,false,0
Tiantan,40,GRU_R1,1,1,5.037064,5.037064,249.962936,5.037064,5.037064,true,true,1
Tiantan,40,GRU_R1,6,1,19.408844,19.408844,235.591156,19.408844,19.408844,true,false,0
Tiantan,40,GRU_R1,12,1,60.733582,60.733582,194.266418,60.733582,60.733582,true,false,0
Tiantan,40,GRU_R1,24,1,55.87207,-55.87207,310.87207,-55.87207,55.87207,false,true,1
Tiantan,40,B0,1,1,11.0,11.0,244.0,11.0,11.0,true,false,0
Tiantan,40,B0,6,1,31.0,31.0,224.0,31.0,31.0,true,false,0
Tiantan,40,B0,12,1,23.0,23.0,232.0,23.0,23.0,true,false,0
Tiantan,40,B0,24,1,223.0,-223.0,478.0,-223.0,223.0,false,true,1
Tiantan,41,B3_R2,1,25,14.027543,11.51381,350.954071,24.045929,24.045929,true,false,24
Tiantan,41,B3_R2,6,25,91.666945,91.666945,272.910889,102.089111,102.089111,true,false,6
Tiantan,41,B3_R2,12,25,160.53844,160.53844,192.423218,182.576782,182.576782,true,false,0
Tiantan,41,B3_R2,24,25,218.994643,218.994643,66.203346,308.796654,308.796654,true,false,0
Tiantan,41,GRU_R1,1,25,32.25251,32.25251,299.002228,75.997772,75.997772,true,false,23
Tiantan,41,GRU_R1,6,25,66.482169,66.482169,295.428711,79.571289,79.571289,true,false,15
Tiantan,41,GRU_R1,12,25,114.981078,114.981078,284.780853,90.219147,90.219147,true,false,4
Tiantan,41,GRU_R1,24,25,167.787612,167.787612,198.876892,176.123108,176.123108,true,false,0
Tiantan,41,B0,1,25,10.76,5.16,366.0,9.0,9.0,true,false,24
Tiantan,41,B0,6,25,38.64,38.56,325.0,50.0,50.0,true,false,19
Tiantan,41,B0,12,25,94.16,94.16,325.0,50.0,50.0,true,false,13
Tiantan,41,B0,24,25,156.2,156.2,229.0,146.0,146.0,true,false,1
Tiantan,42,B3_R2,1,2,59.832077,59.832077,236.453003,41.546997,41.546997,true,false,0
Tiantan,42,B3_R2,6,2,170.814686,170.814686,94.170486,183.829514,183.829514,true,false,0
Tiantan,42,B3_R2,12,2,194.609715,194.609715,61.656754,216.343246,216.343246,true,false,0
Tiantan,42,B3_R2,24,2,189.885487,189.885487,75.898544,202.101456,202.101456,true,false,0
Tiantan,42,GRU_R1,1,2,70.665947,70.665947,218.246658,59.753342,59.753342,true,false,0
Tiantan,42,GRU_R1,6,2,196.073452,196.073452,73.155281,204.844719,204.844719,true,false,0
Tiantan,42,GRU_R1,12,2,213.22576,213.22576,42.144848,235.855152,235.855152,true,false,0
Tiantan,42,GRU_R1,24,2,228.571575,228.571575,37.554211,240.445789,240.445789,true,false,0
Tiantan,42,B0,1,2,53.5,53.5,252.0,26.0,26.0,true,false,1
Tiantan,42,B0,6,2,221.0,221.0,48.0,230.0,230.0,true,false,0
Tiantan,42,B0,12,2,247.0,247.0,14.0,264.0,264.0,true,false,0
Tiantan,42,B0,24,2,256.0,256.0,9.0,269.0,269.0,true,false,0
Tiantan,43,B3_R2,1,6,10.320162,0.797844,247.622314,14.377686,14.377686,true,false,5
Tiantan,43,B3_R2,6,6,48.589386,42.076828,235.211334,26.788666,26.788666,true,false,2
Tiantan,43,B3_R2,12,6,44.172596,19.629414,242.248352,19.751648,19.751648,true,true,4
Tiantan,43,B3_R2,24,6,21.504542,21.504542,239.442978,22.557022,22.557022,true,false,0
Tiantan,43,GRU_R1,1,6,16.393806,13.970009,238.191513,23.808487,23.808487,true,false,3
Tiantan,43,GRU_R1,6,6,91.991767,91.991767,202.014923,59.985077,59.985077,true,false,0
Tiantan,43,GRU_R1,12,6,54.727002,54.440325,241.848145,20.151855,20.151855,true,false,2
Tiantan,43,GRU_R1,24,6,33.190852,33.190852,228.826691,33.173309,33.173309,true,false,0
Tiantan,43,B0,1,6,11.0,4.333333,250.0,12.0,12.0,true,false,5
Tiantan,43,B0,6,6,69.166667,69.166667,231.0,31.0,31.0,true,false,0
Tiantan,43,B0,12,6,59.333333,59.333333,239.0,23.0,23.0,true,false,0
Tiantan,43,B0,24,6,36.666667,36.666667,235.0,27.0,27.0,true,false,0
Tiantan,44,B3_R2,1,3,5.798823,2.215042,248.599411,11.400589,11.400589,true,true,3
Tiantan,44,B3_R2,6,3,46.475184,46.475184,215.275864,44.724136,44.724136,true,false,0
Tiantan,44,B3_R2,12,3,99.719955,99.719955,154.363571,105.636429,105.636429,true,false,0
Tiantan,44,B3_R2,24,3,53.23379,53.23379,186.067322,73.932678,73.932678,true,false,0
Tiantan,44,GRU_R1,1,3,40.37557,40.37557,214.037704,45.962296,45.962296,true,false,0
Tiantan,44,GRU_R1,6,3,31.896164,31.896164,231.694748,28.305252,28.305252,true,false,0
Tiantan,44,GRU_R1,12,3,92.673312,92.673312,121.085884,138.914116,138.914116,true,false,0
Tiantan,44,GRU_R1,24,3,32.53538,32.53538,220.842194,39.157806,39.157806,true,false,0
Tiantan,44,B0,1,3,5.666667,-0.333333,252.0,8.0,8.0,true,true,3
Tiantan,44,B0,6,3,3.0,3.0,257.0,3.0,3.0,true,true,3
Tiantan,44,B0,12,3,39.333333,39.333333,175.0,85.0,85.0,true,false,0
Tiantan,44,B0,24,3,32.666667,32.666667,219.0,41.0,41.0,true,false,0
Wanliu,1,B3_R2,1,36,20.122837,7.079375,427.961273,14.038727,14.038727,true,false,35
Wanliu,1,B3_R2,6,36,68.764139,66.039587,257.597076,184.402924,184.402924,true,false,29
Wanliu,1,B3_R2,12,36,137.978173,137.978173,228.849075,213.150925,213.150925,true,false,6
Wanliu,1,B3_R2,24,36,226.886575,226.886575,122.375374,319.624626,319.624626,true,false,0
Wanliu,1,GRU_R1,1,36,41.331604,37.556927,329.82962,112.17038,112.17038,true,false,34
Wanliu,1,GRU_R1,6,36,72.164585,67.565281,269.86676,172.13324,172.13324,true,false,29
Wanliu,1,GRU_R1,12,36,98.749452,96.260258,306.405792,135.594208,135.594208,true,false,23
Wanliu,1,GRU_R1,24,36,141.921993,141.902528,280.116516,161.883484,161.883484,true,false,10
Wanliu,1,B0,1,36,20.916667,5.75,418.0,24.0,24.0,true,false,35
Wanliu,1,B0,6,36,47.555556,29.444444,272.0,170.0,170.0,true,false,30
Wanliu,1,B0,12,36,68.722222,53.944444,358.0,84.0,84.0,true,false,24
Wanliu,1,B0,24,36,128.111111,123.777778,346.0,96.0,96.0,true,false,12
Wanliu,2,B3_R2,1,12,11.486516,6.560766,327.826111,9.173889,9.173889,true,true,11
Wanliu,2,B3_R2,6,12,50.610299,50.610299,245.825409,91.174591,91.174591,true,false,4
Wanliu,2,B3_R2,12,12,99.865672,99.865672,209.271683,127.728317,127.728317,true,false,0
Wanliu,2,B3_R2,24,12,182.146158,182.146158,89.03054,247.96946,247.96946,true,false,0
Wanliu,2,GRU_R1,1,12,12.452312,10.916053,314.726044,22.273956,22.273956,true,true,12
Wanliu,2,GRU_R1,6,12,52.021952,52.021952,246.680862,90.319138,90.319138,true,false,6
Wanliu,2,GRU_R1,12,12,87.165003,87.165003,224.838165,112.161835,112.161835,true,false,1
Wanliu,2,GRU_R1,24,12,107.608536,107.608536,200.659286,136.340714,136.340714,true,false,0
Wanliu,2,B0,1,12,13.666667,8.0,326.0,11.0,11.0,true,false,11
Wanliu,2,B0,6,12,53.5,53.5,253.0,84.0,84.0,true,false,6
Wanliu,2,B0,12,12,83.333333,83.333333,217.0,120.0,120.0,true,false,0
Wanliu,2,B0,24,12,129.166667,129.166667,191.0,146.0,146.0,true,false,0
Wanliu,3,B3_R2,1,33,12.325134,3.629348,383.219452,16.780548,16.780548,true,true,33
Wanliu,3,B3_R2,6,33,48.007832,28.607521,285.033661,114.966339,114.966339,true,true,33
Wanliu,3,B3_R2,12,33,94.532606,93.98976,208.692078,191.307922,191.307922,true,true,12
Wanliu,3,B3_R2,24,33,200.279194,200.279194,171.687363,228.312637,228.312637,true,false,0
Wanliu,3,GRU_R1,1,33,33.591983,31.562893,330.000214,69.999786,69.999786,true,true,31
Wanliu,3,GRU_R1,6,33,56.299708,47.843901,276.797424,123.202576,123.202576,true,true,29
Wanliu,3,GRU_R1,12,33,70.999554,68.341806,277.806335,122.193665,122.193665,true,true,25
Wanliu,3,GRU_R1,24,33,92.025815,92.025815,283.743713,116.256287,116.256287,true,false,14
Wanliu,3,B0,1,33,13.939394,0.787879,391.0,9.0,9.0,true,true,33
Wanliu,3,B0,6,33,45.939394,7.333333,280.0,120.0,120.0,true,true,33
Wanliu,3,B0,12,33,47.121212,28.636364,337.0,63.0,63.0,true,true,33
Wanliu,3,B0,24,33,67.515152,63.757576,331.0,69.0,69.0,true,false,22
Wanliu,4,B3_R2,1,3,82.990982,82.990982,186.404205,106.595795,106.595795,true,false,0
Wanliu,4,B3_R2,6,3,189.783168,189.783168,85.677818,207.322182,207.322182,true,false,0
Wanliu,4,B3_R2,12,3,201.423467,201.423467,71.504501,221.495499,221.495499,true,false,0
Wanliu,4,B3_R2,24,3,212.424288,212.424288,61.920948,231.079052,231.079052,true,false,0
Wanliu,4,GRU_R1,1,3,179.797148,179.797148,98.515015,194.484985,194.484985,true,false,0
Wanliu,4,GRU_R1,6,3,182.34343,182.34343,93.393486,199.606514,199.606514,true,false,0
Wanliu,4,GRU_R1,12,3,200.350914,200.350914,73.181046,219.818954,219.818954,true,false,0
Wanliu,4,GRU_R1,24,3,209.499915,209.499915,64.736481,228.263519,228.263519,true,false,0
Wanliu,4,B0,1,3,43.666667,35.666667,245.0,48.0,48.0,true,false,2
Wanliu,4,B0,6,3,199.0,199.0,76.0,217.0,217.0,true,false,0
Wanliu,4,B0,12,3,225.0,225.0,46.0,247.0,247.0,true,false,0
Wanliu,4,B0,24,3,239.333333,239.333333,35.0,258.0,258.0,true,false,0
Wanliu,5,B3_R2,1,15,21.858658,0.722501,333.528076,35.471924,35.471924,true,false,14
Wanliu,5,B3_R2,6,15,55.679289,52.364905,155.055786,213.944214,213.944214,true,false,8
Wanliu,5,B3_R2,12,15,119.616306,119.616306,158.829956,210.170044,210.170044,true,false,0
Wanliu,5,B3_R2,24,15,169.990901,169.990901,76.003098,292.996902,292.996902,true,false,0
Wanliu,5,GRU_R1,1,15,32.649166,22.602368,269.6698,99.3302,99.3302,true,false,12
Wanliu,5,GRU_R1,6,15,69.071437,67.370916,174.397736,194.602264,194.602264,true,false,7
Wanliu,5,GRU_R1,12,15,102.26673,102.26673,181.652542,187.347458,187.347458,true,false,0
Wanliu,5,GRU_R1,24,15,111.561304,111.561304,152.822052,216.177948,216.177948,true,false,0
Wanliu,5,B0,1,15,26.666667,2.8,328.0,41.0,41.0,true,false,14
Wanliu,5,B0,6,15,63.4,45.666667,159.0,210.0,210.0,true,false,9
Wanliu,5,B0,12,15,105.066667,98.4,174.0,195.0,195.0,true,false,3
Wanliu,5,B0,24,15,118.4,118.4,162.0,207.0,207.0,true,false,0
Wanliu,6,B3_R2,1,7,17.839454,2.380966,288.822144,16.177856,16.177856,true,false,6
Wanliu,6,B3_R2,6,7,72.167437,72.167437,206.363129,98.636871,98.636871,true,false,0
Wanliu,6,B3_R2,12,7,151.526457,151.526457,124.093964,180.906036,180.906036,true,false,0
Wanliu,6,B3_R2,24,7,179.75293,179.75293,95.942986,209.057014,209.057014,true,false,0
Wanliu,6,GRU_R1,1,7,23.395455,14.168073,270.271637,34.728363,34.728363,true,false,5
Wanliu,6,GRU_R1,6,7,62.810274,62.810274,214.634705,90.365295,90.365295,true,false,0
Wanliu,6,GRU_R1,12,7,75.868205,75.868205,227.783325,77.216675,77.216675,true,false,0
Wanliu,6,GRU_R1,24,7,143.877633,143.877633,118.438477,186.561523,186.561523,true,false,0
Wanliu,6,B0,1,7,18.0,2.857143,293.0,12.0,12.0,true,false,6
Wanliu,6,B0,6,7,69.428571,69.428571,211.0,94.0,94.0,true,false,1
Wanliu,6,B0,12,7,88.0,88.0,235.0,70.0,70.0,true,false,0
Wanliu,6,B0,24,7,121.428571,121.428571,140.0,165.0,165.0,true,false,0
Wanliu,7,B3_R2,1,1,12.794205,12.794205,233.205795,12.794205,12.794205,true,false,0
Wanliu,7,B3_R2,6,1,56.427383,56.427383,189.572617,56.427383,56.427383,true,false,0
Wanliu,7,B3_R2,12,1,17.554611,17.554611,228.445389,17.554611,17.554611,true,false,0
Wanliu,7,B3_R2,24,1,125.747116,125.747116,120.252884,125.747116,125.747116,true,false,0
Wanliu,7,GRU_R1,1,1,17.119843,17.119843,228.880157,17.119843,17.119843,true,false,0
Wanliu,7,GRU_R1,6,1,35.476517,35.476517,210.523483,35.476517,35.476517,true,false,0
Wanliu,7,GRU_R1,12,1,6.190689,-6.190689,252.190689,-6.190689,6.190689,false,true,1
Wanliu,7,GRU_R1,24,1,69.226929,69.226929,176.773071,69.226929,69.226929,true,false,0
Wanliu,7,B0,1,1,8.0,8.0,238.0,8.0,8.0,true,false,0
Wanliu,7,B0,6,1,36.0,36.0,210.0,36.0,36.0,true,false,0
Wanliu,7,B0,12,1,57.0,-57.0,303.0,-57.0,57.0,false,true,1
Wanliu,7,B0,24,1,72.0,72.0,174.0,72.0,72.0,true,false,0
Wanliu,8,B3_R2,1,1,88.14061,88.14061,182.85939,88.14061,88.14061,true,false,0
Wanliu,8,B3_R2,6,1,124.797852,124.797852,146.202148,124.797852,124.797852,true,false,0
Wanliu,8,B3_R2,12,1,147.822609,147.822609,123.177391,147.822609,147.822609,true,false,0
Wanliu,8,B3_R2,24,1,161.229637,161.229637,109.770363,161.229637,161.229637,true,false,0
Wanliu,8,GRU_R1,1,1,92.679489,92.679489,178.320511,92.679489,92.679489,true,false,0
Wanliu,8,GRU_R1,6,1,115.598114,115.598114,155.401886,115.598114,115.598114,true,false,0
Wanliu,8,GRU_R1,12,1,136.760651,136.760651,134.239349,136.760651,136.760651,true,false,0
Wanliu,8,GRU_R1,24,1,139.995819,139.995819,131.004181,139.995819,139.995819,true,false,0
Wanliu,8,B0,1,1,103.0,103.0,168.0,103.0,103.0,true,false,0
Wanliu,8,B0,6,1,140.0,140.0,131.0,140.0,140.0,true,false,0
Wanliu,8,B0,12,1,148.0,148.0,123.0,148.0,148.0,true,false,0
Wanliu,8,B0,24,1,175.0,175.0,96.0,175.0,175.0,true,false,0
Wanliu,9,B3_R2,1,3,11.745987,-5.315455,250.354202,9.645798,9.645798,true,true,3
Wanliu,9,B3_R2,6,3,43.647573,43.647573,208.234558,51.765442,51.765442,true,false,0
Wanliu,9,B3_R2,12,3,79.846568,79.846568,162.45166,97.54834,97.54834,true,false,0
Wanliu,9,B3_R2,24,3,124.359413,124.359413,116.558388,143.441612,143.441612,true,false,0
Wanliu,9,GRU_R1,1,3,16.263067,-9.47377,249.816055,10.183945,10.183945,true,true,3
Wanliu,9,GRU_R1,6,3,49.152059,36.202637,195.95108,64.04892,64.04892,true,false,1
Wanliu,9,GRU_R1,12,3,100.241826,100.241826,150.930771,109.069229,109.069229,true,false,0
Wanliu,9,GRU_R1,24,3,83.306203,83.306203,161.510345,98.489655,98.489655,true,false,0
Wanliu,9,B0,1,3,11.333333,2.666667,239.0,21.0,21.0,true,false,2
Wanliu,9,B0,6,3,69.0,53.0,167.0,93.0,93.0,true,false,1
Wanliu,9,B0,12,3,130.666667,130.666667,124.0,136.0,136.0,true,false,0
Wanliu,9,B0,24,3,113.0,113.0,124.0,136.0,136.0,true,false,0
Wanliu,10,B3_R2,1,4,13.406712,8.644382,262.107666,13.892334,13.892334,true,false,3
Wanliu,10,B3_R2,6,4,12.100193,9.121235,266.904602,9.095398,9.095398,true,true,3
Wanliu,10,B3_R2,12,4,92.129715,92.129715,171.392654,104.607346,104.607346,true,false,0
Wanliu,10,B3_R2,24,4,129.641563,129.641563,136.854614,139.145386,139.145386,true,false,0
Wanliu,10,GRU_R1,1,4,15.256363,7.631714,254.347534,21.652466,21.652466,true,false,3
Wanliu,10,GRU_R1,6,4,19.59893,15.194939,246.776337,29.223663,29.223663,true,false,3
Wanliu,10,GRU_R1,12,4,75.325867,75.325867,193.52179,82.47821,82.47821,true,false,0
Wanliu,10,GRU_R1,24,4,103.148552,103.148552,163.809784,112.190216,112.190216,true,false,0
Wanliu,10,B0,1,4,19.0,7.0,257.0,19.0,19.0,true,false,3
Wanliu,10,B0,6,4,25.25,22.25,239.0,37.0,37.0,true,false,2
Wanliu,10,B0,12,4,99.75,99.75,169.0,107.0,107.0,true,false,0
Wanliu,10,B0,24,4,126.0,126.0,138.0,138.0,138.0,true,false,0
Wanliu,11,B3_R2,1,8,26.030796,5.513981,333.578552,23.421448,23.421448,true,false,7
Wanliu,11,B3_R2,6,8,115.620607,115.620607,149.706909,207.293091,207.293091,true,false,1
Wanliu,11,B3_R2,12,8,169.06613,169.06613,120.67601,236.32399,236.32399,true,false,0
Wanliu,11,B3_R2,24,8,248.313219,248.313219,72.129631,284.870369,284.870369,true,false,0
Wanliu,11,GRU_R1,1,8,35.190426,25.037426,304.184418,52.815582,52.815582,true,false,7
Wanliu,11,GRU_R1,6,8,90.580515,90.580515,230.820877,126.179123,126.179123,true,false,2
Wanliu,11,GRU_R1,12,8,95.036688,95.036688,200.723083,156.276917,156.276917,true,false,0
Wanliu,11,GRU_R1,24,8,108.667797,108.667797,235.007309,121.992691,121.992691,true,false,1
Wanliu,11,B0,1,8,25.75,3.5,331.0,26.0,26.0,true,false,7
Wanliu,11,B0,6,8,91.0,84.0,240.0,117.0,117.0,true,false,2
Wanliu,11,B0,12,8,71.5,71.5,212.0,145.0,145.0,true,true,4
Wanliu,11,B0,24,8,107.75,107.75,244.0,113.0,113.0,true,false,1
Wanliu,12,B3_R2,1,2,5.618835,4.692459,255.926376,-0.926376,0.926376,false,false,1
Wanliu,12,B3_R2,6,2,15.172157,-1.921074,241.748917,13.251083,13.251083,true,true,1
Wanliu,12,B3_R2,12,2,66.811424,66.811424,193.372742,61.627258,61.627258,true,false,0
Wanliu,12,B3_R2,24,2,138.690502,138.690502,113.529663,141.470337,141.470337,true,false,0
Wanliu,12,GRU_R1,1,2,10.134872,10.134872,240.30899,14.69101,14.69101,true,true,1
Wanliu,12,GRU_R1,6,2,9.400803,-9.400803,256.215088,-1.215088,1.215088,false,true,2
Wanliu,12,GRU_R1,12,2,3.440025,-3.440025,261.648834,-6.648834,6.648834,false,true,2
Wanliu,12,GRU_R1,24,2,15.186104,15.186104,239.721313,15.278687,15.278687,true,false,0
Wanliu,12,B0,1,2,6.5,6.5,252.0,3.0,3.0,true,false,1
Wanliu,12,B0,6,2,14.5,-1.5,242.0,13.0,13.0,true,true,1
Wanliu,12,B0,12,2,45.0,-45.0,301.0,-46.0,46.0,false,true,2
Wanliu,12,B0,24,2,19.0,-19.0,269.0,-14.0,14.0,false,true,2
Wanliu,13,B3_R2,1,1,10.311203,10.311203,236.688797,10.311203,10.311203,true,false,0
Wanliu,13,B3_R2,6,1,84.774048,84.774048,162.225952,84.774048,84.774048,true,false,0
Wanliu,13,B3_R2,12,1,176.85553,176.85553,70.14447,176.85553,176.85553,true,false,0
Wanliu,13,B3_R2,24,1,185.862362,185.862362,61.137638,185.862362,185.862362,true,false,0
Wanliu,13,GRU_R1,1,1,47.30278,47.30278,199.69722,47.30278,47.30278,true,false,0
Wanliu,13,GRU_R1,6,1,99.036072,99.036072,147.963928,99.036072,99.036072,true,false,0
Wanliu,13,GRU_R1,12,1,94.126495,94.126495,152.873505,94.126495,94.126495,true,false,0
Wanliu,13,GRU_R1,24,1,131.157791,131.157791,115.842209,131.157791,131.157791,true,false,0
Wanliu,13,B0,1,1,9.0,9.0,238.0,9.0,9.0,true,false,0
Wanliu,13,B0,6,1,69.0,69.0,178.0,69.0,69.0,true,false,0
Wanliu,13,B0,12,1,85.0,85.0,162.0,85.0,85.0,true,false,0
Wanliu,13,B0,24,1,162.0,162.0,85.0,162.0,162.0,true,false,0
Wanliu,14,B3_R2,1,1,10.587463,10.587463,235.412537,10.587463,10.587463,true,false,0
Wanliu,14,B3_R2,6,1,37.035049,37.035049,208.964951,37.035049,37.035049,true,false,0
Wanliu,14,B3_R2,12,1,81.723663,81.723663,164.276337,81.723663,81.723663,true,false,0
Wanliu,14,B3_R2,24,1,164.503456,164.503456,81.496544,164.503456,164.503456,true,false,0
Wanliu,14,GRU_R1,1,1,60.212921,60.212921,185.787079,60.212921,60.212921,true,false,0
Wanliu,14,GRU_R1,6,1,70.738144,70.738144,175.261856,70.738144,70.738144,true,false,0
Wanliu,14,GRU_R1,12,1,100.346527,100.346527,145.653473,100.346527,100.346527,true,false,0
Wanliu,14,GRU_R1,24,1,113.71936,113.71936,132.28064,113.71936,113.71936,true,false,0
Wanliu,14,B0,1,1,7.0,7.0,239.0,7.0,7.0,true,false,0
Wanliu,14,B0,6,1,18.0,18.0,228.0,18.0,18.0,true,false,0
Wanliu,14,B0,12,1,60.0,60.0,186.0,60.0,60.0,true,false,0
Wanliu,14,B0,24,1,111.0,111.0,135.0,111.0,111.0,true,false,0
Wanliu,15,B3_R2,1,3,18.158518,18.158518,258.380432,2.619568,2.619568,true,false,2
Wanliu,15,B3_R2,6,3,229.860509,229.860509,28.513531,232.486469,232.486469,true,false,0
Wanliu,15,B3_R2,12,3,212.68843,212.68843,37.661213,223.338787,223.338787,true,false,0
Wanliu,15,B3_R2,24,3,159.556135,159.556135,93.484764,167.515236,167.515236,true,false,0
Wanliu,15,GRU_R1,1,3,44.320089,44.320089,238.275208,22.724792,22.724792,true,false,0
Wanliu,15,GRU_R1,6,3,231.661414,231.661414,21.921143,239.078857,239.078857,true,false,0
Wanliu,15,GRU_R1,12,3,193.159297,193.159297,37.500187,223.499813,223.499813,true,false,0
Wanliu,15,GRU_R1,24,3,117.731951,117.731951,127.149406,133.850594,133.850594,true,false,0
Wanliu,15,B0,1,3,21.333333,21.333333,254.0,7.0,7.0,true,false,2
Wanliu,15,B0,6,3,236.666667,236.666667,17.0,244.0,244.0,true,false,0
Wanliu,15,B0,12,3,172.666667,172.666667,33.0,228.0,228.0,true,false,0
Wanliu,15,B0,24,3,51.333333,51.333333,197.0,64.0,64.0,true,false,0
Wanliu,16,B3_R2,1,6,50.575638,17.324763,350.90329,28.09671,28.09671,true,false,5
Wanliu,16,B3_R2,6,6,128.738327,128.738327,247.24028,131.75972,131.75972,true,false,1
Wanliu,16,B3_R2,12,6,139.508962,139.508962,164.197617,214.802383,214.802383,true,false,0
Wanliu,16,B3_R2,24,6,177.886993,177.886993,146.844223,232.155777,232.155777,true,false,0
Wanliu,16,GRU_R1,1,6,62.662755,47.347173,312.087463,66.912537,66.912537,true,false,5
Wanliu,16,GRU_R1,6,6,170.258416,170.258416,192.519867,186.480133,186.480133,true,false,0
Wanliu,16,GRU_R1,12,6,191.759869,191.759869,125.332314,253.667686,253.667686,true,false,0
Wanliu,16,GRU_R1,24,6,166.297511,166.297511,133.275711,245.724289,245.724289,true,false,0
Wanliu,16,B0,1,6,47.833333,13.5,357.0,22.0,22.0,true,false,5
Wanliu,16,B0,6,6,184.833333,184.833333,188.0,191.0,191.0,true,false,0
Wanliu,16,B0,12,6,209.666667,209.666667,111.0,268.0,268.0,true,false,0
Wanliu,16,B0,24,6,170.333333,170.333333,133.0,246.0,246.0,true,false,0
Wanliu,17,B3_R2,1,7,9.96793,8.116089,262.550171,6.449829,6.449829,true,false,6
Wanliu,17,B3_R2,6,7,97.486186,92.453751,219.928818,49.071182,49.071182,true,true,1
Wanliu,17,B3_R2,12,7,93.676355,93.676355,200.475021,68.524979,68.524979,true,false,0
Wanliu,17,B3_R2,24,7,143.186541,143.186541,108.92981,160.07019,160.07019,true,false,0
Wanliu,17,GRU_R1,1,7,12.656751,7.670135,260.631805,8.368195,8.368195,true,false,5
Wanliu,17,GRU_R1,6,7,54.961696,46.550511,258.156189,10.843811,10.843811,true,true,2
Wanliu,17,GRU_R1,12,7,36.040998,31.093079,279.708923,-10.708923,10.708923,false,false,4
Wanliu,17,GRU_R1,24,7,141.891399,141.891399,109.825539,159.174461,159.174461,true,false,0
Wanliu,17,B0,1,7,8.857143,4.571429,263.0,6.0,6.0,true,false,6
Wanliu,17,B0,6,7,45.142857,10.571429,268.0,1.0,1.0,true,true,3
Wanliu,17,B0,12,7,75.428571,-32.285714,379.0,-110.0,110.0,false,false,5
Wanliu,17,B0,24,7,144.142857,144.142857,111.0,158.0,158.0,true,false,0
Wanliu,18,B3_R2,1,1,45.590805,45.590805,212.409195,45.590805,45.590805,true,false,0
Wanliu,18,B3_R2,6,1,28.283218,28.283218,229.716782,28.283218,28.283218,true,false,0
Wanliu,18,B3_R2,12,1,124.689606,124.689606,133.310394,124.689606,124.689606,true,false,0
Wanliu,18,B3_R2,24,1,150.689354,150.689354,107.310646,150.689354,150.689354,true,false,0
Wanliu,18,GRU_R1,1,1,52.237946,52.237946,205.762054,52.237946,52.237946,true,false,0
Wanliu,18,GRU_R1,6,1,23.263947,23.263947,234.736053,23.263947,23.263947,true,false,0
Wanliu,18,GRU_R1,12,1,107.620361,107.620361,150.379639,107.620361,107.620361,true,false,0
Wanliu,18,GRU_R1,24,1,139.675476,139.675476,118.324524,139.675476,139.675476,true,false,0
Wanliu,18,B0,1,1,44.0,44.0,214.0,44.0,44.0,true,false,0
Wanliu,18,B0,6,1,5.0,5.0,253.0,5.0,5.0,true,true,1
Wanliu,18,B0,12,1,61.0,61.0,197.0,61.0,61.0,true,false,0
Wanliu,18,B0,24,1,159.0,159.0,99.0,159.0,159.0,true,false,0
Wanliu,19,B3_R2,1,10,16.834122,7.232443,402.97522,11.02478,11.02478,true,false,9
Wanliu,19,B3_R2,6,10,92.328979,90.358075,270.525909,143.474091,143.474091,true,false,5
Wanliu,19,B3_R2,12,10,134.602496,134.602496,229.84111,184.15889,184.15889,true,false,0
Wanliu,19,B3_R2,24,10,215.683151,215.683151,131.359894,282.640106,282.640106,true,false,0
Wanliu,19,GRU_R1,1,10,39.076265,39.076265,339.564667,74.435333,74.435333,true,false,9
Wanliu,19,GRU_R1,6,10,95.792923,92.607596,239.428284,174.571716,174.571716,true,true,7
Wanliu,19,GRU_R1,12,10,101.374615,101.374615,261.065369,152.934631,152.934631,true,false,7
Wanliu,19,GRU_R1,24,10,122.513719,122.513719,271.809174,142.190826,142.190826,true,false,4
Wanliu,19,B0,1,10,28.3,9.1,410.0,4.0,4.0,true,false,9
Wanliu,19,B0,6,10,97.2,88.2,227.0,187.0,187.0,true,true,7
Wanliu,19,B0,12,10,89.9,88.9,262.0,152.0,152.0,true,false,8
Wanliu,19,B0,24,10,74.7,74.7,336.0,78.0,78.0,true,false,6
Wanliu,20,B3_R2,1,17,27.506029,10.706924,363.481842,54.518158,54.518158,true,false,16
Wanliu,20,B3_R2,6,17,93.079233,93.004903,242.969482,175.030518,175.030518,true,false,7
Wanliu,20,B3_R2,12,17,156.567966,156.567966,193.003204,224.996796,224.996796,true,false,0
Wanliu,20,B3_R2,24,17,211.381511,211.381511,124.720856,293.279144,293.279144,true,false,0
Wanliu,20,GRU_R1,1,17,46.914534,42.152603,323.612183,94.387817,94.387817,true,false,14
Wanliu,20,GRU_R1,6,17,103.809306,100.932027,252.130814,165.869186,165.869186,true,false,9
Wanliu,20,GRU_R1,12,17,172.230568,172.230568,141.038803,276.961197,276.961197,true,false,0
Wanliu,20,GRU_R1,24,17,196.086902,196.086902,131.062988,286.937012,286.937012,true,false,0
Wanliu,20,B0,1,17,31.352941,4.647059,378.0,40.0,40.0,true,false,16
Wanliu,20,B0,6,17,117.941176,62.647059,290.0,128.0,128.0,true,false,11
Wanliu,20,B0,12,17,171.411765,166.941176,122.0,296.0,296.0,true,false,5
Wanliu,20,B0,24,17,205.058824,205.058824,110.0,308.0,308.0,true,false,0
Wanliu,21,B3_R2,1,1,22.716522,22.716522,232.283478,22.716522,22.716522,true,false,0
Wanliu,21,B3_R2,6,1,152.93325,152.93325,102.06675,152.93325,152.93325,true,false,0
Wanliu,21,B3_R2,12,1,18.601242,18.601242,236.398758,18.601242,18.601242,true,false,0
Wanliu,21,B3_R2,24,1,143.702965,143.702965,111.297035,143.702965,143.702965,true,false,0
Wanliu,21,GRU_R1,1,1,24.040558,24.040558,230.959442,24.040558,24.040558,true,false,0
Wanliu,21,GRU_R1,6,1,171.013405,171.013405,83.986595,171.013405,171.013405,true,false,0
Wanliu,21,GRU_R1,12,1,20.797485,-20.797485,275.797485,-20.797485,20.797485,false,true,1
Wanliu,21,GRU_R1,24,1,13.377106,13.377106,241.622894,13.377106,13.377106,true,false,0
Wanliu,21,B0,1,1,11.0,11.0,244.0,11.0,11.0,true,false,0
Wanliu,21,B0,6,1,184.0,184.0,71.0,184.0,184.0,true,false,0
Wanliu,21,B0,12,1,62.0,-62.0,317.0,-62.0,62.0,false,true,1
Wanliu,21,B0,24,1,35.0,-35.0,290.0,-35.0,35.0,false,true,1
Wanliu,22,B3_R2,1,7,12.56922,-6.953275,261.795013,-1.795013,1.795013,false,false,6
Wanliu,22,B3_R2,6,7,85.216642,75.450102,109.64888,150.35112,150.35112,true,false,2
Wanliu,22,B3_R2,12,7,103.139365,103.139365,120.620201,139.379799,139.379799,true,false,0
Wanliu,22,B3_R2,24,7,137.992082,137.992082,90.659607,169.340393,169.340393,true,false,0
Wanliu,22,GRU_R1,1,7,16.452116,13.733784,224.344055,35.655945,35.655945,true,false,3
Wanliu,22,GRU_R1,6,7,101.14049,101.14049,114.24942,145.75058,145.75058,true,false,0
Wanliu,22,GRU_R1,12,7,127.60293,127.60293,138.410339,121.589661,121.589661,true,false,0
Wanliu,22,GRU_R1,24,7,72.374714,72.374714,162.129791,97.870209,97.870209,true,false,0
Wanliu,22,B0,1,7,7.571429,3.857143,248.0,12.0,12.0,true,false,6
Wanliu,22,B0,6,7,92.571429,92.285714,119.0,141.0,141.0,true,false,1
Wanliu,22,B0,12,7,122.857143,122.857143,151.0,109.0,109.0,true,false,0
Wanliu,22,B0,24,7,61.571429,61.571429,162.0,98.0,98.0,true,false,0
Wanliu,23,B3_R2,1,5,9.333585,-7.911008,280.50946,-11.50946,11.50946,false,true,5
Wanliu,23,B3_R2,6,5,27.580484,-9.472531,302.98056,-33.98056,33.98056,false,false,4
Wanliu,23,B3_R2,12,5,85.491986,85.491986,204.178375,64.821625,64.821625,true,false,0
Wanliu,23,B3_R2,24,5,177.022928,177.022928,95.426117,173.573883,173.573883,true,false,0
Wanliu,23,GRU_R1,1,5,5.165466,3.95719,267.281891,1.718109,1.718109,true,false,4
Wanliu,23,GRU_R1,6,5,33.27413,33.27413,233.169205,35.830795,35.830795,true,false,0
Wanliu,23,GRU_R1,12,5,76.000702,76.000702,203.893951,65.106049,65.106049,true,false,0
Wanliu,23,GRU_R1,24,5,52.845364,52.845364,195.14328,73.85672,73.85672,true,false,0
Wanliu,23,B0,1,5,7.0,4.6,266.0,3.0,3.0,true,false,4
Wanliu,23,B0,6,5,28.0,28.0,234.0,35.0,35.0,true,false,0
Wanliu,23,B0,12,5,80.4,80.4,207.0,62.0,62.0,true,false,0
Wanliu,23,B0,24,5,16.8,14.8,247.0,22.0,22.0,true,true,4
Wanliu,24,B3_R2,1,3,18.518321,18.518321,266.349884,4.650116,4.650116,true,false,2
Wanliu,24,B3_R2,6,3,102.597804,102.597804,184.099319,86.900681,86.900681,true,false,0
Wanliu,24,B3_R2,12,3,164.462527,164.462527,102.922821,168.077179,168.077179,true,false,0
Wanliu,24,B3_R2,24,3,240.261069,240.261069,16.237991,254.762009,254.762009,true,false,0
Wanliu,24,GRU_R1,1,3,30.109533,30.109533,258.241455,12.758545,12.758545,true,false,1
Wanliu,24,GRU_R1,6,3,64.652903,64.652903,210.188828,60.811172,60.811172,true,false,0
Wanliu,24,GRU_R1,12,3,86.684947,86.684947,183.187622,87.812378,87.812378,true,false,0
Wanliu,24,GRU_R1,24,3,68.998515,68.998515,197.075226,73.924774,73.924774,true,false,0
Wanliu,24,B0,1,3,12.666667,12.666667,269.0,2.0,2.0,true,false,2
Wanliu,24,B0,6,3,66.0,66.0,210.0,61.0,61.0,true,false,0
Wanliu,24,B0,12,3,50.666667,50.666667,223.0,48.0,48.0,true,false,0
Wanliu,24,B0,24,3,39.333333,39.333333,228.0,43.0,43.0,true,false,0
Wanliu,25,B3_R2,1,4,25.396828,2.245003,297.528381,28.471619,28.471619,true,true,4
Wanliu,25,B3_R2,6,4,32.140846,28.020241,244.361496,81.638504,81.638504,true,true,4
Wanliu,25,B3_R2,12,4,146.61511,146.61511,101.409386,224.590614,224.590614,true,false,0
Wanliu,25,B3_R2,24,4,218.245697,218.245697,67.967148,258.032852,258.032852,true,false,0
Wanliu,25,GRU_R1,1,4,26.502102,11.407223,283.837555,42.162445,42.162445,true,true,4
Wanliu,25,GRU_R1,6,4,91.968464,91.968464,178.262726,147.737274,147.737274,true,false,0
Wanliu,25,GRU_R1,12,4,84.704678,84.704678,208.319305,117.680695,117.680695,true,false,0
Wanliu,25,GRU_R1,24,4,68.922623,68.922623,217.911194,108.088806,108.088806,true,false,0
Wanliu,25,B0,1,4,34.0,10.0,291.0,35.0,35.0,true,false,3
Wanliu,25,B0,6,4,94.0,94.0,171.0,155.0,155.0,true,false,0
Wanliu,25,B0,12,4,63.0,63.0,233.0,93.0,93.0,true,false,1
Wanliu,25,B0,24,4,41.0,36.5,263.0,63.0,63.0,true,true,3
Wanliu,26,B3_R2,1,13,81.365606,21.308712,449.654816,86.345184,86.345184,true,false,12
Wanliu,26,B3_R2,6,13,161.691575,157.045697,274.494385,261.505615,261.505615,true,true,7
Wanliu,26,B3_R2,12,13,259.718372,259.718372,99.443344,436.556656,436.556656,true,false,0
Wanliu,26,B3_R2,24,13,342.976727,342.976727,93.75824,442.24176,442.24176,true,false,0
Wanliu,26,GRU_R1,1,13,87.016137,78.034152,339.831665,196.168335,196.168335,true,false,11
Wanliu,26,GRU_R1,6,13,125.88984,114.518079,297.621277,238.378723,238.378723,true,true,9
Wanliu,26,GRU_R1,12,13,173.868229,173.868229,184.429825,351.570175,351.570175,true,false,2
Wanliu,26,GRU_R1,24,13,193.419128,193.419128,177.290344,358.709656,358.709656,true,false,0
Wanliu,26,B0,1,13,79.615385,9.153846,458.0,78.0,78.0,true,false,12
Wanliu,26,B0,6,13,106.615385,58.769231,342.0,194.0,194.0,true,true,10
Wanliu,26,B0,12,13,146.538462,146.538462,219.0,317.0,317.0,true,false,5
Wanliu,26,B0,24,13,170.692308,168.692308,216.0,320.0,320.0,true,false,3
Wanliu,27,B3_R2,1,33,26.634517,7.66055,423.677795,59.322205,59.322205,true,true,33
Wanliu,27,B3_R2,6,33,84.269981,84.269981,316.880096,166.119904,166.119904,true,true,33
Wanliu,27,B3_R2,12,33,233.778985,233.778985,201.940659,281.059341,281.059341,true,false,0
Wanliu,27,B3_R2,24,33,332.427781,332.427781,49.94846,433.05154,433.05154,true,false,0
Wanliu,27,GRU_R1,1,33,67.643128,67.643128,314.68634,168.31366,168.31366,true,false,32
Wanliu,27,GRU_R1,6,33,90.968246,90.968246,329.366852,153.633148,153.633148,true,false,30
Wanliu,27,GRU_R1,12,33,99.324876,99.324876,317.930054,165.069946,165.069946,true,true,30
Wanliu,27,GRU_R1,24,33,122.072082,122.072082,235.039276,247.960724,247.960724,true,false,23
Wanliu,27,B0,1,33,26.727273,4.060606,399.0,84.0,84.0,true,false,32
Wanliu,27,B0,6,33,53.30303,9.424242,458.0,25.0,25.0,true,true,31
Wanliu,27,B0,12,33,52.151515,6.272727,428.0,55.0,55.0,true,true,31
Wanliu,27,B0,24,33,81.636364,44.969697,238.0,245.0,245.0,true,false,26
Wanliu,28,B3_R2,1,2,69.292397,69.292397,310.011597,19.988403,19.988403,true,false,1
Wanliu,28,B3_R2,6,2,219.706356,219.706356,97.456947,232.543053,232.543053,true,false,0
Wanliu,28,B3_R2,12,2,227.688007,227.688007,92.016678,237.983322,237.983322,true,false,0
Wanliu,28,B3_R2,24,2,266.511108,266.511108,59.912136,270.087864,270.087864,true,false,0
Wanliu,28,GRU_R1,1,2,89.7472,89.7472,272.754364,57.245636,57.245636,true,false,1
Wanliu,28,GRU_R1,6,2,219.588921,219.588921,107.931808,222.068192,222.068192,true,false,0
Wanliu,28,GRU_R1,12,2,224.577705,224.577705,103.441826,226.558174,226.558174,true,false,0
Wanliu,28,GRU_R1,24,2,259.434595,259.434595,65.397156,264.602844,264.602844,true,false,0
Wanliu,28,B0,1,2,64.0,64.0,311.0,19.0,19.0,true,false,1
Wanliu,28,B0,6,2,245.0,245.0,85.0,245.0,245.0,true,false,0
Wanliu,28,B0,12,2,277.5,277.5,52.0,278.0,278.0,true,false,0
Wanliu,28,B0,24,2,304.0,304.0,18.0,312.0,312.0,true,false,0
Wanliu,29,B3_R2,1,8,28.004799,1.614395,342.434052,1.565948,1.565948,true,false,7
Wanliu,29,B3_R2,6,8,140.097736,140.097736,194.44136,149.55864,149.55864,true,false,0
Wanliu,29,B3_R2,12,8,148.445392,148.445392,186.560745,157.439255,157.439255,true,false,0
Wanliu,29,B3_R2,24,8,185.317179,185.317179,146.598572,197.401428,197.401428,true,false,0
Wanliu,29,GRU_R1,1,8,48.104265,38.434175,299.183167,44.816833,44.816833,true,false,6
Wanliu,29,GRU_R1,6,8,141.032887,140.822041,160.267822,183.732178,183.732178,true,false,1
Wanliu,29,GRU_R1,12,8,172.453914,172.453914,133.086548,210.913452,210.913452,true,false,0
Wanliu,29,GRU_R1,24,8,145.641505,145.352984,167.093994,176.906006,176.906006,true,false,1
Wanliu,29,B0,1,8,33.875,9.125,335.0,9.0,9.0,true,false,7
Wanliu,29,B0,6,8,159.625,146.875,137.0,207.0,207.0,true,false,2
Wanliu,29,B0,12,8,198.875,198.875,115.0,229.0,229.0,true,false,0
Wanliu,29,B0,24,8,174.5,158.0,140.0,204.0,204.0,true,false,1
Wanliu,30,B3_R2,1,41,20.597394,9.482051,504.095581,56.904419,56.904419,true,false,40
Wanliu,30,B3_R2,6,41,149.088411,149.088411,298.049469,262.950531,262.950531,true,false,34
Wanliu,30,B3_R2,12,41,272.070933,272.070933,161.107651,399.892349,399.892349,true,false,2
Wanliu,30,B3_R2,24,41,344.925188,344.925188,74.910446,486.089554,486.089554,true,false,0
Wanliu,30,GRU_R1,1,41,101.162441,101.162441,365.088043,195.911957,195.911957,true,false,40
Wanliu,30,GRU_R1,6,41,130.658959,130.658959,318.436951,242.563049,242.563049,true,false,35
Wanliu,30,GRU_R1,12,41,164.727493,164.727493,317.89917,243.10083,243.10083,true,false,28
Wanliu,30,GRU_R1,24,41,203.534691,203.534691,236.835007,324.164993,324.164993,true,false,20
Wanliu,30,B0,1,41,17.756098,2.487805,536.0,25.0,25.0,true,false,40
Wanliu,30,B0,6,41,76.097561,31.463415,408.0,153.0,153.0,true,false,35
Wanliu,30,B0,12,41,107.560976,73.365854,453.0,108.0,108.0,true,true,30
Wanliu,30,B0,24,41,157.268293,146.682927,283.0,278.0,278.0,true,false,25
Wanliu,31,B3_R2,1,1,20.619293,20.619293,238.380707,20.619293,20.619293,true,false,0
Wanliu,31,B3_R2,6,1,213.689796,213.689796,45.310204,213.689796,213.689796,true,false,0
Wanliu,31,B3_R2,12,1,187.814034,187.814034,71.185966,187.814034,187.814034,true,false,0
Wanliu,31,B3_R2,24,1,152.987221,152.987221,106.012779,152.987221,152.987221,true,false,0
Wanliu,31,GRU_R1,1,1,53.005524,53.005524,205.994476,53.005524,53.005524,true,false,0
Wanliu,31,GRU_R1,6,1,225.277374,225.277374,33.722626,225.277374,225.277374,true,false,0
Wanliu,31,GRU_R1,12,1,43.484863,-43.484863,302.484863,-43.484863,43.484863,false,true,1
Wanliu,31,GRU_R1,24,1,73.569122,-73.569122,332.569122,-73.569122,73.569122,false,true,1
Wanliu,31,B0,1,1,38.0,38.0,221.0,38.0,38.0,true,false,0
Wanliu,31,B0,6,1,231.0,231.0,28.0,231.0,231.0,true,false,0
Wanliu,31,B0,12,1,144.0,-144.0,403.0,-144.0,144.0,false,true,1
Wanliu,31,B0,24,1,293.0,-293.0,552.0,-293.0,293.0,false,true,1
Wanliu,32,B3_R2,1,3,15.043772,0.106089,246.275208,22.724792,22.724792,true,true,3
Wanliu,32,B3_R2,6,3,115.457291,115.457291,164.464661,104.535339,104.535339,true,false,0
Wanliu,32,B3_R2,12,3,139.879389,139.879389,124.739212,144.260788,144.260788,true,false,0
Wanliu,32,B3_R2,24,3,155.55422,155.55422,102.390388,166.609612,166.609612,true,false,0
Wanliu,32,GRU_R1,1,3,13.751658,5.750519,239.746735,29.253265,29.253265,true,false,2
Wanliu,32,GRU_R1,6,3,101.48998,101.48998,163.761505,105.238495,105.238495,true,false,0
Wanliu,32,GRU_R1,12,3,72.444178,72.444178,168.989914,100.010086,100.010086,true,false,0
Wanliu,32,GRU_R1,24,3,43.180735,-43.180735,288.960205,-19.960205,19.960205,false,true,3
Wanliu,32,B0,1,3,18.0,2.666667,238.0,31.0,31.0,true,false,2
Wanliu,32,B0,6,3,116.666667,116.666667,157.0,112.0,112.0,true,false,0
Wanliu,32,B0,12,3,44.333333,35.666667,188.0,81.0,81.0,true,false,1
Wanliu,32,B0,24,3,171.0,-171.0,445.0,-176.0,176.0,false,true,3
Wanliu,33,B3_R2,1,21,36.360613,22.40471,514.517944,70.482056,70.482056,true,false,20
Wanliu,33,B3_R2,6,21,177.976715,177.976715,299.880859,285.119141,285.119141,true,false,14
Wanliu,33,B3_R2,12,21,274.705884,274.705884,174.56987,410.43013,410.43013,true,false,0
Wanliu,33,B3_R2,24,21,307.799048,307.799048,159.530426,425.469574,425.469574,true,false,0
Wanliu,33,GRU_R1,1,21,99.767536,98.957838,365.327179,219.672821,219.672821,true,false,20
Wanliu,33,GRU_R1,6,21,144.509334,138.851741,338.762207,246.237793,246.237793,true,false,15
Wanliu,33,GRU_R1,12,21,195.13483,194.484445,195.133179,389.866821,389.866821,true,false,9
Wanliu,33,GRU_R1,24,21,253.902332,253.902332,232.123474,352.876526,352.876526,true,false,0
Wanliu,33,B0,1,21,41.714286,7.428571,548.0,37.0,37.0,true,false,20
Wanliu,33,B0,6,21,136.380952,47.238095,469.0,116.0,116.0,true,false,15
Wanliu,33,B0,12,21,185.333333,134.571429,193.0,392.0,392.0,true,false,9
Wanliu,33,B0,24,21,229.619048,229.619048,260.0,325.0,325.0,true,false,3
Wanliu,34,B3_R2,1,9,40.332531,6.367382,479.705109,14.294891,14.294891,true,false,8
Wanliu,34,B3_R2,6,9,133.985694,133.677711,245.204453,248.795547,248.795547,true,false,5
Wanliu,34,B3_R2,12,9,215.038214,215.038214,220.52504,273.47496,273.47496,true,false,0
Wanliu,34,B3_R2,24,9,294.435894,294.435894,107.512161,386.487839,386.487839,true,false,0
Wanliu,34,GRU_R1,1,9,88.863595,82.717524,356.246521,137.753479,137.753479,true,false,8
Wanliu,34,GRU_R1,6,9,162.138772,162.138772,174.425812,319.574188,319.574188,true,true,6
Wanliu,34,GRU_R1,12,9,97.428457,86.454186,296.838196,197.161804,197.161804,true,true,9
Wanliu,34,GRU_R1,24,9,86.743027,86.743027,329.92746,164.07254,164.07254,true,true,9
Wanliu,34,B0,1,9,48.888889,12.0,467.0,27.0,27.0,true,false,8
Wanliu,34,B0,6,9,126.444444,118.222222,220.0,274.0,274.0,true,true,6
Wanliu,34,B0,12,9,119.777778,-9.555556,359.0,135.0,135.0,true,true,9
Wanliu,34,B0,24,9,38.666667,-23.777778,496.0,-2.0,2.0,false,true,9
Wanliu,35,B3_R2,1,5,32.180743,13.367865,298.173737,21.826263,21.826263,true,false,4
Wanliu,35,B3_R2,6,5,106.80556,106.80556,210.883896,109.116104,109.116104,true,true,1
Wanliu,35,B3_R2,12,5,118.981512,118.981512,179.528732,140.471268,140.471268,true,false,0
Wanliu,35,B3_R2,24,5,172.836049,172.836049,98.621941,221.378059,221.378059,true,false,0
Wanliu,35,GRU_R1,1,5,48.524503,48.524503,253.405151,66.594849,66.594849,true,false,3
Wanliu,35,GRU_R1,6,5,86.588336,72.680304,278.346283,41.653717,41.653717,true,true,2
Wanliu,35,GRU_R1,12,5,42.854425,-0.745697,259.695953,60.304047,60.304047,true,true,5
Wanliu,35,GRU_R1,24,5,24.476172,-24.476172,323.609253,-3.609253,3.609253,false,true,5
Wanliu,35,B0,1,5,38.0,8.0,296.0,24.0,24.0,true,false,4
Wanliu,35,B0,6,5,84.2,15.8,328.0,-8.0,8.0,false,true,2
Wanliu,35,B0,12,5,109.8,-109.8,327.0,-7.0,7.0,false,true,5
Wanliu,35,B0,24,5,141.8,-141.8,471.0,-151.0,151.0,false,true,5
Wanliu,36,B3_R2,1,8,11.523544,7.402916,248.14299,17.85701,17.85701,true,false,5
Wanliu,36,B3_R2,6,8,47.953869,47.953869,212.246506,53.753494,53.753494,true,false,0
Wanliu,36,B3_R2,12,8,81.244802,81.244802,184.2034,81.7966,81.7966,true,false,0
Wanliu,36,B3_R2,24,8,69.994108,69.994108,187.652664,78.347336,78.347336,true,false,0
Wanliu,36,GRU_R1,1,8,15.547358,8.41427,246.364563,19.635437,19.635437,true,false,5
Wanliu,36,GRU_R1,6,8,31.615637,31.615637,218.390076,47.609924,47.609924,true,false,0
Wanliu,36,GRU_R1,12,8,50.40107,50.40107,203.891876,62.108124,62.108124,true,false,0
Wanliu,36,GRU_R1,24,8,94.002098,94.002098,155.524887,110.475113,110.475113,true,false,0
Wanliu,36,B0,1,8,11.0,3.75,245.0,21.0,21.0,true,false,7
Wanliu,36,B0,6,8,35.375,31.125,196.0,70.0,70.0,true,false,2
Wanliu,36,B0,12,8,77.625,77.625,157.0,109.0,109.0,true,false,0
Wanliu,36,B0,24,8,104.625,104.625,144.0,122.0,122.0,true,false,0
Wanliu,37,B3_R2,1,1,9.099014,9.099014,236.900986,9.099014,9.099014,true,false,0
Wanliu,37,B3_R2,6,1,30.873291,30.873291,215.126709,30.873291,30.873291,true,false,0
Wanliu,37,B3_R2,12,1,95.432205,95.432205,150.567795,95.432205,95.432205,true,false,0
Wanliu,37,B3_R2,24,1,85.072922,85.072922,160.927078,85.072922,85.072922,true,false,0
Wanliu,37,GRU_R1,1,1,19.899109,19.899109,226.100891,19.899109,19.899109,true,false,0
Wanliu,37,GRU_R1,6,1,3.712769,-3.712769,249.712769,-3.712769,3.712769,false,true,1
Wanliu,37,GRU_R1,12,1,38.478363,38.478363,207.521637,38.478363,38.478363,true,false,0
Wanliu,37,GRU_R1,24,1,89.013245,89.013245,156.986755,89.013245,89.013245,true,false,0
Wanliu,37,B0,1,1,10.0,10.0,236.0,10.0,10.0,true,false,0
Wanliu,37,B0,6,1,17.0,-17.0,263.0,-17.0,17.0,false,true,1
Wanliu,37,B0,12,1,27.0,27.0,219.0,27.0,27.0,true,false,0
Wanliu,37,B0,24,1,100.0,100.0,146.0,100.0,100.0,true,false,0
Wanliu,38,B3_R2,1,15,64.566211,40.869047,488.676514,136.323486,136.323486,true,false,14
Wanliu,38,B3_R2,6,15,234.738582,234.738582,222.872757,402.127243,402.127243,true,false,4
Wanliu,38,B3_R2,12,15,322.225624,322.225624,84.233017,540.766983,540.766983,true,false,0
Wanliu,38,B3_R2,24,15,346.092639,346.092639,63.489269,561.510731,561.510731,true,false,0
Wanliu,38,GRU_R1,1,15,102.812917,101.192605,363.578003,261.421997,261.421997,true,false,13
Wanliu,38,GRU_R1,6,15,206.75772,187.219232,254.088486,370.911514,370.911514,true,false,8
Wanliu,38,GRU_R1,12,15,297.563868,297.563868,87.703232,537.296768,537.296768,true,false,1
Wanliu,38,GRU_R1,24,15,360.90254,360.90254,57.424938,567.575062,567.575062,true,false,0
Wanliu,38,B0,1,15,63.0,5.666667,568.0,57.0,57.0,true,false,14
Wanliu,38,B0,6,15,229.8,111.8,331.0,294.0,294.0,true,false,9
Wanliu,38,B0,12,15,314.533333,299.466667,58.0,567.0,567.0,true,false,3
Wanliu,38,B0,24,15,401.266667,401.266667,4.0,621.0,621.0,true,false,0
Wanliu,39,B3_R2,1,5,9.448477,2.488351,251.761719,19.238281,19.238281,true,false,4
Wanliu,39,B3_R2,6,5,21.332642,20.739014,212.132187,58.867813,58.867813,true,false,2
Wanliu,39,B3_R2,12,5,87.710251,87.710251,173.923279,97.076721,97.076721,true,false,0
Wanliu,39,B3_R2,24,5,131.019867,131.019867,131.569565,139.430435,139.430435,true,false,0
Wanliu,39,GRU_R1,1,5,14.360007,-7.484891,253.81221,17.18779,17.18779,true,true,5
Wanliu,39,GRU_R1,6,5,40.839847,37.304263,201.35321,69.64679,69.64679,true,false,1
Wanliu,39,GRU_R1,12,5,34.842792,-12.684723,294.202087,-23.202087,23.202087,false,true,3
Wanliu,39,GRU_R1,24,5,46.808755,43.524936,184.997253,86.002747,86.002747,true,false,2
Wanliu,39,B0,1,5,13.0,3.4,245.0,26.0,26.0,true,false,4
Wanliu,39,B0,6,5,33.0,33.0,224.0,47.0,47.0,true,false,0
Wanliu,39,B0,12,5,79.4,-79.4,347.0,-76.0,76.0,false,true,5
Wanliu,39,B0,24,5,73.6,9.2,189.0,82.0,82.0,true,false,3
Wanliu,40,B3_R2,1,6,23.799845,1.362681,336.541351,15.458649,15.458649,true,true,6
Wanliu,40,B3_R2,6,6,98.191231,98.191231,228.426361,123.573639,123.573639,true,false,0
Wanliu,40,B3_R2,12,6,152.532405,152.532405,126.589386,225.410614,225.410614,true,false,0
Wanliu,40,B3_R2,24,6,199.288221,199.288221,99.412575,252.587425,252.587425,true,false,0
Wanliu,40,GRU_R1,1,6,34.891144,31.691366,295.767639,56.232361,56.232361,true,false,4
Wanliu,40,GRU_R1,6,6,122.220133,122.220133,189.703674,162.296326,162.296326,true,false,0
Wanliu,40,GRU_R1,12,6,177.085684,177.085684,114.044769,237.955231,237.955231,true,false,0
Wanliu,40,GRU_R1,24,6,154.682378,154.682378,149.789673,202.210327,202.210327,true,false,0
Wanliu,40,B0,1,6,30.666667,5.666667,328.0,24.0,24.0,true,false,5
Wanliu,40,B0,6,6,134.166667,134.166667,176.0,176.0,176.0,true,false,0
Wanliu,40,B0,12,6,200.833333,200.833333,99.0,253.0,253.0,true,false,0
Wanliu,40,B0,24,6,169.333333,169.333333,143.0,209.0,209.0,true,false,0
Wanliu,41,B3_R2,1,10,12.486804,9.17088,276.584259,32.415741,32.415741,true,false,8
Wanliu,41,B3_R2,6,10,93.689819,93.689819,136.580505,172.419495,172.419495,true,true,1
Wanliu,41,B3_R2,12,10,136.982298,136.982298,148.159134,160.840866,160.840866,true,false,0
Wanliu,41,B3_R2,24,10,208.572084,208.572084,73.081482,235.918518,235.918518,true,false,0
Wanliu,41,GRU_R1,1,10,26.02581,25.49976,252.270721,56.729279,56.729279,true,false,7
Wanliu,41,GRU_R1,6,10,66.089316,58.617795,204.161652,104.838348,104.838348,true,true,4
Wanliu,41,GRU_R1,12,10,68.405568,68.405568,208.801727,100.198273,100.198273,true,false,3
Wanliu,41,GRU_R1,24,10,164.504041,164.504041,111.391296,197.608704,197.608704,true,false,0
Wanliu,41,B0,1,10,12.1,2.7,280.0,29.0,29.0,true,false,9
Wanliu,41,B0,6,10,46.8,2.6,277.0,32.0,32.0,true,true,7
Wanliu,41,B0,12,10,51.1,14.3,243.0,66.0,66.0,true,false,6
Wanliu,41,B0,24,10,177.6,177.6,102.0,207.0,207.0,true,false,0
Wanliu,42,B3_R2,1,5,23.068765,17.006729,320.186646,30.813354,30.813354,true,false,4
Wanliu,42,B3_R2,6,5,85.032071,85.032071,237.648697,113.351303,113.351303,true,false,1
Wanliu,42,B3_R2,12,5,147.454398,147.454398,179.604919,171.395081,171.395081,true,false,0
Wanliu,42,B3_R2,24,5,278.053438,278.053438,33.199123,317.800877,317.800877,true,false,0
Wanliu,42,GRU_R1,1,5,39.083923,39.083923,289.297852,61.702148,61.702148,true,false,4
Wanliu,42,GRU_R1,6,5,69.307928,69.307928,258.698883,92.301117,92.301117,true,true,2
Wanliu,42,GRU_R1,12,5,93.608145,93.608145,249.630585,101.369415,101.369415,true,false,2
Wanliu,42,GRU_R1,24,5,125.708975,125.708975,213.126221,137.873779,137.873779,true,false,0
Wanliu,42,B0,1,5,26.6,18.6,310.0,41.0,41.0,true,false,4
Wanliu,42,B0,6,5,38.4,38.4,279.0,72.0,72.0,true,true,5
Wanliu,42,B0,12,5,40.2,40.2,309.0,42.0,42.0,true,false,4
Wanliu,42,B0,24,5,111.2,111.2,243.0,108.0,108.0,true,false,1
Wanliu,43,B3_R2,1,15,8.310518,-5.706085,282.389404,-7.389404,7.389404,false,true,15
Wanliu,43,B3_R2,6,15,14.320985,-0.655415,276.516998,-1.516998,1.516998,false,false,11
Wanliu,43,B3_R2,12,15,16.798367,8.342817,257.807159,17.192841,17.192841,true,false,9
Wanliu,43,B3_R2,24,15,26.584852,26.584852,256.026245,18.973755,18.973755,true,false,5
Wanliu,43,GRU_R1,1,15,7.543801,0.155389,281.581177,-6.581177,6.581177,false,false,13
Wanliu,43,GRU_R1,6,15,18.209453,15.989877,234.665909,40.334091,40.334091,true,false,8
Wanliu,43,GRU_R1,12,15,39.37539,39.37539,235.444794,39.555206,39.555206,true,false,1
Wanliu,43,GRU_R1,24,15,55.231862,55.231862,197.472977,77.527023,77.527023,true,false,0
Wanliu,43,B0,1,15,5.8,1.133333,268.0,7.0,7.0,true,false,14
Wanliu,43,B0,6,15,14.6,12.6,245.0,30.0,30.0,true,false,9
Wanliu,43,B0,12,15,29.666667,29.666667,227.0,48.0,48.0,true,false,3
Wanliu,43,B0,24,15,50.666667,50.666667,201.0,74.0,74.0,true,false,0
Wanliu,44,B3_R2,1,3,5.099604,0.62763,250.297119,5.702881,5.702881,true,true,3
Wanliu,44,B3_R2,6,3,21.142115,21.142115,239.471268,16.528732,16.528732,true,false,0
Wanliu,44,B3_R2,12,3,24.752762,24.752762,243.58696,12.41304,12.41304,true,false,1
Wanliu,44,B3_R2,24,3,80.184957,80.184957,169.578796,86.421204,86.421204,true,false,0
Wanliu,44,GRU_R1,1,3,15.826787,15.826787,249.227615,6.772385,6.772385,true,true,1
Wanliu,44,GRU_R1,6,3,9.329661,8.504222,252.181595,3.818405,3.818405,true,true,2
Wanliu,44,GRU_R1,12,3,7.134918,5.448985,237.215118,18.784882,18.784882,true,false,2
Wanliu,44,GRU_R1,24,3,42.136785,42.136785,198.110565,57.889435,57.889435,true,false,0
Wanliu,44,B0,1,3,4.666667,-4.666667,261.0,-5.0,5.0,false,true,3
Wanliu,44,B0,6,3,13.0,-13.0,266.0,-10.0,10.0,false,true,3
Wanliu,44,B0,12,3,14.666667,-13.333333,254.0,2.0,2.0,true,true,3
Wanliu,44,B0,24,3,29.666667,29.666667,220.0,36.0,36.0,true,false,0
Wanshouxigong,1,B3_R2,1,1,16.050217,16.050217,230.949783,16.050217,16.050217,true,false,0
Wanshouxigong,1,B3_R2,6,1,94.2836,94.2836,152.7164,94.2836,94.2836,true,false,0
Wanshouxigong,1,B3_R2,12,1,99.69162,99.69162,147.30838,99.69162,99.69162,true,false,0
Wanshouxigong,1,B3_R2,24,1,116.913818,116.913818,130.086182,116.913818,116.913818,true,false,0
Wanshouxigong,1,GRU_R1,1,1,14.732147,14.732147,232.267853,14.732147,14.732147,true,false,0
Wanshouxigong,1,GRU_R1,6,1,57.601395,57.601395,189.398605,57.601395,57.601395,true,false,0
Wanshouxigong,1,GRU_R1,12,1,94.895645,94.895645,152.104355,94.895645,94.895645,true,false,0
Wanshouxigong,1,GRU_R1,24,1,109.948395,109.948395,137.051605,109.948395,109.948395,true,false,0
Wanshouxigong,1,B0,1,1,15.0,15.0,232.0,15.0,15.0,true,false,0
Wanshouxigong,1,B0,6,1,75.0,75.0,172.0,75.0,75.0,true,false,0
Wanshouxigong,1,B0,12,1,126.0,126.0,121.0,126.0,126.0,true,false,0
Wanshouxigong,1,B0,24,1,149.0,149.0,98.0,149.0,149.0,true,false,0
Wanshouxigong,2,B3_R2,1,36,11.617133,5.164922,368.306549,21.693451,21.693451,true,true,36
Wanshouxigong,2,B3_R2,6,36,50.669536,49.042369,306.475769,83.524231,83.524231,true,false,31
Wanshouxigong,2,B3_R2,12,36,122.864481,122.864481,252.98674,137.01326,137.01326,true,false,6
Wanshouxigong,2,B3_R2,24,36,215.395229,215.395229,112.935188,277.064812,277.064812,true,false,0
Wanshouxigong,2,GRU_R1,1,36,30.193388,29.316788,324.714478,65.285522,65.285522,true,false,35
Wanshouxigong,2,GRU_R1,6,36,56.691853,53.469676,298.564941,91.435059,91.435059,true,false,30
Wanshouxigong,2,GRU_R1,12,36,81.475264,80.786251,270.019073,119.980927,119.980927,true,false,22
Wanshouxigong,2,GRU_R1,24,36,112.882539,112.882539,158.792633,231.207367,231.207367,true,false,11
Wanshouxigong,2,B0,1,36,12.833333,2.555556,375.0,15.0,15.0,true,false,35
Wanshouxigong,2,B0,6,36,48.472222,16.027778,358.0,32.0,32.0,true,false,30
Wanshouxigong,2,B0,12,36,79.833333,41.777778,320.0,70.0,70.0,true,false,24
Wanshouxigong,2,B0,24,36,112.555556,97.166667,146.0,244.0,244.0,true,false,12
Wanshouxigong,3,B3_R2,1,2,21.876495,-0.239838,256.363342,21.636658,21.636658,true,true,2
Wanshouxigong,3,B3_R2,6,2,67.889236,67.889236,225.678116,52.321884,52.321884,true,false,0
Wanshouxigong,3,B3_R2,12,2,123.035896,123.035896,148.344376,129.655624,129.655624,true,false,0
Wanshouxigong,3,B3_R2,24,2,134.563797,134.563797,142.41066,135.58934,135.58934,true,false,0
Wanshouxigong,3,GRU_R1,1,2,12.926445,12.687126,252.386429,25.613571,25.613571,true,true,2
Wanshouxigong,3,GRU_R1,6,2,55.271088,55.271088,211.900787,66.099213,66.099213,true,false,0
Wanshouxigong,3,GRU_R1,12,2,70.677711,70.677711,195.05838,82.94162,82.94162,true,false,0
Wanshouxigong,3,GRU_R1,24,2,112.088341,112.088341,164.343063,113.656937,113.656937,true,false,0
Wanshouxigong,3,B0,1,2,22.5,11.5,244.0,34.0,34.0,true,false,1
Wanshouxigong,3,B0,6,2,57.5,57.5,210.0,68.0,68.0,true,false,0
Wanshouxigong,3,B0,12,2,42.5,42.5,231.0,47.0,47.0,true,false,0
Wanshouxigong,3,B0,24,2,143.5,143.5,129.0,149.0,149.0,true,false,0
Wanshouxigong,4,B3_R2,1,10,16.758607,1.48741,313.142334,15.857666,15.857666,true,false,9
Wanshouxigong,4,B3_R2,6,10,49.201309,45.419431,226.423218,102.576782,102.576782,true,false,5
Wanshouxigong,4,B3_R2,12,10,99.386473,99.386473,180.268326,148.731674,148.731674,true,false,0
Wanshouxigong,4,B3_R2,24,10,186.10891,186.10891,90.410332,238.589668,238.589668,true,false,0
Wanshouxigong,4,GRU_R1,1,10,14.361809,7.431468,310.964355,18.035645,18.035645,true,false,9
Wanshouxigong,4,GRU_R1,6,10,46.562289,41.197342,236.802673,92.197327,92.197327,true,false,7
Wanshouxigong,4,GRU_R1,12,10,75.420367,75.420367,223.130737,105.869263,105.869263,true,false,1
Wanshouxigong,4,GRU_R1,24,10,97.639865,97.639865,195.449554,133.550446,133.550446,true,false,0
Wanshouxigong,4,B0,1,10,16.9,1.5,306.0,23.0,23.0,true,false,9
Wanshouxigong,4,B0,6,10,40.8,35.8,238.0,91.0,91.0,true,false,6
Wanshouxigong,4,B0,12,10,73.9,68.9,220.0,109.0,109.0,true,false,1
Wanshouxigong,4,B0,24,10,96.4,96.4,194.0,135.0,135.0,true,false,0
Wanshouxigong,5,B3_R2,1,6,10.048358,6.443123,301.833954,13.166046,13.166046,true,false,5
Wanshouxigong,5,B3_R2,6,6,37.562678,37.562678,246.349503,68.650497,68.650497,true,true,5
Wanshouxigong,5,B3_R2,12,6,43.594986,39.159592,227.096985,87.903015,87.903015,true,true,4
Wanshouxigong,5,B3_R2,24,6,183.205649,183.205649,112.078369,202.921631,202.921631,true,false,0
Wanshouxigong,5,GRU_R1,1,6,14.6916,14.6916,289.273499,25.726501,25.726501,true,false,5
Wanshouxigong,5,GRU_R1,6,6,59.918073,59.918073,220.191666,94.808334,94.808334,true,false,0
Wanshouxigong,5,GRU_R1,12,6,53.152222,36.291321,220.882416,94.117584,94.117584,true,true,3
Wanshouxigong,5,GRU_R1,24,6,67.000473,67.000473,238.64035,76.35965,76.35965,true,false,0
Wanshouxigong,5,B0,1,6,14.833333,12.833333,297.0,18.0,18.0,true,false,5
Wanshouxigong,5,B0,6,6,61.0,61.0,220.0,95.0,95.0,true,false,0
Wanshouxigong,5,B0,12,6,57.666667,-6.333333,253.0,62.0,62.0,true,true,5
Wanshouxigong,5,B0,24,6,43.666667,43.666667,278.0,37.0,37.0,true,false,2
Wanshouxigong,6,B3_R2,1,18,12.702291,5.997504,350.595459,17.404541,17.404541,true,true,18
Wanshouxigong,6,B3_R2,6,18,39.338537,39.338537,312.07666,55.92334,55.92334,true,true,18
Wanshouxigong,6,B3_R2,12,18,114.688943,114.688943,215.957413,152.042587,152.042587,true,false,0
Wanshouxigong,6,B3_R2,24,18,171.336027,171.336027,158.404221,209.595779,209.595779,true,false,0
Wanshouxigong,6,GRU_R1,1,18,25.422014,25.422014,327.510223,40.489777,40.489777,true,true,18
Wanshouxigong,6,GRU_R1,6,18,46.66004,46.66004,299.081177,68.918823,68.918823,true,true,18
Wanshouxigong,6,GRU_R1,12,18,79.578039,79.578039,250.30484,117.69516,117.69516,true,false,11
Wanshouxigong,6,GRU_R1,24,18,91.021266,91.021266,217.8862,150.1138,150.1138,true,false,5
Wanshouxigong,6,B0,1,18,12.277778,0.388889,366.0,2.0,2.0,true,true,18
Wanshouxigong,6,B0,6,18,25.722222,10.722222,336.0,32.0,32.0,true,true,18
Wanshouxigong,6,B0,12,18,51.111111,48.777778,309.0,59.0,59.0,true,false,14
Wanshouxigong,6,B0,24,18,69.055556,68.833333,233.0,135.0,135.0,true,true,11
Wanshouxigong,7,B3_R2,1,2,33.086555,17.579659,214.333786,50.666214,50.666214,true,false,1
Wanshouxigong,7,B3_R2,6,2,111.092064,111.092064,137.051361,127.948639,127.948639,true,false,0
Wanshouxigong,7,B3_R2,12,2,182.276287,182.276287,76.86187,188.13813,188.13813,true,false,0
Wanshouxigong,7,B3_R2,24,2,211.751457,211.751457,49.678211,215.321789,215.321789,true,false,0
Wanshouxigong,7,GRU_R1,1,2,70.376717,70.376717,169.957336,95.042664,95.042664,true,false,0
Wanshouxigong,7,GRU_R1,6,2,121.343979,121.343979,131.206635,133.793365,133.793365,true,false,0
Wanshouxigong,7,GRU_R1,12,2,161.674385,161.674385,93.039032,171.960968,171.960968,true,false,0
Wanshouxigong,7,GRU_R1,24,2,166.536949,166.536949,91.767975,173.232025,173.232025,true,false,0
Wanshouxigong,7,B0,1,2,36.5,25.5,203.0,62.0,62.0,true,false,1
Wanshouxigong,7,B0,6,2,122.5,122.5,124.0,141.0,141.0,true,false,0
Wanshouxigong,7,B0,12,2,156.0,156.0,99.0,166.0,166.0,true,false,0
Wanshouxigong,7,B0,24,2,167.5,167.5,90.0,175.0,175.0,true,false,0
Wanshouxigong,8,B3_R2,1,3,130.405151,130.405151,158.819382,160.180618,160.180618,true,false,1
Wanshouxigong,8,B3_R2,6,3,224.3498,224.3498,84.713104,234.286896,234.286896,true,false,0
Wanshouxigong,8,B3_R2,12,3,237.31557,237.31557,61.350937,257.649063,257.649063,true,false,0
Wanshouxigong,8,B3_R2,24,3,239.498558,239.498558,61.94981,257.05019,257.05019,true,false,0
Wanshouxigong,8,GRU_R1,1,3,198.120478,198.120478,107.154671,211.845329,211.845329,true,false,0
Wanshouxigong,8,GRU_R1,6,3,220.30206,220.30206,89.826668,229.173332,229.173332,true,false,0
Wanshouxigong,8,GRU_R1,12,3,238.657806,238.657806,58.392246,260.607754,260.607754,true,false,0
Wanshouxigong,8,GRU_R1,24,3,246.074914,246.074914,53.782658,265.217342,265.217342,true,false,0
Wanshouxigong,8,B0,1,3,45.333333,44.666667,273.0,46.0,46.0,true,false,2
Wanshouxigong,8,B0,6,3,223.666667,223.666667,90.0,229.0,229.0,true,false,0
Wanshouxigong,8,B0,12,3,246.0,246.0,40.0,279.0,279.0,true,false,0
Wanshouxigong,8,B0,24,3,276.0,276.0,20.0,299.0,299.0,true,false,0
Wanshouxigong,9,B3_R2,1,2,43.302994,43.302994,246.155685,3.844315,3.844315,true,false,1
Wanshouxigong,9,B3_R2,6,2,134.090191,134.090191,116.970856,133.029144,133.029144,true,false,0
Wanshouxigong,9,B3_R2,12,2,140.15168,140.15168,112.019188,137.980812,137.980812,true,false,0
Wanshouxigong,9,B3_R2,24,2,191.59656,191.59656,55.514549,194.485451,194.485451,true,false,0
Wanshouxigong,9,GRU_R1,1,2,72.963364,72.963364,198.789337,51.210663,51.210663,true,false,0
Wanshouxigong,9,GRU_R1,6,2,129.192795,129.192795,117.303009,132.696991,132.696991,true,false,0
Wanshouxigong,9,GRU_R1,12,2,123.726406,123.726406,123.864761,126.135239,126.135239,true,false,0
Wanshouxigong,9,GRU_R1,24,2,154.515141,154.515141,94.628082,155.371918,155.371918,true,false,0
Wanshouxigong,9,B0,1,2,41.5,41.5,246.0,4.0,4.0,true,false,1
Wanshouxigong,9,B0,6,2,126.5,126.5,118.0,132.0,132.0,true,false,0
Wanshouxigong,9,B0,12,2,89.0,89.0,166.0,84.0,84.0,true,false,0
Wanshouxigong,9,B0,24,2,171.0,171.0,78.0,172.0,172.0,true,false,0
Wanshouxigong,10,B3_R2,1,1,96.149628,96.149628,149.850372,96.149628,96.149628,true,false,0
Wanshouxigong,10,B3_R2,6,1,186.4011,186.4011,59.5989,186.4011,186.4011,true,false,0
Wanshouxigong,10,B3_R2,12,1,183.293125,183.293125,62.706875,183.293125,183.293125,true,false,0
Wanshouxigong,10,B3_R2,24,1,179.240555,179.240555,66.759445,179.240555,179.240555,true,false,0
Wanshouxigong,10,GRU_R1,1,1,62.953766,62.953766,183.046234,62.953766,62.953766,true,false,0
Wanshouxigong,10,GRU_R1,6,1,184.589127,184.589127,61.410873,184.589127,184.589127,true,false,0
Wanshouxigong,10,GRU_R1,12,1,164.862846,164.862846,81.137154,164.862846,164.862846,true,false,0
Wanshouxigong,10,GRU_R1,24,1,164.39357,164.39357,81.60643,164.39357,164.39357,true,false,0
Wanshouxigong,10,B0,1,1,6.0,6.0,240.0,6.0,6.0,true,false,0
Wanshouxigong,10,B0,6,1,194.0,194.0,52.0,194.0,194.0,true,false,0
Wanshouxigong,10,B0,12,1,196.0,196.0,50.0,196.0,196.0,true,false,0
Wanshouxigong,10,B0,24,1,179.0,179.0,67.0,179.0,179.0,true,false,0
Wanshouxigong,11,B3_R2,1,1,42.019318,42.019318,211.980682,42.019318,42.019318,true,false,0
Wanshouxigong,11,B3_R2,6,1,117.658905,117.658905,136.341095,117.658905,117.658905,true,false,0
Wanshouxigong,11,B3_R2,12,1,142.566902,142.566902,111.433098,142.566902,142.566902,true,false,0
Wanshouxigong,11,B3_R2,24,1,162.065643,162.065643,91.934357,162.065643,162.065643,true,false,0
Wanshouxigong,11,GRU_R1,1,1,63.968048,63.968048,190.031952,63.968048,63.968048,true,false,0
Wanshouxigong,11,GRU_R1,6,1,120.834763,120.834763,133.165237,120.834763,120.834763,true,false,0
Wanshouxigong,11,GRU_R1,12,1,147.501022,147.501022,106.498978,147.501022,147.501022,true,false,0
Wanshouxigong,11,GRU_R1,24,1,160.043137,160.043137,93.956863,160.043137,160.043137,true,false,0
Wanshouxigong,11,B0,1,1,44.0,44.0,210.0,44.0,44.0,true,false,0
Wanshouxigong,11,B0,6,1,123.0,123.0,131.0,123.0,123.0,true,false,0
Wanshouxigong,11,B0,12,1,132.0,132.0,122.0,132.0,132.0,true,false,0
Wanshouxigong,11,B0,24,1,177.0,177.0,77.0,177.0,177.0,true,false,0
Wanshouxigong,12,B3_R2,1,1,87.927155,87.927155,196.072845,87.927155,87.927155,true,false,0
Wanshouxigong,12,B3_R2,6,1,157.853287,157.853287,126.146713,157.853287,157.853287,true,false,0
Wanshouxigong,12,B3_R2,12,1,195.236984,195.236984,88.763016,195.236984,195.236984,true,false,0
Wanshouxigong,12,B3_R2,24,1,223.534912,223.534912,60.465088,223.534912,223.534912,true,false,0
Wanshouxigong,12,GRU_R1,1,1,137.673157,137.673157,146.326843,137.673157,137.673157,true,false,0
Wanshouxigong,12,GRU_R1,6,1,155.278305,155.278305,128.721695,155.278305,155.278305,true,false,0
Wanshouxigong,12,GRU_R1,12,1,163.27475,163.27475,120.72525,163.27475,163.27475,true,false,0
Wanshouxigong,12,GRU_R1,24,1,203.26899,203.26899,80.73101,203.26899,203.26899,true,false,0
Wanshouxigong,12,B0,1,1,91.0,91.0,193.0,91.0,91.0,true,false,0
Wanshouxigong,12,B0,6,1,116.0,116.0,168.0,116.0,116.0,true,false,0
Wanshouxigong,12,B0,12,1,161.0,161.0,123.0,161.0,161.0,true,false,0
Wanshouxigong,12,B0,24,1,230.0,230.0,54.0,230.0,230.0,true,false,0
Wanshouxigong,13,B3_R2,1,1,236.015975,236.015975,10.984025,236.015975,236.015975,true,false,0
Wanshouxigong,13,B3_R2,6,1,222.228392,222.228392,24.771608,222.228392,222.228392,true,false,0
Wanshouxigong,13,B3_R2,12,1,196.501453,196.501453,50.498547,196.501453,196.501453,true,false,0
Wanshouxigong,13,B3_R2,24,1,168.280838,168.280838,78.719162,168.280838,168.280838,true,false,0
Wanshouxigong,13,GRU_R1,1,1,231.559268,231.559268,15.440732,231.559268,231.559268,true,false,0
Wanshouxigong,13,GRU_R1,6,1,213.142315,213.142315,33.857685,213.142315,213.142315,true,false,0
Wanshouxigong,13,GRU_R1,12,1,187.178524,187.178524,59.821476,187.178524,187.178524,true,false,0
Wanshouxigong,13,GRU_R1,24,1,180.621109,180.621109,66.378891,180.621109,180.621109,true,false,0
Wanshouxigong,13,B0,1,1,236.0,236.0,11.0,236.0,236.0,true,false,0
Wanshouxigong,13,B0,6,1,218.0,218.0,29.0,218.0,218.0,true,false,0
Wanshouxigong,13,B0,12,1,214.0,214.0,33.0,214.0,214.0,true,false,0
Wanshouxigong,13,B0,24,1,194.0,194.0,53.0,194.0,194.0,true,false,0
Wanshouxigong,14,B3_R2,1,2,19.702888,18.097496,209.199615,37.800385,37.800385,true,false,1
Wanshouxigong,14,B3_R2,6,2,114.393684,114.393684,114.192184,132.807816,132.807816,true,false,0
Wanshouxigong,14,B3_R2,12,2,122.805946,122.805946,123.575035,123.424965,123.424965,true,false,0
Wanshouxigong,14,B3_R2,24,2,134.171085,134.171085,115.752243,131.247757,131.247757,true,false,0
Wanshouxigong,14,GRU_R1,1,2,57.045586,57.045586,178.738144,68.261856,68.261856,true,false,0
Wanshouxigong,14,GRU_R1,6,2,104.046532,104.046532,121.694519,125.305481,125.305481,true,false,0
Wanshouxigong,14,GRU_R1,12,2,136.443607,136.443607,113.687889,133.312111,133.312111,true,false,0
Wanshouxigong,14,GRU_R1,24,2,147.370186,147.370186,97.159264,149.840736,149.840736,true,false,0
Wanshouxigong,14,B0,1,2,20.0,19.0,208.0,39.0,39.0,true,false,1
Wanshouxigong,14,B0,6,2,99.5,99.5,108.0,139.0,139.0,true,false,0
Wanshouxigong,14,B0,12,2,115.5,115.5,138.0,109.0,109.0,true,false,0
Wanshouxigong,14,B0,24,2,95.5,95.5,154.0,93.0,93.0,true,false,0
Wanshouxigong,15,B3_R2,1,1,13.359055,13.359055,231.640945,13.359055,13.359055,true,false,0
Wanshouxigong,15,B3_R2,6,1,84.215027,84.215027,160.784973,84.215027,84.215027,true,false,0
Wanshouxigong,15,B3_R2,12,1,58.212997,58.212997,186.787003,58.212997,58.212997,true,false,0
Wanshouxigong,15,B3_R2,24,1,102.53569,102.53569,142.46431,102.53569,102.53569,true,false,0
Wanshouxigong,15,GRU_R1,1,1,39.688995,39.688995,205.311005,39.688995,39.688995,true,false,0
Wanshouxigong,15,GRU_R1,6,1,121.239632,121.239632,123.760368,121.239632,121.239632,true,false,0
Wanshouxigong,15,GRU_R1,12,1,104.447205,104.447205,140.552795,104.447205,104.447205,true,false,0
Wanshouxigong,15,GRU_R1,24,1,82.773438,82.773438,162.226562,82.773438,82.773438,true,false,0
Wanshouxigong,15,B0,1,1,24.0,24.0,221.0,24.0,24.0,true,false,0
Wanshouxigong,15,B0,6,1,85.0,85.0,160.0,85.0,85.0,true,false,0
Wanshouxigong,15,B0,12,1,40.0,40.0,205.0,40.0,40.0,true,false,0
Wanshouxigong,15,B0,24,1,60.0,60.0,185.0,60.0,60.0,true,false,0
Wanshouxigong,16,B3_R2,1,1,9.338501,9.338501,237.661499,9.338501,9.338501,true,false,0
Wanshouxigong,16,B3_R2,6,1,53.69989,53.69989,193.30011,53.69989,53.69989,true,false,0
Wanshouxigong,16,B3_R2,12,1,103.921326,103.921326,143.078674,103.921326,103.921326,true,false,0
Wanshouxigong,16,B3_R2,24,1,144.643341,144.643341,102.356659,144.643341,144.643341,true,false,0
Wanshouxigong,16,GRU_R1,1,1,12.361511,-12.361511,259.361511,-12.361511,12.361511,false,true,1
Wanshouxigong,16,GRU_R1,6,1,51.134186,51.134186,195.865814,51.134186,51.134186,true,false,0
Wanshouxigong,16,GRU_R1,12,1,68.458908,68.458908,178.541092,68.458908,68.458908,true,false,0
Wanshouxigong,16,GRU_R1,24,1,105.591034,105.591034,141.408966,105.591034,105.591034,true,false,0
Wanshouxigong,16,B0,1,1,8.0,8.0,239.0,8.0,8.0,true,false,0
Wanshouxigong,16,B0,6,1,68.0,68.0,179.0,68.0,68.0,true,false,0
Wanshouxigong,16,B0,12,1,97.0,97.0,150.0,97.0,97.0,true,false,0
Wanshouxigong,16,B0,24,1,128.0,128.0,119.0,128.0,128.0,true,false,0
Wanshouxigong,17,B3_R2,1,1,7.747086,7.747086,242.252914,7.747086,7.747086,true,false,0
Wanshouxigong,17,B3_R2,6,1,35.261154,35.261154,214.738846,35.261154,35.261154,true,false,0
Wanshouxigong,17,B3_R2,12,1,101.01474,101.01474,148.98526,101.01474,101.01474,true,false,0
Wanshouxigong,17,B3_R2,24,1,162.337753,162.337753,87.662247,162.337753,162.337753,true,false,0
Wanshouxigong,17,GRU_R1,1,1,2.106537,-2.106537,252.106537,-2.106537,2.106537,false,true,1
Wanshouxigong,17,GRU_R1,6,1,19.533035,19.533035,230.466965,19.533035,19.533035,true,false,0
Wanshouxigong,17,GRU_R1,12,1,64.260223,64.260223,185.739777,64.260223,64.260223,true,false,0
Wanshouxigong,17,GRU_R1,24,1,100.544464,100.544464,149.455536,100.544464,100.544464,true,false,0
Wanshouxigong,17,B0,1,1,6.0,6.0,244.0,6.0,6.0,true,false,0
Wanshouxigong,17,B0,6,1,38.0,38.0,212.0,38.0,38.0,true,false,0
Wanshouxigong,17,B0,12,1,85.0,85.0,165.0,85.0,85.0,true,false,0
Wanshouxigong,17,B0,24,1,117.0,117.0,133.0,117.0,117.0,true,false,0
Wanshouxigong,18,B3_R2,1,3,23.559133,23.559133,280.901154,24.098846,24.098846,true,false,2
Wanshouxigong,18,B3_R2,6,3,91.71992,91.71992,193.978806,111.021194,111.021194,true,false,0
Wanshouxigong,18,B3_R2,12,3,104.056524,104.056524,179.993835,125.006165,125.006165,true,false,0
Wanshouxigong,18,B3_R2,24,3,196.676417,196.676417,94.732948,210.267052,210.267052,true,false,0
Wanshouxigong,18,GRU_R1,1,3,45.519374,45.519374,234.596527,70.403473,70.403473,true,false,1
Wanshouxigong,18,GRU_R1,6,3,87.636169,87.636169,195.950165,109.049835,109.049835,true,false,0
Wanshouxigong,18,GRU_R1,12,3,56.290436,56.290436,218.926727,86.073273,86.073273,true,false,0
Wanshouxigong,18,GRU_R1,24,3,121.407613,121.407613,165.10553,139.89447,139.89447,true,false,0
Wanshouxigong,18,B0,1,3,29.333333,29.333333,277.0,28.0,28.0,true,false,2
Wanshouxigong,18,B0,6,3,94.0,94.0,191.0,114.0,114.0,true,false,0
Wanshouxigong,18,B0,12,3,38.333333,38.333333,244.0,61.0,61.0,true,false,1
Wanshouxigong,18,B0,24,3,134.666667,134.666667,156.0,149.0,149.0,true,false,0
Wanshouxigong,19,B3_R2,1,7,10.635123,5.318961,282.462524,17.537476,17.537476,true,false,6
Wanshouxigong,19,B3_R2,6,7,65.579383,65.579383,213.794189,86.205811,86.205811,true,false,0
Wanshouxigong,19,B3_R2,12,7,164.249383,164.249383,111.340691,188.659309,188.659309,true,false,0
Wanshouxigong,19,B3_R2,24,7,197.84821,197.84821,77.949356,222.050644,222.050644,true,false,0
Wanshouxigong,19,GRU_R1,1,7,14.944179,12.263236,268.794678,31.205322,31.205322,true,true,7
Wanshouxigong,19,GRU_R1,6,7,38.182709,38.182709,240.135559,59.864441,59.864441,true,false,3
Wanshouxigong,19,GRU_R1,12,7,95.995425,95.995425,170.379883,129.620117,129.620117,true,false,0
Wanshouxigong,19,GRU_R1,24,7,138.90201,138.90201,140.074921,159.925079,159.925079,true,false,0
Wanshouxigong,19,B0,1,7,14.857143,3.428571,280.0,20.0,20.0,true,false,6
Wanshouxigong,19,B0,6,7,55.142857,55.142857,214.0,86.0,86.0,true,false,1
Wanshouxigong,19,B0,12,7,90.571429,90.571429,174.0,126.0,126.0,true,false,0
Wanshouxigong,19,B0,24,7,134.857143,134.857143,137.0,163.0,163.0,true,false,0
Wanshouxigong,20,B3_R2,1,9,17.125351,2.533798,295.797668,8.202332,8.202332,true,false,8
Wanshouxigong,20,B3_R2,6,9,73.154741,70.520633,137.335175,166.664825,166.664825,true,false,2
Wanshouxigong,20,B3_R2,12,9,123.097282,123.097282,130.285233,173.714767,173.714767,true,false,0
Wanshouxigong,20,B3_R2,24,9,143.691445,143.691445,120.017723,183.982277,183.982277,true,false,0
Wanshouxigong,20,GRU_R1,1,9,18.149245,9.523431,279.42334,24.57666,24.57666,true,false,8
Wanshouxigong,20,GRU_R1,6,9,75.489875,69.034275,128.417679,175.582321,175.582321,true,false,2
Wanshouxigong,20,GRU_R1,12,9,127.101551,127.101551,142.125977,161.874023,161.874023,true,false,0
Wanshouxigong,20,GRU_R1,24,9,112.777325,112.777325,135.7621,168.2379,168.2379,true,false,0
Wanshouxigong,20,B0,1,9,17.666667,4.333333,298.0,6.0,6.0,true,false,8
Wanshouxigong,20,B0,6,9,93.111111,72.222222,112.0,192.0,192.0,true,false,3
Wanshouxigong,20,B0,12,9,124.777778,124.777778,172.0,132.0,132.0,true,false,0
Wanshouxigong,20,B0,24,9,129.0,129.0,115.0,189.0,189.0,true,false,0
Wanshouxigong,21,B3_R2,1,8,24.436058,4.481743,310.912231,28.087769,28.087769,true,false,7
Wanshouxigong,21,B3_R2,6,8,85.524426,82.044872,211.603333,127.396667,127.396667,true,false,2
Wanshouxigong,21,B3_R2,12,8,172.968896,172.968896,118.381317,220.618683,220.618683,true,false,0
Wanshouxigong,21,B3_R2,24,8,214.937193,214.937193,71.968697,267.031303,267.031303,true,false,0
Wanshouxigong,21,GRU_R1,1,8,25.264532,22.19665,301.179718,37.820282,37.820282,true,false,7
Wanshouxigong,21,GRU_R1,6,8,74.721146,69.894646,217.021729,121.978271,121.978271,true,false,2
Wanshouxigong,21,GRU_R1,12,8,94.137392,94.137392,198.107178,140.892822,140.892822,true,false,0
Wanshouxigong,21,GRU_R1,24,8,91.470503,91.470503,248.325439,90.674561,90.674561,true,false,2
Wanshouxigong,21,B0,1,8,28.125,5.125,312.0,27.0,27.0,true,false,7
Wanshouxigong,21,B0,6,8,80.5,70.75,205.0,134.0,134.0,true,false,2
Wanshouxigong,21,B0,12,8,79.875,77.375,208.0,131.0,131.0,true,true,1
Wanshouxigong,21,B0,24,8,76.125,69.625,298.0,41.0,41.0,true,false,4
Wanshouxigong,22,B3_R2,1,3,4.778127,4.778127,250.827576,2.172424,2.172424,true,false,2
Wanshouxigong,22,B3_R2,6,3,35.037384,35.037384,211.16066,41.83934,41.83934,true,true,1
Wanshouxigong,22,B3_R2,12,3,80.602549,80.602549,173.666565,79.333435,79.333435,true,false,0
Wanshouxigong,22,B3_R2,24,3,149.936852,149.936852,94.022285,158.977715,158.977715,true,false,0
Wanshouxigong,22,GRU_R1,1,3,19.308263,19.308263,235.349045,17.650955,17.650955,true,false,0
Wanshouxigong,22,GRU_R1,6,3,40.494726,40.494726,207.378632,45.621368,45.621368,true,false,0
Wanshouxigong,22,GRU_R1,12,3,26.939931,-26.939931,281.990082,-28.990082,28.990082,false,true,3
Wanshouxigong,22,GRU_R1,24,3,49.184235,49.184235,204.450989,48.549011,48.549011,true,false,0
Wanshouxigong,22,B0,1,3,5.666667,5.666667,247.0,6.0,6.0,true,false,2
Wanshouxigong,22,B0,6,3,22.333333,22.333333,225.0,28.0,28.0,true,false,0
Wanshouxigong,22,B0,12,3,78.0,-78.0,339.0,-86.0,86.0,false,true,3
Wanshouxigong,22,B0,24,3,44.0,44.0,208.0,45.0,45.0,true,false,0
Wanshouxigong,23,B3_R2,1,1,21.718536,21.718536,225.281464,21.718536,21.718536,true,false,0
Wanshouxigong,23,B3_R2,6,1,18.512161,18.512161,228.487839,18.512161,18.512161,true,false,0
Wanshouxigong,23,B3_R2,12,1,27.443924,27.443924,219.556076,27.443924,27.443924,true,false,0
Wanshouxigong,23,B3_R2,24,1,89.440857,89.440857,157.559143,89.440857,89.440857,true,false,0
Wanshouxigong,23,GRU_R1,1,1,18.052551,18.052551,228.947449,18.052551,18.052551,true,false,0
Wanshouxigong,23,GRU_R1,6,1,8.104874,8.104874,238.895126,8.104874,8.104874,true,false,0
Wanshouxigong,23,GRU_R1,12,1,33.747498,33.747498,213.252502,33.747498,33.747498,true,false,0
Wanshouxigong,23,GRU_R1,24,1,117.958221,117.958221,129.041779,117.958221,117.958221,true,false,0
Wanshouxigong,23,B0,1,1,24.0,24.0,223.0,24.0,24.0,true,false,0
Wanshouxigong,23,B0,6,1,40.0,40.0,207.0,40.0,40.0,true,false,0
Wanshouxigong,23,B0,12,1,63.0,63.0,184.0,63.0,63.0,true,false,0
Wanshouxigong,23,B0,24,1,158.0,158.0,89.0,158.0,158.0,true,false,0
Wanshouxigong,24,B3_R2,1,1,5.002457,5.002457,244.997543,5.002457,5.002457,true,true,1
Wanshouxigong,24,B3_R2,6,1,94.805557,94.805557,155.194443,94.805557,94.805557,true,false,0
Wanshouxigong,24,B3_R2,12,1,180.914604,180.914604,69.085396,180.914604,180.914604,true,false,0
Wanshouxigong,24,B3_R2,24,1,168.139771,168.139771,81.860229,168.139771,168.139771,true,false,0
Wanshouxigong,24,GRU_R1,1,1,18.822479,18.822479,231.177521,18.822479,18.822479,true,false,0
Wanshouxigong,24,GRU_R1,6,1,81.059753,81.059753,168.940247,81.059753,81.059753,true,false,0
Wanshouxigong,24,GRU_R1,12,1,98.24939,98.24939,151.75061,98.24939,98.24939,true,false,0
Wanshouxigong,24,GRU_R1,24,1,135.310745,135.310745,114.689255,135.310745,135.310745,true,false,0
Wanshouxigong,24,B0,1,1,10.0,10.0,240.0,10.0,10.0,true,false,0
Wanshouxigong,24,B0,6,1,82.0,82.0,168.0,82.0,82.0,true,false,0
Wanshouxigong,24,B0,12,1,94.0,94.0,156.0,94.0,94.0,true,false,0
Wanshouxigong,24,B0,24,1,175.0,175.0,75.0,175.0,175.0,true,false,0
Wanshouxigong,25,B3_R2,1,2,84.539268,84.539268,180.866196,83.133804,83.133804,true,false,0
Wanshouxigong,25,B3_R2,6,2,207.698463,207.698463,48.676674,215.323326,215.323326,true,false,0
Wanshouxigong,25,B3_R2,12,2,218.48673,218.48673,29.535269,234.464731,234.464731,true,false,0
Wanshouxigong,25,B3_R2,24,2,136.145561,136.145561,140.572205,123.427795,123.427795,true,false,0
Wanshouxigong,25,GRU_R1,1,2,57.860359,57.860359,210.669113,53.330887,53.330887,true,false,0
Wanshouxigong,25,GRU_R1,6,2,209.52886,209.52886,41.950508,222.049492,222.049492,true,false,0
Wanshouxigong,25,GRU_R1,12,2,185.62908,185.62908,59.551807,204.448193,204.448193,true,false,0
Wanshouxigong,25,GRU_R1,24,2,106.983292,106.983292,144.551956,119.448044,119.448044,true,false,0
Wanshouxigong,25,B0,1,2,21.0,21.0,245.0,19.0,19.0,true,false,1
Wanshouxigong,25,B0,6,2,227.5,227.5,23.0,241.0,241.0,true,false,0
Wanshouxigong,25,B0,12,2,131.5,131.5,97.0,167.0,167.0,true,false,0
Wanshouxigong,25,B0,24,2,97.0,97.0,155.0,109.0,109.0,true,false,0
Wanshouxigong,26,B3_R2,1,10,18.131532,12.273213,315.694824,29.305176,29.305176,true,false,9
Wanshouxigong,26,B3_R2,6,10,95.344234,95.344234,247.156036,97.843964,97.843964,true,false,4
Wanshouxigong,26,B3_R2,12,10,135.991574,135.991574,180.848724,164.151276,164.151276,true,false,0
Wanshouxigong,26,B3_R2,24,10,177.123277,177.123277,140.812973,204.187027,204.187027,true,false,0
Wanshouxigong,26,GRU_R1,1,10,33.070456,33.070456,290.336243,54.663757,54.663757,true,false,8
Wanshouxigong,26,GRU_R1,6,10,114.798637,114.798637,200.584152,144.415848,144.415848,true,false,3
Wanshouxigong,26,GRU_R1,12,10,176.735464,176.735464,133.005692,211.994308,211.994308,true,false,0
Wanshouxigong,26,GRU_R1,24,10,145.661728,145.661728,191.342621,153.657379,153.657379,true,false,0
Wanshouxigong,26,B0,1,10,19.3,11.3,312.0,33.0,33.0,true,false,9
Wanshouxigong,26,B0,6,10,114.4,114.4,185.0,160.0,160.0,true,false,4
Wanshouxigong,26,B0,12,10,209.7,209.7,93.0,252.0,252.0,true,false,0
Wanshouxigong,26,B0,24,10,133.0,133.0,209.0,136.0,136.0,true,false,0
Wanshouxigong,27,B3_R2,1,10,27.794569,27.452705,323.039856,28.960144,28.960144,true,false,9
Wanshouxigong,27,B3_R2,6,10,70.847404,70.847404,225.813049,126.186951,126.186951,true,true,6
Wanshouxigong,27,B3_R2,12,10,139.391719,139.391719,169.531876,182.468124,182.468124,true,false,0
Wanshouxigong,27,B3_R2,24,10,205.794302,205.794302,113.008003,238.991997,238.991997,true,false,0
Wanshouxigong,27,GRU_R1,1,10,41.882521,41.882521,268.359558,83.640442,83.640442,true,false,9
Wanshouxigong,27,GRU_R1,6,10,56.4009,53.229562,250.081879,101.918121,101.918121,true,true,8
Wanshouxigong,27,GRU_R1,12,10,66.075647,66.075647,272.253723,79.746277,79.746277,true,false,7
Wanshouxigong,27,GRU_R1,24,10,185.653103,185.653103,121.579468,230.420532,230.420532,true,false,0
Wanshouxigong,27,B0,1,10,20.9,5.7,337.0,15.0,15.0,true,false,9
Wanshouxigong,27,B0,6,10,47.5,9.3,293.0,59.0,59.0,true,true,9
Wanshouxigong,27,B0,12,10,19.9,8.7,341.0,11.0,11.0,true,false,9
Wanshouxigong,27,B0,24,10,208.4,208.4,96.0,256.0,256.0,true,false,0
Wanshouxigong,28,B3_R2,1,11,27.051811,9.588687,351.535645,47.464355,47.464355,true,false,10
Wanshouxigong,28,B3_R2,6,11,90.413401,89.406398,302.04007,96.95993,96.95993,true,true,8
Wanshouxigong,28,B3_R2,12,11,151.316885,151.316885,222.861221,176.138779,176.138779,true,false,0
Wanshouxigong,28,B3_R2,24,11,225.151507,225.151507,132.014725,266.985275,266.985275,true,false,0
Wanshouxigong,28,GRU_R1,1,11,40.680464,37.895541,312.037903,86.962097,86.962097,true,false,10
Wanshouxigong,28,GRU_R1,6,11,68.865687,68.865687,274.111359,124.888641,124.888641,true,true,10
Wanshouxigong,28,GRU_R1,12,11,89.345562,89.345562,250.237747,148.762253,148.762253,true,false,7
Wanshouxigong,28,GRU_R1,24,11,91.583563,91.583563,277.835449,121.164551,121.164551,true,false,8
Wanshouxigong,28,B0,1,11,29.0,6.818182,361.0,38.0,38.0,true,false,10
Wanshouxigong,28,B0,6,11,55.818182,24.0,286.0,113.0,113.0,true,true,10
Wanshouxigong,28,B0,12,11,34.181818,34.181818,337.0,62.0,62.0,true,false,10
Wanshouxigong,28,B0,24,11,49.363636,46.454545,334.0,65.0,65.0,true,false,9
Wanshouxigong,29,B3_R2,1,4,14.785336,12.535702,274.762177,19.237823,19.237823,true,false,3
Wanshouxigong,29,B3_R2,6,4,80.966728,80.966728,224.998825,69.001175,69.001175,true,false,0
Wanshouxigong,29,B3_R2,12,4,143.239555,143.239555,133.59967,160.40033,160.40033,true,false,0
Wanshouxigong,29,B3_R2,24,4,120.332794,120.332794,166.518906,127.481094,127.481094,true,false,0
Wanshouxigong,29,GRU_R1,1,4,26.959778,26.959778,264.13092,29.86908,29.86908,true,false,3
Wanshouxigong,29,GRU_R1,6,4,111.247108,111.247108,190.631989,103.368011,103.368011,true,false,0
Wanshouxigong,29,GRU_R1,12,4,189.84482,189.84482,95.499313,198.500687,198.500687,true,false,0
Wanshouxigong,29,GRU_R1,24,4,151.910549,151.910549,136.957855,157.042145,157.042145,true,false,0
Wanshouxigong,29,B0,1,4,17.75,15.25,275.0,19.0,19.0,true,false,3
Wanshouxigong,29,B0,6,4,139.25,139.25,165.0,129.0,129.0,true,false,0
Wanshouxigong,29,B0,12,4,244.25,244.25,43.0,251.0,251.0,true,false,0
Wanshouxigong,29,B0,24,4,145.0,145.0,145.0,149.0,149.0,true,false,0
Wanshouxigong,30,B3_R2,1,20,26.196133,16.506768,514.987183,54.012817,54.012817,true,false,19
Wanshouxigong,30,B3_R2,6,20,170.212672,168.60735,319.994354,249.005646,249.005646,true,false,15
Wanshouxigong,30,B3_R2,12,20,242.775959,242.775959,209.918839,359.081161,359.081161,true,false,1
Wanshouxigong,30,B3_R2,24,20,302.92854,302.92854,163.377823,405.622177,405.622177,true,false,0
Wanshouxigong,30,GRU_R1,1,20,106.065609,104.008401,361.085327,207.914673,207.914673,true,false,19
Wanshouxigong,30,GRU_R1,6,20,173.12684,163.083731,306.888733,262.111267,262.111267,true,false,14
Wanshouxigong,30,GRU_R1,12,20,232.479924,226.343455,157.555786,411.444214,411.444214,true,false,8
Wanshouxigong,30,GRU_R1,24,20,265.813958,265.813958,229.29834,339.70166,339.70166,true,false,0
Wanshouxigong,30,B0,1,20,34.9,2.8,549.0,20.0,20.0,true,false,19
Wanshouxigong,30,B0,6,20,173.8,71.9,368.0,201.0,201.0,true,false,14
Wanshouxigong,30,B0,12,20,260.95,194.85,108.0,461.0,461.0,true,false,8
Wanshouxigong,30,B0,24,20,265.9,265.9,289.0,280.0,280.0,true,false,4
Wanshouxigong,31,B3_R2,1,5,34.976419,27.505399,267.133881,20.866119,20.866119,true,false,4
Wanshouxigong,31,B3_R2,6,5,106.899783,106.899783,236.301758,51.698242,51.698242,true,true,1
Wanshouxigong,31,B3_R2,12,5,47.833682,47.833682,247.296143,40.703857,40.703857,true,false,1
Wanshouxigong,31,B3_R2,24,5,181.250175,181.250175,106.5159,181.4841,181.4841,true,false,0
Wanshouxigong,31,GRU_R1,1,5,40.776736,38.648953,246.621735,41.378265,41.378265,true,false,4
Wanshouxigong,31,GRU_R1,6,5,148.387708,148.387708,164.460052,123.539948,123.539948,true,false,0
Wanshouxigong,31,GRU_R1,12,5,30.470251,-10.314355,322.129089,-34.129089,34.129089,false,true,5
Wanshouxigong,31,GRU_R1,24,5,38.965631,-38.965631,314.320496,-26.320496,26.320496,false,true,5
Wanshouxigong,31,B0,1,5,38.2,31.8,271.0,17.0,17.0,true,false,4
Wanshouxigong,31,B0,6,5,153.8,153.8,177.0,111.0,111.0,true,false,0
Wanshouxigong,31,B0,12,5,65.4,-65.4,395.0,-107.0,107.0,false,true,5
Wanshouxigong,31,B0,24,5,194.8,-194.8,442.0,-154.0,154.0,false,true,5
Wanshouxigong,32,B3_R2,1,1,9.393768,9.393768,237.606232,9.393768,9.393768,true,false,0
Wanshouxigong,32,B3_R2,6,1,86.56897,86.56897,160.43103,86.56897,86.56897,true,false,0
Wanshouxigong,32,B3_R2,12,1,64.125259,64.125259,182.874741,64.125259,64.125259,true,false,0
Wanshouxigong,32,B3_R2,24,1,121.537544,121.537544,125.462456,121.537544,121.537544,true,false,0
Wanshouxigong,32,GRU_R1,1,1,11.400223,11.400223,235.599777,11.400223,11.400223,true,false,0
Wanshouxigong,32,GRU_R1,6,1,56.032562,56.032562,190.967438,56.032562,56.032562,true,false,0
Wanshouxigong,32,GRU_R1,12,1,34.915894,34.915894,212.084106,34.915894,34.915894,true,false,0
Wanshouxigong,32,GRU_R1,24,1,120.237633,120.237633,126.762367,120.237633,120.237633,true,false,0
Wanshouxigong,32,B0,1,1,6.0,6.0,241.0,6.0,6.0,true,false,0
Wanshouxigong,32,B0,6,1,46.0,46.0,201.0,46.0,46.0,true,false,0
Wanshouxigong,32,B0,12,1,6.0,6.0,241.0,6.0,6.0,true,false,0
Wanshouxigong,32,B0,24,1,106.0,106.0,141.0,106.0,106.0,true,false,0
Wanshouxigong,33,B3_R2,1,2,12.237625,0.818008,238.944366,13.055634,13.055634,true,false,1
Wanshouxigong,33,B3_R2,6,2,54.369621,54.369621,191.755646,60.244354,60.244354,true,false,0
Wanshouxigong,33,B3_R2,12,2,127.032959,127.032959,126.746117,125.253883,125.253883,true,false,0
Wanshouxigong,33,B3_R2,24,2,201.939215,201.939215,63.987385,188.012615,188.012615,true,false,0
Wanshouxigong,33,GRU_R1,1,2,31.539703,31.539703,210.804718,41.195282,41.195282,true,false,0
Wanshouxigong,33,GRU_R1,6,2,26.859818,26.859818,215.565216,36.434784,36.434784,true,false,0
Wanshouxigong,33,GRU_R1,12,2,40.050957,40.050957,220.545044,31.454956,31.454956,true,false,0
Wanshouxigong,33,GRU_R1,24,2,58.844246,58.844246,191.225418,60.774582,60.774582,true,false,0
Wanshouxigong,33,B0,1,2,13.0,8.0,231.0,21.0,21.0,true,false,1
Wanshouxigong,33,B0,6,2,27.5,27.5,222.0,30.0,30.0,true,false,0
Wanshouxigong,33,B0,12,2,16.0,16.0,239.0,13.0,13.0,true,false,0
Wanshouxigong,33,B0,24,2,23.0,23.0,221.0,31.0,31.0,true,false,0
Wanshouxigong,34,B3_R2,1,2,51.578987,51.578987,255.308655,8.691345,8.691345,true,false,1
Wanshouxigong,34,B3_R2,6,2,224.467533,224.467533,35.733223,228.266777,228.266777,true,false,0
Wanshouxigong,34,B3_R2,12,2,193.581545,193.581545,74.408035,189.591965,189.591965,true,false,0
Wanshouxigong,34,B3_R2,24,2,235.699245,235.699245,22.457579,241.542421,241.542421,true,false,0
Wanshouxigong,34,GRU_R1,1,2,59.840385,59.840385,236.299438,27.700562,27.700562,true,false,0
Wanshouxigong,34,GRU_R1,6,2,239.974554,239.974554,29.071493,234.928507,234.928507,true,false,0
Wanshouxigong,34,GRU_R1,12,2,116.710846,116.710846,157.210663,106.789337,106.789337,true,false,0
Wanshouxigong,34,GRU_R1,24,2,245.123389,245.123389,14.780953,249.219047,249.219047,true,false,0
Wanshouxigong,34,B0,1,2,54.5,54.5,256.0,8.0,8.0,true,false,1
Wanshouxigong,34,B0,6,2,220.5,220.5,32.0,232.0,232.0,true,false,0
Wanshouxigong,34,B0,12,2,67.5,67.5,210.0,54.0,54.0,true,false,0
Wanshouxigong,34,B0,24,2,252.5,252.5,6.0,258.0,258.0,true,false,0
Wanshouxigong,35,B3_R2,1,6,23.203746,17.118551,293.863037,27.136963,27.136963,true,false,5
Wanshouxigong,35,B3_R2,6,6,67.99869,67.99869,248.922943,72.077057,72.077057,true,false,2
Wanshouxigong,35,B3_R2,12,6,163.372796,163.372796,140.210098,180.789902,180.789902,true,false,0
Wanshouxigong,35,B3_R2,24,6,211.769189,211.769189,109.674675,211.325325,211.325325,true,false,0
Wanshouxigong,35,GRU_R1,1,6,34.129054,34.129054,263.783203,57.216797,57.216797,true,false,5
Wanshouxigong,35,GRU_R1,6,6,84.338857,84.338857,205.134125,115.865875,115.865875,true,false,1
Wanshouxigong,35,GRU_R1,12,6,206.364523,206.364523,120.123024,200.876976,200.876976,true,false,0
Wanshouxigong,35,GRU_R1,24,6,238.112843,238.112843,94.513321,226.486679,226.486679,true,false,0
Wanshouxigong,35,B0,1,6,24.0,20.0,300.0,21.0,21.0,true,false,5
Wanshouxigong,35,B0,6,6,81.666667,81.666667,201.0,120.0,120.0,true,false,2
Wanshouxigong,35,B0,12,6,224.833333,224.833333,67.0,254.0,254.0,true,false,0
Wanshouxigong,35,B0,24,6,266.166667,266.166667,71.0,250.0,250.0,true,false,0
Wanshouxigong,36,B3_R2,1,15,14.959352,1.970672,379.608398,21.391602,21.391602,true,false,14
Wanshouxigong,36,B3_R2,6,15,81.048886,72.870761,297.738495,103.261505,103.261505,true,false,10
Wanshouxigong,36,B3_R2,12,15,159.223984,159.223984,186.441986,214.558014,214.558014,true,false,0
Wanshouxigong,36,B3_R2,24,15,212.528203,212.528203,144.768265,256.231735,256.231735,true,false,0
Wanshouxigong,36,GRU_R1,1,15,33.439397,32.109775,330.410248,70.589752,70.589752,true,false,14
Wanshouxigong,36,GRU_R1,6,15,96.350206,95.459622,250.879669,150.120331,150.120331,true,false,9
Wanshouxigong,36,GRU_R1,12,15,158.609864,158.609864,143.468475,257.531525,257.531525,true,false,2
Wanshouxigong,36,GRU_R1,24,15,137.969958,137.969958,255.998993,145.001007,145.001007,true,false,3
Wanshouxigong,36,B0,1,15,21.466667,4.8,375.0,26.0,26.0,true,false,14
Wanshouxigong,36,B0,6,15,114.066667,75.933333,257.0,144.0,144.0,true,false,9
Wanshouxigong,36,B0,12,15,161.6,160.0,115.0,286.0,286.0,true,false,3
Wanshouxigong,36,B0,24,15,101.866667,100.933333,304.0,97.0,97.0,true,true,7
Wanshouxigong,37,B3_R2,1,2,16.461678,16.461678,243.589111,10.410889,10.410889,true,false,0
Wanshouxigong,37,B3_R2,6,2,6.592285,-6.592285,258.716278,-4.716278,4.716278,false,true,2
Wanshouxigong,37,B3_R2,12,2,81.874306,81.874306,157.943954,96.056046,96.056046,true,false,0
Wanshouxigong,37,B3_R2,24,2,178.095436,178.095436,68.349213,185.650787,185.650787,true,false,0
Wanshouxigong,37,GRU_R1,1,2,5.623177,5.623177,249.149673,4.850327,4.850327,true,false,1
Wanshouxigong,37,GRU_R1,6,2,31.63475,-31.63475,287.715637,-33.715637,33.715637,false,true,2
Wanshouxigong,37,GRU_R1,12,2,35.770157,-35.770157,290.633881,-36.633881,36.633881,false,true,2
Wanshouxigong,37,GRU_R1,24,2,109.891769,109.891769,131.048859,122.951141,122.951141,true,false,0
Wanshouxigong,37,B0,1,2,5.5,5.5,249.0,5.0,5.0,true,false,1
Wanshouxigong,37,B0,6,2,73.5,-73.5,335.0,-81.0,81.0,false,true,2
Wanshouxigong,37,B0,12,2,112.0,-112.0,375.0,-121.0,121.0,false,true,2
Wanshouxigong,37,B0,24,2,113.5,113.5,124.0,130.0,130.0,true,false,0
Wanshouxigong,38,B3_R2,1,18,16.465167,-1.443396,277.181854,47.818146,47.818146,true,false,16
Wanshouxigong,38,B3_R2,6,18,37.669201,32.775626,248.519348,76.480652,76.480652,true,false,11
Wanshouxigong,38,B3_R2,12,18,104.015654,104.015654,165.821838,159.178162,159.178162,true,false,0
Wanshouxigong,38,B3_R2,24,18,194.580574,194.580574,79.782814,245.217186,245.217186,true,false,0
Wanshouxigong,38,GRU_R1,1,18,20.530745,12.010685,271.361237,53.638763,53.638763,true,false,17
Wanshouxigong,38,GRU_R1,6,18,45.324555,45.257885,266.349152,58.650848,58.650848,true,false,11
Wanshouxigong,38,GRU_R1,12,18,60.598512,57.921449,241.858765,83.141235,83.141235,true,true,6
Wanshouxigong,38,GRU_R1,24,18,23.352582,20.453178,219.20047,105.79953,105.79953,true,false,14
Wanshouxigong,38,B0,1,18,17.333333,0.777778,280.0,45.0,45.0,true,false,17
Wanshouxigong,38,B0,6,18,42.222222,22.222222,309.0,16.0,16.0,true,false,12
Wanshouxigong,38,B0,12,18,58.5,30.5,269.0,56.0,56.0,true,true,11
Wanshouxigong,38,B0,24,18,46.888889,-33.777778,243.0,82.0,82.0,true,true,17
Wanshouxigong,39,B3_R2,1,2,11.555145,11.555145,268.003021,0.996979,0.996979,true,false,1
Wanshouxigong,39,B3_R2,6,2,52.161407,52.161407,202.801376,66.198624,66.198624,true,false,0
Wanshouxigong,39,B3_R2,12,2,114.5802,114.5802,148.562744,120.437256,120.437256,true,false,0
Wanshouxigong,39,B3_R2,24,2,246.601566,246.601566,11.370053,257.629947,257.629947,true,false,0
Wanshouxigong,39,GRU_R1,1,2,29.394485,29.394485,259.609833,9.390167,9.390167,true,false,1
Wanshouxigong,39,GRU_R1,6,2,50.218048,50.218048,201.588531,67.411469,67.411469,true,false,0
Wanshouxigong,39,GRU_R1,12,2,31.265427,31.265427,234.107727,34.892273,34.892273,true,false,0
Wanshouxigong,39,GRU_R1,24,2,47.792679,47.792679,225.931854,43.068146,43.068146,true,false,0
Wanshouxigong,39,B0,1,2,18.5,18.5,261.0,8.0,8.0,true,false,1
Wanshouxigong,39,B0,6,2,37.0,37.0,209.0,60.0,60.0,true,true,1
Wanshouxigong,39,B0,12,2,28.5,-28.5,280.0,-11.0,11.0,false,true,2
Wanshouxigong,39,B0,24,2,22.0,22.0,253.0,16.0,16.0,true,false,1
Wanshouxigong,40,B3_R2,1,21,31.790697,25.034263,513.524902,40.475098,40.475098,true,false,20
Wanshouxigong,40,B3_R2,6,21,150.717311,150.717311,350.968231,203.031769,203.031769,true,true,21
Wanshouxigong,40,B3_R2,12,21,295.008794,295.008794,169.899811,384.100189,384.100189,true,false,0
Wanshouxigong,40,B3_R2,24,21,394.995214,394.995214,77.210838,476.789162,476.789162,true,false,0
Wanshouxigong,40,GRU_R1,1,21,114.307643,114.307643,356.240021,197.759979,197.759979,true,true,21
Wanshouxigong,40,GRU_R1,6,21,154.811564,154.811564,304.521301,249.478699,249.478699,true,false,16
Wanshouxigong,40,GRU_R1,12,21,201.701111,201.701111,238.395081,315.604919,315.604919,true,true,8
Wanshouxigong,40,GRU_R1,24,21,218.449648,218.449648,239.569626,314.430374,314.430374,true,true,8
Wanshouxigong,40,B0,1,21,30.0,10.857143,530.0,24.0,24.0,true,false,20
Wanshouxigong,40,B0,6,21,124.380952,52.571429,397.0,157.0,157.0,true,false,17
Wanshouxigong,40,B0,12,21,172.52381,118.52381,269.0,285.0,285.0,true,true,13
Wanshouxigong,40,B0,24,21,177.761905,174.047619,280.0,274.0,274.0,true,true,16
Wanshouxigong,41,B3_R2,1,35,18.469032,12.635482,473.363556,9.636444,9.636444,true,false,34
Wanshouxigong,41,B3_R2,6,35,111.986131,111.986131,297.471436,185.528564,185.528564,true,true,33
Wanshouxigong,41,B3_R2,12,35,272.03546,272.03546,123.394073,359.605927,359.605927,true,false,0
Wanshouxigong,41,B3_R2,24,35,338.933801,338.933801,95.059959,387.940041,387.940041,true,false,0
Wanshouxigong,41,GRU_R1,1,35,92.370351,92.370351,347.651062,135.348938,135.348938,true,false,34
Wanshouxigong,41,GRU_R1,6,35,116.832429,116.832429,309.867554,173.132446,173.132446,true,true,33
Wanshouxigong,41,GRU_R1,12,35,128.203453,128.203453,282.916138,200.083862,200.083862,true,true,32
Wanshouxigong,41,GRU_R1,24,35,133.142398,133.142398,19.740294,463.259706,463.259706,true,false,29
Wanshouxigong,41,B0,1,35,18.2,6.542857,470.0,13.0,13.0,true,false,34
Wanshouxigong,41,B0,6,35,59.914286,16.885714,369.0,114.0,114.0,true,true,33
Wanshouxigong,41,B0,12,35,59.228571,24.257143,390.0,93.0,93.0,true,true,33
Wanshouxigong,41,B0,24,35,84.285714,12.742857,3.0,480.0,480.0,true,false,32
Wanshouxigong,42,B3_R2,1,9,51.73685,36.210002,346.990204,63.009796,63.009796,true,false,8
Wanshouxigong,42,B3_R2,6,9,236.108501,236.108501,88.007294,321.992706,321.992706,true,false,0
Wanshouxigong,42,B3_R2,12,9,289.789775,289.789775,73.865738,336.134262,336.134262,true,false,0
Wanshouxigong,42,B3_R2,24,9,314.973627,314.973627,49.755314,360.244686,360.244686,true,false,0
Wanshouxigong,42,GRU_R1,1,9,65.904895,63.995533,323.818604,86.181396,86.181396,true,false,8
Wanshouxigong,42,GRU_R1,6,9,186.430929,180.91628,97.203598,312.796402,312.796402,true,false,3
Wanshouxigong,42,GRU_R1,12,9,276.8617,276.8617,88.131668,321.868332,321.868332,true,false,0
Wanshouxigong,42,GRU_R1,24,9,318.749434,318.749434,35.594109,374.405891,374.405891,true,false,0
Wanshouxigong,42,B0,1,9,38.888889,5.777778,383.0,27.0,27.0,true,false,8
Wanshouxigong,42,B0,6,9,200.222222,167.777778,71.0,339.0,339.0,true,false,3
Wanshouxigong,42,B0,12,9,317.222222,317.222222,34.0,376.0,376.0,true,false,0
Wanshouxigong,42,B0,24,9,355.0,355.0,11.0,399.0,399.0,true,false,0
Wanshouxigong,43,B3_R2,1,62,26.292485,11.32757,504.629395,47.370605,47.370605,true,false,61
Wanshouxigong,43,B3_R2,6,62,115.144192,115.111351,328.912811,223.087189,223.087189,true,false,51
Wanshouxigong,43,B3_R2,12,62,219.430051,219.430051,179.955612,372.044388,372.044388,true,false,2
Wanshouxigong,43,B3_R2,24,62,305.210277,305.210277,80.245567,471.754433,471.754433,true,false,0
Wanshouxigong,43,GRU_R1,1,62,78.115696,77.889852,358.088562,193.911438,193.911438,true,false,61
Wanshouxigong,43,GRU_R1,6,62,103.00623,103.00623,315.581757,236.418243,236.418243,true,false,56
Wanshouxigong,43,GRU_R1,12,62,123.630689,123.369795,293.469116,258.530884,258.530884,true,true,53
Wanshouxigong,43,GRU_R1,24,62,149.029368,149.029368,306.71524,245.28476,245.28476,true,false,46
Wanshouxigong,43,B0,1,62,23.241935,1.66129,541.0,11.0,11.0,true,false,61
Wanshouxigong,43,B0,6,62,65.467742,18.693548,396.0,156.0,156.0,true,false,56
Wanshouxigong,43,B0,12,62,85.806452,35.225806,388.0,164.0,164.0,true,true,54
Wanshouxigong,43,B0,24,62,101.048387,82.693548,399.0,153.0,153.0,true,false,47
Wanshouxigong,44,B3_R2,1,8,43.355047,41.365324,349.599213,69.400787,69.400787,true,false,6
Wanshouxigong,44,B3_R2,6,8,175.951286,175.951286,127.536087,291.463913,291.463913,true,true,1
Wanshouxigong,44,B3_R2,12,8,202.968472,202.968472,105.397102,313.602898,313.602898,true,false,0
Wanshouxigong,44,B3_R2,24,8,246.326654,246.326654,90.384834,328.615166,328.615166,true,false,0
Wanshouxigong,44,GRU_R1,1,8,85.525208,85.337326,242.085602,176.914398,176.914398,true,false,5
Wanshouxigong,44,GRU_R1,6,8,187.786378,187.786378,83.469818,335.530182,335.530182,true,true,2
Wanshouxigong,44,GRU_R1,12,8,69.632387,68.096048,284.312866,134.687134,134.687134,true,true,7
Wanshouxigong,44,GRU_R1,24,8,47.083015,6.77256,320.399109,98.600891,98.600891,true,true,8
Wanshouxigong,44,B0,1,8,48.125,4.625,362.0,57.0,57.0,true,false,7
Wanshouxigong,44,B0,6,8,189.5,120.5,148.0,271.0,271.0,true,true,3
Wanshouxigong,44,B0,12,8,66.875,-38.625,403.0,16.0,16.0,true,true,7
Wanshouxigong,44,B0,24,8,185.875,-185.875,493.0,-74.0,74.0,false,true,8
Wanshouxigong,45,B3_R2,1,35,54.790829,33.077844,516.640991,117.359009,117.359009,true,false,34
Wanshouxigong,45,B3_R2,6,35,179.311664,178.817288,342.465088,291.534912,291.534912,true,false,13
Wanshouxigong,45,B3_R2,12,35,282.274215,282.274215,154.498367,479.501633,479.501633,true,false,0
Wanshouxigong,45,B3_R2,24,35,317.270398,317.270398,132.312256,501.687744,501.687744,true,false,0
Wanshouxigong,45,GRU_R1,1,35,109.231283,102.34401,369.584137,264.415863,264.415863,true,false,34
Wanshouxigong,45,GRU_R1,6,35,146.935025,143.102371,350.022522,283.977478,283.977478,true,false,26
Wanshouxigong,45,GRU_R1,12,35,176.836266,172.463102,250.577942,383.422058,383.422058,true,false,18
Wanshouxigong,45,GRU_R1,24,35,204.045579,202.448392,288.790924,345.209076,345.209076,true,true,16
Wanshouxigong,45,B0,1,35,36.628571,2.457143,630.0,4.0,4.0,true,false,34
Wanshouxigong,45,B0,6,35,101.857143,53.514286,579.0,55.0,55.0,true,true,31
Wanshouxigong,45,B0,12,35,143.685714,97.742857,267.0,367.0,367.0,true,true,31
Wanshouxigong,45,B0,24,35,181.628571,131.285714,371.0,263.0,263.0,true,true,26
Wanshouxigong,46,B3_R2,1,3,151.246297,151.246297,483.245453,137.754547,137.754547,true,false,2
Wanshouxigong,46,B3_R2,6,3,249.679586,249.679586,301.828064,319.171936,319.171936,true,true,3
Wanshouxigong,46,B3_R2,12,3,422.493223,422.493223,125.956024,495.043976,495.043976,true,false,0
Wanshouxigong,46,B3_R2,24,3,442.877309,442.877309,95.239685,525.760315,525.760315,true,false,0
Wanshouxigong,46,GRU_R1,1,3,222.528005,222.528005,358.978271,262.021729,262.021729,true,false,2
Wanshouxigong,46,GRU_R1,6,3,191.9546,191.9546,345.25119,275.74881,275.74881,true,true,3
Wanshouxigong,46,GRU_R1,12,3,210.646545,210.646545,326.557495,294.442505,294.442505,true,true,3
Wanshouxigong,46,GRU_R1,24,3,297.204086,297.204086,218.260452,402.739548,402.739548,true,true,1
Wanshouxigong,46,B0,1,3,128.0,128.0,529.0,92.0,92.0,true,false,2
Wanshouxigong,46,B0,6,3,87.0,-44.333333,557.0,64.0,64.0,true,true,3
Wanshouxigong,46,B0,12,3,70.0,-62.666667,610.0,11.0,11.0,true,true,3
Wanshouxigong,46,B0,24,3,231.333333,231.333333,285.0,336.0,336.0,true,true,3
Wanshouxigong,47,B3_R2,1,10,56.200375,7.290659,384.992767,26.007233,26.007233,true,false,9
Wanshouxigong,47,B3_R2,6,10,124.611391,114.459414,208.381134,202.618866,202.618866,true,false,6
Wanshouxigong,47,B3_R2,12,10,184.632534,184.632534,241.792252,169.207748,169.207748,true,false,0
Wanshouxigong,47,B3_R2,24,10,271.835528,271.835528,97.212105,313.787895,313.787895,true,false,0
Wanshouxigong,47,GRU_R1,1,10,81.280679,77.894497,322.717102,88.282898,88.282898,true,false,9
Wanshouxigong,47,GRU_R1,6,10,118.161377,109.437463,115.387985,295.612015,295.612015,true,false,7
Wanshouxigong,47,GRU_R1,12,10,61.876175,42.740182,267.786316,143.213684,143.213684,true,true,9
Wanshouxigong,47,GRU_R1,24,10,54.01105,38.110526,336.394196,74.605804,74.605804,true,true,10
Wanshouxigong,47,B0,1,10,60.8,12.0,369.0,42.0,42.0,true,false,9
Wanshouxigong,47,B0,6,10,150.5,13.9,144.0,267.0,267.0,true,false,7
Wanshouxigong,47,B0,12,10,189.1,-135.3,280.0,131.0,131.0,true,true,9
Wanshouxigong,47,B0,24,10,153.2,-148.6,579.0,-168.0,168.0,false,true,10
Wanshouxigong,48,B3_R2,1,7,16.603564,8.821259,285.203186,6.796814,6.796814,true,false,6
Wanshouxigong,48,B3_R2,6,7,135.534286,135.534286,103.342232,188.657768,188.657768,true,false,0
Wanshouxigong,48,B3_R2,12,7,154.105917,154.105917,139.732788,152.267212,152.267212,true,false,0
Wanshouxigong,48,B3_R2,24,7,172.512897,172.512897,116.716072,175.283928,175.283928,true,false,0
Wanshouxigong,48,GRU_R1,1,7,38.023516,34.697362,245.321426,46.678574,46.678574,true,false,4
Wanshouxigong,48,GRU_R1,6,7,110.885422,110.885422,136.766296,155.233704,155.233704,true,false,0
Wanshouxigong,48,GRU_R1,12,7,27.850089,18.181231,283.573853,8.426147,8.426147,true,true,5
Wanshouxigong,48,GRU_R1,24,7,43.850224,-26.590441,328.873047,-36.873047,36.873047,false,true,6
Wanshouxigong,48,B0,1,7,18.0,4.857143,283.0,9.0,9.0,true,false,6
Wanshouxigong,48,B0,6,7,69.142857,63.142857,175.0,117.0,117.0,true,true,2
Wanshouxigong,48,B0,12,7,80.0,-80.0,369.0,-77.0,77.0,false,true,7
Wanshouxigong,48,B0,24,7,188.142857,-181.0,504.0,-212.0,212.0,false,true,6
Wanshouxigong,49,B3_R2,1,15,16.428619,2.956443,357.008942,11.991058,11.991058,true,true,15
Wanshouxigong,49,B3_R2,6,15,45.215557,43.682276,265.282013,103.717987,103.717987,true,true,12
Wanshouxigong,49,B3_R2,12,15,115.356737,115.356737,210.442673,158.557327,158.557327,true,false,0
Wanshouxigong,49,B3_R2,24,15,124.102587,124.102587,202.622879,166.377121,166.377121,true,false,0
Wanshouxigong,49,GRU_R1,1,15,28.809567,28.195985,320.684174,48.315826,48.315826,true,true,14
Wanshouxigong,49,GRU_R1,6,15,53.973157,48.433582,252.164459,116.835541,116.835541,true,false,10
Wanshouxigong,49,GRU_R1,12,15,91.33412,91.33412,212.341187,156.658813,156.658813,true,false,0
Wanshouxigong,49,GRU_R1,24,15,130.495854,130.495854,205.72641,163.27359,163.27359,true,false,0
Wanshouxigong,49,B0,1,15,17.466667,2.8,366.0,3.0,3.0,true,false,14
Wanshouxigong,49,B0,6,15,67.6,30.4,261.0,108.0,108.0,true,false,9
Wanshouxigong,49,B0,12,15,99.733333,99.733333,186.0,183.0,183.0,true,false,3
Wanshouxigong,49,B0,24,15,129.2,129.2,207.0,162.0,162.0,true,false,0
Wanshouxigong,50,B3_R2,1,19,107.661462,88.803105,496.997742,326.002258,326.002258,true,false,18
Wanshouxigong,50,B3_R2,6,19,270.158765,268.892934,189.328247,633.671753,633.671753,true,false,8
Wanshouxigong,50,B3_R2,12,19,363.233774,363.233774,87.192505,735.807495,735.807495,true,false,0
Wanshouxigong,50,B3_R2,24,19,390.652236,390.652236,82.537254,740.462746,740.462746,true,false,0
Wanshouxigong,50,GRU_R1,1,19,153.072283,153.072283,373.380096,449.619904,449.619904,true,false,15
Wanshouxigong,50,GRU_R1,6,19,247.525933,209.26698,236.594849,586.405151,586.405151,true,false,12
Wanshouxigong,50,GRU_R1,12,19,329.161421,301.790979,67.85891,755.14109,755.14109,true,false,5
Wanshouxigong,50,GRU_R1,24,19,409.399471,409.399471,49.513775,773.486225,773.486225,true,false,0
Wanshouxigong,50,B0,1,19,83.315789,3.947368,730.0,93.0,93.0,true,false,18
Wanshouxigong,50,B0,6,19,327.578947,61.157895,276.0,547.0,547.0,true,false,13
Wanshouxigong,50,B0,12,19,417.421053,225.0,48.0,775.0,775.0,true,false,7
Wanshouxigong,50,B0,24,19,444.052632,444.052632,6.0,817.0,817.0,true,false,0
Wanshouxigong,51,B3_R2,1,9,8.466027,1.343658,281.909485,-1.909485,1.909485,false,true,9
Wanshouxigong,51,B3_R2,6,9,24.636534,22.941167,249.996078,30.003922,30.003922,true,false,5
Wanshouxigong,51,B3_R2,12,9,103.420881,103.420881,193.870285,86.129715,86.129715,true,false,0
Wanshouxigong,51,B3_R2,24,9,147.468998,147.468998,107.919083,172.080917,172.080917,true,false,0
Wanshouxigong,51,GRU_R1,1,9,15.139272,-0.294159,275.91571,4.08429,4.08429,true,false,8
Wanshouxigong,51,GRU_R1,6,9,30.735884,28.99786,248.360931,31.639069,31.639069,true,true,3
Wanshouxigong,51,GRU_R1,12,9,62.132085,-28.642526,206.895279,73.104721,73.104721,true,true,7
Wanshouxigong,51,GRU_R1,24,9,74.584148,49.40895,342.085449,-62.085449,62.085449,false,false,4
Wanshouxigong,51,B0,1,9,8.888889,4.222222,279.0,1.0,1.0,true,false,8
Wanshouxigong,51,B0,6,9,22.555556,-0.111111,247.0,33.0,33.0,true,true,8
Wanshouxigong,51,B0,12,9,166.777778,-163.0,263.0,17.0,17.0,true,true,9
Wanshouxigong,51,B0,24,9,163.777778,-31.333333,804.0,-524.0,524.0,false,false,5
Wanshouxigong,52,B3_R2,1,1,29.986542,29.986542,215.013458,29.986542,29.986542,true,false,0
Wanshouxigong,52,B3_R2,6,1,81.857162,81.857162,163.142838,81.857162,81.857162,true,false,0
Wanshouxigong,52,B3_R2,12,1,116.538223,116.538223,128.461777,116.538223,116.538223,true,false,0
Wanshouxigong,52,B3_R2,24,1,59.527557,59.527557,185.472443,59.527557,59.527557,true,false,0
Wanshouxigong,52,GRU_R1,1,1,60.466019,60.466019,184.533981,60.466019,60.466019,true,false,0
Wanshouxigong,52,GRU_R1,6,1,94.989594,94.989594,150.010406,94.989594,94.989594,true,false,0
Wanshouxigong,52,GRU_R1,12,1,127.107712,127.107712,117.892288,127.107712,127.107712,true,false,0
Wanshouxigong,52,GRU_R1,24,1,84.631775,84.631775,160.368225,84.631775,84.631775,true,false,0
Wanshouxigong,52,B0,1,1,27.0,27.0,218.0,27.0,27.0,true,false,0
Wanshouxigong,52,B0,6,1,92.0,92.0,153.0,92.0,92.0,true,false,0
Wanshouxigong,52,B0,12,1,174.0,174.0,71.0,174.0,174.0,true,false,0
Wanshouxigong,52,B0,24,1,47.0,47.0,198.0,47.0,47.0,true,false,0
Wanshouxigong,53,B3_R2,1,27,16.784556,11.052039,400.4216,12.5784,12.5784,true,false,26
Wanshouxigong,53,B3_R2,6,27,101.537464,101.537464,253.40509,159.59491,159.59491,true,false,13
Wanshouxigong,53,B3_R2,12,27,174.764499,174.764499,161.747498,251.252502,251.252502,true,false,0
Wanshouxigong,53,B3_R2,24,27,233.59171,233.59171,75.737885,337.262115,337.262115,true,false,0
Wanshouxigong,53,GRU_R1,1,27,39.542104,39.542104,337.981903,75.018097,75.018097,true,false,26
Wanshouxigong,53,GRU_R1,6,27,80.180219,80.180219,304.685791,108.314209,108.314209,true,false,20
Wanshouxigong,53,GRU_R1,12,27,129.385147,129.385147,267.963593,145.036407,145.036407,true,false,12
Wanshouxigong,53,GRU_R1,24,27,179.670311,179.670311,152.53978,260.46022,260.46022,true,false,1
Wanshouxigong,53,B0,1,27,16.148148,5.481481,387.0,26.0,26.0,true,false,26
Wanshouxigong,53,B0,6,27,54.444444,49.185185,343.0,70.0,70.0,true,false,21
Wanshouxigong,53,B0,12,27,109.481481,107.555556,329.0,84.0,84.0,true,false,15
Wanshouxigong,53,B0,24,27,169.925926,169.925926,143.0,270.0,270.0,true,false,4
Wanshouxigong,54,B3_R2,1,3,65.116567,65.116567,286.054016,63.945984,63.945984,true,false,1
Wanshouxigong,54,B3_R2,6,3,219.114042,219.114042,93.766045,256.233955,256.233955,true,false,0
Wanshouxigong,54,B3_R2,12,3,231.221695,231.221695,66.537239,283.462761,283.462761,true,false,0
Wanshouxigong,54,B3_R2,24,3,223.997653,223.997653,83.264008,266.735992,266.735992,true,false,0
Wanshouxigong,54,GRU_R1,1,3,82.057826,82.057826,255.840973,94.159027,94.159027,true,false,1
Wanshouxigong,54,GRU_R1,6,3,238.751438,238.751438,74.30574,275.69426,275.69426,true,false,0
Wanshouxigong,54,GRU_R1,12,3,252.331151,252.331151,41.487644,308.512356,308.512356,true,false,0
Wanshouxigong,54,GRU_R1,24,3,262.653047,262.653047,43.198658,306.801342,306.801342,true,false,0
Wanshouxigong,54,B0,1,3,54.666667,54.666667,303.0,47.0,47.0,true,false,2
Wanshouxigong,54,B0,6,3,260.333333,260.333333,49.0,301.0,301.0,true,false,0
Wanshouxigong,54,B0,12,3,288.333333,288.333333,12.0,338.0,338.0,true,false,0
Wanshouxigong,54,B0,24,3,289.666667,289.666667,21.0,329.0,329.0,true,false,0
Wanshouxigong,55,B3_R2,1,2,12.42704,7.013344,231.559616,19.440384,19.440384,true,false,1
Wanshouxigong,55,B3_R2,6,2,10.294609,10.294609,243.145493,7.854507,7.854507,true,false,0
Wanshouxigong,55,B3_R2,12,2,13.966248,-13.966248,258.462524,-7.462524,7.462524,false,true,2
Wanshouxigong,55,B3_R2,24,2,17.945122,17.945122,237.335449,13.664551,13.664551,true,false,0
Wanshouxigong,55,GRU_R1,1,2,14.653275,-14.653275,253.257721,-2.257721,2.257721,false,true,2
Wanshouxigong,55,GRU_R1,6,2,24.247551,24.247551,223.723602,27.276398,27.276398,true,false,0
Wanshouxigong,55,GRU_R1,12,2,24.856262,24.856262,219.646942,31.353058,31.353058,true,false,0
Wanshouxigong,55,GRU_R1,24,2,103.868179,103.868179,162.595734,88.404266,88.404266,true,false,0
Wanshouxigong,55,B0,1,2,12.5,8.5,230.0,21.0,21.0,true,false,1
Wanshouxigong,55,B0,6,2,50.0,50.0,199.0,52.0,52.0,true,false,0
Wanshouxigong,55,B0,12,2,42.0,42.0,201.0,50.0,50.0,true,false,0
Wanshouxigong,55,B0,24,2,112.0,112.0,159.0,92.0,92.0,true,false,0
Wanshouxigong,56,B3_R2,1,19,7.809814,-3.089326,289.489227,-2.489227,2.489227,false,false,18
Wanshouxigong,56,B3_R2,6,19,16.935001,-0.235821,303.31488,-16.31488,16.31488,false,false,14
Wanshouxigong,56,B3_R2,12,19,23.574248,21.356334,283.335785,3.664215,3.664215,true,false,8
Wanshouxigong,56,B3_R2,24,19,34.299597,34.299597,246.580109,40.419891,40.419891,true,false,3
Wanshouxigong,56,GRU_R1,1,19,14.927919,3.87771,285.407837,1.592163,1.592163,true,true,14
Wanshouxigong,56,GRU_R1,6,19,15.970122,13.647616,259.21109,27.78891,27.78891,true,false,11
Wanshouxigong,56,GRU_R1,12,19,32.114859,32.02452,235.35788,51.64212,51.64212,true,false,5
Wanshouxigong,56,GRU_R1,24,19,40.778328,40.778328,236.347931,50.652069,50.652069,true,false,1
Wanshouxigong,56,B0,1,19,6.105263,0.736842,279.0,8.0,8.0,true,false,18
Wanshouxigong,56,B0,6,19,17.210526,9.0,267.0,20.0,20.0,true,false,13
Wanshouxigong,56,B0,12,19,23.526316,21.421053,242.0,45.0,45.0,true,true,8
Wanshouxigong,56,B0,24,19,38.368421,38.368421,230.0,57.0,57.0,true,false,2
