No,year,month,day,hour,timestamp,partition,exclusion_reason
1,2010,1,1,0,2010-01-01 00:00:00,development_train,missing_pm25_target
2,2010,1,1,1,2010-01-01 01:00:00,development_train,missing_pm25_target
3,2010,1,1,2,2010-01-01 02:00:00,development_train,missing_pm25_target
4,2010,1,1,3,2010-01-01 03:00:00,development_train,missing_pm25_target
5,2010,1,1,4,2010-01-01 04:00:00,development_train,missing_pm25_target
6,2010,1,1,5,2010-01-01 05:00:00,development_train,missing_pm25_target
7,2010,1,1,6,2010-01-01 06:00:00,development_train,missing_pm25_target
8,2010,1,1,7,2010-01-01 07:00:00,development_train,missing_pm25_target
9,2010,1,1,8,2010-01-01 08:00:00,development_train,missing_pm25_target
10,2010,1,1,9,2010-01-01 09:00:00,development_train,missing_pm25_target
11,2010,1,1,10,2010-01-01 10:00:00,development_train,missing_pm25_target
12,2010,1,1,11,2010-01-01 11:00:00,development_train,missing_pm25_target
13,2010,1,1,12,2010-01-01 12:00:00,development_train,missing_pm25_target
14,2010,1,1,13,2010-01-01 13:00:00,development_train,missing_pm25_target
15,2010,1,1,14,2010-01-01 14:00:00,development_train,missing_pm25_target
16,2010,1,1,15,2010-01-01 15:00:00,development_train,missing_pm25_target
17,2010,1,1,16,2010-01-01 16:00:00,development_train,missing_pm25_target
18,2010,1,1,17,2010-01-01 17:00:00,development_train,missing_pm25_target
19,2010,1,1,18,2010-01-01 18:00:00,development_train,missing_pm25_target
20,2010,1,1,19,2010-01-01 19:00:00,development_train,missing_pm25_target
21,2010,1,1,20,2010-01-01 20:00:00,development_train,missing_pm25_target
22,2010,1,1,21,2010-01-01 21:00:00,development_train,missing_pm25_target
23,2010,1,1,22,2010-01-01 22:00:00,development_train,missing_pm25_target
24,2010,1,1,23,2010-01-01 23:00:00,development_train,missing_pm25_target
546,2010,1,23,17,2010-01-23 17:00:00,development_train,missing_pm25_target
547,2010,1,23,18,2010-01-23 18:00:00,development_train,missing_pm25_target
548,2010,1,23,19,2010-01-23 19:00:00,development_train,missing_pm25_target
549,2010,1,23,20,2010-01-23 20:00:00,development_train,missing_pm25_target
550,2010,1,23,21,2010-01-23 21:00:00,development_train,missing_pm25_target
551,2010,1,23,22,2010-01-23 22:00:00,development_train,missing_pm25_target
552,2010,1,23,23,2010-01-23 23:00:00,development_train,missing_pm25_target
553,2010,1,24,0,2010-01-24 00:00:00,development_train,missing_pm25_target
554,2010,1,24,1,2010-01-24 01:00:00,development_train,missing_pm25_target
555,2010,1,24,2,2010-01-24 02:00:00,development_train,missing_pm25_target
556,2010,1,24,3,2010-01-24 03:00:00,development_train,missing_pm25_target
557,2010,1,24,4,2010-01-24 04:00:00,development_train,missing_pm25_target
558,2010,1,24,5,2010-01-24 05:00:00,development_train,missing_pm25_target
559,2010,1,24,6,2010-01-24 06:00:00,development_train,missing_pm25_target
560,2010,1,24,7,2010-01-24 07:00:00,development_train,missing_pm25_target
561,2010,1,24,8,2010-01-24 08:00:00,development_train,missing_pm25_target
562,2010,1,24,9,2010-01-24 09:00:00,development_train,missing_pm25_target
563,2010,1,24,10,2010-01-24 10:00:00,development_train,missing_pm25_target
564,2010,1,24,11,2010-01-24 11:00:00,development_train,missing_pm25_target
565,2010,1,24,12,2010-01-24 12:00:00,development_train,missing_pm25_target
566,2010,1,24,13,2010-01-24 13:00:00,development_train,missing_pm25_target
567,2010,1,24,14,2010-01-24 14:00:00,development_train,missing_pm25_target
568,2010,1,24,15,2010-01-24 15:00:00,development_train,missing_pm25_target
569,2010,1,24,16,2010-01-24 16:00:00,development_train,missing_pm25_target
570,2010,1,24,17,2010-01-24 17:00:00,development_train,missing_pm25_target
571,2010,1,24,18,2010-01-24 18:00:00,development_train,missing_pm25_target
572,2010,1,24,19,2010-01-24 19:00:00,development_train,missing_pm25_target
573,2010,1,24,20,2010-01-24 20:00:00,development_train,missing_pm25_target
574,2010,1,24,21,2010-01-24 21:00:00,development_train,missing_pm25_target
575,2010,1,24,22,2010-01-24 22:00:00,development_train,missing_pm25_target
576,2010,1,24,23,2010-01-24 23:00:00,development_train,missing_pm25_target
577,2010,1,25,0,2010-01-25 00:00:00,development_train,missing_pm25_target
578,2010,1,25,1,2010-01-25 01:00:00,development_train,missing_pm25_target
579,2010,1,25,2,2010-01-25 02:00:00,development_train,missing_pm25_target
580,2010,1,25,3,2010-01-25 03:00:00,development_train,missing_pm25_target
581,2010,1,25,4,2010-01-25 04:00:00,development_train,missing_pm25_target
582,2010,1,25,5,2010-01-25 05:00:00,development_train,missing_pm25_target
583,2010,1,25,6,2010-01-25 06:00:00,development_train,missing_pm25_target
584,2010,1,25,7,2010-01-25 07:00:00,development_train,missing_pm25_target
585,2010,1,25,8,2010-01-25 08:00:00,development_train,missing_pm25_target
586,2010,1,25,9,2010-01-25 09:00:00,development_train,missing_pm25_target
587,2010,1,25,10,2010-01-25 10:00:00,development_train,missing_pm25_target
588,2010,1,25,11,2010-01-25 11:00:00,development_train,missing_pm25_target
589,2010,1,25,12,2010-01-25 12:00:00,development_train,missing_pm25_target
590,2010,1,25,13,2010-01-25 13:00:00,development_train,missing_pm25_target
591,2010,1,25,14,2010-01-25 14:00:00,development_train,missing_pm25_target
592,2010,1,25,15,2010-01-25 15:00:00,development_train,missing_pm25_target
593,2010,1,25,16,2010-01-25 16:00:00,development_train,missing_pm25_target
594,2010,1,25,17,2010-01-25 17:00:00,development_train,missing_pm25_target
595,2010,1,25,18,2010-01-25 18:00:00,development_train,missing_pm25_target
596,2010,1,25,19,2010-01-25 19:00:00,development_train,missing_pm25_target
597,2010,1,25,20,2010-01-25 20:00:00,development_train,missing_pm25_target
598,2010,1,25,21,2010-01-25 21:00:00,development_train,missing_pm25_target
599,2010,1,25,22,2010-01-25 22:00:00,development_train,missing_pm25_target
600,2010,1,25,23,2010-01-25 23:00:00,development_train,missing_pm25_target
601,2010,1,26,0,2010-01-26 00:00:00,development_train,missing_pm25_target
602,2010,1,26,1,2010-01-26 01:00:00,development_train,missing_pm25_target
603,2010,1,26,2,2010-01-26 02:00:00,development_train,missing_pm25_target
604,2010,1,26,3,2010-01-26 03:00:00,development_train,missing_pm25_target
605,2010,1,26,4,2010-01-26 04:00:00,development_train,missing_pm25_target
606,2010,1,26,5,2010-01-26 05:00:00,development_train,missing_pm25_target
607,2010,1,26,6,2010-01-26 06:00:00,development_train,missing_pm25_target
608,2010,1,26,7,2010-01-26 07:00:00,development_train,missing_pm25_target
609,2010,1,26,8,2010-01-26 08:00:00,development_train,missing_pm25_target
610,2010,1,26,9,2010-01-26 09:00:00,development_train,missing_pm25_target
611,2010,1,26,10,2010-01-26 10:00:00,development_train,missing_pm25_target
612,2010,1,26,11,2010-01-26 11:00:00,development_train,missing_pm25_target
1059,2010,2,14,2,2010-02-14 02:00:00,development_train,missing_pm25_target
1878,2010,3,20,5,2010-03-20 05:00:00,development_train,missing_pm25_target
1879,2010,3,20,6,2010-03-20 06:00:00,development_train,missing_pm25_target
1944,2010,3,22,23,2010-03-22 23:00:00,development_train,missing_pm25_target
2119,2010,3,30,6,2010-03-30 06:00:00,development_train,missing_pm25_target
2120,2010,3,30,7,2010-03-30 07:00:00,development_train,missing_pm25_target
2121,2010,3,30,8,2010-03-30 08:00:00,development_train,missing_pm25_target
2122,2010,3,30,9,2010-03-30 09:00:00,development_train,missing_pm25_target
2123,2010,3,30,10,2010-03-30 10:00:00,development_train,missing_pm25_target
2124,2010,3,30,11,2010-03-30 11:00:00,development_train,missing_pm25_target
2125,2010,3,30,12,2010-03-30 12:00:00,development_train,missing_pm25_target
2127,2010,3,30,14,2010-03-30 14:00:00,development_train,missing_pm25_target
2128,2010,3,30,15,2010-03-30 15:00:00,development_train,missing_pm25_target
2129,2010,3,30,16,2010-03-30 16:00:00,development_train,missing_pm25_target
2130,2010,3,30,17,2010-03-30 17:00:00,development_train,missing_pm25_target
2131,2010,3,30,18,2010-03-30 18:00:00,development_train,missing_pm25_target
2132,2010,3,30,19,2010-03-30 19:00:00,development_train,missing_pm25_target
2133,2010,3,30,20,2010-03-30 20:00:00,development_train,missing_pm25_target
2134,2010,3,30,21,2010-03-30 21:00:00,development_train,missing_pm25_target
2135,2010,3,30,22,2010-03-30 22:00:00,development_train,missing_pm25_target
2136,2010,3,30,23,2010-03-30 23:00:00,development_train,missing_pm25_target
2137,2010,3,31,0,2010-03-31 00:00:00,development_train,missing_pm25_target
2138,2010,3,31,1,2010-03-31 01:00:00,development_train,missing_pm25_target
2139,2010,3,31,2,2010-03-31 02:00:00,development_train,missing_pm25_target
2140,2010,3,31,3,2010-03-31 03:00:00,development_train,missing_pm25_target
2141,2010,3,31,4,2010-03-31 04:00:00,development_train,missing_pm25_target
2142,2010,3,31,5,2010-03-31 05:00:00,development_train,missing_pm25_target
2143,2010,3,31,6,2010-03-31 06:00:00,development_train,missing_pm25_target
2146,2010,3,31,9,2010-03-31 09:00:00,development_train,missing_pm25_target
2147,2010,3,31,10,2010-03-31 10:00:00,development_train,missing_pm25_target
2148,2010,3,31,11,2010-03-31 11:00:00,development_train,missing_pm25_target
2149,2010,3,31,12,2010-03-31 12:00:00,development_train,missing_pm25_target
2150,2010,3,31,13,2010-03-31 13:00:00,development_train,missing_pm25_target
2151,2010,3,31,14,2010-03-31 14:00:00,development_train,missing_pm25_target
2152,2010,3,31,15,2010-03-31 15:00:00,development_train,missing_pm25_target
2153,2010,3,31,16,2010-03-31 16:00:00,development_train,missing_pm25_target
2172,2010,4,1,11,2010-04-01 11:00:00,development_train,missing_pm25_target
2173,2010,4,1,12,2010-04-01 12:00:00,development_train,missing_pm25_target
3282,2010,5,17,17,2010-05-17 17:00:00,development_train,missing_pm25_target
3283,2010,5,17,18,2010-05-17 18:00:00,development_train,missing_pm25_target
3524,2010,5,27,19,2010-05-27 19:00:00,development_train,missing_pm25_target
3525,2010,5,27,20,2010-05-27 20:00:00,development_train,missing_pm25_target
3526,2010,5,27,21,2010-05-27 21:00:00,development_train,missing_pm25_target
3527,2010,5,27,22,2010-05-27 22:00:00,development_train,missing_pm25_target
3528,2010,5,27,23,2010-05-27 23:00:00,development_train,missing_pm25_target
3641,2010,6,1,16,2010-06-01 16:00:00,development_train,missing_pm25_target
3647,2010,6,1,22,2010-06-01 22:00:00,development_train,missing_pm25_target
3648,2010,6,1,23,2010-06-01 23:00:00,development_train,missing_pm25_target
3649,2010,6,2,0,2010-06-02 00:00:00,development_train,missing_pm25_target
3650,2010,6,2,1,2010-06-02 01:00:00,development_train,missing_pm25_target
3651,2010,6,2,2,2010-06-02 02:00:00,development_train,missing_pm25_target
3652,2010,6,2,3,2010-06-02 03:00:00,development_train,missing_pm25_target
3653,2010,6,2,4,2010-06-02 04:00:00,development_train,missing_pm25_target
3654,2010,6,2,5,2010-06-02 05:00:00,development_train,missing_pm25_target
3655,2010,6,2,6,2010-06-02 06:00:00,development_train,missing_pm25_target
3656,2010,6,2,7,2010-06-02 07:00:00,development_train,missing_pm25_target
3657,2010,6,2,8,2010-06-02 08:00:00,development_train,missing_pm25_target
3658,2010,6,2,9,2010-06-02 09:00:00,development_train,missing_pm25_target
3659,2010,6,2,10,2010-06-02 10:00:00,development_train,missing_pm25_target
3660,2010,6,2,11,2010-06-02 11:00:00,development_train,missing_pm25_target
3661,2010,6,2,12,2010-06-02 12:00:00,development_train,missing_pm25_target
3662,2010,6,2,13,2010-06-02 13:00:00,development_train,missing_pm25_target
3663,2010,6,2,14,2010-06-02 14:00:00,development_train,missing_pm25_target
3664,2010,6,2,15,2010-06-02 15:00:00,development_train,missing_pm25_target
3665,2010,6,2,16,2010-06-02 16:00:00,development_train,missing_pm25_target
3709,2010,6,4,12,2010-06-04 12:00:00,development_train,missing_pm25_target
3710,2010,6,4,13,2010-06-04 13:00:00,development_train,missing_pm25_target
3711,2010,6,4,14,2010-06-04 14:00:00,development_train,missing_pm25_target
3712,2010,6,4,15,2010-06-04 15:00:00,development_train,missing_pm25_target
3713,2010,6,4,16,2010-06-04 16:00:00,development_train,missing_pm25_target
3714,2010,6,4,17,2010-06-04 17:00:00,development_train,missing_pm25_target
3715,2010,6,4,18,2010-06-04 18:00:00,development_train,missing_pm25_target
3716,2010,6,4,19,2010-06-04 19:00:00,development_train,missing_pm25_target
3717,2010,6,4,20,2010-06-04 20:00:00,development_train,missing_pm25_target
3718,2010,6,4,21,2010-06-04 21:00:00,development_train,missing_pm25_target
3719,2010,6,4,22,2010-06-04 22:00:00,development_train,missing_pm25_target
3720,2010,6,4,23,2010-06-04 23:00:00,development_train,missing_pm25_target
3721,2010,6,5,0,2010-06-05 00:00:00,development_train,missing_pm25_target
3722,2010,6,5,1,2010-06-05 01:00:00,development_train,missing_pm25_target
3723,2010,6,5,2,2010-06-05 02:00:00,development_train,missing_pm25_target
3724,2010,6,5,3,2010-06-05 03:00:00,development_train,missing_pm25_target
3725,2010,6,5,4,2010-06-05 04:00:00,development_train,missing_pm25_target
3726,2010,6,5,5,2010-06-05 05:00:00,development_train,missing_pm25_target
3727,2010,6,5,6,2010-06-05 06:00:00,development_train,missing_pm25_target
3728,2010,6,5,7,2010-06-05 07:00:00,development_train,missing_pm25_target
3729,2010,6,5,8,2010-06-05 08:00:00,development_train,missing_pm25_target
3730,2010,6,5,9,2010-06-05 09:00:00,development_train,missing_pm25_target
3731,2010,6,5,10,2010-06-05 10:00:00,development_train,missing_pm25_target
3732,2010,6,5,11,2010-06-05 11:00:00,development_train,missing_pm25_target
3733,2010,6,5,12,2010-06-05 12:00:00,development_train,missing_pm25_target
3734,2010,6,5,13,2010-06-05 13:00:00,development_train,missing_pm25_target
3735,2010,6,5,14,2010-06-05 14:00:00,development_train,missing_pm25_target
3736,2010,6,5,15,2010-06-05 15:00:00,development_train,missing_pm25_target
3737,2010,6,5,16,2010-06-05 16:00:00,development_train,missing_pm25_target
3738,2010,6,5,17,2010-06-05 17:00:00,development_train,missing_pm25_target
3739,2010,6,5,18,2010-06-05 18:00:00,development_train,missing_pm25_target
3740,2010,6,5,19,2010-06-05 19:00:00,development_train,missing_pm25_target
3741,2010,6,5,20,2010-06-05 20:00:00,development_train,missing_pm25_target
3742,2010,6,5,21,2010-06-05 21:00:00,development_train,missing_pm25_target
3743,2010,6,5,22,2010-06-05 22:00:00,development_train,missing_pm25_target
3744,2010,6,5,23,2010-06-05 23:00:00,development_train,missing_pm25_target
3745,2010,6,6,0,2010-06-06 00:00:00,development_train,missing_pm25_target
3746,2010,6,6,1,2010-06-06 01:00:00,development_train,missing_pm25_target
3747,2010,6,6,2,2010-06-06 02:00:00,development_train,missing_pm25_target
3748,2010,6,6,3,2010-06-06 03:00:00,development_train,missing_pm25_target
3749,2010,6,6,4,2010-06-06 04:00:00,development_train,missing_pm25_target
3750,2010,6,6,5,2010-06-06 05:00:00,development_train,missing_pm25_target
3751,2010,6,6,6,2010-06-06 06:00:00,development_train,missing_pm25_target
3752,2010,6,6,7,2010-06-06 07:00:00,development_train,missing_pm25_target
3753,2010,6,6,8,2010-06-06 08:00:00,development_train,missing_pm25_target
3754,2010,6,6,9,2010-06-06 09:00:00,development_train,missing_pm25_target
3755,2010,6,6,10,2010-06-06 10:00:00,development_train,missing_pm25_target
3756,2010,6,6,11,2010-06-06 11:00:00,development_train,missing_pm25_target
3757,2010,6,6,12,2010-06-06 12:00:00,development_train,missing_pm25_target
3758,2010,6,6,13,2010-06-06 13:00:00,development_train,missing_pm25_target
3759,2010,6,6,14,2010-06-06 14:00:00,development_train,missing_pm25_target
3760,2010,6,6,15,2010-06-06 15:00:00,development_train,missing_pm25_target
3761,2010,6,6,16,2010-06-06 16:00:00,development_train,missing_pm25_target
3762,2010,6,6,17,2010-06-06 17:00:00,development_train,missing_pm25_target
3763,2010,6,6,18,2010-06-06 18:00:00,development_train,missing_pm25_target
3764,2010,6,6,19,2010-06-06 19:00:00,development_train,missing_pm25_target
3765,2010,6,6,20,2010-06-06 20:00:00,development_train,missing_pm25_target
3766,2010,6,6,21,2010-06-06 21:00:00,development_train,missing_pm25_target
3767,2010,6,6,22,2010-06-06 22:00:00,development_train,missing_pm25_target
3768,2010,6,6,23,2010-06-06 23:00:00,development_train,missing_pm25_target
3769,2010,6,7,0,2010-06-07 00:00:00,development_train,missing_pm25_target
3770,2010,6,7,1,2010-06-07 01:00:00,development_train,missing_pm25_target
3771,2010,6,7,2,2010-06-07 02:00:00,development_train,missing_pm25_target
3772,2010,6,7,3,2010-06-07 03:00:00,development_train,missing_pm25_target
3773,2010,6,7,4,2010-06-07 04:00:00,development_train,missing_pm25_target
3774,2010,6,7,5,2010-06-07 05:00:00,development_train,missing_pm25_target
3775,2010,6,7,6,2010-06-07 06:00:00,development_train,missing_pm25_target
3776,2010,6,7,7,2010-06-07 07:00:00,development_train,missing_pm25_target
3777,2010,6,7,8,2010-06-07 08:00:00,development_train,missing_pm25_target
3778,2010,6,7,9,2010-06-07 09:00:00,development_train,missing_pm25_target
3779,2010,6,7,10,2010-06-07 10:00:00,development_train,missing_pm25_target
3780,2010,6,7,11,2010-06-07 11:00:00,development_train,missing_pm25_target
3797,2010,6,8,4,2010-06-08 04:00:00,development_train,missing_pm25_target
3798,2010,6,8,5,2010-06-08 05:00:00,development_train,missing_pm25_target
3799,2010,6,8,6,2010-06-08 06:00:00,development_train,missing_pm25_target
3800,2010,6,8,7,2010-06-08 07:00:00,development_train,missing_pm25_target
3801,2010,6,8,8,2010-06-08 08:00:00,development_train,missing_pm25_target
3802,2010,6,8,9,2010-06-08 09:00:00,development_train,missing_pm25_target
3803,2010,6,8,10,2010-06-08 10:00:00,development_train,missing_pm25_target
3804,2010,6,8,11,2010-06-08 11:00:00,development_train,missing_pm25_target
3805,2010,6,8,12,2010-06-08 12:00:00,development_train,missing_pm25_target
3806,2010,6,8,13,2010-06-08 13:00:00,development_train,missing_pm25_target
3807,2010,6,8,14,2010-06-08 14:00:00,development_train,missing_pm25_target
3808,2010,6,8,15,2010-06-08 15:00:00,development_train,missing_pm25_target
3809,2010,6,8,16,2010-06-08 16:00:00,development_train,missing_pm25_target
3810,2010,6,8,17,2010-06-08 17:00:00,development_train,missing_pm25_target
3811,2010,6,8,18,2010-06-08 18:00:00,development_train,missing_pm25_target
3812,2010,6,8,19,2010-06-08 19:00:00,development_train,missing_pm25_target
3813,2010,6,8,20,2010-06-08 20:00:00,development_train,missing_pm25_target
3814,2010,6,8,21,2010-06-08 21:00:00,development_train,missing_pm25_target
3815,2010,6,8,22,2010-06-08 22:00:00,development_train,missing_pm25_target
3816,2010,6,8,23,2010-06-08 23:00:00,development_train,missing_pm25_target
3817,2010,6,9,0,2010-06-09 00:00:00,development_train,missing_pm25_target
3818,2010,6,9,1,2010-06-09 01:00:00,development_train,missing_pm25_target
3819,2010,6,9,2,2010-06-09 02:00:00,development_train,missing_pm25_target
3820,2010,6,9,3,2010-06-09 03:00:00,development_train,missing_pm25_target
3821,2010,6,9,4,2010-06-09 04:00:00,development_train,missing_pm25_target
3822,2010,6,9,5,2010-06-09 05:00:00,development_train,missing_pm25_target
3823,2010,6,9,6,2010-06-09 06:00:00,development_train,missing_pm25_target
3824,2010,6,9,7,2010-06-09 07:00:00,development_train,missing_pm25_target
3825,2010,6,9,8,2010-06-09 08:00:00,development_train,missing_pm25_target
3826,2010,6,9,9,2010-06-09 09:00:00,development_train,missing_pm25_target
3827,2010,6,9,10,2010-06-09 10:00:00,development_train,missing_pm25_target
3828,2010,6,9,11,2010-06-09 11:00:00,development_train,missing_pm25_target
3829,2010,6,9,12,2010-06-09 12:00:00,development_train,missing_pm25_target
3830,2010,6,9,13,2010-06-09 13:00:00,development_train,missing_pm25_target
3831,2010,6,9,14,2010-06-09 14:00:00,development_train,missing_pm25_target
3832,2010,6,9,15,2010-06-09 15:00:00,development_train,missing_pm25_target
3833,2010,6,9,16,2010-06-09 16:00:00,development_train,missing_pm25_target
4089,2010,6,20,8,2010-06-20 08:00:00,development_train,missing_pm25_target
4090,2010,6,20,9,2010-06-20 09:00:00,development_train,missing_pm25_target
4139,2010,6,22,10,2010-06-22 10:00:00,development_train,missing_pm25_target
4140,2010,6,22,11,2010-06-22 11:00:00,development_train,missing_pm25_target
4141,2010,6,22,12,2010-06-22 12:00:00,development_train,missing_pm25_target
4142,2010,6,22,13,2010-06-22 13:00:00,development_train,missing_pm25_target
4143,2010,6,22,14,2010-06-22 14:00:00,development_train,missing_pm25_target
4144,2010,6,22,15,2010-06-22 15:00:00,development_train,missing_pm25_target
4145,2010,6,22,16,2010-06-22 16:00:00,development_train,missing_pm25_target
4146,2010,6,22,17,2010-06-22 17:00:00,development_train,missing_pm25_target
4147,2010,6,22,18,2010-06-22 18:00:00,development_train,missing_pm25_target
4148,2010,6,22,19,2010-06-22 19:00:00,development_train,missing_pm25_target
4149,2010,6,22,20,2010-06-22 20:00:00,development_train,missing_pm25_target
4150,2010,6,22,21,2010-06-22 21:00:00,development_train,missing_pm25_target
4151,2010,6,22,22,2010-06-22 22:00:00,development_train,missing_pm25_target
4152,2010,6,22,23,2010-06-22 23:00:00,development_train,missing_pm25_target
4153,2010,6,23,0,2010-06-23 00:00:00,development_train,missing_pm25_target
4154,2010,6,23,1,2010-06-23 01:00:00,development_train,missing_pm25_target
4155,2010,6,23,2,2010-06-23 02:00:00,development_train,missing_pm25_target
4156,2010,6,23,3,2010-06-23 03:00:00,development_train,missing_pm25_target
4157,2010,6,23,4,2010-06-23 04:00:00,development_train,missing_pm25_target
4158,2010,6,23,5,2010-06-23 05:00:00,development_train,missing_pm25_target
4159,2010,6,23,6,2010-06-23 06:00:00,development_train,missing_pm25_target
4160,2010,6,23,7,2010-06-23 07:00:00,development_train,missing_pm25_target
4161,2010,6,23,8,2010-06-23 08:00:00,development_train,missing_pm25_target
4162,2010,6,23,9,2010-06-23 09:00:00,development_train,missing_pm25_target
5397,2010,8,13,20,2010-08-13 20:00:00,development_train,missing_pm25_target
5398,2010,8,13,21,2010-08-13 21:00:00,development_train,missing_pm25_target
5399,2010,8,13,22,2010-08-13 22:00:00,development_train,missing_pm25_target
5400,2010,8,13,23,2010-08-13 23:00:00,development_train,missing_pm25_target
5401,2010,8,14,0,2010-08-14 00:00:00,development_train,missing_pm25_target
5402,2010,8,14,1,2010-08-14 01:00:00,development_train,missing_pm25_target
5403,2010,8,14,2,2010-08-14 02:00:00,development_train,missing_pm25_target
5404,2010,8,14,3,2010-08-14 03:00:00,development_train,missing_pm25_target
5405,2010,8,14,4,2010-08-14 04:00:00,development_train,missing_pm25_target
5406,2010,8,14,5,2010-08-14 05:00:00,development_train,missing_pm25_target
5407,2010,8,14,6,2010-08-14 06:00:00,development_train,missing_pm25_target
5408,2010,8,14,7,2010-08-14 07:00:00,development_train,missing_pm25_target
5409,2010,8,14,8,2010-08-14 08:00:00,development_train,missing_pm25_target
5410,2010,8,14,9,2010-08-14 09:00:00,development_train,missing_pm25_target
5411,2010,8,14,10,2010-08-14 10:00:00,development_train,missing_pm25_target
5412,2010,8,14,11,2010-08-14 11:00:00,development_train,missing_pm25_target
5413,2010,8,14,12,2010-08-14 12:00:00,development_train,missing_pm25_target
5414,2010,8,14,13,2010-08-14 13:00:00,development_train,missing_pm25_target
5415,2010,8,14,14,2010-08-14 14:00:00,development_train,missing_pm25_target
5416,2010,8,14,15,2010-08-14 15:00:00,development_train,missing_pm25_target
5417,2010,8,14,16,2010-08-14 16:00:00,development_train,missing_pm25_target
5418,2010,8,14,17,2010-08-14 17:00:00,development_train,missing_pm25_target
5419,2010,8,14,18,2010-08-14 18:00:00,development_train,missing_pm25_target
5420,2010,8,14,19,2010-08-14 19:00:00,development_train,missing_pm25_target
5421,2010,8,14,20,2010-08-14 20:00:00,development_train,missing_pm25_target
5422,2010,8,14,21,2010-08-14 21:00:00,development_train,missing_pm25_target
5423,2010,8,14,22,2010-08-14 22:00:00,development_train,missing_pm25_target
5424,2010,8,14,23,2010-08-14 23:00:00,development_train,missing_pm25_target
5425,2010,8,15,0,2010-08-15 00:00:00,development_train,missing_pm25_target
5426,2010,8,15,1,2010-08-15 01:00:00,development_train,missing_pm25_target
5427,2010,8,15,2,2010-08-15 02:00:00,development_train,missing_pm25_target
5428,2010,8,15,3,2010-08-15 03:00:00,development_train,missing_pm25_target
5429,2010,8,15,4,2010-08-15 04:00:00,development_train,missing_pm25_target
5430,2010,8,15,5,2010-08-15 05:00:00,development_train,missing_pm25_target
5431,2010,8,15,6,2010-08-15 06:00:00,development_train,missing_pm25_target
5432,2010,8,15,7,2010-08-15 07:00:00,development_train,missing_pm25_target
5433,2010,8,15,8,2010-08-15 08:00:00,development_train,missing_pm25_target
5434,2010,8,15,9,2010-08-15 09:00:00,development_train,missing_pm25_target
5435,2010,8,15,10,2010-08-15 10:00:00,development_train,missing_pm25_target
5436,2010,8,15,11,2010-08-15 11:00:00,development_train,missing_pm25_target
5437,2010,8,15,12,2010-08-15 12:00:00,development_train,missing_pm25_target
5438,2010,8,15,13,2010-08-15 13:00:00,development_train,missing_pm25_target
5439,2010,8,15,14,2010-08-15 14:00:00,development_train,missing_pm25_target
5440,2010,8,15,15,2010-08-15 15:00:00,development_train,missing_pm25_target
5441,2010,8,15,16,2010-08-15 16:00:00,development_train,missing_pm25_target
5442,2010,8,15,17,2010-08-15 17:00:00,development_train,missing_pm25_target
5443,2010,8,15,18,2010-08-15 18:00:00,development_train,missing_pm25_target
5444,2010,8,15,19,2010-08-15 19:00:00,development_train,missing_pm25_target
5445,2010,8,15,20,2010-08-15 20:00:00,development_train,missing_pm25_target
5446,2010,8,15,21,2010-08-15 21:00:00,development_train,missing_pm25_target
5447,2010,8,15,22,2010-08-15 22:00:00,development_train,missing_pm25_target
5448,2010,8,15,23,2010-08-15 23:00:00,development_train,missing_pm25_target
5449,2010,8,16,0,2010-08-16 00:00:00,development_train,missing_pm25_target
5450,2010,8,16,1,2010-08-16 01:00:00,development_train,missing_pm25_target
5451,2010,8,16,2,2010-08-16 02:00:00,development_train,missing_pm25_target
5452,2010,8,16,3,2010-08-16 03:00:00,development_train,missing_pm25_target
5453,2010,8,16,4,2010-08-16 04:00:00,development_train,missing_pm25_target
5454,2010,8,16,5,2010-08-16 05:00:00,development_train,missing_pm25_target
5455,2010,8,16,6,2010-08-16 06:00:00,development_train,missing_pm25_target
5456,2010,8,16,7,2010-08-16 07:00:00,development_train,missing_pm25_target
5457,2010,8,16,8,2010-08-16 08:00:00,development_train,missing_pm25_target
5458,2010,8,16,9,2010-08-16 09:00:00,development_train,missing_pm25_target
5459,2010,8,16,10,2010-08-16 10:00:00,development_train,missing_pm25_target
5460,2010,8,16,11,2010-08-16 11:00:00,development_train,missing_pm25_target
5461,2010,8,16,12,2010-08-16 12:00:00,development_train,missing_pm25_target
5462,2010,8,16,13,2010-08-16 13:00:00,development_train,missing_pm25_target
5463,2010,8,16,14,2010-08-16 14:00:00,development_train,missing_pm25_target
5464,2010,8,16,15,2010-08-16 15:00:00,development_train,missing_pm25_target
6079,2010,9,11,6,2010-09-11 06:00:00,development_train,missing_pm25_target
6080,2010,9,11,7,2010-09-11 07:00:00,development_train,missing_pm25_target
6081,2010,9,11,8,2010-09-11 08:00:00,development_train,missing_pm25_target
6082,2010,9,11,9,2010-09-11 09:00:00,development_train,missing_pm25_target
6083,2010,9,11,10,2010-09-11 10:00:00,development_train,missing_pm25_target
6084,2010,9,11,11,2010-09-11 11:00:00,development_train,missing_pm25_target
6085,2010,9,11,12,2010-09-11 12:00:00,development_train,missing_pm25_target
6086,2010,9,11,13,2010-09-11 13:00:00,development_train,missing_pm25_target
6087,2010,9,11,14,2010-09-11 14:00:00,development_train,missing_pm25_target
6088,2010,9,11,15,2010-09-11 15:00:00,development_train,missing_pm25_target
6089,2010,9,11,16,2010-09-11 16:00:00,development_train,missing_pm25_target
6090,2010,9,11,17,2010-09-11 17:00:00,development_train,missing_pm25_target
6091,2010,9,11,18,2010-09-11 18:00:00,development_train,missing_pm25_target
6092,2010,9,11,19,2010-09-11 19:00:00,development_train,missing_pm25_target
6093,2010,9,11,20,2010-09-11 20:00:00,development_train,missing_pm25_target
6094,2010,9,11,21,2010-09-11 21:00:00,development_train,missing_pm25_target
6284,2010,9,19,19,2010-09-19 19:00:00,development_train,missing_pm25_target
6285,2010,9,19,20,2010-09-19 20:00:00,development_train,missing_pm25_target
6286,2010,9,19,21,2010-09-19 21:00:00,development_train,missing_pm25_target
6287,2010,9,19,22,2010-09-19 22:00:00,development_train,missing_pm25_target
6288,2010,9,19,23,2010-09-19 23:00:00,development_train,missing_pm25_target
6318,2010,9,21,5,2010-09-21 05:00:00,development_train,missing_pm25_target
6319,2010,9,21,6,2010-09-21 06:00:00,development_train,missing_pm25_target
6320,2010,9,21,7,2010-09-21 07:00:00,development_train,missing_pm25_target
6321,2010,9,21,8,2010-09-21 08:00:00,development_train,missing_pm25_target
6322,2010,9,21,9,2010-09-21 09:00:00,development_train,missing_pm25_target
6323,2010,9,21,10,2010-09-21 10:00:00,development_train,missing_pm25_target
6324,2010,9,21,11,2010-09-21 11:00:00,development_train,missing_pm25_target
6325,2010,9,21,12,2010-09-21 12:00:00,development_train,missing_pm25_target
6326,2010,9,21,13,2010-09-21 13:00:00,development_train,missing_pm25_target
6327,2010,9,21,14,2010-09-21 14:00:00,development_train,missing_pm25_target
6328,2010,9,21,15,2010-09-21 15:00:00,development_train,missing_pm25_target
6329,2010,9,21,16,2010-09-21 16:00:00,development_train,missing_pm25_target
6330,2010,9,21,17,2010-09-21 17:00:00,development_train,missing_pm25_target
6331,2010,9,21,18,2010-09-21 18:00:00,development_train,missing_pm25_target
6332,2010,9,21,19,2010-09-21 19:00:00,development_train,missing_pm25_target
6333,2010,9,21,20,2010-09-21 20:00:00,development_train,missing_pm25_target
6334,2010,9,21,21,2010-09-21 21:00:00,development_train,missing_pm25_target
6335,2010,9,21,22,2010-09-21 22:00:00,development_train,missing_pm25_target
6336,2010,9,21,23,2010-09-21 23:00:00,development_train,missing_pm25_target
6337,2010,9,22,0,2010-09-22 00:00:00,development_train,missing_pm25_target
6338,2010,9,22,1,2010-09-22 01:00:00,development_train,missing_pm25_target
6339,2010,9,22,2,2010-09-22 02:00:00,development_train,missing_pm25_target
6340,2010,9,22,3,2010-09-22 03:00:00,development_train,missing_pm25_target
6341,2010,9,22,4,2010-09-22 04:00:00,development_train,missing_pm25_target
6342,2010,9,22,5,2010-09-22 05:00:00,development_train,missing_pm25_target
6343,2010,9,22,6,2010-09-22 06:00:00,development_train,missing_pm25_target
6344,2010,9,22,7,2010-09-22 07:00:00,development_train,missing_pm25_target
6345,2010,9,22,8,2010-09-22 08:00:00,development_train,missing_pm25_target
6346,2010,9,22,9,2010-09-22 09:00:00,development_train,missing_pm25_target
6347,2010,9,22,10,2010-09-22 10:00:00,development_train,missing_pm25_target
6348,2010,9,22,11,2010-09-22 11:00:00,development_train,missing_pm25_target
6349,2010,9,22,12,2010-09-22 12:00:00,development_train,missing_pm25_target
6350,2010,9,22,13,2010-09-22 13:00:00,development_train,missing_pm25_target
6351,2010,9,22,14,2010-09-22 14:00:00,development_train,missing_pm25_target
6352,2010,9,22,15,2010-09-22 15:00:00,development_train,missing_pm25_target
6353,2010,9,22,16,2010-09-22 16:00:00,development_train,missing_pm25_target
6354,2010,9,22,17,2010-09-22 17:00:00,development_train,missing_pm25_target
6355,2010,9,22,18,2010-09-22 18:00:00,development_train,missing_pm25_target
6356,2010,9,22,19,2010-09-22 19:00:00,development_train,missing_pm25_target
6357,2010,9,22,20,2010-09-22 20:00:00,development_train,missing_pm25_target
6358,2010,9,22,21,2010-09-22 21:00:00,development_train,missing_pm25_target
6359,2010,9,22,22,2010-09-22 22:00:00,development_train,missing_pm25_target
6360,2010,9,22,23,2010-09-22 23:00:00,development_train,missing_pm25_target
6361,2010,9,23,0,2010-09-23 00:00:00,development_train,missing_pm25_target
6362,2010,9,23,1,2010-09-23 01:00:00,development_train,missing_pm25_target
6363,2010,9,23,2,2010-09-23 02:00:00,development_train,missing_pm25_target
6364,2010,9,23,3,2010-09-23 03:00:00,development_train,missing_pm25_target
6365,2010,9,23,4,2010-09-23 04:00:00,development_train,missing_pm25_target
6366,2010,9,23,5,2010-09-23 05:00:00,development_train,missing_pm25_target
6367,2010,9,23,6,2010-09-23 06:00:00,development_train,missing_pm25_target
6368,2010,9,23,7,2010-09-23 07:00:00,development_train,missing_pm25_target
6369,2010,9,23,8,2010-09-23 08:00:00,development_train,missing_pm25_target
6370,2010,9,23,9,2010-09-23 09:00:00,development_train,missing_pm25_target
6371,2010,9,23,10,2010-09-23 10:00:00,development_train,missing_pm25_target
6372,2010,9,23,11,2010-09-23 11:00:00,development_train,missing_pm25_target
6373,2010,9,23,12,2010-09-23 12:00:00,development_train,missing_pm25_target
6374,2010,9,23,13,2010-09-23 13:00:00,development_train,missing_pm25_target
6375,2010,9,23,14,2010-09-23 14:00:00,development_train,missing_pm25_target
6376,2010,9,23,15,2010-09-23 15:00:00,development_train,missing_pm25_target
6377,2010,9,23,16,2010-09-23 16:00:00,development_train,missing_pm25_target
6378,2010,9,23,17,2010-09-23 17:00:00,development_train,missing_pm25_target
6379,2010,9,23,18,2010-09-23 18:00:00,development_train,missing_pm25_target
6380,2010,9,23,19,2010-09-23 19:00:00,development_train,missing_pm25_target
6381,2010,9,23,20,2010-09-23 20:00:00,development_train,missing_pm25_target
6382,2010,9,23,21,2010-09-23 21:00:00,development_train,missing_pm25_target
6383,2010,9,23,22,2010-09-23 22:00:00,development_train,missing_pm25_target
6384,2010,9,23,23,2010-09-23 23:00:00,development_train,missing_pm25_target
6385,2010,9,24,0,2010-09-24 00:00:00,development_train,missing_pm25_target
6386,2010,9,24,1,2010-09-24 01:00:00,development_train,missing_pm25_target
6387,2010,9,24,2,2010-09-24 02:00:00,development_train,missing_pm25_target
6388,2010,9,24,3,2010-09-24 03:00:00,development_train,missing_pm25_target
6389,2010,9,24,4,2010-09-24 04:00:00,development_train,missing_pm25_target
6390,2010,9,24,5,2010-09-24 05:00:00,development_train,missing_pm25_target
6391,2010,9,24,6,2010-09-24 06:00:00,development_train,missing_pm25_target
6392,2010,9,24,7,2010-09-24 07:00:00,development_train,missing_pm25_target
6393,2010,9,24,8,2010-09-24 08:00:00,development_train,missing_pm25_target
6394,2010,9,24,9,2010-09-24 09:00:00,development_train,missing_pm25_target
6395,2010,9,24,10,2010-09-24 10:00:00,development_train,missing_pm25_target
6396,2010,9,24,11,2010-09-24 11:00:00,development_train,missing_pm25_target
6397,2010,9,24,12,2010-09-24 12:00:00,development_train,missing_pm25_target
6398,2010,9,24,13,2010-09-24 13:00:00,development_train,missing_pm25_target
6399,2010,9,24,14,2010-09-24 14:00:00,development_train,missing_pm25_target
6400,2010,9,24,15,2010-09-24 15:00:00,development_train,missing_pm25_target
6401,2010,9,24,16,2010-09-24 16:00:00,development_train,missing_pm25_target
6402,2010,9,24,17,2010-09-24 17:00:00,development_train,missing_pm25_target
6403,2010,9,24,18,2010-09-24 18:00:00,development_train,missing_pm25_target
6404,2010,9,24,19,2010-09-24 19:00:00,development_train,missing_pm25_target
6405,2010,9,24,20,2010-09-24 20:00:00,development_train,missing_pm25_target
6406,2010,9,24,21,2010-09-24 21:00:00,development_train,missing_pm25_target
6407,2010,9,24,22,2010-09-24 22:00:00,development_train,missing_pm25_target
6408,2010,9,24,23,2010-09-24 23:00:00,development_train,missing_pm25_target
6409,2010,9,25,0,2010-09-25 00:00:00,development_train,missing_pm25_target
6410,2010,9,25,1,2010-09-25 01:00:00,development_train,missing_pm25_target
6411,2010,9,25,2,2010-09-25 02:00:00,development_train,missing_pm25_target
6412,2010,9,25,3,2010-09-25 03:00:00,development_train,missing_pm25_target
6413,2010,9,25,4,2010-09-25 04:00:00,development_train,missing_pm25_target
6414,2010,9,25,5,2010-09-25 05:00:00,development_train,missing_pm25_target
6415,2010,9,25,6,2010-09-25 06:00:00,development_train,missing_pm25_target
6416,2010,9,25,7,2010-09-25 07:00:00,development_train,missing_pm25_target
6417,2010,9,25,8,2010-09-25 08:00:00,development_train,missing_pm25_target
6418,2010,9,25,9,2010-09-25 09:00:00,development_train,missing_pm25_target
6419,2010,9,25,10,2010-09-25 10:00:00,development_train,missing_pm25_target
6420,2010,9,25,11,2010-09-25 11:00:00,development_train,missing_pm25_target
6421,2010,9,25,12,2010-09-25 12:00:00,development_train,missing_pm25_target
6422,2010,9,25,13,2010-09-25 13:00:00,development_train,missing_pm25_target
6423,2010,9,25,14,2010-09-25 14:00:00,development_train,missing_pm25_target
6424,2010,9,25,15,2010-09-25 15:00:00,development_train,missing_pm25_target
6425,2010,9,25,16,2010-09-25 16:00:00,development_train,missing_pm25_target
6426,2010,9,25,17,2010-09-25 17:00:00,development_train,missing_pm25_target
6427,2010,9,25,18,2010-09-25 18:00:00,development_train,missing_pm25_target
6428,2010,9,25,19,2010-09-25 19:00:00,development_train,missing_pm25_target
6429,2010,9,25,20,2010-09-25 20:00:00,development_train,missing_pm25_target
6430,2010,9,25,21,2010-09-25 21:00:00,development_train,missing_pm25_target
6431,2010,9,25,22,2010-09-25 22:00:00,development_train,missing_pm25_target
6432,2010,9,25,23,2010-09-25 23:00:00,development_train,missing_pm25_target
6433,2010,9,26,0,2010-09-26 00:00:00,development_train,missing_pm25_target
6434,2010,9,26,1,2010-09-26 01:00:00,development_train,missing_pm25_target
6435,2010,9,26,2,2010-09-26 02:00:00,development_train,missing_pm25_target
6436,2010,9,26,3,2010-09-26 03:00:00,development_train,missing_pm25_target
6437,2010,9,26,4,2010-09-26 04:00:00,development_train,missing_pm25_target
6438,2010,9,26,5,2010-09-26 05:00:00,development_train,missing_pm25_target
6439,2010,9,26,6,2010-09-26 06:00:00,development_train,missing_pm25_target
6440,2010,9,26,7,2010-09-26 07:00:00,development_train,missing_pm25_target
6441,2010,9,26,8,2010-09-26 08:00:00,development_train,missing_pm25_target
6442,2010,9,26,9,2010-09-26 09:00:00,development_train,missing_pm25_target
6443,2010,9,26,10,2010-09-26 10:00:00,development_train,missing_pm25_target
6444,2010,9,26,11,2010-09-26 11:00:00,development_train,missing_pm25_target
6445,2010,9,26,12,2010-09-26 12:00:00,development_train,missing_pm25_target
6446,2010,9,26,13,2010-09-26 13:00:00,development_train,missing_pm25_target
6447,2010,9,26,14,2010-09-26 14:00:00,development_train,missing_pm25_target
6448,2010,9,26,15,2010-09-26 15:00:00,development_train,missing_pm25_target
6449,2010,9,26,16,2010-09-26 16:00:00,development_train,missing_pm25_target
6450,2010,9,26,17,2010-09-26 17:00:00,development_train,missing_pm25_target
6451,2010,9,26,18,2010-09-26 18:00:00,development_train,missing_pm25_target
6452,2010,9,26,19,2010-09-26 19:00:00,development_train,missing_pm25_target
6453,2010,9,26,20,2010-09-26 20:00:00,development_train,missing_pm25_target
6454,2010,9,26,21,2010-09-26 21:00:00,development_train,missing_pm25_target
6455,2010,9,26,22,2010-09-26 22:00:00,development_train,missing_pm25_target
6456,2010,9,26,23,2010-09-26 23:00:00,development_train,missing_pm25_target
6457,2010,9,27,0,2010-09-27 00:00:00,development_train,missing_pm25_target
6458,2010,9,27,1,2010-09-27 01:00:00,development_train,missing_pm25_target
6459,2010,9,27,2,2010-09-27 02:00:00,development_train,missing_pm25_target
6460,2010,9,27,3,2010-09-27 03:00:00,development_train,missing_pm25_target
6461,2010,9,27,4,2010-09-27 04:00:00,development_train,missing_pm25_target
6462,2010,9,27,5,2010-09-27 05:00:00,development_train,missing_pm25_target
6463,2010,9,27,6,2010-09-27 06:00:00,development_train,missing_pm25_target
6464,2010,9,27,7,2010-09-27 07:00:00,development_train,missing_pm25_target
6465,2010,9,27,8,2010-09-27 08:00:00,development_train,missing_pm25_target
6466,2010,9,27,9,2010-09-27 09:00:00,development_train,missing_pm25_target
6467,2010,9,27,10,2010-09-27 10:00:00,development_train,missing_pm25_target
6468,2010,9,27,11,2010-09-27 11:00:00,development_train,missing_pm25_target
6469,2010,9,27,12,2010-09-27 12:00:00,development_train,missing_pm25_target
6470,2010,9,27,13,2010-09-27 13:00:00,development_train,missing_pm25_target
6471,2010,9,27,14,2010-09-27 14:00:00,development_train,missing_pm25_target
6472,2010,9,27,15,2010-09-27 15:00:00,development_train,missing_pm25_target
6474,2010,9,27,17,2010-09-27 17:00:00,development_train,missing_pm25_target
6475,2010,9,27,18,2010-09-27 18:00:00,development_train,missing_pm25_target
6476,2010,9,27,19,2010-09-27 19:00:00,development_train,missing_pm25_target
6477,2010,9,27,20,2010-09-27 20:00:00,development_train,missing_pm25_target
6478,2010,9,27,21,2010-09-27 21:00:00,development_train,missing_pm25_target
6479,2010,9,27,22,2010-09-27 22:00:00,development_train,missing_pm25_target
6480,2010,9,27,23,2010-09-27 23:00:00,development_train,missing_pm25_target
6481,2010,9,28,0,2010-09-28 00:00:00,development_train,missing_pm25_target
6482,2010,9,28,1,2010-09-28 01:00:00,development_train,missing_pm25_target
6483,2010,9,28,2,2010-09-28 02:00:00,development_train,missing_pm25_target
6484,2010,9,28,3,2010-09-28 03:00:00,development_train,missing_pm25_target
6485,2010,9,28,4,2010-09-28 04:00:00,development_train,missing_pm25_target
6486,2010,9,28,5,2010-09-28 05:00:00,development_train,missing_pm25_target
6487,2010,9,28,6,2010-09-28 06:00:00,development_train,missing_pm25_target
6488,2010,9,28,7,2010-09-28 07:00:00,development_train,missing_pm25_target
6489,2010,9,28,8,2010-09-28 08:00:00,development_train,missing_pm25_target
6490,2010,9,28,9,2010-09-28 09:00:00,development_train,missing_pm25_target
6491,2010,9,28,10,2010-09-28 10:00:00,development_train,missing_pm25_target
6492,2010,9,28,11,2010-09-28 11:00:00,development_train,missing_pm25_target
6493,2010,9,28,12,2010-09-28 12:00:00,development_train,missing_pm25_target
6494,2010,9,28,13,2010-09-28 13:00:00,development_train,missing_pm25_target
6495,2010,9,28,14,2010-09-28 14:00:00,development_train,missing_pm25_target
6496,2010,9,28,15,2010-09-28 15:00:00,development_train,missing_pm25_target
6497,2010,9,28,16,2010-09-28 16:00:00,development_train,missing_pm25_target
6498,2010,9,28,17,2010-09-28 17:00:00,development_train,missing_pm25_target
6499,2010,9,28,18,2010-09-28 18:00:00,development_train,missing_pm25_target
6500,2010,9,28,19,2010-09-28 19:00:00,development_train,missing_pm25_target
6501,2010,9,28,20,2010-09-28 20:00:00,development_train,missing_pm25_target
6502,2010,9,28,21,2010-09-28 21:00:00,development_train,missing_pm25_target
6503,2010,9,28,22,2010-09-28 22:00:00,development_train,missing_pm25_target
6504,2010,9,28,23,2010-09-28 23:00:00,development_train,missing_pm25_target
6505,2010,9,29,0,2010-09-29 00:00:00,development_train,missing_pm25_target
6506,2010,9,29,1,2010-09-29 01:00:00,development_train,missing_pm25_target
6507,2010,9,29,2,2010-09-29 02:00:00,development_train,missing_pm25_target
6508,2010,9,29,3,2010-09-29 03:00:00,development_train,missing_pm25_target
6509,2010,9,29,4,2010-09-29 04:00:00,development_train,missing_pm25_target
6510,2010,9,29,5,2010-09-29 05:00:00,development_train,missing_pm25_target
6511,2010,9,29,6,2010-09-29 06:00:00,development_train,missing_pm25_target
6512,2010,9,29,7,2010-09-29 07:00:00,development_train,missing_pm25_target
6513,2010,9,29,8,2010-09-29 08:00:00,development_train,missing_pm25_target
6514,2010,9,29,9,2010-09-29 09:00:00,development_train,missing_pm25_target
6515,2010,9,29,10,2010-09-29 10:00:00,development_train,missing_pm25_target
6516,2010,9,29,11,2010-09-29 11:00:00,development_train,missing_pm25_target
6517,2010,9,29,12,2010-09-29 12:00:00,development_train,missing_pm25_target
6518,2010,9,29,13,2010-09-29 13:00:00,development_train,missing_pm25_target
6519,2010,9,29,14,2010-09-29 14:00:00,development_train,missing_pm25_target
6520,2010,9,29,15,2010-09-29 15:00:00,development_train,missing_pm25_target
6521,2010,9,29,16,2010-09-29 16:00:00,development_train,missing_pm25_target
6522,2010,9,29,17,2010-09-29 17:00:00,development_train,missing_pm25_target
6523,2010,9,29,18,2010-09-29 18:00:00,development_train,missing_pm25_target
6524,2010,9,29,19,2010-09-29 19:00:00,development_train,missing_pm25_target
6525,2010,9,29,20,2010-09-29 20:00:00,development_train,missing_pm25_target
6526,2010,9,29,21,2010-09-29 21:00:00,development_train,missing_pm25_target
6527,2010,9,29,22,2010-09-29 22:00:00,development_train,missing_pm25_target
6528,2010,9,29,23,2010-09-29 23:00:00,development_train,missing_pm25_target
6529,2010,9,30,0,2010-09-30 00:00:00,development_train,missing_pm25_target
6530,2010,9,30,1,2010-09-30 01:00:00,development_train,missing_pm25_target
6531,2010,9,30,2,2010-09-30 02:00:00,development_train,missing_pm25_target
6532,2010,9,30,3,2010-09-30 03:00:00,development_train,missing_pm25_target
6533,2010,9,30,4,2010-09-30 04:00:00,development_train,missing_pm25_target
6534,2010,9,30,5,2010-09-30 05:00:00,development_train,missing_pm25_target
6535,2010,9,30,6,2010-09-30 06:00:00,development_train,missing_pm25_target
6536,2010,9,30,7,2010-09-30 07:00:00,development_train,missing_pm25_target
6537,2010,9,30,8,2010-09-30 08:00:00,development_train,missing_pm25_target
6538,2010,9,30,9,2010-09-30 09:00:00,development_train,missing_pm25_target
6539,2010,9,30,10,2010-09-30 10:00:00,development_train,missing_pm25_target
6540,2010,9,30,11,2010-09-30 11:00:00,development_train,missing_pm25_target
6541,2010,9,30,12,2010-09-30 12:00:00,development_train,missing_pm25_target
6542,2010,9,30,13,2010-09-30 13:00:00,development_train,missing_pm25_target
6543,2010,9,30,14,2010-09-30 14:00:00,development_train,missing_pm25_target
6544,2010,9,30,15,2010-09-30 15:00:00,development_train,missing_pm25_target
6545,2010,9,30,16,2010-09-30 16:00:00,development_train,missing_pm25_target
6546,2010,9,30,17,2010-09-30 17:00:00,development_train,missing_pm25_target
6547,2010,9,30,18,2010-09-30 18:00:00,development_train,missing_pm25_target
6548,2010,9,30,19,2010-09-30 19:00:00,development_train,missing_pm25_target
6549,2010,9,30,20,2010-09-30 20:00:00,development_train,missing_pm25_target
6831,2010,10,12,14,2010-10-12 14:00:00,development_train,missing_pm25_target
6832,2010,10,12,15,2010-10-12 15:00:00,development_train,missing_pm25_target
7306,2010,11,1,9,2010-11-01 09:00:00,development_train,missing_pm25_target
7307,2010,11,1,10,2010-11-01 10:00:00,development_train,missing_pm25_target
7308,2010,11,1,11,2010-11-01 11:00:00,development_train,missing_pm25_target
7309,2010,11,1,12,2010-11-01 12:00:00,development_train,missing_pm25_target
7310,2010,11,1,13,2010-11-01 13:00:00,development_train,missing_pm25_target
7311,2010,11,1,14,2010-11-01 14:00:00,development_train,missing_pm25_target
7312,2010,11,1,15,2010-11-01 15:00:00,development_train,missing_pm25_target
7313,2010,11,1,16,2010-11-01 16:00:00,development_train,missing_pm25_target
7314,2010,11,1,17,2010-11-01 17:00:00,development_train,missing_pm25_target
7315,2010,11,1,18,2010-11-01 18:00:00,development_train,missing_pm25_target
7316,2010,11,1,19,2010-11-01 19:00:00,development_train,missing_pm25_target
7317,2010,11,1,20,2010-11-01 20:00:00,development_train,missing_pm25_target
7318,2010,11,1,21,2010-11-01 21:00:00,development_train,missing_pm25_target
7319,2010,11,1,22,2010-11-01 22:00:00,development_train,missing_pm25_target
7320,2010,11,1,23,2010-11-01 23:00:00,development_train,missing_pm25_target
7321,2010,11,2,0,2010-11-02 00:00:00,development_train,missing_pm25_target
7322,2010,11,2,1,2010-11-02 01:00:00,development_train,missing_pm25_target
7323,2010,11,2,2,2010-11-02 02:00:00,development_train,missing_pm25_target
7324,2010,11,2,3,2010-11-02 03:00:00,development_train,missing_pm25_target
7325,2010,11,2,4,2010-11-02 04:00:00,development_train,missing_pm25_target
7326,2010,11,2,5,2010-11-02 05:00:00,development_train,missing_pm25_target
7327,2010,11,2,6,2010-11-02 06:00:00,development_train,missing_pm25_target
7328,2010,11,2,7,2010-11-02 07:00:00,development_train,missing_pm25_target
7329,2010,11,2,8,2010-11-02 08:00:00,development_train,missing_pm25_target
7330,2010,11,2,9,2010-11-02 09:00:00,development_train,missing_pm25_target
7331,2010,11,2,10,2010-11-02 10:00:00,development_train,missing_pm25_target
7332,2010,11,2,11,2010-11-02 11:00:00,development_train,missing_pm25_target
7333,2010,11,2,12,2010-11-02 12:00:00,development_train,missing_pm25_target
7334,2010,11,2,13,2010-11-02 13:00:00,development_train,missing_pm25_target
7335,2010,11,2,14,2010-11-02 14:00:00,development_train,missing_pm25_target
7336,2010,11,2,15,2010-11-02 15:00:00,development_train,missing_pm25_target
7337,2010,11,2,16,2010-11-02 16:00:00,development_train,missing_pm25_target
7338,2010,11,2,17,2010-11-02 17:00:00,development_train,missing_pm25_target
7339,2010,11,2,18,2010-11-02 18:00:00,development_train,missing_pm25_target
7340,2010,11,2,19,2010-11-02 19:00:00,development_train,missing_pm25_target
7341,2010,11,2,20,2010-11-02 20:00:00,development_train,missing_pm25_target
7342,2010,11,2,21,2010-11-02 21:00:00,development_train,missing_pm25_target
7343,2010,11,2,22,2010-11-02 22:00:00,development_train,missing_pm25_target
7344,2010,11,2,23,2010-11-02 23:00:00,development_train,missing_pm25_target
7345,2010,11,3,0,2010-11-03 00:00:00,development_train,missing_pm25_target
7346,2010,11,3,1,2010-11-03 01:00:00,development_train,missing_pm25_target
7347,2010,11,3,2,2010-11-03 02:00:00,development_train,missing_pm25_target
7348,2010,11,3,3,2010-11-03 03:00:00,development_train,missing_pm25_target
7349,2010,11,3,4,2010-11-03 04:00:00,development_train,missing_pm25_target
7350,2010,11,3,5,2010-11-03 05:00:00,development_train,missing_pm25_target
7351,2010,11,3,6,2010-11-03 06:00:00,development_train,missing_pm25_target
7352,2010,11,3,7,2010-11-03 07:00:00,development_train,missing_pm25_target
7353,2010,11,3,8,2010-11-03 08:00:00,development_train,missing_pm25_target
7354,2010,11,3,9,2010-11-03 09:00:00,development_train,missing_pm25_target
7355,2010,11,3,10,2010-11-03 10:00:00,development_train,missing_pm25_target
7356,2010,11,3,11,2010-11-03 11:00:00,development_train,missing_pm25_target
7357,2010,11,3,12,2010-11-03 12:00:00,development_train,missing_pm25_target
7358,2010,11,3,13,2010-11-03 13:00:00,development_train,missing_pm25_target
7359,2010,11,3,14,2010-11-03 14:00:00,development_train,missing_pm25_target
7812,2010,11,22,11,2010-11-22 11:00:00,development_train,missing_pm25_target
7813,2010,11,22,12,2010-11-22 12:00:00,development_train,missing_pm25_target
8761,2011,1,1,0,2011-01-01 00:00:00,development_train,missing_pm25_target
8762,2011,1,1,1,2011-01-01 01:00:00,development_train,missing_pm25_target
8763,2011,1,1,2,2011-01-01 02:00:00,development_train,missing_pm25_target
8764,2011,1,1,3,2011-01-01 03:00:00,development_train,missing_pm25_target
8765,2011,1,1,4,2011-01-01 04:00:00,development_train,missing_pm25_target
8766,2011,1,1,5,2011-01-01 05:00:00,development_train,missing_pm25_target
8767,2011,1,1,6,2011-01-01 06:00:00,development_train,missing_pm25_target
8768,2011,1,1,7,2011-01-01 07:00:00,development_train,missing_pm25_target
8769,2011,1,1,8,2011-01-01 08:00:00,development_train,missing_pm25_target
8770,2011,1,1,9,2011-01-01 09:00:00,development_train,missing_pm25_target
8771,2011,1,1,10,2011-01-01 10:00:00,development_train,missing_pm25_target
8772,2011,1,1,11,2011-01-01 11:00:00,development_train,missing_pm25_target
8773,2011,1,1,12,2011-01-01 12:00:00,development_train,missing_pm25_target
8774,2011,1,1,13,2011-01-01 13:00:00,development_train,missing_pm25_target
8775,2011,1,1,14,2011-01-01 14:00:00,development_train,missing_pm25_target
8776,2011,1,1,15,2011-01-01 15:00:00,development_train,missing_pm25_target
8777,2011,1,1,16,2011-01-01 16:00:00,development_train,missing_pm25_target
8778,2011,1,1,17,2011-01-01 17:00:00,development_train,missing_pm25_target
8779,2011,1,1,18,2011-01-01 18:00:00,development_train,missing_pm25_target
8780,2011,1,1,19,2011-01-01 19:00:00,development_train,missing_pm25_target
8781,2011,1,1,20,2011-01-01 20:00:00,development_train,missing_pm25_target
8782,2011,1,1,21,2011-01-01 21:00:00,development_train,missing_pm25_target
8783,2011,1,1,22,2011-01-01 22:00:00,development_train,missing_pm25_target
8784,2011,1,1,23,2011-01-01 23:00:00,development_train,missing_pm25_target
8945,2011,1,8,16,2011-01-08 16:00:00,development_train,missing_pm25_target
8946,2011,1,8,17,2011-01-08 17:00:00,development_train,missing_pm25_target
8947,2011,1,8,18,2011-01-08 18:00:00,development_train,missing_pm25_target
8948,2011,1,8,19,2011-01-08 19:00:00,development_train,missing_pm25_target
8949,2011,1,8,20,2011-01-08 20:00:00,development_train,missing_pm25_target
8950,2011,1,8,21,2011-01-08 21:00:00,development_train,missing_pm25_target
8951,2011,1,8,22,2011-01-08 22:00:00,development_train,missing_pm25_target
8952,2011,1,8,23,2011-01-08 23:00:00,development_train,missing_pm25_target
8953,2011,1,9,0,2011-01-09 00:00:00,development_train,missing_pm25_target
8954,2011,1,9,1,2011-01-09 01:00:00,development_train,missing_pm25_target
8955,2011,1,9,2,2011-01-09 02:00:00,development_train,missing_pm25_target
8956,2011,1,9,3,2011-01-09 03:00:00,development_train,missing_pm25_target
8957,2011,1,9,4,2011-01-09 04:00:00,development_train,missing_pm25_target
8958,2011,1,9,5,2011-01-09 05:00:00,development_train,missing_pm25_target
8959,2011,1,9,6,2011-01-09 06:00:00,development_train,missing_pm25_target
8960,2011,1,9,7,2011-01-09 07:00:00,development_train,missing_pm25_target
8961,2011,1,9,8,2011-01-09 08:00:00,development_train,missing_pm25_target
8962,2011,1,9,9,2011-01-09 09:00:00,development_train,missing_pm25_target
8963,2011,1,9,10,2011-01-09 10:00:00,development_train,missing_pm25_target
8964,2011,1,9,11,2011-01-09 11:00:00,development_train,missing_pm25_target
8965,2011,1,9,12,2011-01-09 12:00:00,development_train,missing_pm25_target
8966,2011,1,9,13,2011-01-09 13:00:00,development_train,missing_pm25_target
8967,2011,1,9,14,2011-01-09 14:00:00,development_train,missing_pm25_target
8968,2011,1,9,15,2011-01-09 15:00:00,development_train,missing_pm25_target
8969,2011,1,9,16,2011-01-09 16:00:00,development_train,missing_pm25_target
8970,2011,1,9,17,2011-01-09 17:00:00,development_train,missing_pm25_target
8971,2011,1,9,18,2011-01-09 18:00:00,development_train,missing_pm25_target
8972,2011,1,9,19,2011-01-09 19:00:00,development_train,missing_pm25_target
8973,2011,1,9,20,2011-01-09 20:00:00,development_train,missing_pm25_target
8974,2011,1,9,21,2011-01-09 21:00:00,development_train,missing_pm25_target
8975,2011,1,9,22,2011-01-09 22:00:00,development_train,missing_pm25_target
8976,2011,1,9,23,2011-01-09 23:00:00,development_train,missing_pm25_target
8977,2011,1,10,0,2011-01-10 00:00:00,development_train,missing_pm25_target
8978,2011,1,10,1,2011-01-10 01:00:00,development_train,missing_pm25_target
8979,2011,1,10,2,2011-01-10 02:00:00,development_train,missing_pm25_target
8980,2011,1,10,3,2011-01-10 03:00:00,development_train,missing_pm25_target
8981,2011,1,10,4,2011-01-10 04:00:00,development_train,missing_pm25_target
8982,2011,1,10,5,2011-01-10 05:00:00,development_train,missing_pm25_target
8983,2011,1,10,6,2011-01-10 06:00:00,development_train,missing_pm25_target
8984,2011,1,10,7,2011-01-10 07:00:00,development_train,missing_pm25_target
8985,2011,1,10,8,2011-01-10 08:00:00,development_train,missing_pm25_target
8986,2011,1,10,9,2011-01-10 09:00:00,development_train,missing_pm25_target
8987,2011,1,10,10,2011-01-10 10:00:00,development_train,missing_pm25_target
8988,2011,1,10,11,2011-01-10 11:00:00,development_train,missing_pm25_target
8989,2011,1,10,12,2011-01-10 12:00:00,development_train,missing_pm25_target
8990,2011,1,10,13,2011-01-10 13:00:00,development_train,missing_pm25_target
8991,2011,1,10,14,2011-01-10 14:00:00,development_train,missing_pm25_target
8992,2011,1,10,15,2011-01-10 15:00:00,development_train,missing_pm25_target
10317,2011,3,6,20,2011-03-06 20:00:00,development_train,missing_pm25_target
10318,2011,3,6,21,2011-03-06 21:00:00,development_train,missing_pm25_target
10319,2011,3,6,22,2011-03-06 22:00:00,development_train,missing_pm25_target
10320,2011,3,6,23,2011-03-06 23:00:00,development_train,missing_pm25_target
10321,2011,3,7,0,2011-03-07 00:00:00,development_train,missing_pm25_target
10322,2011,3,7,1,2011-03-07 01:00:00,development_train,missing_pm25_target
10323,2011,3,7,2,2011-03-07 02:00:00,development_train,missing_pm25_target
10345,2011,3,8,0,2011-03-08 00:00:00,development_train,missing_pm25_target
10369,2011,3,9,0,2011-03-09 00:00:00,development_train,missing_pm25_target
10582,2011,3,17,21,2011-03-17 21:00:00,development_train,missing_pm25_target
10583,2011,3,17,22,2011-03-17 22:00:00,development_train,missing_pm25_target
10584,2011,3,17,23,2011-03-17 23:00:00,development_train,missing_pm25_target
10585,2011,3,18,0,2011-03-18 00:00:00,development_train,missing_pm25_target
10586,2011,3,18,1,2011-03-18 01:00:00,development_train,missing_pm25_target
10587,2011,3,18,2,2011-03-18 02:00:00,development_train,missing_pm25_target
10588,2011,3,18,3,2011-03-18 03:00:00,development_train,missing_pm25_target
10589,2011,3,18,4,2011-03-18 04:00:00,development_train,missing_pm25_target
10590,2011,3,18,5,2011-03-18 05:00:00,development_train,missing_pm25_target
10591,2011,3,18,6,2011-03-18 06:00:00,development_train,missing_pm25_target
10592,2011,3,18,7,2011-03-18 07:00:00,development_train,missing_pm25_target
10593,2011,3,18,8,2011-03-18 08:00:00,development_train,missing_pm25_target
10594,2011,3,18,9,2011-03-18 09:00:00,development_train,missing_pm25_target
10595,2011,3,18,10,2011-03-18 10:00:00,development_train,missing_pm25_target
10596,2011,3,18,11,2011-03-18 11:00:00,development_train,missing_pm25_target
10597,2011,3,18,12,2011-03-18 12:00:00,development_train,missing_pm25_target
10598,2011,3,18,13,2011-03-18 13:00:00,development_train,missing_pm25_target
10599,2011,3,18,14,2011-03-18 14:00:00,development_train,missing_pm25_target
10600,2011,3,18,15,2011-03-18 15:00:00,development_train,missing_pm25_target
10601,2011,3,18,16,2011-03-18 16:00:00,development_train,missing_pm25_target
10602,2011,3,18,17,2011-03-18 17:00:00,development_train,missing_pm25_target
10603,2011,3,18,18,2011-03-18 18:00:00,development_train,missing_pm25_target
10604,2011,3,18,19,2011-03-18 19:00:00,development_train,missing_pm25_target
10605,2011,3,18,20,2011-03-18 20:00:00,development_train,missing_pm25_target
10606,2011,3,18,21,2011-03-18 21:00:00,development_train,missing_pm25_target
10607,2011,3,18,22,2011-03-18 22:00:00,development_train,missing_pm25_target
10608,2011,3,18,23,2011-03-18 23:00:00,development_train,missing_pm25_target
10609,2011,3,19,0,2011-03-19 00:00:00,development_train,missing_pm25_target
10610,2011,3,19,1,2011-03-19 01:00:00,development_train,missing_pm25_target
10611,2011,3,19,2,2011-03-19 02:00:00,development_train,missing_pm25_target
10612,2011,3,19,3,2011-03-19 03:00:00,development_train,missing_pm25_target
10613,2011,3,19,4,2011-03-19 04:00:00,development_train,missing_pm25_target
10614,2011,3,19,5,2011-03-19 05:00:00,development_train,missing_pm25_target
10615,2011,3,19,6,2011-03-19 06:00:00,development_train,missing_pm25_target
10616,2011,3,19,7,2011-03-19 07:00:00,development_train,missing_pm25_target
10617,2011,3,19,8,2011-03-19 08:00:00,development_train,missing_pm25_target
10618,2011,3,19,9,2011-03-19 09:00:00,development_train,missing_pm25_target
10619,2011,3,19,10,2011-03-19 10:00:00,development_train,missing_pm25_target
10620,2011,3,19,11,2011-03-19 11:00:00,development_train,missing_pm25_target
10621,2011,3,19,12,2011-03-19 12:00:00,development_train,missing_pm25_target
10622,2011,3,19,13,2011-03-19 13:00:00,development_train,missing_pm25_target
10623,2011,3,19,14,2011-03-19 14:00:00,development_train,missing_pm25_target
10624,2011,3,19,15,2011-03-19 15:00:00,development_train,missing_pm25_target
10625,2011,3,19,16,2011-03-19 16:00:00,development_train,missing_pm25_target
10626,2011,3,19,17,2011-03-19 17:00:00,development_train,missing_pm25_target
10627,2011,3,19,18,2011-03-19 18:00:00,development_train,missing_pm25_target
10628,2011,3,19,19,2011-03-19 19:00:00,development_train,missing_pm25_target
10629,2011,3,19,20,2011-03-19 20:00:00,development_train,missing_pm25_target
10630,2011,3,19,21,2011-03-19 21:00:00,development_train,missing_pm25_target
10631,2011,3,19,22,2011-03-19 22:00:00,development_train,missing_pm25_target
10632,2011,3,19,23,2011-03-19 23:00:00,development_train,missing_pm25_target
10633,2011,3,20,0,2011-03-20 00:00:00,development_train,missing_pm25_target
10634,2011,3,20,1,2011-03-20 01:00:00,development_train,missing_pm25_target
10635,2011,3,20,2,2011-03-20 02:00:00,development_train,missing_pm25_target
10636,2011,3,20,3,2011-03-20 03:00:00,development_train,missing_pm25_target
10637,2011,3,20,4,2011-03-20 04:00:00,development_train,missing_pm25_target
10638,2011,3,20,5,2011-03-20 05:00:00,development_train,missing_pm25_target
10639,2011,3,20,6,2011-03-20 06:00:00,development_train,missing_pm25_target
10640,2011,3,20,7,2011-03-20 07:00:00,development_train,missing_pm25_target
10641,2011,3,20,8,2011-03-20 08:00:00,development_train,missing_pm25_target
10642,2011,3,20,9,2011-03-20 09:00:00,development_train,missing_pm25_target
10643,2011,3,20,10,2011-03-20 10:00:00,development_train,missing_pm25_target
10644,2011,3,20,11,2011-03-20 11:00:00,development_train,missing_pm25_target
10645,2011,3,20,12,2011-03-20 12:00:00,development_train,missing_pm25_target
10646,2011,3,20,13,2011-03-20 13:00:00,development_train,missing_pm25_target
10647,2011,3,20,14,2011-03-20 14:00:00,development_train,missing_pm25_target
10648,2011,3,20,15,2011-03-20 15:00:00,development_train,missing_pm25_target
10649,2011,3,20,16,2011-03-20 16:00:00,development_train,missing_pm25_target
10650,2011,3,20,17,2011-03-20 17:00:00,development_train,missing_pm25_target
10651,2011,3,20,18,2011-03-20 18:00:00,development_train,missing_pm25_target
10652,2011,3,20,19,2011-03-20 19:00:00,development_train,missing_pm25_target
10653,2011,3,20,20,2011-03-20 20:00:00,development_train,missing_pm25_target
10654,2011,3,20,21,2011-03-20 21:00:00,development_train,missing_pm25_target
10655,2011,3,20,22,2011-03-20 22:00:00,development_train,missing_pm25_target
10656,2011,3,20,23,2011-03-20 23:00:00,development_train,missing_pm25_target
10657,2011,3,21,0,2011-03-21 00:00:00,development_train,missing_pm25_target
10658,2011,3,21,1,2011-03-21 01:00:00,development_train,missing_pm25_target
10659,2011,3,21,2,2011-03-21 02:00:00,development_train,missing_pm25_target
10660,2011,3,21,3,2011-03-21 03:00:00,development_train,missing_pm25_target
10661,2011,3,21,4,2011-03-21 04:00:00,development_train,missing_pm25_target
10662,2011,3,21,5,2011-03-21 05:00:00,development_train,missing_pm25_target
10663,2011,3,21,6,2011-03-21 06:00:00,development_train,missing_pm25_target
10664,2011,3,21,7,2011-03-21 07:00:00,development_train,missing_pm25_target
10665,2011,3,21,8,2011-03-21 08:00:00,development_train,missing_pm25_target
10666,2011,3,21,9,2011-03-21 09:00:00,development_train,missing_pm25_target
10667,2011,3,21,10,2011-03-21 10:00:00,development_train,missing_pm25_target
10668,2011,3,21,11,2011-03-21 11:00:00,development_train,missing_pm25_target
10669,2011,3,21,12,2011-03-21 12:00:00,development_train,missing_pm25_target
10670,2011,3,21,13,2011-03-21 13:00:00,development_train,missing_pm25_target
10671,2011,3,21,14,2011-03-21 14:00:00,development_train,missing_pm25_target
10672,2011,3,21,15,2011-03-21 15:00:00,development_train,missing_pm25_target
10729,2011,3,24,0,2011-03-24 00:00:00,development_train,missing_pm25_target
10893,2011,3,30,20,2011-03-30 20:00:00,development_train,missing_pm25_target
10894,2011,3,30,21,2011-03-30 21:00:00,development_train,missing_pm25_target
10895,2011,3,30,22,2011-03-30 22:00:00,development_train,missing_pm25_target
10896,2011,3,30,23,2011-03-30 23:00:00,development_train,missing_pm25_target
10898,2011,3,31,1,2011-03-31 01:00:00,development_train,missing_pm25_target
10899,2011,3,31,2,2011-03-31 02:00:00,development_train,missing_pm25_target
10900,2011,3,31,3,2011-03-31 03:00:00,development_train,missing_pm25_target
10901,2011,3,31,4,2011-03-31 04:00:00,development_train,missing_pm25_target
10902,2011,3,31,5,2011-03-31 05:00:00,development_train,missing_pm25_target
10903,2011,3,31,6,2011-03-31 06:00:00,development_train,missing_pm25_target
10904,2011,3,31,7,2011-03-31 07:00:00,development_train,missing_pm25_target
10905,2011,3,31,8,2011-03-31 08:00:00,development_train,missing_pm25_target
10908,2011,3,31,11,2011-03-31 11:00:00,development_train,missing_pm25_target
10909,2011,3,31,12,2011-03-31 12:00:00,development_train,missing_pm25_target
10910,2011,3,31,13,2011-03-31 13:00:00,development_train,missing_pm25_target
10911,2011,3,31,14,2011-03-31 14:00:00,development_train,missing_pm25_target
10916,2011,3,31,19,2011-03-31 19:00:00,development_train,missing_pm25_target
10917,2011,3,31,20,2011-03-31 20:00:00,development_train,missing_pm25_target
10921,2011,4,1,0,2011-04-01 00:00:00,development_train,missing_pm25_target
10945,2011,4,2,0,2011-04-02 00:00:00,development_train,missing_pm25_target
10988,2011,4,3,19,2011-04-03 19:00:00,development_train,missing_pm25_target
10989,2011,4,3,20,2011-04-03 20:00:00,development_train,missing_pm25_target
10990,2011,4,3,21,2011-04-03 21:00:00,development_train,missing_pm25_target
10991,2011,4,3,22,2011-04-03 22:00:00,development_train,missing_pm25_target
11051,2011,4,6,10,2011-04-06 10:00:00,development_train,missing_pm25_target
11052,2011,4,6,11,2011-04-06 11:00:00,development_train,missing_pm25_target
11053,2011,4,6,12,2011-04-06 12:00:00,development_train,missing_pm25_target
11054,2011,4,6,13,2011-04-06 13:00:00,development_train,missing_pm25_target
11055,2011,4,6,14,2011-04-06 14:00:00,development_train,missing_pm25_target
11056,2011,4,6,15,2011-04-06 15:00:00,development_train,missing_pm25_target
11057,2011,4,6,16,2011-04-06 16:00:00,development_train,missing_pm25_target
11058,2011,4,6,17,2011-04-06 17:00:00,development_train,missing_pm25_target
11059,2011,4,6,18,2011-04-06 18:00:00,development_train,missing_pm25_target
11060,2011,4,6,19,2011-04-06 19:00:00,development_train,missing_pm25_target
11061,2011,4,6,20,2011-04-06 20:00:00,development_train,missing_pm25_target
11062,2011,4,6,21,2011-04-06 21:00:00,development_train,missing_pm25_target
11063,2011,4,6,22,2011-04-06 22:00:00,development_train,missing_pm25_target
11064,2011,4,6,23,2011-04-06 23:00:00,development_train,missing_pm25_target
11065,2011,4,7,0,2011-04-07 00:00:00,development_train,missing_pm25_target
11066,2011,4,7,1,2011-04-07 01:00:00,development_train,missing_pm25_target
11067,2011,4,7,2,2011-04-07 02:00:00,development_train,missing_pm25_target
11068,2011,4,7,3,2011-04-07 03:00:00,development_train,missing_pm25_target
11069,2011,4,7,4,2011-04-07 04:00:00,development_train,missing_pm25_target
11070,2011,4,7,5,2011-04-07 05:00:00,development_train,missing_pm25_target
11071,2011,4,7,6,2011-04-07 06:00:00,development_train,missing_pm25_target
11072,2011,4,7,7,2011-04-07 07:00:00,development_train,missing_pm25_target
11073,2011,4,7,8,2011-04-07 08:00:00,development_train,missing_pm25_target
11074,2011,4,7,9,2011-04-07 09:00:00,development_train,missing_pm25_target
11075,2011,4,7,10,2011-04-07 10:00:00,development_train,missing_pm25_target
11076,2011,4,7,11,2011-04-07 11:00:00,development_train,missing_pm25_target
11077,2011,4,7,12,2011-04-07 12:00:00,development_train,missing_pm25_target
11078,2011,4,7,13,2011-04-07 13:00:00,development_train,missing_pm25_target
11079,2011,4,7,14,2011-04-07 14:00:00,development_train,missing_pm25_target
11080,2011,4,7,15,2011-04-07 15:00:00,development_train,missing_pm25_target
11081,2011,4,7,16,2011-04-07 16:00:00,development_train,missing_pm25_target
11082,2011,4,7,17,2011-04-07 17:00:00,development_train,missing_pm25_target
11083,2011,4,7,18,2011-04-07 18:00:00,development_train,missing_pm25_target
11084,2011,4,7,19,2011-04-07 19:00:00,development_train,missing_pm25_target
11085,2011,4,7,20,2011-04-07 20:00:00,development_train,missing_pm25_target
11086,2011,4,7,21,2011-04-07 21:00:00,development_train,missing_pm25_target
11087,2011,4,7,22,2011-04-07 22:00:00,development_train,missing_pm25_target
11088,2011,4,7,23,2011-04-07 23:00:00,development_train,missing_pm25_target
11089,2011,4,8,0,2011-04-08 00:00:00,development_train,missing_pm25_target
11090,2011,4,8,1,2011-04-08 01:00:00,development_train,missing_pm25_target
11091,2011,4,8,2,2011-04-08 02:00:00,development_train,missing_pm25_target
11092,2011,4,8,3,2011-04-08 03:00:00,development_train,missing_pm25_target
11093,2011,4,8,4,2011-04-08 04:00:00,development_train,missing_pm25_target
11094,2011,4,8,5,2011-04-08 05:00:00,development_train,missing_pm25_target
11095,2011,4,8,6,2011-04-08 06:00:00,development_train,missing_pm25_target
11096,2011,4,8,7,2011-04-08 07:00:00,development_train,missing_pm25_target
11097,2011,4,8,8,2011-04-08 08:00:00,development_train,missing_pm25_target
11098,2011,4,8,9,2011-04-08 09:00:00,development_train,missing_pm25_target
11099,2011,4,8,10,2011-04-08 10:00:00,development_train,missing_pm25_target
11100,2011,4,8,11,2011-04-08 11:00:00,development_train,missing_pm25_target
11101,2011,4,8,12,2011-04-08 12:00:00,development_train,missing_pm25_target
11102,2011,4,8,13,2011-04-08 13:00:00,development_train,missing_pm25_target
11106,2011,4,8,17,2011-04-08 17:00:00,development_train,missing_pm25_target
11107,2011,4,8,18,2011-04-08 18:00:00,development_train,missing_pm25_target
11108,2011,4,8,19,2011-04-08 19:00:00,development_train,missing_pm25_target
11109,2011,4,8,20,2011-04-08 20:00:00,development_train,missing_pm25_target
11110,2011,4,8,21,2011-04-08 21:00:00,development_train,missing_pm25_target
11111,2011,4,8,22,2011-04-08 22:00:00,development_train,missing_pm25_target
11112,2011,4,8,23,2011-04-08 23:00:00,development_train,missing_pm25_target
11114,2011,4,9,1,2011-04-09 01:00:00,development_train,missing_pm25_target
11115,2011,4,9,2,2011-04-09 02:00:00,development_train,missing_pm25_target
11116,2011,4,9,3,2011-04-09 03:00:00,development_train,missing_pm25_target
11117,2011,4,9,4,2011-04-09 04:00:00,development_train,missing_pm25_target
11118,2011,4,9,5,2011-04-09 05:00:00,development_train,missing_pm25_target
11119,2011,4,9,6,2011-04-09 06:00:00,development_train,missing_pm25_target
11120,2011,4,9,7,2011-04-09 07:00:00,development_train,missing_pm25_target
11121,2011,4,9,8,2011-04-09 08:00:00,development_train,missing_pm25_target
11122,2011,4,9,9,2011-04-09 09:00:00,development_train,missing_pm25_target
11123,2011,4,9,10,2011-04-09 10:00:00,development_train,missing_pm25_target
11137,2011,4,10,0,2011-04-10 00:00:00,development_train,missing_pm25_target
11161,2011,4,11,0,2011-04-11 00:00:00,development_train,missing_pm25_target
11248,2011,4,14,15,2011-04-14 15:00:00,development_train,missing_pm25_target
11249,2011,4,14,16,2011-04-14 16:00:00,development_train,missing_pm25_target
11250,2011,4,14,17,2011-04-14 17:00:00,development_train,missing_pm25_target
11251,2011,4,14,18,2011-04-14 18:00:00,development_train,missing_pm25_target
11252,2011,4,14,19,2011-04-14 19:00:00,development_train,missing_pm25_target
11253,2011,4,14,20,2011-04-14 20:00:00,development_train,missing_pm25_target
11254,2011,4,14,21,2011-04-14 21:00:00,development_train,missing_pm25_target
11255,2011,4,14,22,2011-04-14 22:00:00,development_train,missing_pm25_target
11256,2011,4,14,23,2011-04-14 23:00:00,development_train,missing_pm25_target
11258,2011,4,15,1,2011-04-15 01:00:00,development_train,missing_pm25_target
11259,2011,4,15,2,2011-04-15 02:00:00,development_train,missing_pm25_target
11260,2011,4,15,3,2011-04-15 03:00:00,development_train,missing_pm25_target
11261,2011,4,15,4,2011-04-15 04:00:00,development_train,missing_pm25_target
11262,2011,4,15,5,2011-04-15 05:00:00,development_train,missing_pm25_target
11263,2011,4,15,6,2011-04-15 06:00:00,development_train,missing_pm25_target
11264,2011,4,15,7,2011-04-15 07:00:00,development_train,missing_pm25_target
11265,2011,4,15,8,2011-04-15 08:00:00,development_train,missing_pm25_target
11266,2011,4,15,9,2011-04-15 09:00:00,development_train,missing_pm25_target
11267,2011,4,15,10,2011-04-15 10:00:00,development_train,missing_pm25_target
11268,2011,4,15,11,2011-04-15 11:00:00,development_train,missing_pm25_target
11269,2011,4,15,12,2011-04-15 12:00:00,development_train,missing_pm25_target
11274,2011,4,15,17,2011-04-15 17:00:00,development_train,missing_pm25_target
11275,2011,4,15,18,2011-04-15 18:00:00,development_train,missing_pm25_target
11276,2011,4,15,19,2011-04-15 19:00:00,development_train,missing_pm25_target
11277,2011,4,15,20,2011-04-15 20:00:00,development_train,missing_pm25_target
11278,2011,4,15,21,2011-04-15 21:00:00,development_train,missing_pm25_target
11279,2011,4,15,22,2011-04-15 22:00:00,development_train,missing_pm25_target
11280,2011,4,15,23,2011-04-15 23:00:00,development_train,missing_pm25_target
11282,2011,4,16,1,2011-04-16 01:00:00,development_train,missing_pm25_target
11283,2011,4,16,2,2011-04-16 02:00:00,development_train,missing_pm25_target
11284,2011,4,16,3,2011-04-16 03:00:00,development_train,missing_pm25_target
11285,2011,4,16,4,2011-04-16 04:00:00,development_train,missing_pm25_target
11286,2011,4,16,5,2011-04-16 05:00:00,development_train,missing_pm25_target
11287,2011,4,16,6,2011-04-16 06:00:00,development_train,missing_pm25_target
11288,2011,4,16,7,2011-04-16 07:00:00,development_train,missing_pm25_target
11289,2011,4,16,8,2011-04-16 08:00:00,development_train,missing_pm25_target
11290,2011,4,16,9,2011-04-16 09:00:00,development_train,missing_pm25_target
11291,2011,4,16,10,2011-04-16 10:00:00,development_train,missing_pm25_target
11292,2011,4,16,11,2011-04-16 11:00:00,development_train,missing_pm25_target
11293,2011,4,16,12,2011-04-16 12:00:00,development_train,missing_pm25_target
11294,2011,4,16,13,2011-04-16 13:00:00,development_train,missing_pm25_target
11295,2011,4,16,14,2011-04-16 14:00:00,development_train,missing_pm25_target
11305,2011,4,17,0,2011-04-17 00:00:00,development_train,missing_pm25_target
11329,2011,4,18,0,2011-04-18 00:00:00,development_train,missing_pm25_target
11413,2011,4,21,12,2011-04-21 12:00:00,development_train,missing_pm25_target
11414,2011,4,21,13,2011-04-21 13:00:00,development_train,missing_pm25_target
11415,2011,4,21,14,2011-04-21 14:00:00,development_train,missing_pm25_target
11416,2011,4,21,15,2011-04-21 15:00:00,development_train,missing_pm25_target
11417,2011,4,21,16,2011-04-21 16:00:00,development_train,missing_pm25_target
11418,2011,4,21,17,2011-04-21 17:00:00,development_train,missing_pm25_target
11419,2011,4,21,18,2011-04-21 18:00:00,development_train,missing_pm25_target
11420,2011,4,21,19,2011-04-21 19:00:00,development_train,missing_pm25_target
11421,2011,4,21,20,2011-04-21 20:00:00,development_train,missing_pm25_target
11423,2011,4,21,22,2011-04-21 22:00:00,development_train,missing_pm25_target
11424,2011,4,21,23,2011-04-21 23:00:00,development_train,missing_pm25_target
11426,2011,4,22,1,2011-04-22 01:00:00,development_train,missing_pm25_target
11427,2011,4,22,2,2011-04-22 02:00:00,development_train,missing_pm25_target
11428,2011,4,22,3,2011-04-22 03:00:00,development_train,missing_pm25_target
11429,2011,4,22,4,2011-04-22 04:00:00,development_train,missing_pm25_target
11430,2011,4,22,5,2011-04-22 05:00:00,development_train,missing_pm25_target
11431,2011,4,22,6,2011-04-22 06:00:00,development_train,missing_pm25_target
11432,2011,4,22,7,2011-04-22 07:00:00,development_train,missing_pm25_target
11433,2011,4,22,8,2011-04-22 08:00:00,development_train,missing_pm25_target
11434,2011,4,22,9,2011-04-22 09:00:00,development_train,missing_pm25_target
11435,2011,4,22,10,2011-04-22 10:00:00,development_train,missing_pm25_target
11437,2011,4,22,12,2011-04-22 12:00:00,development_train,missing_pm25_target
11442,2011,4,22,17,2011-04-22 17:00:00,development_train,missing_pm25_target
11443,2011,4,22,18,2011-04-22 18:00:00,development_train,missing_pm25_target
11444,2011,4,22,19,2011-04-22 19:00:00,development_train,missing_pm25_target
11445,2011,4,22,20,2011-04-22 20:00:00,development_train,missing_pm25_target
11446,2011,4,22,21,2011-04-22 21:00:00,development_train,missing_pm25_target
11447,2011,4,22,22,2011-04-22 22:00:00,development_train,missing_pm25_target
11448,2011,4,22,23,2011-04-22 23:00:00,development_train,missing_pm25_target
11450,2011,4,23,1,2011-04-23 01:00:00,development_train,missing_pm25_target
11451,2011,4,23,2,2011-04-23 02:00:00,development_train,missing_pm25_target
11452,2011,4,23,3,2011-04-23 03:00:00,development_train,missing_pm25_target
11453,2011,4,23,4,2011-04-23 04:00:00,development_train,missing_pm25_target
11454,2011,4,23,5,2011-04-23 05:00:00,development_train,missing_pm25_target
11455,2011,4,23,6,2011-04-23 06:00:00,development_train,missing_pm25_target
11456,2011,4,23,7,2011-04-23 07:00:00,development_train,missing_pm25_target
11457,2011,4,23,8,2011-04-23 08:00:00,development_train,missing_pm25_target
11458,2011,4,23,9,2011-04-23 09:00:00,development_train,missing_pm25_target
11459,2011,4,23,10,2011-04-23 10:00:00,development_train,missing_pm25_target
11460,2011,4,23,11,2011-04-23 11:00:00,development_train,missing_pm25_target
11461,2011,4,23,12,2011-04-23 12:00:00,development_train,missing_pm25_target
11462,2011,4,23,13,2011-04-23 13:00:00,development_train,missing_pm25_target
11463,2011,4,23,14,2011-04-23 14:00:00,development_train,missing_pm25_target
11465,2011,4,23,16,2011-04-23 16:00:00,development_train,missing_pm25_target
11473,2011,4,24,0,2011-04-24 00:00:00,development_train,missing_pm25_target
11497,2011,4,25,0,2011-04-25 00:00:00,development_train,missing_pm25_target
11583,2011,4,28,14,2011-04-28 14:00:00,development_train,missing_pm25_target
11584,2011,4,28,15,2011-04-28 15:00:00,development_train,missing_pm25_target
11585,2011,4,28,16,2011-04-28 16:00:00,development_train,missing_pm25_target
11586,2011,4,28,17,2011-04-28 17:00:00,development_train,missing_pm25_target
11587,2011,4,28,18,2011-04-28 18:00:00,development_train,missing_pm25_target
11588,2011,4,28,19,2011-04-28 19:00:00,development_train,missing_pm25_target
11589,2011,4,28,20,2011-04-28 20:00:00,development_train,missing_pm25_target
11590,2011,4,28,21,2011-04-28 21:00:00,development_train,missing_pm25_target
11591,2011,4,28,22,2011-04-28 22:00:00,development_train,missing_pm25_target
11592,2011,4,28,23,2011-04-28 23:00:00,development_train,missing_pm25_target
11594,2011,4,29,1,2011-04-29 01:00:00,development_train,missing_pm25_target
11595,2011,4,29,2,2011-04-29 02:00:00,development_train,missing_pm25_target
11596,2011,4,29,3,2011-04-29 03:00:00,development_train,missing_pm25_target
11597,2011,4,29,4,2011-04-29 04:00:00,development_train,missing_pm25_target
11598,2011,4,29,5,2011-04-29 05:00:00,development_train,missing_pm25_target
11599,2011,4,29,6,2011-04-29 06:00:00,development_train,missing_pm25_target
11600,2011,4,29,7,2011-04-29 07:00:00,development_train,missing_pm25_target
11795,2011,5,7,10,2011-05-07 10:00:00,development_train,missing_pm25_target
12236,2011,5,25,19,2011-05-25 19:00:00,development_train,missing_pm25_target
12252,2011,5,26,11,2011-05-26 11:00:00,development_train,missing_pm25_target
12253,2011,5,26,12,2011-05-26 12:00:00,development_train,missing_pm25_target
12254,2011,5,26,13,2011-05-26 13:00:00,development_train,missing_pm25_target
12255,2011,5,26,14,2011-05-26 14:00:00,development_train,missing_pm25_target
12256,2011,5,26,15,2011-05-26 15:00:00,development_train,missing_pm25_target
12257,2011,5,26,16,2011-05-26 16:00:00,development_train,missing_pm25_target
12258,2011,5,26,17,2011-05-26 17:00:00,development_train,missing_pm25_target
12259,2011,5,26,18,2011-05-26 18:00:00,development_train,missing_pm25_target
12260,2011,5,26,19,2011-05-26 19:00:00,development_train,missing_pm25_target
12261,2011,5,26,20,2011-05-26 20:00:00,development_train,missing_pm25_target
12262,2011,5,26,21,2011-05-26 21:00:00,development_train,missing_pm25_target
12263,2011,5,26,22,2011-05-26 22:00:00,development_train,missing_pm25_target
12264,2011,5,26,23,2011-05-26 23:00:00,development_train,missing_pm25_target
12265,2011,5,27,0,2011-05-27 00:00:00,development_train,missing_pm25_target
12266,2011,5,27,1,2011-05-27 01:00:00,development_train,missing_pm25_target
12267,2011,5,27,2,2011-05-27 02:00:00,development_train,missing_pm25_target
12268,2011,5,27,3,2011-05-27 03:00:00,development_train,missing_pm25_target
12269,2011,5,27,4,2011-05-27 04:00:00,development_train,missing_pm25_target
12270,2011,5,27,5,2011-05-27 05:00:00,development_train,missing_pm25_target
12271,2011,5,27,6,2011-05-27 06:00:00,development_train,missing_pm25_target
12272,2011,5,27,7,2011-05-27 07:00:00,development_train,missing_pm25_target
12273,2011,5,27,8,2011-05-27 08:00:00,development_train,missing_pm25_target
12274,2011,5,27,9,2011-05-27 09:00:00,development_train,missing_pm25_target
12275,2011,5,27,10,2011-05-27 10:00:00,development_train,missing_pm25_target
12276,2011,5,27,11,2011-05-27 11:00:00,development_train,missing_pm25_target
12277,2011,5,27,12,2011-05-27 12:00:00,development_train,missing_pm25_target
12278,2011,5,27,13,2011-05-27 13:00:00,development_train,missing_pm25_target
12279,2011,5,27,14,2011-05-27 14:00:00,development_train,missing_pm25_target
12280,2011,5,27,15,2011-05-27 15:00:00,development_train,missing_pm25_target
12381,2011,5,31,20,2011-05-31 20:00:00,development_train,missing_pm25_target
12404,2011,6,1,19,2011-06-01 19:00:00,development_train,missing_pm25_target
12465,2011,6,4,8,2011-06-04 08:00:00,development_train,missing_pm25_target
12466,2011,6,4,9,2011-06-04 09:00:00,development_train,missing_pm25_target
12467,2011,6,4,10,2011-06-04 10:00:00,development_train,missing_pm25_target
12468,2011,6,4,11,2011-06-04 11:00:00,development_train,missing_pm25_target
12469,2011,6,4,12,2011-06-04 12:00:00,development_train,missing_pm25_target
12513,2011,6,6,8,2011-06-06 08:00:00,development_train,missing_pm25_target
12514,2011,6,6,9,2011-06-06 09:00:00,development_train,missing_pm25_target
12515,2011,6,6,10,2011-06-06 10:00:00,development_train,missing_pm25_target
13846,2011,7,31,21,2011-07-31 21:00:00,development_train,missing_pm25_target
13847,2011,7,31,22,2011-07-31 22:00:00,development_train,missing_pm25_target
13848,2011,7,31,23,2011-07-31 23:00:00,development_train,missing_pm25_target
13849,2011,8,1,0,2011-08-01 00:00:00,development_train,missing_pm25_target
13850,2011,8,1,1,2011-08-01 01:00:00,development_train,missing_pm25_target
13851,2011,8,1,2,2011-08-01 02:00:00,development_train,missing_pm25_target
13852,2011,8,1,3,2011-08-01 03:00:00,development_train,missing_pm25_target
13853,2011,8,1,4,2011-08-01 04:00:00,development_train,missing_pm25_target
13854,2011,8,1,5,2011-08-01 05:00:00,development_train,missing_pm25_target
13855,2011,8,1,6,2011-08-01 06:00:00,development_train,missing_pm25_target
13856,2011,8,1,7,2011-08-01 07:00:00,development_train,missing_pm25_target
13857,2011,8,1,8,2011-08-01 08:00:00,development_train,missing_pm25_target
13858,2011,8,1,9,2011-08-01 09:00:00,development_train,missing_pm25_target
13859,2011,8,1,10,2011-08-01 10:00:00,development_train,missing_pm25_target
13860,2011,8,1,11,2011-08-01 11:00:00,development_train,missing_pm25_target
13861,2011,8,1,12,2011-08-01 12:00:00,development_train,missing_pm25_target
13862,2011,8,1,13,2011-08-01 13:00:00,development_train,missing_pm25_target
13863,2011,8,1,14,2011-08-01 14:00:00,development_train,missing_pm25_target
13864,2011,8,1,15,2011-08-01 15:00:00,development_train,missing_pm25_target
13865,2011,8,1,16,2011-08-01 16:00:00,development_train,missing_pm25_target
13866,2011,8,1,17,2011-08-01 17:00:00,development_train,missing_pm25_target
13867,2011,8,1,18,2011-08-01 18:00:00,development_train,missing_pm25_target
13868,2011,8,1,19,2011-08-01 19:00:00,development_train,missing_pm25_target
13869,2011,8,1,20,2011-08-01 20:00:00,development_train,missing_pm25_target
13870,2011,8,1,21,2011-08-01 21:00:00,development_train,missing_pm25_target
13871,2011,8,1,22,2011-08-01 22:00:00,development_train,missing_pm25_target
13872,2011,8,1,23,2011-08-01 23:00:00,development_train,missing_pm25_target
13873,2011,8,2,0,2011-08-02 00:00:00,development_train,missing_pm25_target
13874,2011,8,2,1,2011-08-02 01:00:00,development_train,missing_pm25_target
13875,2011,8,2,2,2011-08-02 02:00:00,development_train,missing_pm25_target
13876,2011,8,2,3,2011-08-02 03:00:00,development_train,missing_pm25_target
13877,2011,8,2,4,2011-08-02 04:00:00,development_train,missing_pm25_target
13878,2011,8,2,5,2011-08-02 05:00:00,development_train,missing_pm25_target
13879,2011,8,2,6,2011-08-02 06:00:00,development_train,missing_pm25_target
13880,2011,8,2,7,2011-08-02 07:00:00,development_train,missing_pm25_target
13881,2011,8,2,8,2011-08-02 08:00:00,development_train,missing_pm25_target
13882,2011,8,2,9,2011-08-02 09:00:00,development_train,missing_pm25_target
13883,2011,8,2,10,2011-08-02 10:00:00,development_train,missing_pm25_target
13884,2011,8,2,11,2011-08-02 11:00:00,development_train,missing_pm25_target
13885,2011,8,2,12,2011-08-02 12:00:00,development_train,missing_pm25_target
13886,2011,8,2,13,2011-08-02 13:00:00,development_train,missing_pm25_target
13887,2011,8,2,14,2011-08-02 14:00:00,development_train,missing_pm25_target
13888,2011,8,2,15,2011-08-02 15:00:00,development_train,missing_pm25_target
13889,2011,8,2,16,2011-08-02 16:00:00,development_train,missing_pm25_target
13890,2011,8,2,17,2011-08-02 17:00:00,development_train,missing_pm25_target
13891,2011,8,2,18,2011-08-02 18:00:00,development_train,missing_pm25_target
13892,2011,8,2,19,2011-08-02 19:00:00,development_train,missing_pm25_target
13893,2011,8,2,20,2011-08-02 20:00:00,development_train,missing_pm25_target
13894,2011,8,2,21,2011-08-02 21:00:00,development_train,missing_pm25_target
13895,2011,8,2,22,2011-08-02 22:00:00,development_train,missing_pm25_target
13896,2011,8,2,23,2011-08-02 23:00:00,development_train,missing_pm25_target
13897,2011,8,3,0,2011-08-03 00:00:00,development_train,missing_pm25_target
13898,2011,8,3,1,2011-08-03 01:00:00,development_train,missing_pm25_target
13899,2011,8,3,2,2011-08-03 02:00:00,development_train,missing_pm25_target
13900,2011,8,3,3,2011-08-03 03:00:00,development_train,missing_pm25_target
13901,2011,8,3,4,2011-08-03 04:00:00,development_train,missing_pm25_target
13902,2011,8,3,5,2011-08-03 05:00:00,development_train,missing_pm25_target
13903,2011,8,3,6,2011-08-03 06:00:00,development_train,missing_pm25_target
13904,2011,8,3,7,2011-08-03 07:00:00,development_train,missing_pm25_target
13905,2011,8,3,8,2011-08-03 08:00:00,development_train,missing_pm25_target
13906,2011,8,3,9,2011-08-03 09:00:00,development_train,missing_pm25_target
13907,2011,8,3,10,2011-08-03 10:00:00,development_train,missing_pm25_target
13908,2011,8,3,11,2011-08-03 11:00:00,development_train,missing_pm25_target
13942,2011,8,4,21,2011-08-04 21:00:00,development_train,missing_pm25_target
13971,2011,8,6,2,2011-08-06 02:00:00,development_train,missing_pm25_target
13972,2011,8,6,3,2011-08-06 03:00:00,development_train,missing_pm25_target
13973,2011,8,6,4,2011-08-06 04:00:00,development_train,missing_pm25_target
13974,2011,8,6,5,2011-08-06 05:00:00,development_train,missing_pm25_target
13975,2011,8,6,6,2011-08-06 06:00:00,development_train,missing_pm25_target
13976,2011,8,6,7,2011-08-06 07:00:00,development_train,missing_pm25_target
13977,2011,8,6,8,2011-08-06 08:00:00,development_train,missing_pm25_target
13978,2011,8,6,9,2011-08-06 09:00:00,development_train,missing_pm25_target
13979,2011,8,6,10,2011-08-06 10:00:00,development_train,missing_pm25_target
13980,2011,8,6,11,2011-08-06 11:00:00,development_train,missing_pm25_target
13981,2011,8,6,12,2011-08-06 12:00:00,development_train,missing_pm25_target
13982,2011,8,6,13,2011-08-06 13:00:00,development_train,missing_pm25_target
13983,2011,8,6,14,2011-08-06 14:00:00,development_train,missing_pm25_target
13984,2011,8,6,15,2011-08-06 15:00:00,development_train,missing_pm25_target
13985,2011,8,6,16,2011-08-06 16:00:00,development_train,missing_pm25_target
13986,2011,8,6,17,2011-08-06 17:00:00,development_train,missing_pm25_target
13987,2011,8,6,18,2011-08-06 18:00:00,development_train,missing_pm25_target
13988,2011,8,6,19,2011-08-06 19:00:00,development_train,missing_pm25_target
13989,2011,8,6,20,2011-08-06 20:00:00,development_train,missing_pm25_target
13990,2011,8,6,21,2011-08-06 21:00:00,development_train,missing_pm25_target
13991,2011,8,6,22,2011-08-06 22:00:00,development_train,missing_pm25_target
13992,2011,8,6,23,2011-08-06 23:00:00,development_train,missing_pm25_target
13994,2011,8,7,1,2011-08-07 01:00:00,development_train,missing_pm25_target
13995,2011,8,7,2,2011-08-07 02:00:00,development_train,missing_pm25_target
13996,2011,8,7,3,2011-08-07 03:00:00,development_train,missing_pm25_target
13997,2011,8,7,4,2011-08-07 04:00:00,development_train,missing_pm25_target
13998,2011,8,7,5,2011-08-07 05:00:00,development_train,missing_pm25_target
13999,2011,8,7,6,2011-08-07 06:00:00,development_train,missing_pm25_target
14000,2011,8,7,7,2011-08-07 07:00:00,development_train,missing_pm25_target
14001,2011,8,7,8,2011-08-07 08:00:00,development_train,missing_pm25_target
14002,2011,8,7,9,2011-08-07 09:00:00,development_train,missing_pm25_target
14003,2011,8,7,10,2011-08-07 10:00:00,development_train,missing_pm25_target
14004,2011,8,7,11,2011-08-07 11:00:00,development_train,missing_pm25_target
14005,2011,8,7,12,2011-08-07 12:00:00,development_train,missing_pm25_target
14006,2011,8,7,13,2011-08-07 13:00:00,development_train,missing_pm25_target
14007,2011,8,7,14,2011-08-07 14:00:00,development_train,missing_pm25_target
14008,2011,8,7,15,2011-08-07 15:00:00,development_train,missing_pm25_target
14009,2011,8,7,16,2011-08-07 16:00:00,development_train,missing_pm25_target
14010,2011,8,7,17,2011-08-07 17:00:00,development_train,missing_pm25_target
14011,2011,8,7,18,2011-08-07 18:00:00,development_train,missing_pm25_target
14012,2011,8,7,19,2011-08-07 19:00:00,development_train,missing_pm25_target
14013,2011,8,7,20,2011-08-07 20:00:00,development_train,missing_pm25_target
14014,2011,8,7,21,2011-08-07 21:00:00,development_train,missing_pm25_target
14015,2011,8,7,22,2011-08-07 22:00:00,development_train,missing_pm25_target
14016,2011,8,7,23,2011-08-07 23:00:00,development_train,missing_pm25_target
14017,2011,8,8,0,2011-08-08 00:00:00,development_train,missing_pm25_target
14018,2011,8,8,1,2011-08-08 01:00:00,development_train,missing_pm25_target
14019,2011,8,8,2,2011-08-08 02:00:00,development_train,missing_pm25_target
14020,2011,8,8,3,2011-08-08 03:00:00,development_train,missing_pm25_target
14021,2011,8,8,4,2011-08-08 04:00:00,development_train,missing_pm25_target
14022,2011,8,8,5,2011-08-08 05:00:00,development_train,missing_pm25_target
14041,2011,8,9,0,2011-08-09 00:00:00,development_train,missing_pm25_target
14064,2011,8,9,23,2011-08-09 23:00:00,development_train,missing_pm25_target
14065,2011,8,10,0,2011-08-10 00:00:00,development_train,missing_pm25_target
14066,2011,8,10,1,2011-08-10 01:00:00,development_train,missing_pm25_target
14067,2011,8,10,2,2011-08-10 02:00:00,development_train,missing_pm25_target
14068,2011,8,10,3,2011-08-10 03:00:00,development_train,missing_pm25_target
14069,2011,8,10,4,2011-08-10 04:00:00,development_train,missing_pm25_target
14070,2011,8,10,5,2011-08-10 05:00:00,development_train,missing_pm25_target
14071,2011,8,10,6,2011-08-10 06:00:00,development_train,missing_pm25_target
14072,2011,8,10,7,2011-08-10 07:00:00,development_train,missing_pm25_target
14073,2011,8,10,8,2011-08-10 08:00:00,development_train,missing_pm25_target
14074,2011,8,10,9,2011-08-10 09:00:00,development_train,missing_pm25_target
14075,2011,8,10,10,2011-08-10 10:00:00,development_train,missing_pm25_target
14076,2011,8,10,11,2011-08-10 11:00:00,development_train,missing_pm25_target
14077,2011,8,10,12,2011-08-10 12:00:00,development_train,missing_pm25_target
14078,2011,8,10,13,2011-08-10 13:00:00,development_train,missing_pm25_target
14079,2011,8,10,14,2011-08-10 14:00:00,development_train,missing_pm25_target
14080,2011,8,10,15,2011-08-10 15:00:00,development_train,missing_pm25_target
14081,2011,8,10,16,2011-08-10 16:00:00,development_train,missing_pm25_target
14082,2011,8,10,17,2011-08-10 17:00:00,development_train,missing_pm25_target
14083,2011,8,10,18,2011-08-10 18:00:00,development_train,missing_pm25_target
14084,2011,8,10,19,2011-08-10 19:00:00,development_train,missing_pm25_target
14085,2011,8,10,20,2011-08-10 20:00:00,development_train,missing_pm25_target
14103,2011,8,11,14,2011-08-11 14:00:00,development_train,missing_pm25_target
14104,2011,8,11,15,2011-08-11 15:00:00,development_train,missing_pm25_target
14351,2011,8,21,22,2011-08-21 22:00:00,development_train,missing_pm25_target
14352,2011,8,21,23,2011-08-21 23:00:00,development_train,missing_pm25_target
14375,2011,8,22,22,2011-08-22 22:00:00,development_train,missing_pm25_target
14376,2011,8,22,23,2011-08-22 23:00:00,development_train,missing_pm25_target
14378,2011,8,23,1,2011-08-23 01:00:00,development_train,missing_pm25_target
14379,2011,8,23,2,2011-08-23 02:00:00,development_train,missing_pm25_target
14380,2011,8,23,3,2011-08-23 03:00:00,development_train,missing_pm25_target
14381,2011,8,23,4,2011-08-23 04:00:00,development_train,missing_pm25_target
14382,2011,8,23,5,2011-08-23 05:00:00,development_train,missing_pm25_target
14383,2011,8,23,6,2011-08-23 06:00:00,development_train,missing_pm25_target
14384,2011,8,23,7,2011-08-23 07:00:00,development_train,missing_pm25_target
14385,2011,8,23,8,2011-08-23 08:00:00,development_train,missing_pm25_target
14386,2011,8,23,9,2011-08-23 09:00:00,development_train,missing_pm25_target
14387,2011,8,23,10,2011-08-23 10:00:00,development_train,missing_pm25_target
14388,2011,8,23,11,2011-08-23 11:00:00,development_train,missing_pm25_target
14389,2011,8,23,12,2011-08-23 12:00:00,development_train,missing_pm25_target
14390,2011,8,23,13,2011-08-23 13:00:00,development_train,missing_pm25_target
14391,2011,8,23,14,2011-08-23 14:00:00,development_train,missing_pm25_target
14392,2011,8,23,15,2011-08-23 15:00:00,development_train,missing_pm25_target
14393,2011,8,23,16,2011-08-23 16:00:00,development_train,missing_pm25_target
14394,2011,8,23,17,2011-08-23 17:00:00,development_train,missing_pm25_target
14395,2011,8,23,18,2011-08-23 18:00:00,development_train,missing_pm25_target
14396,2011,8,23,19,2011-08-23 19:00:00,development_train,missing_pm25_target
14397,2011,8,23,20,2011-08-23 20:00:00,development_train,missing_pm25_target
14398,2011,8,23,21,2011-08-23 21:00:00,development_train,missing_pm25_target
14399,2011,8,23,22,2011-08-23 22:00:00,development_train,missing_pm25_target
14400,2011,8,23,23,2011-08-23 23:00:00,development_train,missing_pm25_target
14402,2011,8,24,1,2011-08-24 01:00:00,development_train,missing_pm25_target
14403,2011,8,24,2,2011-08-24 02:00:00,development_train,missing_pm25_target
14404,2011,8,24,3,2011-08-24 03:00:00,development_train,missing_pm25_target
14405,2011,8,24,4,2011-08-24 04:00:00,development_train,missing_pm25_target
14406,2011,8,24,5,2011-08-24 05:00:00,development_train,missing_pm25_target
14407,2011,8,24,6,2011-08-24 06:00:00,development_train,missing_pm25_target
14408,2011,8,24,7,2011-08-24 07:00:00,development_train,missing_pm25_target
14409,2011,8,24,8,2011-08-24 08:00:00,development_train,missing_pm25_target
14410,2011,8,24,9,2011-08-24 09:00:00,development_train,missing_pm25_target
14536,2011,8,29,15,2011-08-29 15:00:00,development_train,missing_pm25_target
15205,2011,9,26,12,2011-09-26 12:00:00,development_train,missing_pm25_target
15374,2011,10,3,13,2011-10-03 13:00:00,development_train,missing_pm25_target
15375,2011,10,3,14,2011-10-03 14:00:00,development_train,missing_pm25_target
15376,2011,10,3,15,2011-10-03 15:00:00,development_train,missing_pm25_target
15377,2011,10,3,16,2011-10-03 16:00:00,development_train,missing_pm25_target
15378,2011,10,3,17,2011-10-03 17:00:00,development_train,missing_pm25_target
15379,2011,10,3,18,2011-10-03 18:00:00,development_train,missing_pm25_target
15380,2011,10,3,19,2011-10-03 19:00:00,development_train,missing_pm25_target
15381,2011,10,3,20,2011-10-03 20:00:00,development_train,missing_pm25_target
15382,2011,10,3,21,2011-10-03 21:00:00,development_train,missing_pm25_target
15383,2011,10,3,22,2011-10-03 22:00:00,development_train,missing_pm25_target
15384,2011,10,3,23,2011-10-03 23:00:00,development_train,missing_pm25_target
15385,2011,10,4,0,2011-10-04 00:00:00,development_train,missing_pm25_target
15386,2011,10,4,1,2011-10-04 01:00:00,development_train,missing_pm25_target
15387,2011,10,4,2,2011-10-04 02:00:00,development_train,missing_pm25_target
15388,2011,10,4,3,2011-10-04 03:00:00,development_train,missing_pm25_target
15389,2011,10,4,4,2011-10-04 04:00:00,development_train,missing_pm25_target
15390,2011,10,4,5,2011-10-04 05:00:00,development_train,missing_pm25_target
15391,2011,10,4,6,2011-10-04 06:00:00,development_train,missing_pm25_target
15392,2011,10,4,7,2011-10-04 07:00:00,development_train,missing_pm25_target
15393,2011,10,4,8,2011-10-04 08:00:00,development_train,missing_pm25_target
15394,2011,10,4,9,2011-10-04 09:00:00,development_train,missing_pm25_target
15395,2011,10,4,10,2011-10-04 10:00:00,development_train,missing_pm25_target
15396,2011,10,4,11,2011-10-04 11:00:00,development_train,missing_pm25_target
15397,2011,10,4,12,2011-10-04 12:00:00,development_train,missing_pm25_target
15398,2011,10,4,13,2011-10-04 13:00:00,development_train,missing_pm25_target
15399,2011,10,4,14,2011-10-04 14:00:00,development_train,missing_pm25_target
15400,2011,10,4,15,2011-10-04 15:00:00,development_train,missing_pm25_target
15401,2011,10,4,16,2011-10-04 16:00:00,development_train,missing_pm25_target
15402,2011,10,4,17,2011-10-04 17:00:00,development_train,missing_pm25_target
15403,2011,10,4,18,2011-10-04 18:00:00,development_train,missing_pm25_target
15404,2011,10,4,19,2011-10-04 19:00:00,development_train,missing_pm25_target
15405,2011,10,4,20,2011-10-04 20:00:00,development_train,missing_pm25_target
15406,2011,10,4,21,2011-10-04 21:00:00,development_train,missing_pm25_target
15407,2011,10,4,22,2011-10-04 22:00:00,development_train,missing_pm25_target
15408,2011,10,4,23,2011-10-04 23:00:00,development_train,missing_pm25_target
15409,2011,10,5,0,2011-10-05 00:00:00,development_train,missing_pm25_target
15410,2011,10,5,1,2011-10-05 01:00:00,development_train,missing_pm25_target
15411,2011,10,5,2,2011-10-05 02:00:00,development_train,missing_pm25_target
15412,2011,10,5,3,2011-10-05 03:00:00,development_train,missing_pm25_target
15413,2011,10,5,4,2011-10-05 04:00:00,development_train,missing_pm25_target
15414,2011,10,5,5,2011-10-05 05:00:00,development_train,missing_pm25_target
15415,2011,10,5,6,2011-10-05 06:00:00,development_train,missing_pm25_target
15416,2011,10,5,7,2011-10-05 07:00:00,development_train,missing_pm25_target
15417,2011,10,5,8,2011-10-05 08:00:00,development_train,missing_pm25_target
15418,2011,10,5,9,2011-10-05 09:00:00,development_train,missing_pm25_target
15419,2011,10,5,10,2011-10-05 10:00:00,development_train,missing_pm25_target
15420,2011,10,5,11,2011-10-05 11:00:00,development_train,missing_pm25_target
15421,2011,10,5,12,2011-10-05 12:00:00,development_train,missing_pm25_target
15422,2011,10,5,13,2011-10-05 13:00:00,development_train,missing_pm25_target
15423,2011,10,5,14,2011-10-05 14:00:00,development_train,missing_pm25_target
15424,2011,10,5,15,2011-10-05 15:00:00,development_train,missing_pm25_target
15425,2011,10,5,16,2011-10-05 16:00:00,development_train,missing_pm25_target
15426,2011,10,5,17,2011-10-05 17:00:00,development_train,missing_pm25_target
15427,2011,10,5,18,2011-10-05 18:00:00,development_train,missing_pm25_target
15428,2011,10,5,19,2011-10-05 19:00:00,development_train,missing_pm25_target
15429,2011,10,5,20,2011-10-05 20:00:00,development_train,missing_pm25_target
15430,2011,10,5,21,2011-10-05 21:00:00,development_train,missing_pm25_target
15431,2011,10,5,22,2011-10-05 22:00:00,development_train,missing_pm25_target
15432,2011,10,5,23,2011-10-05 23:00:00,development_train,missing_pm25_target
15433,2011,10,6,0,2011-10-06 00:00:00,development_train,missing_pm25_target
15434,2011,10,6,1,2011-10-06 01:00:00,development_train,missing_pm25_target
15435,2011,10,6,2,2011-10-06 02:00:00,development_train,missing_pm25_target
15436,2011,10,6,3,2011-10-06 03:00:00,development_train,missing_pm25_target
15437,2011,10,6,4,2011-10-06 04:00:00,development_train,missing_pm25_target
15438,2011,10,6,5,2011-10-06 05:00:00,development_train,missing_pm25_target
15439,2011,10,6,6,2011-10-06 06:00:00,development_train,missing_pm25_target
15440,2011,10,6,7,2011-10-06 07:00:00,development_train,missing_pm25_target
15441,2011,10,6,8,2011-10-06 08:00:00,development_train,missing_pm25_target
15442,2011,10,6,9,2011-10-06 09:00:00,development_train,missing_pm25_target
15443,2011,10,6,10,2011-10-06 10:00:00,development_train,missing_pm25_target
15444,2011,10,6,11,2011-10-06 11:00:00,development_train,missing_pm25_target
15445,2011,10,6,12,2011-10-06 12:00:00,development_train,missing_pm25_target
15446,2011,10,6,13,2011-10-06 13:00:00,development_train,missing_pm25_target
15447,2011,10,6,14,2011-10-06 14:00:00,development_train,missing_pm25_target
15448,2011,10,6,15,2011-10-06 15:00:00,development_train,missing_pm25_target
15449,2011,10,6,16,2011-10-06 16:00:00,development_train,missing_pm25_target
15450,2011,10,6,17,2011-10-06 17:00:00,development_train,missing_pm25_target
15451,2011,10,6,18,2011-10-06 18:00:00,development_train,missing_pm25_target
15452,2011,10,6,19,2011-10-06 19:00:00,development_train,missing_pm25_target
15453,2011,10,6,20,2011-10-06 20:00:00,development_train,missing_pm25_target
15454,2011,10,6,21,2011-10-06 21:00:00,development_train,missing_pm25_target
15455,2011,10,6,22,2011-10-06 22:00:00,development_train,missing_pm25_target
15456,2011,10,6,23,2011-10-06 23:00:00,development_train,missing_pm25_target
15457,2011,10,7,0,2011-10-07 00:00:00,development_train,missing_pm25_target
15458,2011,10,7,1,2011-10-07 01:00:00,development_train,missing_pm25_target
15459,2011,10,7,2,2011-10-07 02:00:00,development_train,missing_pm25_target
15460,2011,10,7,3,2011-10-07 03:00:00,development_train,missing_pm25_target
15461,2011,10,7,4,2011-10-07 04:00:00,development_train,missing_pm25_target
15462,2011,10,7,5,2011-10-07 05:00:00,development_train,missing_pm25_target
15463,2011,10,7,6,2011-10-07 06:00:00,development_train,missing_pm25_target
15464,2011,10,7,7,2011-10-07 07:00:00,development_train,missing_pm25_target
15465,2011,10,7,8,2011-10-07 08:00:00,development_train,missing_pm25_target
15466,2011,10,7,9,2011-10-07 09:00:00,development_train,missing_pm25_target
15467,2011,10,7,10,2011-10-07 10:00:00,development_train,missing_pm25_target
15468,2011,10,7,11,2011-10-07 11:00:00,development_train,missing_pm25_target
15469,2011,10,7,12,2011-10-07 12:00:00,development_train,missing_pm25_target
15470,2011,10,7,13,2011-10-07 13:00:00,development_train,missing_pm25_target
15471,2011,10,7,14,2011-10-07 14:00:00,development_train,missing_pm25_target
15472,2011,10,7,15,2011-10-07 15:00:00,development_train,missing_pm25_target
15593,2011,10,12,16,2011-10-12 16:00:00,development_train,missing_pm25_target
15884,2011,10,24,19,2011-10-24 19:00:00,development_train,missing_pm25_target
15905,2011,10,25,16,2011-10-25 16:00:00,development_train,missing_pm25_target
15907,2011,10,25,18,2011-10-25 18:00:00,development_train,missing_pm25_target
15908,2011,10,25,19,2011-10-25 19:00:00,development_train,missing_pm25_target
15909,2011,10,25,20,2011-10-25 20:00:00,development_train,missing_pm25_target
15910,2011,10,25,21,2011-10-25 21:00:00,development_train,missing_pm25_target
15911,2011,10,25,22,2011-10-25 22:00:00,development_train,missing_pm25_target
15912,2011,10,25,23,2011-10-25 23:00:00,development_train,missing_pm25_target
15930,2011,10,26,17,2011-10-26 17:00:00,development_train,missing_pm25_target
15931,2011,10,26,18,2011-10-26 18:00:00,development_train,missing_pm25_target
15932,2011,10,26,19,2011-10-26 19:00:00,development_train,missing_pm25_target
15933,2011,10,26,20,2011-10-26 20:00:00,development_train,missing_pm25_target
15934,2011,10,26,21,2011-10-26 21:00:00,development_train,missing_pm25_target
15935,2011,10,26,22,2011-10-26 22:00:00,development_train,missing_pm25_target
15936,2011,10,26,23,2011-10-26 23:00:00,development_train,missing_pm25_target
15937,2011,10,27,0,2011-10-27 00:00:00,development_train,missing_pm25_target
15938,2011,10,27,1,2011-10-27 01:00:00,development_train,missing_pm25_target
15939,2011,10,27,2,2011-10-27 02:00:00,development_train,missing_pm25_target
15940,2011,10,27,3,2011-10-27 03:00:00,development_train,missing_pm25_target
15941,2011,10,27,4,2011-10-27 04:00:00,development_train,missing_pm25_target
15942,2011,10,27,5,2011-10-27 05:00:00,development_train,missing_pm25_target
15943,2011,10,27,6,2011-10-27 06:00:00,development_train,missing_pm25_target
15944,2011,10,27,7,2011-10-27 07:00:00,development_train,missing_pm25_target
15945,2011,10,27,8,2011-10-27 08:00:00,development_train,missing_pm25_target
15946,2011,10,27,9,2011-10-27 09:00:00,development_train,missing_pm25_target
15947,2011,10,27,10,2011-10-27 10:00:00,development_train,missing_pm25_target
15948,2011,10,27,11,2011-10-27 11:00:00,development_train,missing_pm25_target
15961,2011,10,28,0,2011-10-28 00:00:00,development_train,missing_pm25_target
16068,2011,11,1,11,2011-11-01 11:00:00,development_train,missing_pm25_target
16069,2011,11,1,12,2011-11-01 12:00:00,development_train,missing_pm25_target
16428,2011,11,16,11,2011-11-16 11:00:00,development_train,missing_pm25_target
16429,2011,11,16,12,2011-11-16 12:00:00,development_train,missing_pm25_target
16764,2011,11,30,11,2011-11-30 11:00:00,development_train,missing_pm25_target
17269,2011,12,21,12,2011-12-21 12:00:00,development_train,missing_pm25_target
17843,2012,1,14,10,2012-01-14 10:00:00,development_train,missing_pm25_target
17844,2012,1,14,11,2012-01-14 11:00:00,development_train,missing_pm25_target
17845,2012,1,14,12,2012-01-14 12:00:00,development_train,missing_pm25_target
17846,2012,1,14,13,2012-01-14 13:00:00,development_train,missing_pm25_target
17847,2012,1,14,14,2012-01-14 14:00:00,development_train,missing_pm25_target
17848,2012,1,14,15,2012-01-14 15:00:00,development_train,missing_pm25_target
17849,2012,1,14,16,2012-01-14 16:00:00,development_train,missing_pm25_target
17850,2012,1,14,17,2012-01-14 17:00:00,development_train,missing_pm25_target
17851,2012,1,14,18,2012-01-14 18:00:00,development_train,missing_pm25_target
17852,2012,1,14,19,2012-01-14 19:00:00,development_train,missing_pm25_target
17853,2012,1,14,20,2012-01-14 20:00:00,development_train,missing_pm25_target
17854,2012,1,14,21,2012-01-14 21:00:00,development_train,missing_pm25_target
17855,2012,1,14,22,2012-01-14 22:00:00,development_train,missing_pm25_target
17856,2012,1,14,23,2012-01-14 23:00:00,development_train,missing_pm25_target
17857,2012,1,15,0,2012-01-15 00:00:00,development_train,missing_pm25_target
17858,2012,1,15,1,2012-01-15 01:00:00,development_train,missing_pm25_target
17859,2012,1,15,2,2012-01-15 02:00:00,development_train,missing_pm25_target
17860,2012,1,15,3,2012-01-15 03:00:00,development_train,missing_pm25_target
17861,2012,1,15,4,2012-01-15 04:00:00,development_train,missing_pm25_target
17862,2012,1,15,5,2012-01-15 05:00:00,development_train,missing_pm25_target
17863,2012,1,15,6,2012-01-15 06:00:00,development_train,missing_pm25_target
17864,2012,1,15,7,2012-01-15 07:00:00,development_train,missing_pm25_target
17865,2012,1,15,8,2012-01-15 08:00:00,development_train,missing_pm25_target
17866,2012,1,15,9,2012-01-15 09:00:00,development_train,missing_pm25_target
17867,2012,1,15,10,2012-01-15 10:00:00,development_train,missing_pm25_target
17868,2012,1,15,11,2012-01-15 11:00:00,development_train,missing_pm25_target
17869,2012,1,15,12,2012-01-15 12:00:00,development_train,missing_pm25_target
17870,2012,1,15,13,2012-01-15 13:00:00,development_train,missing_pm25_target
17871,2012,1,15,14,2012-01-15 14:00:00,development_train,missing_pm25_target
17872,2012,1,15,15,2012-01-15 15:00:00,development_train,missing_pm25_target
17873,2012,1,15,16,2012-01-15 16:00:00,development_train,missing_pm25_target
17874,2012,1,15,17,2012-01-15 17:00:00,development_train,missing_pm25_target
17875,2012,1,15,18,2012-01-15 18:00:00,development_train,missing_pm25_target
17876,2012,1,15,19,2012-01-15 19:00:00,development_train,missing_pm25_target
17877,2012,1,15,20,2012-01-15 20:00:00,development_train,missing_pm25_target
17878,2012,1,15,21,2012-01-15 21:00:00,development_train,missing_pm25_target
17879,2012,1,15,22,2012-01-15 22:00:00,development_train,missing_pm25_target
17880,2012,1,15,23,2012-01-15 23:00:00,development_train,missing_pm25_target
17881,2012,1,16,0,2012-01-16 00:00:00,development_train,missing_pm25_target
17882,2012,1,16,1,2012-01-16 01:00:00,development_train,missing_pm25_target
17883,2012,1,16,2,2012-01-16 02:00:00,development_train,missing_pm25_target
17884,2012,1,16,3,2012-01-16 03:00:00,development_train,missing_pm25_target
17885,2012,1,16,4,2012-01-16 04:00:00,development_train,missing_pm25_target
17886,2012,1,16,5,2012-01-16 05:00:00,development_train,missing_pm25_target
17887,2012,1,16,6,2012-01-16 06:00:00,development_train,missing_pm25_target
17888,2012,1,16,7,2012-01-16 07:00:00,development_train,missing_pm25_target
17889,2012,1,16,8,2012-01-16 08:00:00,development_train,missing_pm25_target
17890,2012,1,16,9,2012-01-16 09:00:00,development_train,missing_pm25_target
17891,2012,1,16,10,2012-01-16 10:00:00,development_train,missing_pm25_target
17892,2012,1,16,11,2012-01-16 11:00:00,development_train,missing_pm25_target
17893,2012,1,16,12,2012-01-16 12:00:00,development_train,missing_pm25_target
17894,2012,1,16,13,2012-01-16 13:00:00,development_train,missing_pm25_target
17895,2012,1,16,14,2012-01-16 14:00:00,development_train,missing_pm25_target
17896,2012,1,16,15,2012-01-16 15:00:00,development_train,missing_pm25_target
17897,2012,1,16,16,2012-01-16 16:00:00,development_train,missing_pm25_target
17898,2012,1,16,17,2012-01-16 17:00:00,development_train,missing_pm25_target
17899,2012,1,16,18,2012-01-16 18:00:00,development_train,missing_pm25_target
17900,2012,1,16,19,2012-01-16 19:00:00,development_train,missing_pm25_target
17901,2012,1,16,20,2012-01-16 20:00:00,development_train,missing_pm25_target
17902,2012,1,16,21,2012-01-16 21:00:00,development_train,missing_pm25_target
17903,2012,1,16,22,2012-01-16 22:00:00,development_train,missing_pm25_target
17904,2012,1,16,23,2012-01-16 23:00:00,development_train,missing_pm25_target
17905,2012,1,17,0,2012-01-17 00:00:00,development_train,missing_pm25_target
17906,2012,1,17,1,2012-01-17 01:00:00,development_train,missing_pm25_target
17907,2012,1,17,2,2012-01-17 02:00:00,development_train,missing_pm25_target
17908,2012,1,17,3,2012-01-17 03:00:00,development_train,missing_pm25_target
17909,2012,1,17,4,2012-01-17 04:00:00,development_train,missing_pm25_target
17910,2012,1,17,5,2012-01-17 05:00:00,development_train,missing_pm25_target
17911,2012,1,17,6,2012-01-17 06:00:00,development_train,missing_pm25_target
17912,2012,1,17,7,2012-01-17 07:00:00,development_train,missing_pm25_target
17913,2012,1,17,8,2012-01-17 08:00:00,development_train,missing_pm25_target
17914,2012,1,17,9,2012-01-17 09:00:00,development_train,missing_pm25_target
17915,2012,1,17,10,2012-01-17 10:00:00,development_train,missing_pm25_target
17916,2012,1,17,11,2012-01-17 11:00:00,development_train,missing_pm25_target
18947,2012,2,29,10,2012-02-29 10:00:00,development_train,missing_pm25_target
18948,2012,2,29,11,2012-02-29 11:00:00,development_train,missing_pm25_target
18949,2012,2,29,12,2012-02-29 12:00:00,development_train,missing_pm25_target
18950,2012,2,29,13,2012-02-29 13:00:00,development_train,missing_pm25_target
18951,2012,2,29,14,2012-02-29 14:00:00,development_train,missing_pm25_target
18952,2012,2,29,15,2012-02-29 15:00:00,development_train,missing_pm25_target
19019,2012,3,3,10,2012-03-03 10:00:00,development_train,missing_pm25_target
19023,2012,3,3,14,2012-03-03 14:00:00,development_train,missing_pm25_target
19119,2012,3,7,14,2012-03-07 14:00:00,development_train,missing_pm25_target
19289,2012,3,14,16,2012-03-14 16:00:00,development_train,missing_pm25_target
20344,2012,4,27,15,2012-04-27 15:00:00,development_train,missing_pm25_target
20514,2012,5,4,17,2012-05-04 17:00:00,development_train,missing_pm25_target
20877,2012,5,19,20,2012-05-19 20:00:00,development_train,missing_pm25_target
20878,2012,5,19,21,2012-05-19 21:00:00,development_train,missing_pm25_target
20879,2012,5,19,22,2012-05-19 22:00:00,development_train,missing_pm25_target
20880,2012,5,19,23,2012-05-19 23:00:00,development_train,missing_pm25_target
20881,2012,5,20,0,2012-05-20 00:00:00,development_train,missing_pm25_target
20882,2012,5,20,1,2012-05-20 01:00:00,development_train,missing_pm25_target
20883,2012,5,20,2,2012-05-20 02:00:00,development_train,missing_pm25_target
20884,2012,5,20,3,2012-05-20 03:00:00,development_train,missing_pm25_target
20885,2012,5,20,4,2012-05-20 04:00:00,development_train,missing_pm25_target
20886,2012,5,20,5,2012-05-20 05:00:00,development_train,missing_pm25_target
20887,2012,5,20,6,2012-05-20 06:00:00,development_train,missing_pm25_target
20888,2012,5,20,7,2012-05-20 07:00:00,development_train,missing_pm25_target
20889,2012,5,20,8,2012-05-20 08:00:00,development_train,missing_pm25_target
20890,2012,5,20,9,2012-05-20 09:00:00,development_train,missing_pm25_target
20891,2012,5,20,10,2012-05-20 10:00:00,development_train,missing_pm25_target
20892,2012,5,20,11,2012-05-20 11:00:00,development_train,missing_pm25_target
20893,2012,5,20,12,2012-05-20 12:00:00,development_train,missing_pm25_target
20894,2012,5,20,13,2012-05-20 13:00:00,development_train,missing_pm25_target
20895,2012,5,20,14,2012-05-20 14:00:00,development_train,missing_pm25_target
20896,2012,5,20,15,2012-05-20 15:00:00,development_train,missing_pm25_target
20897,2012,5,20,16,2012-05-20 16:00:00,development_train,missing_pm25_target
20898,2012,5,20,17,2012-05-20 17:00:00,development_train,missing_pm25_target
20899,2012,5,20,18,2012-05-20 18:00:00,development_train,missing_pm25_target
20900,2012,5,20,19,2012-05-20 19:00:00,development_train,missing_pm25_target
20901,2012,5,20,20,2012-05-20 20:00:00,development_train,missing_pm25_target
20902,2012,5,20,21,2012-05-20 21:00:00,development_train,missing_pm25_target
20903,2012,5,20,22,2012-05-20 22:00:00,development_train,missing_pm25_target
20904,2012,5,20,23,2012-05-20 23:00:00,development_train,missing_pm25_target
20905,2012,5,21,0,2012-05-21 00:00:00,development_train,missing_pm25_target
20906,2012,5,21,1,2012-05-21 01:00:00,development_train,missing_pm25_target
20907,2012,5,21,2,2012-05-21 02:00:00,development_train,missing_pm25_target
20908,2012,5,21,3,2012-05-21 03:00:00,development_train,missing_pm25_target
20909,2012,5,21,4,2012-05-21 04:00:00,development_train,missing_pm25_target
20910,2012,5,21,5,2012-05-21 05:00:00,development_train,missing_pm25_target
20911,2012,5,21,6,2012-05-21 06:00:00,development_train,missing_pm25_target
20912,2012,5,21,7,2012-05-21 07:00:00,development_train,missing_pm25_target
20913,2012,5,21,8,2012-05-21 08:00:00,development_train,missing_pm25_target
20914,2012,5,21,9,2012-05-21 09:00:00,development_train,missing_pm25_target
20915,2012,5,21,10,2012-05-21 10:00:00,development_train,missing_pm25_target
20916,2012,5,21,11,2012-05-21 11:00:00,development_train,missing_pm25_target
20936,2012,5,22,7,2012-05-22 07:00:00,development_train,missing_pm25_target
20937,2012,5,22,8,2012-05-22 08:00:00,development_train,missing_pm25_target
20938,2012,5,22,9,2012-05-22 09:00:00,development_train,missing_pm25_target
20939,2012,5,22,10,2012-05-22 10:00:00,development_train,missing_pm25_target
20940,2012,5,22,11,2012-05-22 11:00:00,development_train,missing_pm25_target
20941,2012,5,22,12,2012-05-22 12:00:00,development_train,missing_pm25_target
20942,2012,5,22,13,2012-05-22 13:00:00,development_train,missing_pm25_target
20943,2012,5,22,14,2012-05-22 14:00:00,development_train,missing_pm25_target
20988,2012,5,24,11,2012-05-24 11:00:00,development_train,missing_pm25_target
20989,2012,5,24,12,2012-05-24 12:00:00,development_train,missing_pm25_target
21081,2012,5,28,8,2012-05-28 08:00:00,development_train,missing_pm25_target
21094,2012,5,28,21,2012-05-28 21:00:00,development_train,missing_pm25_target
21523,2012,6,15,18,2012-06-15 18:00:00,development_train,missing_pm25_target
21524,2012,6,15,19,2012-06-15 19:00:00,development_train,missing_pm25_target
21525,2012,6,15,20,2012-06-15 20:00:00,development_train,missing_pm25_target
21526,2012,6,15,21,2012-06-15 21:00:00,development_train,missing_pm25_target
21527,2012,6,15,22,2012-06-15 22:00:00,development_train,missing_pm25_target
21528,2012,6,15,23,2012-06-15 23:00:00,development_train,missing_pm25_target
21613,2012,6,19,12,2012-06-19 12:00:00,development_train,missing_pm25_target
21631,2012,6,20,6,2012-06-20 06:00:00,development_train,missing_pm25_target
21664,2012,6,21,15,2012-06-21 15:00:00,development_train,missing_pm25_target
21673,2012,6,22,0,2012-06-22 00:00:00,development_train,missing_pm25_target
21723,2012,6,24,2,2012-06-24 02:00:00,development_train,missing_pm25_target
21842,2012,6,29,1,2012-06-29 01:00:00,development_train,missing_pm25_target
21903,2012,7,1,14,2012-07-01 14:00:00,development_train,missing_pm25_target
21908,2012,7,1,19,2012-07-01 19:00:00,development_train,missing_pm25_target
21929,2012,7,2,16,2012-07-02 16:00:00,development_train,missing_pm25_target
21944,2012,7,3,7,2012-07-03 07:00:00,development_train,missing_pm25_target
21978,2012,7,4,17,2012-07-04 17:00:00,development_train,missing_pm25_target
22173,2012,7,12,20,2012-07-12 20:00:00,development_train,missing_pm25_target
22174,2012,7,12,21,2012-07-12 21:00:00,development_train,missing_pm25_target
22288,2012,7,17,15,2012-07-17 15:00:00,development_train,missing_pm25_target
22298,2012,7,18,1,2012-07-18 01:00:00,development_train,missing_pm25_target
22513,2012,7,27,0,2012-07-27 00:00:00,development_train,missing_pm25_target
22539,2012,7,28,2,2012-07-28 02:00:00,development_train,missing_pm25_target
22554,2012,7,28,17,2012-07-28 17:00:00,development_train,missing_pm25_target
22555,2012,7,28,18,2012-07-28 18:00:00,development_train,missing_pm25_target
22556,2012,7,28,19,2012-07-28 19:00:00,development_train,missing_pm25_target
22557,2012,7,28,20,2012-07-28 20:00:00,development_train,missing_pm25_target
22558,2012,7,28,21,2012-07-28 21:00:00,development_train,missing_pm25_target
22559,2012,7,28,22,2012-07-28 22:00:00,development_train,missing_pm25_target
22560,2012,7,28,23,2012-07-28 23:00:00,development_train,missing_pm25_target
22561,2012,7,29,0,2012-07-29 00:00:00,development_train,missing_pm25_target
22562,2012,7,29,1,2012-07-29 01:00:00,development_train,missing_pm25_target
22563,2012,7,29,2,2012-07-29 02:00:00,development_train,missing_pm25_target
22564,2012,7,29,3,2012-07-29 03:00:00,development_train,missing_pm25_target
22565,2012,7,29,4,2012-07-29 04:00:00,development_train,missing_pm25_target
22566,2012,7,29,5,2012-07-29 05:00:00,development_train,missing_pm25_target
22567,2012,7,29,6,2012-07-29 06:00:00,development_train,missing_pm25_target
22568,2012,7,29,7,2012-07-29 07:00:00,development_train,missing_pm25_target
22569,2012,7,29,8,2012-07-29 08:00:00,development_train,missing_pm25_target
22570,2012,7,29,9,2012-07-29 09:00:00,development_train,missing_pm25_target
22571,2012,7,29,10,2012-07-29 10:00:00,development_train,missing_pm25_target
22572,2012,7,29,11,2012-07-29 11:00:00,development_train,missing_pm25_target
22573,2012,7,29,12,2012-07-29 12:00:00,development_train,missing_pm25_target
22574,2012,7,29,13,2012-07-29 13:00:00,development_train,missing_pm25_target
22575,2012,7,29,14,2012-07-29 14:00:00,development_train,missing_pm25_target
22576,2012,7,29,15,2012-07-29 15:00:00,development_train,missing_pm25_target
22577,2012,7,29,16,2012-07-29 16:00:00,development_train,missing_pm25_target
22578,2012,7,29,17,2012-07-29 17:00:00,development_train,missing_pm25_target
22579,2012,7,29,18,2012-07-29 18:00:00,development_train,missing_pm25_target
22580,2012,7,29,19,2012-07-29 19:00:00,development_train,missing_pm25_target
22581,2012,7,29,20,2012-07-29 20:00:00,development_train,missing_pm25_target
22582,2012,7,29,21,2012-07-29 21:00:00,development_train,missing_pm25_target
22583,2012,7,29,22,2012-07-29 22:00:00,development_train,missing_pm25_target
22584,2012,7,29,23,2012-07-29 23:00:00,development_train,missing_pm25_target
22585,2012,7,30,0,2012-07-30 00:00:00,development_train,missing_pm25_target
22586,2012,7,30,1,2012-07-30 01:00:00,development_train,missing_pm25_target
22587,2012,7,30,2,2012-07-30 02:00:00,development_train,missing_pm25_target
22588,2012,7,30,3,2012-07-30 03:00:00,development_train,missing_pm25_target
22589,2012,7,30,4,2012-07-30 04:00:00,development_train,missing_pm25_target
22590,2012,7,30,5,2012-07-30 05:00:00,development_train,missing_pm25_target
22591,2012,7,30,6,2012-07-30 06:00:00,development_train,missing_pm25_target
22592,2012,7,30,7,2012-07-30 07:00:00,development_train,missing_pm25_target
22593,2012,7,30,8,2012-07-30 08:00:00,development_train,missing_pm25_target
22594,2012,7,30,9,2012-07-30 09:00:00,development_train,missing_pm25_target
22595,2012,7,30,10,2012-07-30 10:00:00,development_train,missing_pm25_target
22596,2012,7,30,11,2012-07-30 11:00:00,development_train,missing_pm25_target
22597,2012,7,30,12,2012-07-30 12:00:00,development_train,missing_pm25_target
22630,2012,7,31,21,2012-07-31 21:00:00,development_train,missing_pm25_target
22697,2012,8,3,16,2012-08-03 16:00:00,development_train,missing_pm25_target
22890,2012,8,11,17,2012-08-11 17:00:00,development_train,missing_pm25_target
22891,2012,8,11,18,2012-08-11 18:00:00,development_train,missing_pm25_target
22892,2012,8,11,19,2012-08-11 19:00:00,development_train,missing_pm25_target
22893,2012,8,11,20,2012-08-11 20:00:00,development_train,missing_pm25_target
22894,2012,8,11,21,2012-08-11 21:00:00,development_train,missing_pm25_target
22895,2012,8,11,22,2012-08-11 22:00:00,development_train,missing_pm25_target
22896,2012,8,11,23,2012-08-11 23:00:00,development_train,missing_pm25_target
22897,2012,8,12,0,2012-08-12 00:00:00,development_train,missing_pm25_target
22898,2012,8,12,1,2012-08-12 01:00:00,development_train,missing_pm25_target
22899,2012,8,12,2,2012-08-12 02:00:00,development_train,missing_pm25_target
22900,2012,8,12,3,2012-08-12 03:00:00,development_train,missing_pm25_target
22901,2012,8,12,4,2012-08-12 04:00:00,development_train,missing_pm25_target
22902,2012,8,12,5,2012-08-12 05:00:00,development_train,missing_pm25_target
22903,2012,8,12,6,2012-08-12 06:00:00,development_train,missing_pm25_target
22904,2012,8,12,7,2012-08-12 07:00:00,development_train,missing_pm25_target
22905,2012,8,12,8,2012-08-12 08:00:00,development_train,missing_pm25_target
22906,2012,8,12,9,2012-08-12 09:00:00,development_train,missing_pm25_target
22907,2012,8,12,10,2012-08-12 10:00:00,development_train,missing_pm25_target
22908,2012,8,12,11,2012-08-12 11:00:00,development_train,missing_pm25_target
22909,2012,8,12,12,2012-08-12 12:00:00,development_train,missing_pm25_target
22910,2012,8,12,13,2012-08-12 13:00:00,development_train,missing_pm25_target
22911,2012,8,12,14,2012-08-12 14:00:00,development_train,missing_pm25_target
22912,2012,8,12,15,2012-08-12 15:00:00,development_train,missing_pm25_target
22913,2012,8,12,16,2012-08-12 16:00:00,development_train,missing_pm25_target
22914,2012,8,12,17,2012-08-12 17:00:00,development_train,missing_pm25_target
22915,2012,8,12,18,2012-08-12 18:00:00,development_train,missing_pm25_target
22916,2012,8,12,19,2012-08-12 19:00:00,development_train,missing_pm25_target
22917,2012,8,12,20,2012-08-12 20:00:00,development_train,missing_pm25_target
22918,2012,8,12,21,2012-08-12 21:00:00,development_train,missing_pm25_target
22919,2012,8,12,22,2012-08-12 22:00:00,development_train,missing_pm25_target
22920,2012,8,12,23,2012-08-12 23:00:00,development_train,missing_pm25_target
22921,2012,8,13,0,2012-08-13 00:00:00,development_train,missing_pm25_target
22922,2012,8,13,1,2012-08-13 01:00:00,development_train,missing_pm25_target
22923,2012,8,13,2,2012-08-13 02:00:00,development_train,missing_pm25_target
22924,2012,8,13,3,2012-08-13 03:00:00,development_train,missing_pm25_target
22925,2012,8,13,4,2012-08-13 04:00:00,development_train,missing_pm25_target
22926,2012,8,13,5,2012-08-13 05:00:00,development_train,missing_pm25_target
22927,2012,8,13,6,2012-08-13 06:00:00,development_train,missing_pm25_target
22928,2012,8,13,7,2012-08-13 07:00:00,development_train,missing_pm25_target
22929,2012,8,13,8,2012-08-13 08:00:00,development_train,missing_pm25_target
22930,2012,8,13,9,2012-08-13 09:00:00,development_train,missing_pm25_target
22931,2012,8,13,10,2012-08-13 10:00:00,development_train,missing_pm25_target
22945,2012,8,14,0,2012-08-14 00:00:00,development_train,missing_pm25_target
23008,2012,8,16,15,2012-08-16 15:00:00,development_train,missing_pm25_target
23009,2012,8,16,16,2012-08-16 16:00:00,development_train,missing_pm25_target
23032,2012,8,17,15,2012-08-17 15:00:00,development_train,missing_pm25_target
23052,2012,8,18,11,2012-08-18 11:00:00,development_train,missing_pm25_target
23053,2012,8,18,12,2012-08-18 12:00:00,development_train,missing_pm25_target
23054,2012,8,18,13,2012-08-18 13:00:00,development_train,missing_pm25_target
23055,2012,8,18,14,2012-08-18 14:00:00,development_train,missing_pm25_target
23056,2012,8,18,15,2012-08-18 15:00:00,development_train,missing_pm25_target
23057,2012,8,18,16,2012-08-18 16:00:00,development_train,missing_pm25_target
23058,2012,8,18,17,2012-08-18 17:00:00,development_train,missing_pm25_target
23059,2012,8,18,18,2012-08-18 18:00:00,development_train,missing_pm25_target
23060,2012,8,18,19,2012-08-18 19:00:00,development_train,missing_pm25_target
23061,2012,8,18,20,2012-08-18 20:00:00,development_train,missing_pm25_target
23062,2012,8,18,21,2012-08-18 21:00:00,development_train,missing_pm25_target
23063,2012,8,18,22,2012-08-18 22:00:00,development_train,missing_pm25_target
23064,2012,8,18,23,2012-08-18 23:00:00,development_train,missing_pm25_target
23065,2012,8,19,0,2012-08-19 00:00:00,development_train,missing_pm25_target
23066,2012,8,19,1,2012-08-19 01:00:00,development_train,missing_pm25_target
23067,2012,8,19,2,2012-08-19 02:00:00,development_train,missing_pm25_target
23068,2012,8,19,3,2012-08-19 03:00:00,development_train,missing_pm25_target
23069,2012,8,19,4,2012-08-19 04:00:00,development_train,missing_pm25_target
23070,2012,8,19,5,2012-08-19 05:00:00,development_train,missing_pm25_target
23071,2012,8,19,6,2012-08-19 06:00:00,development_train,missing_pm25_target
23072,2012,8,19,7,2012-08-19 07:00:00,development_train,missing_pm25_target
23073,2012,8,19,8,2012-08-19 08:00:00,development_train,missing_pm25_target
23074,2012,8,19,9,2012-08-19 09:00:00,development_train,missing_pm25_target
23075,2012,8,19,10,2012-08-19 10:00:00,development_train,missing_pm25_target
23076,2012,8,19,11,2012-08-19 11:00:00,development_train,missing_pm25_target
23077,2012,8,19,12,2012-08-19 12:00:00,development_train,missing_pm25_target
23078,2012,8,19,13,2012-08-19 13:00:00,development_train,missing_pm25_target
23079,2012,8,19,14,2012-08-19 14:00:00,development_train,missing_pm25_target
23080,2012,8,19,15,2012-08-19 15:00:00,development_train,missing_pm25_target
23081,2012,8,19,16,2012-08-19 16:00:00,development_train,missing_pm25_target
23082,2012,8,19,17,2012-08-19 17:00:00,development_train,missing_pm25_target
23083,2012,8,19,18,2012-08-19 18:00:00,development_train,missing_pm25_target
23084,2012,8,19,19,2012-08-19 19:00:00,development_train,missing_pm25_target
23085,2012,8,19,20,2012-08-19 20:00:00,development_train,missing_pm25_target
23086,2012,8,19,21,2012-08-19 21:00:00,development_train,missing_pm25_target
23087,2012,8,19,22,2012-08-19 22:00:00,development_train,missing_pm25_target
23088,2012,8,19,23,2012-08-19 23:00:00,development_train,missing_pm25_target
23089,2012,8,20,0,2012-08-20 00:00:00,development_train,missing_pm25_target
23090,2012,8,20,1,2012-08-20 01:00:00,development_train,missing_pm25_target
23091,2012,8,20,2,2012-08-20 02:00:00,development_train,missing_pm25_target
23092,2012,8,20,3,2012-08-20 03:00:00,development_train,missing_pm25_target
23093,2012,8,20,4,2012-08-20 04:00:00,development_train,missing_pm25_target
23094,2012,8,20,5,2012-08-20 05:00:00,development_train,missing_pm25_target
23095,2012,8,20,6,2012-08-20 06:00:00,development_train,missing_pm25_target
23096,2012,8,20,7,2012-08-20 07:00:00,development_train,missing_pm25_target
23097,2012,8,20,8,2012-08-20 08:00:00,development_train,missing_pm25_target
23098,2012,8,20,9,2012-08-20 09:00:00,development_train,missing_pm25_target
23099,2012,8,20,10,2012-08-20 10:00:00,development_train,missing_pm25_target
23100,2012,8,20,11,2012-08-20 11:00:00,development_train,missing_pm25_target
23101,2012,8,20,12,2012-08-20 12:00:00,development_train,missing_pm25_target
23102,2012,8,20,13,2012-08-20 13:00:00,development_train,missing_pm25_target
23103,2012,8,20,14,2012-08-20 14:00:00,development_train,missing_pm25_target
23104,2012,8,20,15,2012-08-20 15:00:00,development_train,missing_pm25_target
23105,2012,8,20,16,2012-08-20 16:00:00,development_train,missing_pm25_target
23106,2012,8,20,17,2012-08-20 17:00:00,development_train,missing_pm25_target
23107,2012,8,20,18,2012-08-20 18:00:00,development_train,missing_pm25_target
23108,2012,8,20,19,2012-08-20 19:00:00,development_train,missing_pm25_target
23109,2012,8,20,20,2012-08-20 20:00:00,development_train,missing_pm25_target
23110,2012,8,20,21,2012-08-20 21:00:00,development_train,missing_pm25_target
23111,2012,8,20,22,2012-08-20 22:00:00,development_train,missing_pm25_target
23112,2012,8,20,23,2012-08-20 23:00:00,development_train,missing_pm25_target
23113,2012,8,21,0,2012-08-21 00:00:00,development_train,missing_pm25_target
23114,2012,8,21,1,2012-08-21 01:00:00,development_train,missing_pm25_target
23115,2012,8,21,2,2012-08-21 02:00:00,development_train,missing_pm25_target
23116,2012,8,21,3,2012-08-21 03:00:00,development_train,missing_pm25_target
23117,2012,8,21,4,2012-08-21 04:00:00,development_train,missing_pm25_target
23118,2012,8,21,5,2012-08-21 05:00:00,development_train,missing_pm25_target
23119,2012,8,21,6,2012-08-21 06:00:00,development_train,missing_pm25_target
23120,2012,8,21,7,2012-08-21 07:00:00,development_train,missing_pm25_target
23121,2012,8,21,8,2012-08-21 08:00:00,development_train,missing_pm25_target
23122,2012,8,21,9,2012-08-21 09:00:00,development_train,missing_pm25_target
23123,2012,8,21,10,2012-08-21 10:00:00,development_train,missing_pm25_target
23124,2012,8,21,11,2012-08-21 11:00:00,development_train,missing_pm25_target
23125,2012,8,21,12,2012-08-21 12:00:00,development_train,missing_pm25_target
23711,2012,9,14,22,2012-09-14 22:00:00,development_train,missing_pm25_target
23742,2012,9,16,5,2012-09-16 05:00:00,development_train,missing_pm25_target
23981,2012,9,26,4,2012-09-26 04:00:00,development_train,missing_pm25_target
24011,2012,9,27,10,2012-09-27 10:00:00,development_train,missing_pm25_target
24012,2012,9,27,11,2012-09-27 11:00:00,development_train,missing_pm25_target
24013,2012,9,27,12,2012-09-27 12:00:00,development_train,missing_pm25_target
24148,2012,10,3,3,2012-10-03 03:00:00,development_train,missing_pm25_target
24469,2012,10,16,12,2012-10-16 12:00:00,development_train,missing_pm25_target
24569,2012,10,20,16,2012-10-20 16:00:00,development_train,missing_pm25_target
24804,2012,10,30,11,2012-10-30 11:00:00,development_train,missing_pm25_target
25293,2012,11,19,20,2012-11-19 20:00:00,development_train,missing_pm25_target
25294,2012,11,19,21,2012-11-19 21:00:00,development_train,missing_pm25_target
25295,2012,11,19,22,2012-11-19 22:00:00,development_train,missing_pm25_target
25296,2012,11,19,23,2012-11-19 23:00:00,development_train,missing_pm25_target
25297,2012,11,20,0,2012-11-20 00:00:00,development_train,missing_pm25_target
25298,2012,11,20,1,2012-11-20 01:00:00,development_train,missing_pm25_target
25299,2012,11,20,2,2012-11-20 02:00:00,development_train,missing_pm25_target
25300,2012,11,20,3,2012-11-20 03:00:00,development_train,missing_pm25_target
25301,2012,11,20,4,2012-11-20 04:00:00,development_train,missing_pm25_target
25302,2012,11,20,5,2012-11-20 05:00:00,development_train,missing_pm25_target
25303,2012,11,20,6,2012-11-20 06:00:00,development_train,missing_pm25_target
25304,2012,11,20,7,2012-11-20 07:00:00,development_train,missing_pm25_target
25305,2012,11,20,8,2012-11-20 08:00:00,development_train,missing_pm25_target
25306,2012,11,20,9,2012-11-20 09:00:00,development_train,missing_pm25_target
25307,2012,11,20,10,2012-11-20 10:00:00,development_train,missing_pm25_target
25308,2012,11,20,11,2012-11-20 11:00:00,development_train,missing_pm25_target
25309,2012,11,20,12,2012-11-20 12:00:00,development_train,missing_pm25_target
25310,2012,11,20,13,2012-11-20 13:00:00,development_train,missing_pm25_target
25311,2012,11,20,14,2012-11-20 14:00:00,development_train,missing_pm25_target
25312,2012,11,20,15,2012-11-20 15:00:00,development_train,missing_pm25_target
25457,2012,11,26,16,2012-11-26 16:00:00,development_train,missing_pm25_target
25458,2012,11,26,17,2012-11-26 17:00:00,development_train,missing_pm25_target
25759,2012,12,9,6,2012-12-09 06:00:00,development_train,missing_pm25_target
26024,2012,12,20,7,2012-12-20 07:00:00,development_train,missing_pm25_target
26049,2012,12,21,8,2012-12-21 08:00:00,development_train,missing_pm25_target
26095,2012,12,23,6,2012-12-23 06:00:00,development_train,missing_pm25_target
26096,2012,12,23,7,2012-12-23 07:00:00,development_train,missing_pm25_target
26097,2012,12,23,8,2012-12-23 08:00:00,development_train,missing_pm25_target
26098,2012,12,23,9,2012-12-23 09:00:00,development_train,missing_pm25_target
26099,2012,12,23,10,2012-12-23 10:00:00,development_train,missing_pm25_target
26100,2012,12,23,11,2012-12-23 11:00:00,development_train,missing_pm25_target
26101,2012,12,23,12,2012-12-23 12:00:00,development_train,missing_pm25_target
26102,2012,12,23,13,2012-12-23 13:00:00,development_train,missing_pm25_target
26103,2012,12,23,14,2012-12-23 14:00:00,development_train,missing_pm25_target
26104,2012,12,23,15,2012-12-23 15:00:00,development_train,missing_pm25_target
26105,2012,12,23,16,2012-12-23 16:00:00,development_train,missing_pm25_target
26106,2012,12,23,17,2012-12-23 17:00:00,development_train,missing_pm25_target
26107,2012,12,23,18,2012-12-23 18:00:00,development_train,missing_pm25_target
26108,2012,12,23,19,2012-12-23 19:00:00,development_train,missing_pm25_target
26109,2012,12,23,20,2012-12-23 20:00:00,development_train,missing_pm25_target
26110,2012,12,23,21,2012-12-23 21:00:00,development_train,missing_pm25_target
26111,2012,12,23,22,2012-12-23 22:00:00,development_train,missing_pm25_target
26112,2012,12,23,23,2012-12-23 23:00:00,development_train,missing_pm25_target
26113,2012,12,24,0,2012-12-24 00:00:00,development_train,missing_pm25_target
26114,2012,12,24,1,2012-12-24 01:00:00,development_train,missing_pm25_target
26115,2012,12,24,2,2012-12-24 02:00:00,development_train,missing_pm25_target
26116,2012,12,24,3,2012-12-24 03:00:00,development_train,missing_pm25_target
26117,2012,12,24,4,2012-12-24 04:00:00,development_train,missing_pm25_target
26118,2012,12,24,5,2012-12-24 05:00:00,development_train,missing_pm25_target
26119,2012,12,24,6,2012-12-24 06:00:00,development_train,missing_pm25_target
26120,2012,12,24,7,2012-12-24 07:00:00,development_train,missing_pm25_target
26121,2012,12,24,8,2012-12-24 08:00:00,development_train,missing_pm25_target
26122,2012,12,24,9,2012-12-24 09:00:00,development_train,missing_pm25_target
26123,2012,12,24,10,2012-12-24 10:00:00,development_train,missing_pm25_target
26124,2012,12,24,11,2012-12-24 11:00:00,development_train,missing_pm25_target
26125,2012,12,24,12,2012-12-24 12:00:00,development_train,missing_pm25_target
26126,2012,12,24,13,2012-12-24 13:00:00,development_train,missing_pm25_target
26127,2012,12,24,14,2012-12-24 14:00:00,development_train,missing_pm25_target
26128,2012,12,24,15,2012-12-24 15:00:00,development_train,missing_pm25_target
26129,2012,12,24,16,2012-12-24 16:00:00,development_train,missing_pm25_target
26130,2012,12,24,17,2012-12-24 17:00:00,development_train,missing_pm25_target
26131,2012,12,24,18,2012-12-24 18:00:00,development_train,missing_pm25_target
26132,2012,12,24,19,2012-12-24 19:00:00,development_train,missing_pm25_target
26133,2012,12,24,20,2012-12-24 20:00:00,development_train,missing_pm25_target
26134,2012,12,24,21,2012-12-24 21:00:00,development_train,missing_pm25_target
26135,2012,12,24,22,2012-12-24 22:00:00,development_train,missing_pm25_target
26136,2012,12,24,23,2012-12-24 23:00:00,development_train,missing_pm25_target
26137,2012,12,25,0,2012-12-25 00:00:00,development_train,missing_pm25_target
26138,2012,12,25,1,2012-12-25 01:00:00,development_train,missing_pm25_target
26139,2012,12,25,2,2012-12-25 02:00:00,development_train,missing_pm25_target
26140,2012,12,25,3,2012-12-25 03:00:00,development_train,missing_pm25_target
26141,2012,12,25,4,2012-12-25 04:00:00,development_train,missing_pm25_target
26142,2012,12,25,5,2012-12-25 05:00:00,development_train,missing_pm25_target
26143,2012,12,25,6,2012-12-25 06:00:00,development_train,missing_pm25_target
26144,2012,12,25,7,2012-12-25 07:00:00,development_train,missing_pm25_target
26145,2012,12,25,8,2012-12-25 08:00:00,development_train,missing_pm25_target
26146,2012,12,25,9,2012-12-25 09:00:00,development_train,missing_pm25_target
26147,2012,12,25,10,2012-12-25 10:00:00,development_train,missing_pm25_target
26148,2012,12,25,11,2012-12-25 11:00:00,development_train,missing_pm25_target
26149,2012,12,25,12,2012-12-25 12:00:00,development_train,missing_pm25_target
26150,2012,12,25,13,2012-12-25 13:00:00,development_train,missing_pm25_target
26151,2012,12,25,14,2012-12-25 14:00:00,development_train,missing_pm25_target
26152,2012,12,25,15,2012-12-25 15:00:00,development_train,missing_pm25_target
26153,2012,12,25,16,2012-12-25 16:00:00,development_train,missing_pm25_target
26154,2012,12,25,17,2012-12-25 17:00:00,development_train,missing_pm25_target
26155,2012,12,25,18,2012-12-25 18:00:00,development_train,missing_pm25_target
26156,2012,12,25,19,2012-12-25 19:00:00,development_train,missing_pm25_target
26157,2012,12,25,20,2012-12-25 20:00:00,development_train,missing_pm25_target
26158,2012,12,25,21,2012-12-25 21:00:00,development_train,missing_pm25_target
26159,2012,12,25,22,2012-12-25 22:00:00,development_train,missing_pm25_target
26160,2012,12,25,23,2012-12-25 23:00:00,development_train,missing_pm25_target
26161,2012,12,26,0,2012-12-26 00:00:00,development_train,missing_pm25_target
26162,2012,12,26,1,2012-12-26 01:00:00,development_train,missing_pm25_target
26163,2012,12,26,2,2012-12-26 02:00:00,development_train,missing_pm25_target
26164,2012,12,26,3,2012-12-26 03:00:00,development_train,missing_pm25_target
26165,2012,12,26,4,2012-12-26 04:00:00,development_train,missing_pm25_target
26166,2012,12,26,5,2012-12-26 05:00:00,development_train,missing_pm25_target
26167,2012,12,26,6,2012-12-26 06:00:00,development_train,missing_pm25_target
26168,2012,12,26,7,2012-12-26 07:00:00,development_train,missing_pm25_target
26169,2012,12,26,8,2012-12-26 08:00:00,development_train,missing_pm25_target
26170,2012,12,26,9,2012-12-26 09:00:00,development_train,missing_pm25_target
26171,2012,12,26,10,2012-12-26 10:00:00,development_train,missing_pm25_target
26172,2012,12,26,11,2012-12-26 11:00:00,development_train,missing_pm25_target
26173,2012,12,26,12,2012-12-26 12:00:00,development_train,missing_pm25_target
26174,2012,12,26,13,2012-12-26 13:00:00,development_train,missing_pm25_target
26175,2012,12,26,14,2012-12-26 14:00:00,development_train,missing_pm25_target
26176,2012,12,26,15,2012-12-26 15:00:00,development_train,missing_pm25_target
26177,2012,12,26,16,2012-12-26 16:00:00,development_train,missing_pm25_target
26178,2012,12,26,17,2012-12-26 17:00:00,development_train,missing_pm25_target
26179,2012,12,26,18,2012-12-26 18:00:00,development_train,missing_pm25_target
26180,2012,12,26,19,2012-12-26 19:00:00,development_train,missing_pm25_target
26181,2012,12,26,20,2012-12-26 20:00:00,development_train,missing_pm25_target
26182,2012,12,26,21,2012-12-26 21:00:00,development_train,missing_pm25_target
26183,2012,12,26,22,2012-12-26 22:00:00,development_train,missing_pm25_target
26184,2012,12,26,23,2012-12-26 23:00:00,development_train,missing_pm25_target
26185,2012,12,27,0,2012-12-27 00:00:00,development_train,missing_pm25_target
26186,2012,12,27,1,2012-12-27 01:00:00,development_train,missing_pm25_target
26187,2012,12,27,2,2012-12-27 02:00:00,development_train,missing_pm25_target
26188,2012,12,27,3,2012-12-27 03:00:00,development_train,missing_pm25_target
26189,2012,12,27,4,2012-12-27 04:00:00,development_train,missing_pm25_target
26190,2012,12,27,5,2012-12-27 05:00:00,development_train,missing_pm25_target
26191,2012,12,27,6,2012-12-27 06:00:00,development_train,missing_pm25_target
26192,2012,12,27,7,2012-12-27 07:00:00,development_train,missing_pm25_target
26193,2012,12,27,8,2012-12-27 08:00:00,development_train,missing_pm25_target
26194,2012,12,27,9,2012-12-27 09:00:00,development_train,missing_pm25_target
26195,2012,12,27,10,2012-12-27 10:00:00,development_train,missing_pm25_target
26196,2012,12,27,11,2012-12-27 11:00:00,development_train,missing_pm25_target
26197,2012,12,27,12,2012-12-27 12:00:00,development_train,missing_pm25_target
26198,2012,12,27,13,2012-12-27 13:00:00,development_train,missing_pm25_target
26199,2012,12,27,14,2012-12-27 14:00:00,development_train,missing_pm25_target
26200,2012,12,27,15,2012-12-27 15:00:00,development_train,missing_pm25_target
26201,2012,12,27,16,2012-12-27 16:00:00,development_train,missing_pm25_target
26202,2012,12,27,17,2012-12-27 17:00:00,development_train,missing_pm25_target
26203,2012,12,27,18,2012-12-27 18:00:00,development_train,missing_pm25_target
26204,2012,12,27,19,2012-12-27 19:00:00,development_train,missing_pm25_target
26205,2012,12,27,20,2012-12-27 20:00:00,development_train,missing_pm25_target
26206,2012,12,27,21,2012-12-27 21:00:00,development_train,missing_pm25_target
26207,2012,12,27,22,2012-12-27 22:00:00,development_train,missing_pm25_target
26208,2012,12,27,23,2012-12-27 23:00:00,development_train,missing_pm25_target
26209,2012,12,28,0,2012-12-28 00:00:00,development_train,missing_pm25_target
26210,2012,12,28,1,2012-12-28 01:00:00,development_train,missing_pm25_target
26211,2012,12,28,2,2012-12-28 02:00:00,development_train,missing_pm25_target
26212,2012,12,28,3,2012-12-28 03:00:00,development_train,missing_pm25_target
26213,2012,12,28,4,2012-12-28 04:00:00,development_train,missing_pm25_target
26214,2012,12,28,5,2012-12-28 05:00:00,development_train,missing_pm25_target
26215,2012,12,28,6,2012-12-28 06:00:00,development_train,missing_pm25_target
26216,2012,12,28,7,2012-12-28 07:00:00,development_train,missing_pm25_target
26217,2012,12,28,8,2012-12-28 08:00:00,development_train,missing_pm25_target
26218,2012,12,28,9,2012-12-28 09:00:00,development_train,missing_pm25_target
26219,2012,12,28,10,2012-12-28 10:00:00,development_train,missing_pm25_target
26220,2012,12,28,11,2012-12-28 11:00:00,development_train,missing_pm25_target
26221,2012,12,28,12,2012-12-28 12:00:00,development_train,missing_pm25_target
26578,2013,1,12,9,2013-01-12 09:00:00,validation,missing_pm25_target
26607,2013,1,13,14,2013-01-13 14:00:00,validation,missing_pm25_target
26656,2013,1,15,15,2013-01-15 15:00:00,validation,missing_pm25_target
26667,2013,1,16,2,2013-01-16 02:00:00,validation,missing_pm25_target
26982,2013,1,29,5,2013-01-29 05:00:00,validation,missing_pm25_target
27372,2013,2,14,11,2013-02-14 11:00:00,validation,missing_pm25_target
27804,2013,3,4,11,2013-03-04 11:00:00,validation,missing_pm25_target
27860,2013,3,6,19,2013-03-06 19:00:00,validation,missing_pm25_target
28045,2013,3,14,12,2013-03-14 12:00:00,validation,missing_pm25_target
28088,2013,3,16,7,2013-03-16 07:00:00,validation,missing_pm25_target
28309,2013,3,25,12,2013-03-25 12:00:00,validation,missing_pm25_target
28497,2013,4,2,8,2013-04-02 08:00:00,validation,missing_pm25_target
28715,2013,4,11,10,2013-04-11 10:00:00,validation,missing_pm25_target
28818,2013,4,15,17,2013-04-15 17:00:00,validation,missing_pm25_target
28836,2013,4,16,11,2013-04-16 11:00:00,validation,missing_pm25_target
28842,2013,4,16,17,2013-04-16 17:00:00,validation,missing_pm25_target
29585,2013,5,17,16,2013-05-17 16:00:00,validation,missing_pm25_target
29586,2013,5,17,17,2013-05-17 17:00:00,validation,missing_pm25_target
29587,2013,5,17,18,2013-05-17 18:00:00,validation,missing_pm25_target
29588,2013,5,17,19,2013-05-17 19:00:00,validation,missing_pm25_target
29589,2013,5,17,20,2013-05-17 20:00:00,validation,missing_pm25_target
29590,2013,5,17,21,2013-05-17 21:00:00,validation,missing_pm25_target
29591,2013,5,17,22,2013-05-17 22:00:00,validation,missing_pm25_target
29592,2013,5,17,23,2013-05-17 23:00:00,validation,missing_pm25_target
29593,2013,5,18,0,2013-05-18 00:00:00,validation,missing_pm25_target
29594,2013,5,18,1,2013-05-18 01:00:00,validation,missing_pm25_target
29595,2013,5,18,2,2013-05-18 02:00:00,validation,missing_pm25_target
29596,2013,5,18,3,2013-05-18 03:00:00,validation,missing_pm25_target
29597,2013,5,18,4,2013-05-18 04:00:00,validation,missing_pm25_target
29598,2013,5,18,5,2013-05-18 05:00:00,validation,missing_pm25_target
29599,2013,5,18,6,2013-05-18 06:00:00,validation,missing_pm25_target
29600,2013,5,18,7,2013-05-18 07:00:00,validation,missing_pm25_target
29846,2013,5,28,13,2013-05-28 13:00:00,validation,missing_pm25_target
30396,2013,6,20,11,2013-06-20 11:00:00,validation,missing_pm25_target
30397,2013,6,20,12,2013-06-20 12:00:00,validation,missing_pm25_target
31047,2013,7,17,14,2013-07-17 14:00:00,validation,missing_pm25_target
31164,2013,7,22,11,2013-07-22 11:00:00,validation,missing_pm25_target
31165,2013,7,22,12,2013-07-22 12:00:00,validation,missing_pm25_target
31166,2013,7,22,13,2013-07-22 13:00:00,validation,missing_pm25_target
31167,2013,7,22,14,2013-07-22 14:00:00,validation,missing_pm25_target
31168,2013,7,22,15,2013-07-22 15:00:00,validation,missing_pm25_target
31169,2013,7,22,16,2013-07-22 16:00:00,validation,missing_pm25_target
31825,2013,8,19,0,2013-08-19 00:00:00,validation,missing_pm25_target
31873,2013,8,21,0,2013-08-21 00:00:00,validation,missing_pm25_target
31902,2013,8,22,5,2013-08-22 05:00:00,validation,missing_pm25_target
31911,2013,8,22,14,2013-08-22 14:00:00,validation,missing_pm25_target
31912,2013,8,22,15,2013-08-22 15:00:00,validation,missing_pm25_target
32102,2013,8,30,13,2013-08-30 13:00:00,validation,missing_pm25_target
32103,2013,8,30,14,2013-08-30 14:00:00,validation,missing_pm25_target
32104,2013,8,30,15,2013-08-30 15:00:00,validation,missing_pm25_target
32105,2013,8,30,16,2013-08-30 16:00:00,validation,missing_pm25_target
32434,2013,9,13,9,2013-09-13 09:00:00,validation,missing_pm25_target
32435,2013,9,13,10,2013-09-13 10:00:00,validation,missing_pm25_target
32751,2013,9,26,14,2013-09-26 14:00:00,validation,missing_pm25_target
33039,2013,10,8,14,2013-10-08 14:00:00,validation,missing_pm25_target
33040,2013,10,8,15,2013-10-08 15:00:00,validation,missing_pm25_target
33041,2013,10,8,16,2013-10-08 16:00:00,validation,missing_pm25_target
33042,2013,10,8,17,2013-10-08 17:00:00,validation,missing_pm25_target
33376,2013,10,22,15,2013-10-22 15:00:00,validation,missing_pm25_target
33377,2013,10,22,16,2013-10-22 16:00:00,validation,missing_pm25_target
34049,2013,11,19,16,2013-11-19 16:00:00,validation,missing_pm25_target
34131,2013,11,23,2,2013-11-23 02:00:00,validation,missing_pm25_target
34794,2013,12,20,17,2013-12-20 17:00:00,validation,missing_pm25_target
34795,2013,12,20,18,2013-12-20 18:00:00,validation,missing_pm25_target
34989,2013,12,28,20,2013-12-28 20:00:00,validation,missing_pm25_target
35011,2013,12,29,18,2013-12-29 18:00:00,validation,missing_pm25_target
35012,2013,12,29,19,2013-12-29 19:00:00,validation,missing_pm25_target
35013,2013,12,29,20,2013-12-29 20:00:00,validation,missing_pm25_target
35014,2013,12,29,21,2013-12-29 21:00:00,validation,missing_pm25_target
35015,2013,12,29,22,2013-12-29 22:00:00,validation,missing_pm25_target
35016,2013,12,29,23,2013-12-29 23:00:00,validation,missing_pm25_target
35017,2013,12,30,0,2013-12-30 00:00:00,validation,missing_pm25_target
35018,2013,12,30,1,2013-12-30 01:00:00,validation,missing_pm25_target
35019,2013,12,30,2,2013-12-30 02:00:00,validation,missing_pm25_target
35020,2013,12,30,3,2013-12-30 03:00:00,validation,missing_pm25_target
35021,2013,12,30,4,2013-12-30 04:00:00,validation,missing_pm25_target
35022,2013,12,30,5,2013-12-30 05:00:00,validation,missing_pm25_target
35023,2013,12,30,6,2013-12-30 06:00:00,validation,missing_pm25_target
35024,2013,12,30,7,2013-12-30 07:00:00,validation,missing_pm25_target
35025,2013,12,30,8,2013-12-30 08:00:00,validation,missing_pm25_target
35026,2013,12,30,9,2013-12-30 09:00:00,validation,missing_pm25_target
35027,2013,12,30,10,2013-12-30 10:00:00,validation,missing_pm25_target
35330,2014,1,12,1,2014-01-12 01:00:00,test,missing_pm25_target
35331,2014,1,12,2,2014-01-12 02:00:00,test,missing_pm25_target
35332,2014,1,12,3,2014-01-12 03:00:00,test,missing_pm25_target
35333,2014,1,12,4,2014-01-12 04:00:00,test,missing_pm25_target
35334,2014,1,12,5,2014-01-12 05:00:00,test,missing_pm25_target
35585,2014,1,22,16,2014-01-22 16:00:00,test,missing_pm25_target
35586,2014,1,22,17,2014-01-22 17:00:00,test,missing_pm25_target
36234,2014,2,18,17,2014-02-18 17:00:00,test,missing_pm25_target
36276,2014,2,20,11,2014-02-20 11:00:00,test,missing_pm25_target
36339,2014,2,23,2,2014-02-23 02:00:00,test,missing_pm25_target
36977,2014,3,21,16,2014-03-21 16:00:00,test,missing_pm25_target
37456,2014,4,10,15,2014-04-10 15:00:00,test,missing_pm25_target
37553,2014,4,14,16,2014-04-14 16:00:00,test,missing_pm25_target
37554,2014,4,14,17,2014-04-14 17:00:00,test,missing_pm25_target
38412,2014,5,20,11,2014-05-20 11:00:00,test,missing_pm25_target
38413,2014,5,20,12,2014-05-20 12:00:00,test,missing_pm25_target
38785,2014,6,5,0,2014-06-05 00:00:00,test,missing_pm25_target
38809,2014,6,6,0,2014-06-06 00:00:00,test,missing_pm25_target
38833,2014,6,7,0,2014-06-07 00:00:00,test,missing_pm25_target
38857,2014,6,8,0,2014-06-08 00:00:00,test,missing_pm25_target
38881,2014,6,9,0,2014-06-09 00:00:00,test,missing_pm25_target
38883,2014,6,9,2,2014-06-09 02:00:00,test,missing_pm25_target
38884,2014,6,9,3,2014-06-09 03:00:00,test,missing_pm25_target
38885,2014,6,9,4,2014-06-09 04:00:00,test,missing_pm25_target
38886,2014,6,9,5,2014-06-09 05:00:00,test,missing_pm25_target
38887,2014,6,9,6,2014-06-09 06:00:00,test,missing_pm25_target
38888,2014,6,9,7,2014-06-09 07:00:00,test,missing_pm25_target
38889,2014,6,9,8,2014-06-09 08:00:00,test,missing_pm25_target
38890,2014,6,9,9,2014-06-09 09:00:00,test,missing_pm25_target
38891,2014,6,9,10,2014-06-09 10:00:00,test,missing_pm25_target
39111,2014,6,18,14,2014-06-18 14:00:00,test,missing_pm25_target
39113,2014,6,18,16,2014-06-18 16:00:00,test,missing_pm25_target
39114,2014,6,18,17,2014-06-18 17:00:00,test,missing_pm25_target
39686,2014,7,12,13,2014-07-12 13:00:00,test,missing_pm25_target
39687,2014,7,12,14,2014-07-12 14:00:00,test,missing_pm25_target
39688,2014,7,12,15,2014-07-12 15:00:00,test,missing_pm25_target
39689,2014,7,12,16,2014-07-12 16:00:00,test,missing_pm25_target
39690,2014,7,12,17,2014-07-12 17:00:00,test,missing_pm25_target
39924,2014,7,22,11,2014-07-22 11:00:00,test,missing_pm25_target
39925,2014,7,22,12,2014-07-22 12:00:00,test,missing_pm25_target
40577,2014,8,18,16,2014-08-18 16:00:00,test,missing_pm25_target
40578,2014,8,18,17,2014-08-18 17:00:00,test,missing_pm25_target
40625,2014,8,20,16,2014-08-20 16:00:00,test,missing_pm25_target
40626,2014,8,20,17,2014-08-20 17:00:00,test,missing_pm25_target
40627,2014,8,20,18,2014-08-20 18:00:00,test,missing_pm25_target
40628,2014,8,20,19,2014-08-20 19:00:00,test,missing_pm25_target
40629,2014,8,20,20,2014-08-20 20:00:00,test,missing_pm25_target
40630,2014,8,20,21,2014-08-20 21:00:00,test,missing_pm25_target
40631,2014,8,20,22,2014-08-20 22:00:00,test,missing_pm25_target
40632,2014,8,20,23,2014-08-20 23:00:00,test,missing_pm25_target
40633,2014,8,21,0,2014-08-21 00:00:00,test,missing_pm25_target
41264,2014,9,16,7,2014-09-16 07:00:00,test,missing_pm25_target
41277,2014,9,16,20,2014-09-16 20:00:00,test,missing_pm25_target
41348,2014,9,19,19,2014-09-19 19:00:00,test,missing_pm25_target
41441,2014,9,23,16,2014-09-23 16:00:00,test,missing_pm25_target
41444,2014,9,23,19,2014-09-23 19:00:00,test,missing_pm25_target
42089,2014,10,20,16,2014-10-20 16:00:00,test,missing_pm25_target
42491,2014,11,6,10,2014-11-06 10:00:00,test,missing_pm25_target
42666,2014,11,13,17,2014-11-13 17:00:00,test,missing_pm25_target
42838,2014,11,20,21,2014-11-20 21:00:00,test,missing_pm25_target
42839,2014,11,20,22,2014-11-20 22:00:00,test,missing_pm25_target
42840,2014,11,20,23,2014-11-20 23:00:00,test,missing_pm25_target
42841,2014,11,21,0,2014-11-21 00:00:00,test,missing_pm25_target
42842,2014,11,21,1,2014-11-21 01:00:00,test,missing_pm25_target
42843,2014,11,21,2,2014-11-21 02:00:00,test,missing_pm25_target
42844,2014,11,21,3,2014-11-21 03:00:00,test,missing_pm25_target
42845,2014,11,21,4,2014-11-21 04:00:00,test,missing_pm25_target
42846,2014,11,21,5,2014-11-21 05:00:00,test,missing_pm25_target
42847,2014,11,21,6,2014-11-21 06:00:00,test,missing_pm25_target
42848,2014,11,21,7,2014-11-21 07:00:00,test,missing_pm25_target
42849,2014,11,21,8,2014-11-21 08:00:00,test,missing_pm25_target
43191,2014,12,5,14,2014-12-05 14:00:00,test,missing_pm25_target
43192,2014,12,5,15,2014-12-05 15:00:00,test,missing_pm25_target
43265,2014,12,8,16,2014-12-08 16:00:00,test,missing_pm25_target
43267,2014,12,8,18,2014-12-08 18:00:00,test,missing_pm25_target
43268,2014,12,8,19,2014-12-08 19:00:00,test,missing_pm25_target
43269,2014,12,8,20,2014-12-08 20:00:00,test,missing_pm25_target
43270,2014,12,8,21,2014-12-08 21:00:00,test,missing_pm25_target
43271,2014,12,8,22,2014-12-08 22:00:00,test,missing_pm25_target
43274,2014,12,9,1,2014-12-09 01:00:00,test,missing_pm25_target
43275,2014,12,9,2,2014-12-09 02:00:00,test,missing_pm25_target
43276,2014,12,9,3,2014-12-09 03:00:00,test,missing_pm25_target
43277,2014,12,9,4,2014-12-09 04:00:00,test,missing_pm25_target
43278,2014,12,9,5,2014-12-09 05:00:00,test,missing_pm25_target
43279,2014,12,9,6,2014-12-09 06:00:00,test,missing_pm25_target
43280,2014,12,9,7,2014-12-09 07:00:00,test,missing_pm25_target
43281,2014,12,9,8,2014-12-09 08:00:00,test,missing_pm25_target
43282,2014,12,9,9,2014-12-09 09:00:00,test,missing_pm25_target
43283,2014,12,9,10,2014-12-09 10:00:00,test,missing_pm25_target
43284,2014,12,9,11,2014-12-09 11:00:00,test,missing_pm25_target
43545,2014,12,20,8,2014-12-20 08:00:00,test,missing_pm25_target
43546,2014,12,20,9,2014-12-20 09:00:00,test,missing_pm25_target
43547,2014,12,20,10,2014-12-20 10:00:00,test,missing_pm25_target
43548,2014,12,20,11,2014-12-20 11:00:00,test,missing_pm25_target
43549,2014,12,20,12,2014-12-20 12:00:00,test,missing_pm25_target
43550,2014,12,20,13,2014-12-20 13:00:00,test,missing_pm25_target
43551,2014,12,20,14,2014-12-20 14:00:00,test,missing_pm25_target
43552,2014,12,20,15,2014-12-20 15:00:00,test,missing_pm25_target
43553,2014,12,20,16,2014-12-20 16:00:00,test,missing_pm25_target
